repo_id,episode_index,length,trainable_frames,tasks
"lyl472324464/2026-05-11_free-spinning-lerobot-without-rinse-merged-adjust-pickup",0,246,196,"Twist off the bottle cap"
"lyl472324464/2026-05-11_free-spinning-lerobot-without-rinse-merged-adjust-pickup",1,239,189,"Twist off the bottle cap"
"lyl472324464/2026-05-11_free-spinning-lerobot-without-rinse-merged-adjust-pickup",2,207,157,"Twist off the bottle cap"
"lyl472324464/2026-05-11_free-spinning-lerobot-without-rinse-merged-adjust-pickup",3,240,190,"Twist off the bottle cap"
"lyl472324464/2026-05-11_free-spinning-lerobot-without-rinse-merged-adjust-pickup",4,203,153,"Twist off the bottle cap"
"lyl472324464/2026-05-11_free-spinning-lerobot-without-rinse-merged-adjust-pickup",5,160,110,"Twist off the bottle cap"
"lyl472324464/2026-05-11_free-spinning-lerobot-without-rinse-merged-adjust-pickup",6,140,90,"Twist off the bottle cap"
"lyl472324464/2026-05-11_free-spinning-lerobot-without-rinse-merged-adjust-pickup",7,234,184,"Twist off the bottle cap"
"lyl472324464/2026-05-11_free-spinning-lerobot-without-rinse-merged-adjust-pickup",8,209,159,"Twist off the bottle cap"
"lyl472324464/2026-05-11_free-spinning-lerobot-without-rinse-merged-adjust-pickup",9,183,133,"Twist off the bottle cap"
"lyl472324464/2026-05-11_free-spinning-lerobot-without-rinse-merged-adjust-pickup",10,239,189,"Twist off the bottle cap"
"lyl472324464/2026-05-11_free-spinning-lerobot-without-rinse-merged-adjust-pickup",11,228,178,"Twist off the bottle cap"
"lyl472324464/2026-05-11_free-spinning-lerobot-without-rinse-merged-adjust-pickup",12,228,178,"Twist off the bottle cap"
"lyl472324464/2026-05-11_free-spinning-lerobot-without-rinse-merged-adjust-pickup",13,228,178,"Twist off the bottle cap"
"lyl472324464/2026-05-11_free-spinning-lerobot-without-rinse-merged-adjust-pickup",14,210,160,"Twist off the bottle cap"
"lyl472324464/2026-05-11_free-spinning-lerobot-without-rinse-merged-adjust-pickup",15,200,150,"Twist off the bottle cap"
"lyl472324464/2026-05-11_free-spinning-lerobot-without-rinse-merged-adjust-pickup",16,210,160,"Twist off the bottle cap"
"lyl472324464/2026-05-11_free-spinning-lerobot-without-rinse-merged-adjust-pickup",17,242,192,"Twist off the bottle cap"
"lyl472324464/2026-05-11_free-spinning-lerobot-without-rinse-merged-adjust-pickup",18,245,195,"Twist off the bottle cap"
"lyl472324464/2026-05-11_free-spinning-lerobot-without-rinse-merged-adjust-pickup",19,200,150,"Twist off the bottle cap"
"lyl472324464/2026-05-11_free-spinning-lerobot-without-rinse-merged-adjust-pickup",20,259,209,"Twist off the bottle cap"
"lyl472324464/2026-05-11_free-spinning-lerobot-without-rinse-merged-adjust-pickup",21,236,186,"Twist off the bottle cap"
"lyl472324464/2026-05-11_free-spinning-lerobot-without-rinse-merged-adjust-pickup",22,222,172,"Twist off the bottle cap"
"lyl472324464/2026-05-11_free-spinning-lerobot-without-rinse-merged-adjust-pickup",23,150,100,"Twist off the bottle cap"
"lyl472324464/2026-05-11_free-spinning-lerobot-without-rinse-merged-adjust-pickup",24,170,120,"Twist off the bottle cap"
"lyl472324464/2026-05-11_free-spinning-lerobot-without-rinse-merged-adjust-pickup",25,151,101,"Twist off the bottle cap"
"lyl472324464/2026-05-11_free-spinning-lerobot-without-rinse-merged-adjust-pickup",26,134,84,"Twist off the bottle cap"
"lyl472324464/2026-05-11_free-spinning-lerobot-without-rinse-merged-adjust-pickup",27,142,92,"Twist off the bottle cap"
"lyl472324464/2026-05-11_free-spinning-lerobot-without-rinse-merged-adjust-pickup",28,131,81,"Twist off the bottle cap"
"lyl472324464/2026-05-11_free-spinning-lerobot-without-rinse-merged-adjust-pickup",29,175,125,"Twist off the bottle cap"
"lyl472324464/2026-05-11_free-spinning-lerobot-without-rinse-merged-adjust-pickup",30,281,231,"Twist off the bottle cap"
"lyl472324464/2026-05-11_free-spinning-lerobot-without-rinse-merged-adjust-pickup",31,190,140,"Twist off the bottle cap"
"lyl472324464/2026-05-11_free-spinning-lerobot-without-rinse-merged-adjust-pickup",32,189,139,"Twist off the bottle cap"
"lyl472324464/2026-05-11_free-spinning-lerobot-without-rinse-merged-adjust-pickup",33,245,195,"Twist off the bottle cap"
"lyl472324464/2026-05-11_free-spinning-lerobot-without-rinse-merged-adjust-pickup",34,172,122,"Twist off the bottle cap"
"lyl472324464/2026-05-11_free-spinning-lerobot-without-rinse-merged-adjust-pickup",35,188,138,"Twist off the bottle cap"
"lyl472324464/2026-05-11_free-spinning-lerobot-without-rinse-merged-adjust-pickup",36,170,120,"Twist off the bottle cap"
"lyl472324464/2026-05-11_free-spinning-lerobot-without-rinse-merged-adjust-pickup",37,182,132,"Twist off the bottle cap"
"lyl472324464/2026-05-11_free-spinning-lerobot-without-rinse-merged-adjust-pickup",38,185,135,"Twist off the bottle cap"
"lyl472324464/2026-05-11_free-spinning-lerobot-without-rinse-merged-adjust-pickup",39,250,200,"Twist off the bottle cap"
"lyl472324464/2026-05-11_free-spinning-lerobot-without-rinse-merged-adjust-pickup",40,399,349,"Twist off the bottle cap"
"lyl472324464/2026-05-11_free-spinning-lerobot-without-rinse-merged-adjust-pickup",41,209,159,"Twist off the bottle cap"
"lyl472324464/2026-05-11_free-spinning-lerobot-without-rinse-merged-adjust-pickup",42,225,175,"Twist off the bottle cap"
"lyl472324464/2026-05-11_free-spinning-lerobot-without-rinse-merged-adjust-pickup",43,220,170,"Twist off the bottle cap"
"lyl472324464/2026-05-11_free-spinning-lerobot-without-rinse-merged-adjust-pickup",44,219,169,"Twist off the bottle cap"
"lyl472324464/2026-05-11_free-spinning-lerobot-without-rinse-merged-adjust-pickup",45,192,142,"Twist off the bottle cap"
"lyl472324464/2026-05-11_free-spinning-lerobot-without-rinse-merged-adjust-pickup",46,236,186,"Twist off the bottle cap"
"lyl472324464/2026-05-11_free-spinning-lerobot-without-rinse-merged-adjust-pickup",47,277,227,"Twist off the bottle cap"
"lyl472324464/2026-05-11_free-spinning-lerobot-without-rinse-merged-adjust-pickup",48,234,184,"Twist off the bottle cap"
"lyl472324464/2026-05-11_free-spinning-lerobot-without-rinse-merged-adjust-pickup",49,323,273,"Twist off the bottle cap"
"lyl472324464/2026-05-11_free-spinning-lerobot-without-rinse-merged-adjust-pickup",50,194,144,"Twist off the bottle cap"
"lyl472324464/2026-05-11_free-spinning-lerobot-without-rinse-merged-adjust-pickup",51,192,142,"Twist off the bottle cap"
"lyl472324464/2026-05-11_free-spinning-lerobot-without-rinse-merged-adjust-pickup",52,205,155,"Twist off the bottle cap"
"lyl472324464/2026-05-11_free-spinning-lerobot-without-rinse-merged-adjust-pickup",53,217,167,"Twist off the bottle cap"
"lyl472324464/2026-05-11_free-spinning-lerobot-without-rinse-merged-adjust-pickup",54,175,125,"Twist off the bottle cap"
"lyl472324464/2026-05-11_free-spinning-lerobot-without-rinse-merged-adjust-pickup",55,251,201,"Twist off the bottle cap"
"lyl472324464/2026-05-11_free-spinning-lerobot-without-rinse-merged-adjust-pickup",56,213,163,"Twist off the bottle cap"
"lyl472324464/2026-05-11_free-spinning-lerobot-without-rinse-merged-adjust-pickup",57,250,200,"Twist off the bottle cap"
"lyl472324464/2026-05-11_free-spinning-lerobot-without-rinse-merged-adjust-pickup",58,211,161,"Twist off the bottle cap"
"lyl472324464/2026-05-11_free-spinning-lerobot-without-rinse-merged-adjust-pickup",59,224,174,"Twist off the bottle cap"
"lyl472324464/2026-05-11_free-spinning-lerobot-without-rinse-merged-adjust-pickup",60,192,142,"Twist off the bottle cap"
"lyl472324464/2026-05-11_free-spinning-lerobot-without-rinse-merged-adjust-pickup",61,190,140,"Twist off the bottle cap"
"lyl472324464/2026-05-11_free-spinning-lerobot-without-rinse-merged-adjust-pickup",62,179,129,"Twist off the bottle cap"
"lyl472324464/2026-05-11_free-spinning-lerobot-without-rinse-merged-adjust-pickup",63,222,172,"Twist off the bottle cap"
"lyl472324464/2026-05-11_free-spinning-lerobot-without-rinse-merged-adjust-pickup",64,235,185,"Twist off the bottle cap"
"lyl472324464/2026-05-11_free-spinning-lerobot-without-rinse-merged-adjust-pickup",65,190,140,"Twist off the bottle cap"
"lyl472324464/2026-05-11_free-spinning-lerobot-without-rinse-merged-adjust-pickup",66,186,136,"Twist off the bottle cap"
"lyl472324464/2026-05-11_free-spinning-lerobot-without-rinse-merged-adjust-pickup",67,199,149,"Twist off the bottle cap"
"lyl472324464/2026-05-11_free-spinning-lerobot-without-rinse-merged-adjust-pickup",68,219,169,"Twist off the bottle cap"
"lyl472324464/2026-05-11_free-spinning-lerobot-without-rinse-merged-adjust-pickup",69,150,100,"Twist off the bottle cap"
"lyl472324464/2026-05-11_free-spinning-lerobot-without-rinse-merged-adjust-pickup",70,172,122,"Twist off the bottle cap"
"lyl472324464/2026-05-11_free-spinning-lerobot-without-rinse-merged-adjust-pickup",71,168,118,"Twist off the bottle cap"
"lyl472324464/2026-05-11_free-spinning-lerobot-without-rinse-merged-adjust-pickup",72,205,155,"Twist off the bottle cap"
"lyl472324464/2026-05-11_free-spinning-lerobot-without-rinse-merged-adjust-pickup",73,205,155,"Twist off the bottle cap"
"lyl472324464/2026-05-11_free-spinning-lerobot-without-rinse-merged-adjust-pickup",74,222,172,"Twist off the bottle cap"
"lyl472324464/2026-05-11_free-spinning-lerobot-without-rinse-merged-adjust-pickup",75,200,150,"Twist off the bottle cap"
"lyl472324464/2026-05-11_free-spinning-lerobot-without-rinse-merged-adjust-pickup",76,211,161,"Twist off the bottle cap"
"lyl472324464/2026-05-11_free-spinning-lerobot-without-rinse-merged-adjust-pickup",77,176,126,"Twist off the bottle cap"
"lyl472324464/2026-05-11_free-spinning-lerobot-without-rinse-merged-adjust-pickup",78,213,163,"Twist off the bottle cap"
"lyl472324464/2026-05-11_free-spinning-lerobot-without-rinse-merged-adjust-pickup",79,199,149,"Twist off the bottle cap"
"lyl472324464/2026-05-11_free-spinning-lerobot-without-rinse-merged-adjust-pickup",80,232,182,"Twist off the bottle cap"
"lyl472324464/2026-05-11_free-spinning-lerobot-without-rinse-merged-adjust-pickup",81,226,176,"Twist off the bottle cap"
"lyl472324464/2026-05-11_free-spinning-lerobot-without-rinse-merged-adjust-pickup",82,218,168,"Twist off the bottle cap"
"lyl472324464/2026-05-11_free-spinning-lerobot-without-rinse-merged-adjust-pickup",83,716,666,"Twist off the bottle cap"
"lyl472324464/2026-05-11_free-spinning-lerobot-without-rinse-merged-adjust-pickup",84,175,125,"Twist off the bottle cap"
"lyl472324464/2026-05-11_free-spinning-lerobot-without-rinse-merged-adjust-pickup",85,306,256,"Twist off the bottle cap"
"lyl472324464/2026-05-11_free-spinning-lerobot-without-rinse-merged-adjust-pickup",86,205,155,"Twist off the bottle cap"
"lyl472324464/2026-05-11_free-spinning-lerobot-without-rinse-merged-adjust-pickup",87,193,143,"Twist off the bottle cap"
"lyl472324464/2026-05-11_free-spinning-lerobot-without-rinse-merged-adjust-pickup",88,222,172,"Twist off the bottle cap"
"lyl472324464/2026-05-11_free-spinning-lerobot-without-rinse-merged-adjust-pickup",89,259,209,"Twist off the bottle cap"
"lyl472324464/2026-05-11_free-spinning-lerobot-without-rinse-merged-adjust-pickup",90,194,144,"Twist off the bottle cap"
"lyl472324464/2026-05-11_free-spinning-lerobot-without-rinse-merged-adjust-pickup",91,234,184,"Twist off the bottle cap"
"lyl472324464/2026-05-11_free-spinning-lerobot-without-rinse-merged-adjust-pickup",92,292,242,"Twist off the bottle cap"
"lyl472324464/2026-05-11_free-spinning-lerobot-without-rinse-merged-adjust-pickup",93,290,240,"Twist off the bottle cap"
"lyl472324464/2026-05-11_free-spinning-lerobot-without-rinse-merged-adjust-pickup",94,366,316,"Twist off the bottle cap"
"lyl472324464/2026-05-11_free-spinning-lerobot-without-rinse-merged-adjust-pickup",95,230,180,"Twist off the bottle cap"
"lyl472324464/2026-05-11_free-spinning-lerobot-without-rinse-merged-adjust-pickup",96,241,191,"Twist off the bottle cap"
"lyl472324464/2026-05-11_free-spinning-lerobot-without-rinse-merged-adjust-pickup",97,209,159,"Twist off the bottle cap"
"lyl472324464/2026-05-11_free-spinning-lerobot-without-rinse-merged-adjust-pickup",98,237,187,"Twist off the bottle cap"
"lyl472324464/2026-05-11_free-spinning-lerobot-without-rinse-merged-adjust-pickup",99,217,167,"Twist off the bottle cap"
"lyl472324464/2026-05-11_free-spinning-lerobot-without-rinse-merged-adjust-pickup",100,200,150,"Twist off the bottle cap"
"lyl472324464/2026-05-11_free-spinning-lerobot-without-rinse-merged-adjust-pickup",101,191,141,"Twist off the bottle cap"
"lyl472324464/2026-05-11_free-spinning-lerobot-without-rinse-merged-adjust-pickup",102,272,222,"Twist off the bottle cap"
"lyl472324464/2026-05-11_free-spinning-lerobot-without-rinse-merged-adjust-pickup",103,500,450,"Twist off the bottle cap"
"lyl472324464/2026-05-11_free-spinning-lerobot-without-rinse-merged-adjust-pickup",104,235,185,"Twist off the bottle cap"
"lyl472324464/2026-05-11_free-spinning-lerobot-without-rinse-merged-adjust-pickup",105,232,182,"Twist off the bottle cap"
"lyl472324464/2026-05-11_free-spinning-lerobot-without-rinse-merged-adjust-pickup",106,209,159,"Twist off the bottle cap"
"lyl472324464/2026-05-11_free-spinning-lerobot-without-rinse-merged-adjust-pickup",107,288,238,"Twist off the bottle cap"
"lyl472324464/2026-05-11_free-spinning-lerobot-without-rinse-merged-adjust-pickup",108,207,157,"Twist off the bottle cap"
"lyl472324464/2026-05-11_free-spinning-lerobot-without-rinse-merged-adjust-pickup",109,183,133,"Twist off the bottle cap"
"lyl472324464/2026-05-11_free-spinning-lerobot-without-rinse-merged-adjust-pickup",110,244,194,"Twist off the bottle cap"
"lyl472324464/2025-09-15-twist-one-bottle-no-box-in-the-front-without-rinse-merged-adjust-pickup",0,719,719,"Twist off the bottle cap"
"lyl472324464/2025-09-15-twist-one-bottle-no-box-in-the-front-without-rinse-merged-adjust-pickup",1,535,535,"Twist off the bottle cap"
"lyl472324464/2025-09-15-twist-one-bottle-no-box-in-the-front-without-rinse-merged-adjust-pickup",2,655,655,"Twist off the bottle cap"
"lyl472324464/2025-09-15-twist-one-bottle-no-box-in-the-front-without-rinse-merged-adjust-pickup",3,380,380,"Twist off the bottle cap"
"lyl472324464/2025-09-15-twist-one-bottle-no-box-in-the-front-without-rinse-merged-adjust-pickup",4,344,344,"Twist off the bottle cap"
"lyl472324464/2025-09-15-twist-one-bottle-no-box-in-the-front-without-rinse-merged-adjust-pickup",5,341,341,"Twist off the bottle cap"
"lyl472324464/2025-09-15-twist-one-bottle-no-box-in-the-front-without-rinse-merged-adjust-pickup",6,380,380,"Twist off the bottle cap"
"lyl472324464/2025-09-15-twist-one-bottle-no-box-in-the-front-without-rinse-merged-adjust-pickup",7,377,377,"Twist off the bottle cap"
"lyl472324464/2025-09-15-twist-one-bottle-no-box-in-the-front-without-rinse-merged-adjust-pickup",8,397,397,"Twist off the bottle cap"
"lyl472324464/2025-09-15-twist-one-bottle-no-box-in-the-front-without-rinse-merged-adjust-pickup",9,389,389,"Twist off the bottle cap"
"lyl472324464/2025-09-15-twist-one-bottle-no-box-in-the-front-without-rinse-merged-adjust-pickup",10,401,401,"Twist off the bottle cap"
"lyl472324464/2025-09-15-twist-one-bottle-no-box-in-the-front-without-rinse-merged-adjust-pickup",11,619,619,"Twist off the bottle cap"
"lyl472324464/2025-09-15-twist-one-bottle-no-box-in-the-front-without-rinse-merged-adjust-pickup",12,594,594,"Twist off the bottle cap"
"lyl472324464/2025-09-15-twist-one-bottle-no-box-in-the-front-without-rinse-merged-adjust-pickup",13,675,675,"Twist off the bottle cap"
"lyl472324464/2025-09-15-twist-one-bottle-no-box-in-the-front-without-rinse-merged-adjust-pickup",14,629,629,"Twist off the bottle cap"
"lyl472324464/2025-09-15-twist-one-bottle-no-box-in-the-front-without-rinse-merged-adjust-pickup",15,643,643,"Twist off the bottle cap"
"lyl472324464/2025-09-15-twist-one-bottle-no-box-in-the-front-without-rinse-merged-adjust-pickup",16,610,610,"Twist off the bottle cap"
"lyl472324464/2025-09-15-twist-one-bottle-no-box-in-the-front-without-rinse-merged-adjust-pickup",17,439,439,"Twist off the bottle cap"
"lyl472324464/2025-09-15-twist-one-bottle-no-box-in-the-front-without-rinse-merged-adjust-pickup",18,583,583,"Twist off the bottle cap"
"lyl472324464/2025-09-15-twist-one-bottle-no-box-in-the-front-without-rinse-merged-adjust-pickup",19,613,613,"Twist off the bottle cap"
"lyl472324464/2025-09-15-twist-one-bottle-no-box-in-the-front-without-rinse-merged-adjust-pickup",20,764,764,"Twist off the bottle cap"
"lyl472324464/2025-09-15-twist-one-bottle-no-box-in-the-front-without-rinse-merged-adjust-pickup",21,700,700,"Twist off the bottle cap"
"lyl472324464/2025-09-15-twist-one-bottle-no-box-in-the-front-without-rinse-merged-adjust-pickup",22,535,535,"Twist off the bottle cap"
"lyl472324464/2025-09-15-twist-one-bottle-no-box-in-the-front-without-rinse-merged-adjust-pickup",23,619,619,"Twist off the bottle cap"
"lyl472324464/2025-09-15-twist-one-bottle-no-box-in-the-front-without-rinse-merged-adjust-pickup",24,632,632,"Twist off the bottle cap"
"lyl472324464/2025-09-15-twist-one-bottle-no-box-in-the-front-without-rinse-merged-adjust-pickup",25,700,700,"Twist off the bottle cap"
"lyl472324464/2025-09-15-twist-one-bottle-no-box-in-the-front-without-rinse-merged-adjust-pickup",26,598,598,"Twist off the bottle cap"
"lyl472324464/2025-09-15-twist-one-bottle-no-box-in-the-front-without-rinse-merged-adjust-pickup",27,597,597,"Twist off the bottle cap"
"lyl472324464/2025-09-15-twist-one-bottle-no-box-in-the-front-without-rinse-merged-adjust-pickup",28,619,619,"Twist off the bottle cap"
"lyl472324464/2025-09-15-twist-one-bottle-no-box-in-the-front-without-rinse-merged-adjust-pickup",29,833,833,"Twist off the bottle cap"
"lyl472324464/2025-09-15-twist-one-bottle-no-box-in-the-front-without-rinse-merged-adjust-pickup",30,800,800,"Twist off the bottle cap"
"lyl472324464/2025-09-15-twist-one-bottle-no-box-in-the-front-without-rinse-merged-adjust-pickup",31,814,814,"Twist off the bottle cap"
"lyl472324464/2025-09-15-twist-one-bottle-no-box-in-the-front-without-rinse-merged-adjust-pickup",32,679,679,"Twist off the bottle cap"
"lyl472324464/2025-09-15-twist-one-bottle-no-box-in-the-front-without-rinse-merged-adjust-pickup",33,764,764,"Twist off the bottle cap"
"lyl472324464/2025-09-15-twist-one-bottle-no-box-in-the-front-without-rinse-merged-adjust-pickup",34,754,754,"Twist off the bottle cap"
"lyl472324464/2025-09-15-twist-one-bottle-no-box-in-the-front-without-rinse-merged-adjust-pickup",35,593,593,"Twist off the bottle cap"
"lyl472324464/2025-09-15-twist-one-bottle-no-box-in-the-front-without-rinse-merged-adjust-pickup",36,703,703,"Twist off the bottle cap"
"lyl472324464/2025-09-15-twist-one-bottle-no-box-in-the-front-without-rinse-merged-adjust-pickup",37,580,580,"Twist off the bottle cap"
"lyl472324464/2025-09-15-twist-one-bottle-no-box-in-the-front-without-rinse-merged-adjust-pickup",38,800,800,"Twist off the bottle cap"
"lyl472324464/2025-09-15-twist-one-bottle-no-box-in-the-front-without-rinse-merged-adjust-pickup",39,767,767,"Twist off the bottle cap"
"lyl472324464/2025-09-15-twist-one-bottle-no-box-in-the-front-without-rinse-merged-adjust-pickup",40,698,698,"Twist off the bottle cap"
"lyl472324464/2025-09-15-twist-one-bottle-no-box-in-the-front-without-rinse-merged-adjust-pickup",41,786,786,"Twist off the bottle cap"
"lyl472324464/2025-09-15-twist-one-bottle-no-box-in-the-front-without-rinse-merged-adjust-pickup",42,720,720,"Twist off the bottle cap"
"lyl472324464/2025-09-15-twist-one-bottle-no-box-in-the-front-without-rinse-merged-adjust-pickup",43,750,750,"Twist off the bottle cap"
"lyl472324464/2025-09-15-twist-one-bottle-no-box-in-the-front-without-rinse-merged-adjust-pickup",44,723,723,"Twist off the bottle cap"
"lyl472324464/2025-09-15-twist-one-bottle-no-box-in-the-front-without-rinse-merged-adjust-pickup",45,762,762,"Twist off the bottle cap"
"lyl472324464/2025-09-15-twist-one-bottle-no-box-in-the-front-without-rinse-merged-adjust-pickup",46,585,585,"Twist off the bottle cap"
"lyl472324464/2025-09-15-twist-one-bottle-no-box-in-the-front-without-rinse-merged-adjust-pickup",47,694,694,"Twist off the bottle cap"
"lyl472324464/2025-09-15-twist-one-bottle-no-box-in-the-front-without-rinse-merged-adjust-pickup",48,723,723,"Twist off the bottle cap"
"lyl472324464/2025-09-15-twist-one-bottle-no-box-in-the-front-without-rinse-merged-adjust-pickup",49,800,800,"Twist off the bottle cap"
"lyl472324464/2025-09-15-twist-one-bottle-no-box-in-the-front-without-rinse-merged-adjust-pickup",50,758,758,"Twist off the bottle cap"
"lyl472324464/2025-09-15-twist-one-bottle-no-box-in-the-front-without-rinse-merged-adjust-pickup",51,678,678,"Twist off the bottle cap"
"lyl472324464/2025-09-15-twist-one-bottle-no-box-in-the-front-without-rinse-merged-adjust-pickup",52,800,800,"Twist off the bottle cap"
"lyl472324464/2025-09-15-twist-one-bottle-no-box-in-the-front-without-rinse-merged-adjust-pickup",53,743,743,"Twist off the bottle cap"
"lyl472324464/2025-09-15-twist-one-bottle-no-box-in-the-front-without-rinse-merged-adjust-pickup",54,530,530,"Twist off the bottle cap"
"lyl472324464/2025-09-15-twist-one-bottle-no-box-in-the-front-without-rinse-merged-adjust-pickup",55,800,800,"Twist off the bottle cap"
"lyl472324464/2025-09-15-twist-one-bottle-no-box-in-the-front-without-rinse-merged-adjust-pickup",56,561,561,"Twist off the bottle cap"
"lyl472324464/2025-09-15-twist-one-bottle-no-box-in-the-front-without-rinse-merged-adjust-pickup",57,514,514,"Twist off the bottle cap"
"lyl472324464/2025-09-15-twist-one-bottle-no-box-in-the-front-without-rinse-merged-adjust-pickup",58,525,525,"Twist off the bottle cap"
"lyl472324464/2025-09-15-twist-one-bottle-no-box-in-the-front-without-rinse-merged-adjust-pickup",59,523,523,"Twist off the bottle cap"
"lyl472324464/2025-09-15-twist-one-bottle-no-box-in-the-front-without-rinse-merged-adjust-pickup",60,566,566,"Twist off the bottle cap"
"lyl472324464/2025-09-15-twist-one-bottle-no-box-in-the-front-without-rinse-merged-adjust-pickup",61,543,543,"Twist off the bottle cap"
"lyl472324464/2025-09-15-twist-one-bottle-no-box-in-the-front-without-rinse-merged-adjust-pickup",62,462,462,"Twist off the bottle cap"
"lyl472324464/2025-09-15-twist-one-bottle-no-box-in-the-front-without-rinse-merged-adjust-pickup",63,547,547,"Twist off the bottle cap"
"lyl472324464/2025-09-15-twist-one-bottle-no-box-in-the-front-without-rinse-merged-adjust-pickup",64,539,539,"Twist off the bottle cap"
"lyl472324464/2025-09-15-twist-one-bottle-no-box-in-the-front-without-rinse-merged-adjust-pickup",65,445,445,"Twist off the bottle cap"
"lyl472324464/2025-09-15-twist-one-bottle-no-box-in-the-front-without-rinse-merged-adjust-pickup",66,483,483,"Twist off the bottle cap"
"lyl472324464/2025-09-15-twist-one-bottle-no-box-in-the-front-without-rinse-merged-adjust-pickup",67,571,571,"Twist off the bottle cap"
"lyl472324464/2025-09-15-twist-one-bottle-no-box-in-the-front-without-rinse-merged-adjust-pickup",68,469,469,"Twist off the bottle cap"
"lyl472324464/2025-09-15-twist-one-bottle-no-box-in-the-front-without-rinse-merged-adjust-pickup",69,364,364,"Twist off the bottle cap"
"lyl472324464/2025-09-15-twist-one-bottle-no-box-in-the-front-without-rinse-merged-adjust-pickup",70,463,463,"Twist off the bottle cap"
"lyl472324464/2025-09-15-twist-one-bottle-no-box-in-the-front-without-rinse-merged-adjust-pickup",71,437,437,"Twist off the bottle cap"
"lyl472324464/2025-09-15-twist-one-bottle-no-box-in-the-front-without-rinse-merged-adjust-pickup",72,420,420,"Twist off the bottle cap"
"lyl472324464/2025-09-15-twist-one-bottle-no-box-in-the-front-without-rinse-merged-adjust-pickup",73,540,540,"Twist off the bottle cap"
"lyl472324464/2025-09-15-twist-one-bottle-no-box-in-the-front-without-rinse-merged-adjust-pickup",74,479,479,"Twist off the bottle cap"
"lyl472324464/2025-09-15-twist-one-bottle-no-box-in-the-front-without-rinse-merged-adjust-pickup",75,480,480,"Twist off the bottle cap"
"lyl472324464/2025-09-15-twist-one-bottle-no-box-in-the-front-without-rinse-merged-adjust-pickup",76,600,600,"Twist off the bottle cap"
"lyl472324464/2025-09-15-twist-one-bottle-no-box-in-the-front-without-rinse-merged-adjust-pickup",77,423,423,"Twist off the bottle cap"
"lyl472324464/2025-09-15-twist-one-bottle-no-box-in-the-front-without-rinse-merged-adjust-pickup",78,532,532,"Twist off the bottle cap"
"lyl472324464/2025-09-15-twist-one-bottle-no-box-in-the-front-without-rinse-merged-adjust-pickup",79,521,521,"Twist off the bottle cap"
"lyl472324464/2025-09-15-twist-one-bottle-no-box-in-the-front-without-rinse-merged-adjust-pickup",80,450,450,"Twist off the bottle cap"
"lyl472324464/2025-09-15-twist-one-bottle-no-box-in-the-front-without-rinse-merged-adjust-pickup",81,527,527,"Twist off the bottle cap"
"lyl472324464/2025-09-15-twist-one-bottle-no-box-in-the-front-without-rinse-merged-adjust-pickup",82,459,459,"Twist off the bottle cap"
"lyl472324464/2025-09-15-twist-one-bottle-no-box-in-the-front-without-rinse-merged-adjust-pickup",83,381,381,"Twist off the bottle cap"
"lyl472324464/2025-09-15-twist-one-bottle-no-box-in-the-front-without-rinse-merged-adjust-pickup",84,401,401,"Twist off the bottle cap"
"lyl472324464/2025-09-15-twist-one-bottle-no-box-in-the-front-without-rinse-merged-adjust-pickup",85,381,381,"Twist off the bottle cap"
"lyl472324464/2025-09-15-twist-one-bottle-no-box-in-the-front-without-rinse-merged-adjust-pickup",86,417,417,"Twist off the bottle cap"
"lyl472324464/2025-09-15-twist-one-bottle-no-box-in-the-front-without-rinse-merged-adjust-pickup",87,647,647,"Twist off the bottle cap"
"lyl472324464/2025-09-15-twist-one-bottle-no-box-in-the-front-without-rinse-merged-adjust-pickup",88,399,399,"Twist off the bottle cap"
"lyl472324464/2025-09-15-twist-one-bottle-no-box-in-the-front-without-rinse-merged-adjust-pickup",89,389,389,"Twist off the bottle cap"
"lyl472324464/2025-09-15-twist-one-bottle-no-box-in-the-front-without-rinse-merged-adjust-pickup",90,376,376,"Twist off the bottle cap"
"lyl472324464/2025-09-15-twist-one-bottle-no-box-in-the-front-without-rinse-merged-adjust-pickup",91,407,407,"Twist off the bottle cap"
"lyl472324464/2025-09-15-twist-one-bottle-no-box-in-the-front-without-rinse-merged-adjust-pickup",92,420,420,"Twist off the bottle cap"
"lyl472324464/2025-09-15-twist-one-bottle-no-box-in-the-front-without-rinse-merged-adjust-pickup",93,384,384,"Twist off the bottle cap"
"lyl472324464/2025-09-15-twist-one-bottle-no-box-in-the-front-without-rinse-merged-adjust-pickup",94,392,392,"Twist off the bottle cap"
"lyl472324464/2025-09-15-twist-one-bottle-no-box-in-the-front-without-rinse-merged-adjust-pickup",95,407,407,"Twist off the bottle cap"
"lyl472324464/2025-09-15-twist-one-bottle-no-box-in-the-front-without-rinse-merged-adjust-pickup",96,396,396,"Twist off the bottle cap"
"lyl472324464/2025-09-15-twist-one-bottle-no-box-in-the-front-without-rinse-merged-adjust-pickup",97,392,392,"Twist off the bottle cap"
"lyl472324464/2025-12-10-twist-one-bottle-merged-adjust-pickup",0,1037,1037,"Do the followings: 1. If the bottle cap is facing left, rotate the bottle 180 degrees. 2. Pick up the bottle. 3. Twist off the bottle cap if the bottle has a cap. 4. Put the bottle into the box on the left. 5. Put the cap into the box on the right. If the bottle cap falls onto the table, pick it up. 6. Return to home position."
"lyl472324464/2025-12-10-twist-one-bottle-merged-adjust-pickup",1,1263,1263,"Do the followings: 1. If the bottle cap is facing left, rotate the bottle 180 degrees. 2. Pick up the bottle. 3. Twist off the bottle cap if the bottle has a cap. 4. Put the bottle into the box on the left. 5. Put the cap into the box on the right. If the bottle cap falls onto the table, pick it up. 6. Return to home position."
"lyl472324464/2025-12-10-twist-one-bottle-merged-adjust-pickup",2,1222,1222,"Do the followings: 1. If the bottle cap is facing left, rotate the bottle 180 degrees. 2. Pick up the bottle. 3. Twist off the bottle cap if the bottle has a cap. 4. Put the bottle into the box on the left. 5. Put the cap into the box on the right. If the bottle cap falls onto the table, pick it up. 6. Return to home position."
"lyl472324464/2025-12-10-twist-one-bottle-merged-adjust-pickup",3,1202,1202,"Do the followings: 1. If the bottle cap is facing left, rotate the bottle 180 degrees. 2. Pick up the bottle. 3. Twist off the bottle cap if the bottle has a cap. 4. Put the bottle into the box on the left. 5. Put the cap into the box on the right. If the bottle cap falls onto the table, pick it up. 6. Return to home position."
"lyl472324464/2025-12-10-twist-one-bottle-merged-adjust-pickup",4,1109,1109,"Do the followings: 1. If the bottle cap is facing left, rotate the bottle 180 degrees. 2. Pick up the bottle. 3. Twist off the bottle cap if the bottle has a cap. 4. Put the bottle into the box on the left. 5. Put the cap into the box on the right. If the bottle cap falls onto the table, pick it up. 6. Return to home position."
"lyl472324464/2025-12-10-twist-one-bottle-merged-adjust-pickup",5,1149,1149,"Do the followings: 1. If the bottle cap is facing left, rotate the bottle 180 degrees. 2. Pick up the bottle. 3. Twist off the bottle cap if the bottle has a cap. 4. Put the bottle into the box on the left. 5. Put the cap into the box on the right. If the bottle cap falls onto the table, pick it up. 6. Return to home position."
"lyl472324464/2025-12-10-twist-one-bottle-merged-adjust-pickup",6,1341,1341,"Do the followings: 1. If the bottle cap is facing left, rotate the bottle 180 degrees. 2. Pick up the bottle. 3. Twist off the bottle cap if the bottle has a cap. 4. Put the bottle into the box on the left. 5. Put the cap into the box on the right. If the bottle cap falls onto the table, pick it up. 6. Return to home position."
"lyl472324464/2025-12-10-twist-one-bottle-merged-adjust-pickup",7,1360,1360,"Do the followings: 1. If the bottle cap is facing left, rotate the bottle 180 degrees. 2. Pick up the bottle. 3. Twist off the bottle cap if the bottle has a cap. 4. Put the bottle into the box on the left. 5. Put the cap into the box on the right. If the bottle cap falls onto the table, pick it up. 6. Return to home position."
"lyl472324464/2025-12-10-twist-one-bottle-merged-adjust-pickup",8,1171,1171,"Do the followings: 1. If the bottle cap is facing left, rotate the bottle 180 degrees. 2. Pick up the bottle. 3. Twist off the bottle cap if the bottle has a cap. 4. Put the bottle into the box on the left. 5. Put the cap into the box on the right. If the bottle cap falls onto the table, pick it up. 6. Return to home position."
"lyl472324464/2025-12-10-twist-one-bottle-merged-adjust-pickup",9,1161,1161,"Do the followings: 1. If the bottle cap is facing left, rotate the bottle 180 degrees. 2. Pick up the bottle. 3. Twist off the bottle cap if the bottle has a cap. 4. Put the bottle into the box on the left. 5. Put the cap into the box on the right. If the bottle cap falls onto the table, pick it up. 6. Return to home position."
"lyl472324464/2025-12-10-twist-one-bottle-merged-adjust-pickup",10,1355,1355,"Do the followings: 1. If the bottle cap is facing left, rotate the bottle 180 degrees. 2. Pick up the bottle. 3. Twist off the bottle cap if the bottle has a cap. 4. Put the bottle into the box on the left. 5. Put the cap into the box on the right. If the bottle cap falls onto the table, pick it up. 6. Return to home position."
"lyl472324464/2025-12-10-twist-one-bottle-merged-adjust-pickup",11,1408,1408,"Do the followings: 1. If the bottle cap is facing left, rotate the bottle 180 degrees. 2. Pick up the bottle. 3. Twist off the bottle cap if the bottle has a cap. 4. Put the bottle into the box on the left. 5. Put the cap into the box on the right. If the bottle cap falls onto the table, pick it up. 6. Return to home position."
"lyl472324464/2025-12-10-twist-one-bottle-merged-adjust-pickup",12,1182,1182,"Do the followings: 1. If the bottle cap is facing left, rotate the bottle 180 degrees. 2. Pick up the bottle. 3. Twist off the bottle cap if the bottle has a cap. 4. Put the bottle into the box on the left. 5. Put the cap into the box on the right. If the bottle cap falls onto the table, pick it up. 6. Return to home position."
"lyl472324464/2025-12-10-twist-one-bottle-merged-adjust-pickup",13,1746,1746,"Do the followings: 1. If the bottle cap is facing left, rotate the bottle 180 degrees. 2. Pick up the bottle. 3. Twist off the bottle cap if the bottle has a cap. 4. Put the bottle into the box on the left. 5. Put the cap into the box on the right. If the bottle cap falls onto the table, pick it up. 6. Return to home position."
"lyl472324464/2025-12-10-twist-one-bottle-merged-adjust-pickup",14,1249,1249,"Do the followings: 1. If the bottle cap is facing left, rotate the bottle 180 degrees. 2. Pick up the bottle. 3. Twist off the bottle cap if the bottle has a cap. 4. Put the bottle into the box on the left. 5. Put the cap into the box on the right. If the bottle cap falls onto the table, pick it up. 6. Return to home position."
"lyl472324464/2025-12-10-twist-one-bottle-merged-adjust-pickup",15,1091,1091,"Do the followings: 1. If the bottle cap is facing left, rotate the bottle 180 degrees. 2. Pick up the bottle. 3. Twist off the bottle cap if the bottle has a cap. 4. Put the bottle into the box on the left. 5. Put the cap into the box on the right. If the bottle cap falls onto the table, pick it up. 6. Return to home position."
"lyl472324464/2025-12-10-twist-one-bottle-merged-adjust-pickup",16,1005,1005,"Do the followings: 1. If the bottle cap is facing left, rotate the bottle 180 degrees. 2. Pick up the bottle. 3. Twist off the bottle cap if the bottle has a cap. 4. Put the bottle into the box on the left. 5. Put the cap into the box on the right. If the bottle cap falls onto the table, pick it up. 6. Return to home position."
"lyl472324464/2025-12-10-twist-one-bottle-merged-adjust-pickup",17,1097,1097,"Do the followings: 1. If the bottle cap is facing left, rotate the bottle 180 degrees. 2. Pick up the bottle. 3. Twist off the bottle cap if the bottle has a cap. 4. Put the bottle into the box on the left. 5. Put the cap into the box on the right. If the bottle cap falls onto the table, pick it up. 6. Return to home position."
"lyl472324464/2025-12-10-twist-one-bottle-merged-adjust-pickup",18,994,994,"Do the followings: 1. If the bottle cap is facing left, rotate the bottle 180 degrees. 2. Pick up the bottle. 3. Twist off the bottle cap if the bottle has a cap. 4. Put the bottle into the box on the left. 5. Put the cap into the box on the right. If the bottle cap falls onto the table, pick it up. 6. Return to home position."
"lyl472324464/2025-12-23-twist-one-bottle-without-rinse-merged-adjust-pickup",0,1139,1139,"Twist off the bottle cap"
"lyl472324464/2025-12-23-twist-one-bottle-without-rinse-merged-adjust-pickup",1,1339,1339,"Twist off the bottle cap"
"lyl472324464/2025-12-23-twist-one-bottle-without-rinse-merged-adjust-pickup",2,1804,1804,"Twist off the bottle cap"
"lyl472324464/2025-12-23-twist-one-bottle-without-rinse-merged-adjust-pickup",3,1567,1567,"Twist off the bottle cap"
"lyl472324464/2025-12-23-twist-one-bottle-without-rinse-merged-adjust-pickup",4,1230,1230,"Twist off the bottle cap"
"lyl472324464/2025-12-23-twist-one-bottle-without-rinse-merged-adjust-pickup",5,1220,1220,"Twist off the bottle cap"
"lyl472324464/2025-12-23-twist-one-bottle-without-rinse-merged-adjust-pickup",6,1213,1213,"Twist off the bottle cap"
"lyl472324464/2025-12-23-twist-one-bottle-without-rinse-merged-adjust-pickup",7,1137,1137,"Twist off the bottle cap"
"lyl472324464/2025-12-23-twist-one-bottle-without-rinse-merged-adjust-pickup",8,1046,1046,"Twist off the bottle cap"
"lyl472324464/2025-12-23-twist-one-bottle-without-rinse-merged-adjust-pickup",9,964,964,"Twist off the bottle cap"
"lyl472324464/2025-12-23-twist-one-bottle-without-rinse-merged-adjust-pickup",10,1253,1253,"Twist off the bottle cap"
"lyl472324464/2025-12-23-twist-one-bottle-without-rinse-merged-adjust-pickup",11,1105,1105,"Twist off the bottle cap"
"lyl472324464/2025-12-23-twist-one-bottle-without-rinse-merged-adjust-pickup",12,1419,1419,"Twist off the bottle cap"
"lyl472324464/2025-12-23-twist-one-bottle-without-rinse-merged-adjust-pickup",13,1293,1293,"Twist off the bottle cap"
"lyl472324464/2025-12-23-twist-one-bottle-without-rinse-merged-adjust-pickup",14,1460,1460,"Twist off the bottle cap"
"lyl472324464/2025-12-23-twist-one-bottle-without-rinse-merged-adjust-pickup",15,1253,1253,"Twist off the bottle cap"
"lyl472324464/2025-12-23-twist-one-bottle-without-rinse-merged-adjust-pickup",16,1139,1139,"Twist off the bottle cap"
"lyl472324464/2025-12-23-twist-one-bottle-without-rinse-merged-adjust-pickup",17,1059,1059,"Twist off the bottle cap"
"lyl472324464/2025-12-23-twist-one-bottle-without-rinse-merged-adjust-pickup",18,1325,1325,"Twist off the bottle cap"
"lyl472324464/2025-12-23-twist-one-bottle-without-rinse-merged-adjust-pickup",19,1513,1513,"Twist off the bottle cap"
"lyl472324464/2025-12-23-twist-one-bottle-without-rinse-merged-adjust-pickup",20,1462,1462,"Twist off the bottle cap"
"lyl472324464/2025-12-23-twist-one-bottle-without-rinse-merged-adjust-pickup",21,1188,1188,"Twist off the bottle cap"
"lyl472324464/2025-12-23-twist-one-bottle-without-rinse-merged-adjust-pickup",22,1285,1285,"Twist off the bottle cap"
"lyl472324464/2025-12-23-twist-one-bottle-without-rinse-merged-adjust-pickup",23,1654,1654,"Twist off the bottle cap"
"lyl472324464/2025-12-23-twist-one-bottle-without-rinse-merged-adjust-pickup",24,1122,1122,"Twist off the bottle cap"
"lyl472324464/2025-12-23-twist-one-bottle-without-rinse-merged-adjust-pickup",25,1059,1059,"Twist off the bottle cap"
"lyl472324464/2025-12-23-twist-one-bottle-without-rinse-merged-adjust-pickup",26,991,991,"Twist off the bottle cap"
"lyl472324464/2025-12-23-twist-one-bottle-without-rinse-merged-adjust-pickup",27,1208,1208,"Twist off the bottle cap"
"lyl472324464/2025-12-23-twist-one-bottle-without-rinse-merged-adjust-pickup",28,890,890,"Twist off the bottle cap"
"lyl472324464/2025-12-23-twist-one-bottle-without-rinse-merged-adjust-pickup",29,2795,2795,"Twist off the bottle cap"
"lyl472324464/2025-12-23-twist-one-bottle-without-rinse-merged-adjust-pickup",30,946,946,"Twist off the bottle cap"
"lyl472324464/2025-12-23-twist-one-bottle-without-rinse-merged-adjust-pickup",31,1249,1249,"Twist off the bottle cap"
"lyl472324464/2025-12-23-twist-one-bottle-without-rinse-merged-adjust-pickup",32,954,954,"Twist off the bottle cap"
"lyl472324464/2025-12-23-twist-one-bottle-without-rinse-merged-adjust-pickup",33,1202,1202,"Twist off the bottle cap"
"lyl472324464/2025-12-23-twist-one-bottle-without-rinse-merged-adjust-pickup",34,1540,1540,"Twist off the bottle cap"
"lyl472324464/2025-12-23-twist-one-bottle-without-rinse-merged-adjust-pickup",35,1241,1241,"Twist off the bottle cap"
"lyl472324464/2025-12-23-twist-one-bottle-without-rinse-merged-adjust-pickup",36,1406,1406,"Twist off the bottle cap"
"lyl472324464/2025-12-23-twist-one-bottle-without-rinse-merged-adjust-pickup",37,1565,1565,"Twist off the bottle cap"
"lyl472324464/2025-12-23-twist-one-bottle-without-rinse-merged-adjust-pickup",38,1229,1229,"Twist off the bottle cap"
"lyl472324464/2025-12-23-twist-one-bottle-without-rinse-merged-adjust-pickup",39,1248,1248,"Twist off the bottle cap"
"lyl472324464/2025-12-23-twist-one-bottle-without-rinse-merged-adjust-pickup",40,1518,1518,"Twist off the bottle cap"
"lyl472324464/2025-12-23-twist-one-bottle-without-rinse-merged-adjust-pickup",41,1210,1210,"Twist off the bottle cap"
"lyl472324464/2025-12-23-twist-one-bottle-without-rinse-merged-adjust-pickup",42,1176,1176,"Twist off the bottle cap"
"lyl472324464/2025-12-23-twist-one-bottle-without-rinse-merged-adjust-pickup",43,1121,1121,"Twist off the bottle cap"
"lyl472324464/2025-12-23-twist-one-bottle-without-rinse-merged-adjust-pickup",44,1515,1515,"Twist off the bottle cap"
"lyl472324464/2025-12-23-twist-one-bottle-without-rinse-merged-adjust-pickup",45,1352,1352,"Twist off the bottle cap"
"lyl472324464/2025-12-23-twist-one-bottle-without-rinse-merged-adjust-pickup",46,1430,1430,"Twist off the bottle cap"
"lyl472324464/2025-12-23-twist-one-bottle-without-rinse-merged-adjust-pickup",47,1382,1382,"Twist off the bottle cap"
"lyl472324464/2025-12-23-twist-one-bottle-without-rinse-merged-adjust-pickup",48,1430,1430,"Twist off the bottle cap"
"lyl472324464/2025-12-23-twist-one-bottle-without-rinse-merged-adjust-pickup",49,1452,1452,"Twist off the bottle cap"
"lyl472324464/2025-12-23-twist-one-bottle-without-rinse-merged-adjust-pickup",50,2906,2906,"Twist off the bottle cap"
"lyl472324464/2025-12-23-twist-one-bottle-without-rinse-merged-adjust-pickup",51,1209,1209,"Twist off the bottle cap"
"lyl472324464/2025-12-23-twist-one-bottle-without-rinse-merged-adjust-pickup",52,2365,2365,"Twist off the bottle cap"
"lyl472324464/2025-12-23-twist-one-bottle-without-rinse-merged-adjust-pickup",53,1492,1492,"Twist off the bottle cap"
"lyl472324464/2025-12-23-twist-one-bottle-without-rinse-merged-adjust-pickup",54,1605,1605,"Twist off the bottle cap"
"lyl472324464/2025-12-23-twist-one-bottle-without-rinse-merged-adjust-pickup",55,1327,1327,"Twist off the bottle cap"
"lyl472324464/2025-12-23-twist-one-bottle-without-rinse-merged-adjust-pickup",56,1715,1715,"Twist off the bottle cap"
"lyl472324464/2025-12-23-twist-one-bottle-without-rinse-merged-adjust-pickup",57,1017,1017,"Twist off the bottle cap"
"lyl472324464/2025-12-23-twist-one-bottle-without-rinse-merged-adjust-pickup",58,1299,1299,"Twist off the bottle cap"
"lyl472324464/2025-12-23-twist-one-bottle-without-rinse-merged-adjust-pickup",59,1398,1398,"Twist off the bottle cap"
"lyl472324464/2025-12-23-twist-one-bottle-without-rinse-merged-adjust-pickup",60,1062,1062,"Twist off the bottle cap"
"lyl472324464/2025-12-23-twist-one-bottle-without-rinse-merged-adjust-pickup",61,1337,1337,"Twist off the bottle cap"
"lyl472324464/2025-12-23-twist-one-bottle-without-rinse-merged-adjust-pickup",62,2184,2184,"Twist off the bottle cap"
"lyl472324464/2025-12-23-twist-one-bottle-without-rinse-merged-adjust-pickup",63,1421,1421,"Twist off the bottle cap"
"lyl472324464/2025-12-23-twist-one-bottle-without-rinse-merged-adjust-pickup",64,960,960,"Twist off the bottle cap"
"lyl472324464/2025-12-23-twist-one-bottle-without-rinse-merged-adjust-pickup",65,1443,1443,"Twist off the bottle cap"
"lyl472324464/2025-12-23-twist-one-bottle-without-rinse-merged-adjust-pickup",66,916,916,"Twist off the bottle cap"
"lyl472324464/2025-12-23-twist-one-bottle-without-rinse-merged-adjust-pickup",67,2309,2309,"Twist off the bottle cap"
"lyl472324464/2025-12-23-twist-one-bottle-without-rinse-merged-adjust-pickup",68,953,953,"Twist off the bottle cap"
"lyl472324464/2025-12-23-twist-one-bottle-without-rinse-merged-adjust-pickup",69,1492,1492,"Twist off the bottle cap"
"lyl472324464/2025-12-23-twist-one-bottle-without-rinse-merged-adjust-pickup",70,1277,1277,"Twist off the bottle cap"
"lyl472324464/2025-12-23-twist-one-bottle-without-rinse-merged-adjust-pickup",71,1048,1048,"Twist off the bottle cap"
"lyl472324464/2025-12-23-twist-one-bottle-without-rinse-merged-adjust-pickup",72,1613,1613,"Twist off the bottle cap"
"lyl472324464/2025-12-23-twist-one-bottle-without-rinse-merged-adjust-pickup",73,1218,1218,"Twist off the bottle cap"
"lyl472324464/2025-12-23-twist-one-bottle-without-rinse-merged-adjust-pickup",74,1658,1658,"Twist off the bottle cap"
"lyl472324464/2025-12-23-twist-one-bottle-without-rinse-merged-adjust-pickup",75,1803,1803,"Twist off the bottle cap"
"lyl472324464/2025-12-23-twist-one-bottle-without-rinse-merged-adjust-pickup",76,1555,1555,"Twist off the bottle cap"
"lyl472324464/2025-12-23-twist-one-bottle-without-rinse-merged-adjust-pickup",77,1110,1110,"Twist off the bottle cap"
"lyl472324464/2025-12-23-twist-one-bottle-without-rinse-merged-adjust-pickup",78,1336,1336,"Twist off the bottle cap"
"lyl472324464/2025-12-23-twist-one-bottle-without-rinse-merged-adjust-pickup",79,1171,1171,"Twist off the bottle cap"
"lyl472324464/2025-12-23-twist-one-bottle-without-rinse-merged-adjust-pickup",80,1482,1482,"Twist off the bottle cap"
"lyl472324464/2025-12-23-twist-one-bottle-without-rinse-merged-adjust-pickup",81,1128,1128,"Twist off the bottle cap"
"lyl472324464/2025-12-23-twist-one-bottle-without-rinse-merged-adjust-pickup",82,1373,1373,"Twist off the bottle cap"
"lyl472324464/2025-12-23-twist-one-bottle-without-rinse-merged-adjust-pickup",83,1113,1113,"Twist off the bottle cap"
"lyl472324464/2025-12-23-twist-one-bottle-without-rinse-merged-adjust-pickup",84,797,797,"Twist off the bottle cap"
"lyl472324464/2025-12-23-twist-one-bottle-without-rinse-merged-adjust-pickup",85,936,936,"Twist off the bottle cap"
"lyl472324464/2025-12-23-twist-one-bottle-without-rinse-merged-adjust-pickup",86,1198,1198,"Twist off the bottle cap"
"lyl472324464/2025-12-23-twist-one-bottle-without-rinse-merged-adjust-pickup",87,947,947,"Twist off the bottle cap"
"lyl472324464/2025-12-23-twist-one-bottle-without-rinse-merged-adjust-pickup",88,1016,1016,"Twist off the bottle cap"
"lyl472324464/2025-12-23-twist-one-bottle-without-rinse-merged-adjust-pickup",89,1244,1244,"Twist off the bottle cap"
"lyl472324464/2025-12-23-twist-one-bottle-without-rinse-merged-adjust-pickup",90,1307,1307,"Twist off the bottle cap"
"lyl472324464/2026-01-20-twist-one-bottle-merged-adjust-pickup",0,1248,1248,"Do the followings: 1. If the bottle cap is facing left, rotate the bottle 180 degrees. 2. Pick up the bottle. 3. Twist off the bottle cap. 4. Put the bottle into the box on the left. 5. Put the cap into the box on the right. If the bottle cap falls onto the table, pick it up. 6. Return to home position."
"lyl472324464/2026-01-20-twist-one-bottle-merged-adjust-pickup",1,1529,1529,"Do the followings: 1. If the bottle cap is facing left, rotate the bottle 180 degrees. 2. Pick up the bottle. 3. Twist off the bottle cap. 4. Put the bottle into the box on the left. 5. Put the cap into the box on the right. If the bottle cap falls onto the table, pick it up. 6. Return to home position."
"lyl472324464/2026-01-20-twist-one-bottle-merged-adjust-pickup",2,1243,1243,"Do the followings: 1. If the bottle cap is facing left, rotate the bottle 180 degrees. 2. Pick up the bottle. 3. Twist off the bottle cap. 4. Put the bottle into the box on the left. 5. Put the cap into the box on the right. If the bottle cap falls onto the table, pick it up. 6. Return to home position."
"lyl472324464/2026-01-20-twist-one-bottle-merged-adjust-pickup",3,1618,1618,"Do the followings: 1. If the bottle cap is facing left, rotate the bottle 180 degrees. 2. Pick up the bottle. 3. Twist off the bottle cap. 4. Put the bottle into the box on the left. 5. Put the cap into the box on the right. If the bottle cap falls onto the table, pick it up. 6. Return to home position."
"lyl472324464/2026-01-20-twist-one-bottle-merged-adjust-pickup",4,926,926,"Do the followings: 1. If the bottle cap is facing left, rotate the bottle 180 degrees. 2. Pick up the bottle. 3. Twist off the bottle cap. 4. Put the bottle into the box on the left. 5. Put the cap into the box on the right. If the bottle cap falls onto the table, pick it up. 6. Return to home position."
"lyl472324464/2026-01-20-twist-one-bottle-merged-adjust-pickup",5,1235,1235,"Do the followings: 1. If the bottle cap is facing left, rotate the bottle 180 degrees. 2. Pick up the bottle. 3. Twist off the bottle cap. 4. Put the bottle into the box on the left. 5. Put the cap into the box on the right. If the bottle cap falls onto the table, pick it up. 6. Return to home position."
"lyl472324464/2026-01-20-twist-one-bottle-merged-adjust-pickup",6,1651,1651,"Do the followings: 1. If the bottle cap is facing left, rotate the bottle 180 degrees. 2. Pick up the bottle. 3. Twist off the bottle cap. 4. Put the bottle into the box on the left. 5. Put the cap into the box on the right. If the bottle cap falls onto the table, pick it up. 6. Return to home position."
"lyl472324464/2026-01-20-twist-one-bottle-merged-adjust-pickup",7,1421,1421,"Do the followings: 1. If the bottle cap is facing left, rotate the bottle 180 degrees. 2. Pick up the bottle. 3. Twist off the bottle cap. 4. Put the bottle into the box on the left. 5. Put the cap into the box on the right. If the bottle cap falls onto the table, pick it up. 6. Return to home position."
"lyl472324464/2026-01-20-twist-one-bottle-merged-adjust-pickup",8,1204,1204,"Do the followings: 1. If the bottle cap is facing left, rotate the bottle 180 degrees. 2. Pick up the bottle. 3. Twist off the bottle cap. 4. Put the bottle into the box on the left. 5. Put the cap into the box on the right. If the bottle cap falls onto the table, pick it up. 6. Return to home position."
"lyl472324464/2026-01-20-twist-one-bottle-merged-adjust-pickup",9,1174,1174,"Do the followings: 1. If the bottle cap is facing left, rotate the bottle 180 degrees. 2. Pick up the bottle. 3. Twist off the bottle cap. 4. Put the bottle into the box on the left. 5. Put the cap into the box on the right. If the bottle cap falls onto the table, pick it up. 6. Return to home position."
"lyl472324464/2026-01-20-twist-one-bottle-merged-adjust-pickup",10,1181,1181,"Do the followings: 1. If the bottle cap is facing left, rotate the bottle 180 degrees. 2. Pick up the bottle. 3. Twist off the bottle cap. 4. Put the bottle into the box on the left. 5. Put the cap into the box on the right. If the bottle cap falls onto the table, pick it up. 6. Return to home position."
"lyl472324464/2026-01-20-twist-one-bottle-merged-adjust-pickup",11,1251,1251,"Do the followings: 1. If the bottle cap is facing left, rotate the bottle 180 degrees. 2. Pick up the bottle. 3. Twist off the bottle cap. 4. Put the bottle into the box on the left. 5. Put the cap into the box on the right. If the bottle cap falls onto the table, pick it up. 6. Return to home position."
"lyl472324464/2026-01-20-twist-one-bottle-merged-adjust-pickup",12,1178,1178,"Do the followings: 1. If the bottle cap is facing left, rotate the bottle 180 degrees. 2. Pick up the bottle. 3. Twist off the bottle cap. 4. Put the bottle into the box on the left. 5. Put the cap into the box on the right. If the bottle cap falls onto the table, pick it up. 6. Return to home position."
"lyl472324464/2026-01-20-twist-one-bottle-merged-adjust-pickup",13,1662,1662,"Do the followings: 1. If the bottle cap is facing left, rotate the bottle 180 degrees. 2. Pick up the bottle. 3. Twist off the bottle cap. 4. Put the bottle into the box on the left. 5. Put the cap into the box on the right. If the bottle cap falls onto the table, pick it up. 6. Return to home position."
"lyl472324464/2026-01-20-twist-one-bottle-merged-adjust-pickup",14,1102,1102,"Do the followings: 1. If the bottle cap is facing left, rotate the bottle 180 degrees. 2. Pick up the bottle. 3. Twist off the bottle cap. 4. Put the bottle into the box on the left. 5. Put the cap into the box on the right. If the bottle cap falls onto the table, pick it up. 6. Return to home position."
"lyl472324464/2026-01-20-twist-one-bottle-merged-adjust-pickup",15,1573,1573,"Do the followings: 1. If the bottle cap is facing left, rotate the bottle 180 degrees. 2. Pick up the bottle. 3. Twist off the bottle cap. 4. Put the bottle into the box on the left. 5. Put the cap into the box on the right. If the bottle cap falls onto the table, pick it up. 6. Return to home position."
"lyl472324464/2026-01-20-twist-one-bottle-merged-adjust-pickup",16,865,865,"Do the followings: 1. If the bottle cap is facing left, rotate the bottle 180 degrees. 2. Pick up the bottle. 3. Twist off the bottle cap. 4. Put the bottle into the box on the left. 5. Put the cap into the box on the right. If the bottle cap falls onto the table, pick it up. 6. Return to home position."
"lyl472324464/2026-01-20-twist-one-bottle-merged-adjust-pickup",17,1011,1011,"Do the followings: 1. If the bottle cap is facing left, rotate the bottle 180 degrees. 2. Pick up the bottle. 3. Twist off the bottle cap. 4. Put the bottle into the box on the left. 5. Put the cap into the box on the right. If the bottle cap falls onto the table, pick it up. 6. Return to home position."
"lyl472324464/2026-01-20-twist-one-bottle-merged-adjust-pickup",18,1265,1265,"Do the followings: 1. If the bottle cap is facing left, rotate the bottle 180 degrees. 2. Pick up the bottle. 3. Twist off the bottle cap. 4. Put the bottle into the box on the left. 5. Put the cap into the box on the right. If the bottle cap falls onto the table, pick it up. 6. Return to home position."
"lyl472324464/2026-01-20-twist-one-bottle-merged-adjust-pickup",19,1176,1176,"Do the followings: 1. If the bottle cap is facing left, rotate the bottle 180 degrees. 2. Pick up the bottle. 3. Twist off the bottle cap. 4. Put the bottle into the box on the left. 5. Put the cap into the box on the right. If the bottle cap falls onto the table, pick it up. 6. Return to home position."
"lyl472324464/2026-01-20-twist-one-bottle-merged-adjust-pickup",20,1207,1207,"Do the followings: 1. If the bottle cap is facing left, rotate the bottle 180 degrees. 2. Pick up the bottle. 3. Twist off the bottle cap. 4. Put the bottle into the box on the left. 5. Put the cap into the box on the right. If the bottle cap falls onto the table, pick it up. 6. Return to home position."
"lyl472324464/2026-01-20-twist-one-bottle-merged-adjust-pickup",21,1003,1003,"Do the followings: 1. If the bottle cap is facing left, rotate the bottle 180 degrees. 2. Pick up the bottle. 3. Twist off the bottle cap. 4. Put the bottle into the box on the left. 5. Put the cap into the box on the right. If the bottle cap falls onto the table, pick it up. 6. Return to home position."
"lyl472324464/2026-01-20-twist-one-bottle-merged-adjust-pickup",22,1060,1060,"Do the followings: 1. If the bottle cap is facing left, rotate the bottle 180 degrees. 2. Pick up the bottle. 3. Twist off the bottle cap. 4. Put the bottle into the box on the left. 5. Put the cap into the box on the right. If the bottle cap falls onto the table, pick it up. 6. Return to home position."
"lyl472324464/2026-01-20-twist-one-bottle-merged-adjust-pickup",23,1366,1366,"Do the followings: 1. If the bottle cap is facing left, rotate the bottle 180 degrees. 2. Pick up the bottle. 3. Twist off the bottle cap. 4. Put the bottle into the box on the left. 5. Put the cap into the box on the right. If the bottle cap falls onto the table, pick it up. 6. Return to home position."
"lyl472324464/2026-01-20-twist-one-bottle-merged-adjust-pickup",24,1310,1310,"Do the followings: 1. If the bottle cap is facing left, rotate the bottle 180 degrees. 2. Pick up the bottle. 3. Twist off the bottle cap. 4. Put the bottle into the box on the left. 5. Put the cap into the box on the right. If the bottle cap falls onto the table, pick it up. 6. Return to home position."
"lyl472324464/2026-01-20-twist-one-bottle-merged-adjust-pickup",25,1572,1572,"Do the followings: 1. If the bottle cap is facing left, rotate the bottle 180 degrees. 2. Pick up the bottle. 3. Twist off the bottle cap. 4. Put the bottle into the box on the left. 5. Put the cap into the box on the right. If the bottle cap falls onto the table, pick it up. 6. Return to home position."
"lyl472324464/2026-01-20-twist-one-bottle-merged-adjust-pickup",26,1154,1154,"Do the followings: 1. If the bottle cap is facing left, rotate the bottle 180 degrees. 2. Pick up the bottle. 3. Twist off the bottle cap. 4. Put the bottle into the box on the left. 5. Put the cap into the box on the right. If the bottle cap falls onto the table, pick it up. 6. Return to home position."
"lyl472324464/2026-01-20-twist-one-bottle-merged-adjust-pickup",27,963,963,"Do the followings: 1. If the bottle cap is facing left, rotate the bottle 180 degrees. 2. Pick up the bottle. 3. Twist off the bottle cap. 4. Put the bottle into the box on the left. 5. Put the cap into the box on the right. If the bottle cap falls onto the table, pick it up. 6. Return to home position."
"lyl472324464/2026-01-20-twist-one-bottle-merged-adjust-pickup",28,1565,1565,"Do the followings: 1. If the bottle cap is facing left, rotate the bottle 180 degrees. 2. Pick up the bottle. 3. Twist off the bottle cap. 4. Put the bottle into the box on the left. 5. Put the cap into the box on the right. If the bottle cap falls onto the table, pick it up. 6. Return to home position."
"lyl472324464/2026-01-20-twist-one-bottle-merged-adjust-pickup",29,1170,1170,"Do the followings: 1. If the bottle cap is facing left, rotate the bottle 180 degrees. 2. Pick up the bottle. 3. Twist off the bottle cap. 4. Put the bottle into the box on the left. 5. Put the cap into the box on the right. If the bottle cap falls onto the table, pick it up. 6. Return to home position."
"lyl472324464/2026-01-20-twist-one-bottle-merged-adjust-pickup",30,980,980,"Do the followings: 1. If the bottle cap is facing left, rotate the bottle 180 degrees. 2. Pick up the bottle. 3. Twist off the bottle cap. 4. Put the bottle into the box on the left. 5. Put the cap into the box on the right. If the bottle cap falls onto the table, pick it up. 6. Return to home position."
"lyl472324464/2026-01-20-twist-one-bottle-merged-adjust-pickup",31,1309,1309,"Do the followings: 1. If the bottle cap is facing left, rotate the bottle 180 degrees. 2. Pick up the bottle. 3. Twist off the bottle cap. 4. Put the bottle into the box on the left. 5. Put the cap into the box on the right. If the bottle cap falls onto the table, pick it up. 6. Return to home position."
"lyl472324464/2026-02-03-no-cap-and-direction-without-rinse-merged-adjust-pickup",0,712,662,"Twist off the bottle cap"
"lyl472324464/2026-02-03-no-cap-and-direction-without-rinse-merged-adjust-pickup",1,1882,1832,"Twist off the bottle cap"
"lyl472324464/2026-02-03-no-cap-and-direction-without-rinse-merged-adjust-pickup",2,3945,3895,"Twist off the bottle cap"
"lyl472324464/2026-02-03-no-cap-and-direction-without-rinse-merged-adjust-pickup",3,5547,5497,"Twist off the bottle cap"
"lyl472324464/2026-02-03-no-cap-and-direction-without-rinse-merged-adjust-pickup",4,8675,8625,"Twist off the bottle cap"
"lyl472324464/2026-02-03-no-cap-and-direction-without-rinse-merged-adjust-pickup",5,8316,8266,"Twist off the bottle cap"
"lyl472324464/2026-02-03-no-cap-and-direction-without-rinse-merged-adjust-pickup",6,5835,5785,"Twist off the bottle cap"
"lyl472324464/2026-02-03-no-cap-and-direction-without-rinse-merged-adjust-pickup",7,5877,5827,"Twist off the bottle cap"
"lyl472324464/2026-02-03-no-cap-and-direction-without-rinse-merged-adjust-pickup",8,8192,8142,"Twist off the bottle cap"
"lyl472324464/2026-02-03-no-cap-and-direction-without-rinse-merged-adjust-pickup",9,7059,7009,"Twist off the bottle cap"
"lyl472324464/2026-02-03-no-cap-and-direction-without-rinse-merged-adjust-pickup",10,7698,7648,"Twist off the bottle cap"
"lyl472324464/2026-02-03-no-cap-and-direction-without-rinse-merged-adjust-pickup",11,7111,7061,"Twist off the bottle cap"
"lyl472324464/2026-03-04-one-direction-lerobot-without-rinse-merged-adjust-pickup",0,1376,1376,"Twist off the bottle cap"
"lyl472324464/2026-03-04-one-direction-lerobot-without-rinse-merged-adjust-pickup",1,1260,1260,"Twist off the bottle cap"
"lyl472324464/2026-03-04-one-direction-lerobot-without-rinse-merged-adjust-pickup",2,1551,1551,"Twist off the bottle cap"
"lyl472324464/2026-03-04-one-direction-lerobot-without-rinse-merged-adjust-pickup",3,1411,1411,"Twist off the bottle cap"
"lyl472324464/2026-03-04-one-direction-lerobot-without-rinse-merged-adjust-pickup",4,1235,1235,"Twist off the bottle cap"
"lyl472324464/2026-03-04-one-direction-lerobot-without-rinse-merged-adjust-pickup",5,1273,1273,"Twist off the bottle cap"
"lyl472324464/2026-03-04-one-direction-lerobot-without-rinse-merged-adjust-pickup",6,914,914,"Twist off the bottle cap"
"lyl472324464/2026-03-04-one-direction-lerobot-without-rinse-merged-adjust-pickup",7,1553,1553,"Twist off the bottle cap"
"lyl472324464/2026-03-04-one-direction-lerobot-without-rinse-merged-adjust-pickup",8,1256,1256,"Twist off the bottle cap"
"lyl472324464/2026-03-04-one-direction-lerobot-without-rinse-merged-adjust-pickup",9,1453,1453,"Twist off the bottle cap"
"lyl472324464/2026-03-04-one-direction-lerobot-without-rinse-merged-adjust-pickup",10,1393,1393,"Twist off the bottle cap"
"lyl472324464/2026-03-04-one-direction-lerobot-without-rinse-merged-adjust-pickup",11,1217,1217,"Twist off the bottle cap"
"lyl472324464/2026-03-04-one-direction-lerobot-without-rinse-merged-adjust-pickup",12,2068,2068,"Twist off the bottle cap"
"lyl472324464/2026-03-04-one-direction-lerobot-without-rinse-merged-adjust-pickup",13,1634,1634,"Twist off the bottle cap"
"lyl472324464/2026-03-04-one-direction-lerobot-without-rinse-merged-adjust-pickup",14,1555,1555,"Twist off the bottle cap"
"lyl472324464/2026-03-04-one-direction-lerobot-without-rinse-merged-adjust-pickup",15,1187,1187,"Twist off the bottle cap"
"lyl472324464/2026-03-04-one-direction-lerobot-without-rinse-merged-adjust-pickup",16,2261,2261,"Twist off the bottle cap"
"lyl472324464/2026-03-04-one-direction-lerobot-without-rinse-merged-adjust-pickup",17,1536,1536,"Twist off the bottle cap"
"lyl472324464/2026-03-04-one-direction-lerobot-without-rinse-merged-adjust-pickup",18,1616,1616,"Twist off the bottle cap"
"lyl472324464/2026-03-04-one-direction-lerobot-without-rinse-merged-adjust-pickup",19,1477,1477,"Twist off the bottle cap"
"lyl472324464/2026-03-04-one-direction-lerobot-without-rinse-merged-adjust-pickup",20,1439,1439,"Twist off the bottle cap"
"lyl472324464/2026-03-04-one-direction-lerobot-without-rinse-merged-adjust-pickup",21,1424,1424,"Twist off the bottle cap"
"lyl472324464/2026-03-04-one-direction-lerobot-without-rinse-merged-adjust-pickup",22,1456,1456,"Twist off the bottle cap"
"lyl472324464/2026-03-04-one-direction-lerobot-without-rinse-merged-adjust-pickup",23,1740,1740,"Twist off the bottle cap"
"lyl472324464/2026-03-04-one-direction-lerobot-without-rinse-merged-adjust-pickup",24,1474,1474,"Twist off the bottle cap"
"lyl472324464/2026-03-04-one-direction-lerobot-without-rinse-merged-adjust-pickup",25,1465,1465,"Twist off the bottle cap"
"lyl472324464/2026-03-04-one-direction-lerobot-without-rinse-merged-adjust-pickup",26,2299,2299,"Twist off the bottle cap"
"lyl472324464/2026-03-04-one-direction-lerobot-without-rinse-merged-adjust-pickup",27,1799,1799,"Twist off the bottle cap"
"lyl472324464/2026-03-04-one-direction-lerobot-without-rinse-merged-adjust-pickup",28,1487,1487,"Twist off the bottle cap"
"lyl472324464/2026-03-04-one-direction-lerobot-without-rinse-merged-adjust-pickup",29,1421,1421,"Twist off the bottle cap"
"lyl472324464/2026-03-04-one-direction-lerobot-without-rinse-merged-adjust-pickup",30,1341,1341,"Twist off the bottle cap"
"lyl472324464/2026-03-04-one-direction-lerobot-without-rinse-merged-adjust-pickup",31,1540,1540,"Twist off the bottle cap"
"lyl472324464/2026.03.12_one_have_cap-lerobot-without-rinse-merged-adjust-pickup",0,967,967,"Twist off the bottle cap"
"lyl472324464/2026.03.12_one_have_cap-lerobot-without-rinse-merged-adjust-pickup",1,1125,1125,"Twist off the bottle cap"
"lyl472324464/2026.03.12_one_have_cap-lerobot-without-rinse-merged-adjust-pickup",2,1033,1033,"Twist off the bottle cap"
"lyl472324464/2026.03.12_one_have_cap-lerobot-without-rinse-merged-adjust-pickup",3,1137,1137,"Twist off the bottle cap"
"lyl472324464/2026.03.12_one_have_cap-lerobot-without-rinse-merged-adjust-pickup",4,1363,1363,"Twist off the bottle cap"
"lyl472324464/2026.03.12_one_have_cap-lerobot-without-rinse-merged-adjust-pickup",5,1341,1341,"Twist off the bottle cap"
"lyl472324464/2026.03.12_one_have_cap-lerobot-without-rinse-merged-adjust-pickup",6,1188,1188,"Twist off the bottle cap"
"lyl472324464/2026.03.12_one_have_cap-lerobot-without-rinse-merged-adjust-pickup",7,1277,1277,"Twist off the bottle cap"
"lyl472324464/2026.03.12_one_have_cap-lerobot-without-rinse-merged-adjust-pickup",8,1098,1098,"Twist off the bottle cap"
"lyl472324464/2026.03.12_one_have_cap-lerobot-without-rinse-merged-adjust-pickup",9,1222,1222,"Twist off the bottle cap"
"lyl472324464/2026.03.12_one_have_cap-lerobot-without-rinse-merged-adjust-pickup",10,1148,1148,"Twist off the bottle cap"
"lyl472324464/2026.03.12_one_have_cap-lerobot-without-rinse-merged-adjust-pickup",11,1242,1242,"Twist off the bottle cap"
"lyl472324464/2026.03.12_one_have_cap-lerobot-without-rinse-merged-adjust-pickup",12,2117,2117,"Twist off the bottle cap"
"lyl472324464/2026.03.12_one_have_cap-lerobot-without-rinse-merged-adjust-pickup",13,1876,1876,"Twist off the bottle cap"
"lyl472324464/2026.03.12_one_have_cap-lerobot-without-rinse-merged-adjust-pickup",14,1730,1730,"Twist off the bottle cap"
"lyl472324464/2026.03.12_one_have_cap-lerobot-without-rinse-merged-adjust-pickup",15,1300,1300,"Twist off the bottle cap"
"lyl472324464/2026.03.12_one_have_cap_direction-lerobot-without-rinse-merged-adjust-pickup",0,1394,1394,"Twist off the bottle cap"
"lyl472324464/2026.03.12_one_have_cap_direction-lerobot-without-rinse-merged-adjust-pickup",1,1468,1468,"Twist off the bottle cap"
"lyl472324464/2026.03.12_one_have_cap_direction-lerobot-without-rinse-merged-adjust-pickup",2,1124,1124,"Twist off the bottle cap"
"lyl472324464/2026.03.12_one_have_cap_direction-lerobot-without-rinse-merged-adjust-pickup",3,1462,1462,"Twist off the bottle cap"
"lyl472324464/2026.03.12_one_have_cap_direction-lerobot-without-rinse-merged-adjust-pickup",4,1499,1499,"Twist off the bottle cap"
"lyl472324464/2026.03.12_one_have_cap_direction-lerobot-without-rinse-merged-adjust-pickup",5,1738,1738,"Twist off the bottle cap"
"lyl472324464/2026.03.12_one_have_cap_direction-lerobot-without-rinse-merged-adjust-pickup",6,1787,1787,"Twist off the bottle cap"
"lyl472324464/2026.03.12_one_have_cap_direction-lerobot-without-rinse-merged-adjust-pickup",7,1373,1373,"Twist off the bottle cap"
"lyl472324464/2026.03.12_one_have_cap_direction-lerobot-without-rinse-merged-adjust-pickup",8,2643,2643,"Twist off the bottle cap"
"lyl472324464/2026.03.12_one_have_cap_direction-lerobot-without-rinse-merged-adjust-pickup",9,1270,1270,"Twist off the bottle cap"
"lyl472324464/2026.03.12_one_have_cap_direction-lerobot-without-rinse-merged-adjust-pickup",10,1352,1352,"Twist off the bottle cap"
"lyl472324464/2026.03.12_one_have_cap_direction-lerobot-without-rinse-merged-adjust-pickup",11,1445,1445,"Twist off the bottle cap"
"lyl472324464/2026.03.12_one_have_cap_direction-lerobot-without-rinse-merged-adjust-pickup",12,1621,1621,"Twist off the bottle cap"
"lyl472324464/2026.03.12_one_have_cap_direction-lerobot-without-rinse-merged-adjust-pickup",13,1505,1505,"Twist off the bottle cap"
"lyl472324464/2026.03.12_one_have_cap_direction-lerobot-without-rinse-merged-adjust-pickup",14,1313,1313,"Twist off the bottle cap"
"lyl472324464/2026-03-12-one-havent-cap-merged-adjust-pickup",0,462,462,"Do the followings: 1. If the bottle cap is facing left, rotate the bottle 180 degrees. 2. Pick up the bottle. 3. Twist off the bottle cap. 4. Put the bottle into the box on the left. 5. Put the cap into the box on the right. If the bottle cap falls onto the table, pick it up. 6. Return to home position."
"lyl472324464/2026-03-12-one-havent-cap-merged-adjust-pickup",1,441,441,"Do the followings: 1. If the bottle cap is facing left, rotate the bottle 180 degrees. 2. Pick up the bottle. 3. Twist off the bottle cap. 4. Put the bottle into the box on the left. 5. Put the cap into the box on the right. If the bottle cap falls onto the table, pick it up. 6. Return to home position."
"lyl472324464/2026-03-12-one-havent-cap-merged-adjust-pickup",2,373,373,"Do the followings: 1. If the bottle cap is facing left, rotate the bottle 180 degrees. 2. Pick up the bottle. 3. Twist off the bottle cap. 4. Put the bottle into the box on the left. 5. Put the cap into the box on the right. If the bottle cap falls onto the table, pick it up. 6. Return to home position."
"lyl472324464/2026-03-12-one-havent-cap-merged-adjust-pickup",3,401,401,"Do the followings: 1. If the bottle cap is facing left, rotate the bottle 180 degrees. 2. Pick up the bottle. 3. Twist off the bottle cap. 4. Put the bottle into the box on the left. 5. Put the cap into the box on the right. If the bottle cap falls onto the table, pick it up. 6. Return to home position."
"lyl472324464/2026-03-12-one-havent-cap-merged-adjust-pickup",4,484,484,"Do the followings: 1. If the bottle cap is facing left, rotate the bottle 180 degrees. 2. Pick up the bottle. 3. Twist off the bottle cap. 4. Put the bottle into the box on the left. 5. Put the cap into the box on the right. If the bottle cap falls onto the table, pick it up. 6. Return to home position."
"lyl472324464/2026-03-12-one-havent-cap-merged-adjust-pickup",5,458,458,"Do the followings: 1. If the bottle cap is facing left, rotate the bottle 180 degrees. 2. Pick up the bottle. 3. Twist off the bottle cap. 4. Put the bottle into the box on the left. 5. Put the cap into the box on the right. If the bottle cap falls onto the table, pick it up. 6. Return to home position."
"lyl472324464/2026-03-12-one-havent-cap-merged-adjust-pickup",6,432,432,"Do the followings: 1. If the bottle cap is facing left, rotate the bottle 180 degrees. 2. Pick up the bottle. 3. Twist off the bottle cap. 4. Put the bottle into the box on the left. 5. Put the cap into the box on the right. If the bottle cap falls onto the table, pick it up. 6. Return to home position."
"lyl472324464/2026-03-12-one-havent-cap-merged-adjust-pickup",7,447,447,"Do the followings: 1. If the bottle cap is facing left, rotate the bottle 180 degrees. 2. Pick up the bottle. 3. Twist off the bottle cap. 4. Put the bottle into the box on the left. 5. Put the cap into the box on the right. If the bottle cap falls onto the table, pick it up. 6. Return to home position."
"lyl472324464/2026-03-12-one-havent-cap-merged-adjust-pickup",8,615,615,"Do the followings: 1. If the bottle cap is facing left, rotate the bottle 180 degrees. 2. Pick up the bottle. 3. Twist off the bottle cap. 4. Put the bottle into the box on the left. 5. Put the cap into the box on the right. If the bottle cap falls onto the table, pick it up. 6. Return to home position."
"lyl472324464/2026-03-12-one-havent-cap-merged-adjust-pickup",9,467,467,"Do the followings: 1. If the bottle cap is facing left, rotate the bottle 180 degrees. 2. Pick up the bottle. 3. Twist off the bottle cap. 4. Put the bottle into the box on the left. 5. Put the cap into the box on the right. If the bottle cap falls onto the table, pick it up. 6. Return to home position."
"lyl472324464/2026-03-12-one-havent-cap-merged-adjust-pickup",10,508,508,"Do the followings: 1. If the bottle cap is facing left, rotate the bottle 180 degrees. 2. Pick up the bottle. 3. Twist off the bottle cap. 4. Put the bottle into the box on the left. 5. Put the cap into the box on the right. If the bottle cap falls onto the table, pick it up. 6. Return to home position."
"lyl472324464/2026-03-12-one-havent-cap-merged-adjust-pickup",11,492,492,"Do the followings: 1. If the bottle cap is facing left, rotate the bottle 180 degrees. 2. Pick up the bottle. 3. Twist off the bottle cap. 4. Put the bottle into the box on the left. 5. Put the cap into the box on the right. If the bottle cap falls onto the table, pick it up. 6. Return to home position."
"lyl472324464/2026-03-12-one-havent-cap-merged-adjust-pickup",12,536,536,"Do the followings: 1. If the bottle cap is facing left, rotate the bottle 180 degrees. 2. Pick up the bottle. 3. Twist off the bottle cap. 4. Put the bottle into the box on the left. 5. Put the cap into the box on the right. If the bottle cap falls onto the table, pick it up. 6. Return to home position."
"lyl472324464/2026-03-12-one-havent-cap-merged-adjust-pickup",13,537,537,"Do the followings: 1. If the bottle cap is facing left, rotate the bottle 180 degrees. 2. Pick up the bottle. 3. Twist off the bottle cap. 4. Put the bottle into the box on the left. 5. Put the cap into the box on the right. If the bottle cap falls onto the table, pick it up. 6. Return to home position."
"lyl472324464/2026-03-12-one-havent-cap-merged-adjust-pickup",14,564,564,"Do the followings: 1. If the bottle cap is facing left, rotate the bottle 180 degrees. 2. Pick up the bottle. 3. Twist off the bottle cap. 4. Put the bottle into the box on the left. 5. Put the cap into the box on the right. If the bottle cap falls onto the table, pick it up. 6. Return to home position."
"lyl472324464/2026-03-12-one-havent-cap-direction-merged-adjust-pickup",0,588,588,"Do the followings: 1. If the bottle cap is facing left, rotate the bottle 180 degrees. 2. Pick up the bottle. 3. Twist off the bottle cap. 4. Put the bottle into the box on the left. 5. Put the cap into the box on the right. If the bottle cap falls onto the table, pick it up. 6. Return to home position."
"lyl472324464/2026-03-12-one-havent-cap-direction-merged-adjust-pickup",1,538,538,"Do the followings: 1. If the bottle cap is facing left, rotate the bottle 180 degrees. 2. Pick up the bottle. 3. Twist off the bottle cap. 4. Put the bottle into the box on the left. 5. Put the cap into the box on the right. If the bottle cap falls onto the table, pick it up. 6. Return to home position."
"lyl472324464/2026-03-12-one-havent-cap-direction-merged-adjust-pickup",2,567,567,"Do the followings: 1. If the bottle cap is facing left, rotate the bottle 180 degrees. 2. Pick up the bottle. 3. Twist off the bottle cap. 4. Put the bottle into the box on the left. 5. Put the cap into the box on the right. If the bottle cap falls onto the table, pick it up. 6. Return to home position."
"lyl472324464/2026-03-12-one-havent-cap-direction-merged-adjust-pickup",3,576,576,"Do the followings: 1. If the bottle cap is facing left, rotate the bottle 180 degrees. 2. Pick up the bottle. 3. Twist off the bottle cap. 4. Put the bottle into the box on the left. 5. Put the cap into the box on the right. If the bottle cap falls onto the table, pick it up. 6. Return to home position."
"lyl472324464/2026-03-12-one-havent-cap-direction-merged-adjust-pickup",4,512,512,"Do the followings: 1. If the bottle cap is facing left, rotate the bottle 180 degrees. 2. Pick up the bottle. 3. Twist off the bottle cap. 4. Put the bottle into the box on the left. 5. Put the cap into the box on the right. If the bottle cap falls onto the table, pick it up. 6. Return to home position."
"lyl472324464/2026-03-12-one-havent-cap-direction-merged-adjust-pickup",5,557,557,"Do the followings: 1. If the bottle cap is facing left, rotate the bottle 180 degrees. 2. Pick up the bottle. 3. Twist off the bottle cap. 4. Put the bottle into the box on the left. 5. Put the cap into the box on the right. If the bottle cap falls onto the table, pick it up. 6. Return to home position."
"lyl472324464/2026-03-12-one-havent-cap-direction-merged-adjust-pickup",6,590,590,"Do the followings: 1. If the bottle cap is facing left, rotate the bottle 180 degrees. 2. Pick up the bottle. 3. Twist off the bottle cap. 4. Put the bottle into the box on the left. 5. Put the cap into the box on the right. If the bottle cap falls onto the table, pick it up. 6. Return to home position."
"lyl472324464/2026-03-12-one-havent-cap-direction-merged-adjust-pickup",7,636,636,"Do the followings: 1. If the bottle cap is facing left, rotate the bottle 180 degrees. 2. Pick up the bottle. 3. Twist off the bottle cap. 4. Put the bottle into the box on the left. 5. Put the cap into the box on the right. If the bottle cap falls onto the table, pick it up. 6. Return to home position."
"lyl472324464/2026-03-12-one-havent-cap-direction-merged-adjust-pickup",8,588,588,"Do the followings: 1. If the bottle cap is facing left, rotate the bottle 180 degrees. 2. Pick up the bottle. 3. Twist off the bottle cap. 4. Put the bottle into the box on the left. 5. Put the cap into the box on the right. If the bottle cap falls onto the table, pick it up. 6. Return to home position."
"lyl472324464/2026-03-12-one-havent-cap-direction-merged-adjust-pickup",9,680,680,"Do the followings: 1. If the bottle cap is facing left, rotate the bottle 180 degrees. 2. Pick up the bottle. 3. Twist off the bottle cap. 4. Put the bottle into the box on the left. 5. Put the cap into the box on the right. If the bottle cap falls onto the table, pick it up. 6. Return to home position."
"lyl472324464/2026-03-12-one-havent-cap-direction-merged-adjust-pickup",10,662,662,"Do the followings: 1. If the bottle cap is facing left, rotate the bottle 180 degrees. 2. Pick up the bottle. 3. Twist off the bottle cap. 4. Put the bottle into the box on the left. 5. Put the cap into the box on the right. If the bottle cap falls onto the table, pick it up. 6. Return to home position."
"lyl472324464/2026-03-12-one-havent-cap-direction-merged-adjust-pickup",11,601,601,"Do the followings: 1. If the bottle cap is facing left, rotate the bottle 180 degrees. 2. Pick up the bottle. 3. Twist off the bottle cap. 4. Put the bottle into the box on the left. 5. Put the cap into the box on the right. If the bottle cap falls onto the table, pick it up. 6. Return to home position."
"lyl472324464/2026-03-12-one-havent-cap-direction-merged-adjust-pickup",12,728,728,"Do the followings: 1. If the bottle cap is facing left, rotate the bottle 180 degrees. 2. Pick up the bottle. 3. Twist off the bottle cap. 4. Put the bottle into the box on the left. 5. Put the cap into the box on the right. If the bottle cap falls onto the table, pick it up. 6. Return to home position."
"lyl472324464/2026-03-12-one-havent-cap-direction-merged-adjust-pickup",13,669,669,"Do the followings: 1. If the bottle cap is facing left, rotate the bottle 180 degrees. 2. Pick up the bottle. 3. Twist off the bottle cap. 4. Put the bottle into the box on the left. 5. Put the cap into the box on the right. If the bottle cap falls onto the table, pick it up. 6. Return to home position."
"lyl472324464/2026-03-12-one-havent-cap-direction-merged-adjust-pickup",14,559,559,"Do the followings: 1. If the bottle cap is facing left, rotate the bottle 180 degrees. 2. Pick up the bottle. 3. Twist off the bottle cap. 4. Put the bottle into the box on the left. 5. Put the cap into the box on the right. If the bottle cap falls onto the table, pick it up. 6. Return to home position."
"lyl472324464/2026-04-21_direction-lerobot-without-rinse-merged-adjust-pickup",0,589,539,"Twist off the bottle cap"
"lyl472324464/2026-04-21_direction-lerobot-without-rinse-merged-adjust-pickup",1,649,599,"Twist off the bottle cap"
"lyl472324464/2026-04-21_direction-lerobot-without-rinse-merged-adjust-pickup",2,628,578,"Twist off the bottle cap"
"lyl472324464/2026-04-21_direction-lerobot-without-rinse-merged-adjust-pickup",3,594,544,"Twist off the bottle cap"
"lyl472324464/2026-04-21_direction-lerobot-without-rinse-merged-adjust-pickup",4,360,310,"Twist off the bottle cap"
"lyl472324464/2026-04-21_direction-lerobot-without-rinse-merged-adjust-pickup",5,404,354,"Twist off the bottle cap"
"lyl472324464/2026-04-21_direction-lerobot-without-rinse-merged-adjust-pickup",6,818,768,"Twist off the bottle cap"
"lyl472324464/2026-04-21_direction-lerobot-without-rinse-merged-adjust-pickup",7,435,385,"Twist off the bottle cap"
"lyl472324464/2026-04-21_direction-lerobot-without-rinse-merged-adjust-pickup",8,379,329,"Twist off the bottle cap"
"lyl472324464/2026-04-21_direction-lerobot-without-rinse-merged-adjust-pickup",9,386,336,"Twist off the bottle cap"
"lyl472324464/2026-04-21_direction-lerobot-without-rinse-merged-adjust-pickup",10,418,368,"Twist off the bottle cap"
"lyl472324464/2026-04-21_direction-lerobot-without-rinse-merged-adjust-pickup",11,512,462,"Twist off the bottle cap"
"lyl472324464/2026-04-21_direction-lerobot-without-rinse-merged-adjust-pickup",12,447,397,"Twist off the bottle cap"
"lyl472324464/2026-04-21_direction-lerobot-without-rinse-merged-adjust-pickup",13,378,328,"Twist off the bottle cap"
"lyl472324464/2026-04-21_direction-lerobot-without-rinse-merged-adjust-pickup",14,559,509,"Twist off the bottle cap"
"lyl472324464/2026-04-21_direction-lerobot-without-rinse-merged-adjust-pickup",15,473,423,"Twist off the bottle cap"
"lyl472324464/2026-04-21_direction-lerobot-without-rinse-merged-adjust-pickup",16,719,669,"Twist off the bottle cap"
"lyl472324464/2026-04-21_direction-lerobot-without-rinse-merged-adjust-pickup",17,671,621,"Twist off the bottle cap"
"lyl472324464/2026-04-21_direction-lerobot-without-rinse-merged-adjust-pickup",18,599,549,"Twist off the bottle cap"
"lyl472324464/2026-04-21_direction-lerobot-without-rinse-merged-adjust-pickup",19,488,438,"Twist off the bottle cap"
"lyl472324464/2026-04-21_direction-lerobot-without-rinse-merged-adjust-pickup",20,354,304,"Twist off the bottle cap"
"lyl472324464/2026-04-21_direction-lerobot-without-rinse-merged-adjust-pickup",21,330,280,"Twist off the bottle cap"
"lyl472324464/2026-04-21_direction-lerobot-without-rinse-merged-adjust-pickup",22,410,360,"Twist off the bottle cap"
"lyl472324464/2026-04-21_direction-lerobot-without-rinse-merged-adjust-pickup",23,585,535,"Twist off the bottle cap"
"lyl472324464/2026-04-21_direction-lerobot-without-rinse-merged-adjust-pickup",24,630,580,"Twist off the bottle cap"
"lyl472324464/2026-04-21_direction-lerobot-without-rinse-merged-adjust-pickup",25,325,275,"Twist off the bottle cap"
"lyl472324464/2026-04-21_direction-lerobot-without-rinse-merged-adjust-pickup",26,653,603,"Twist off the bottle cap"
"lyl472324464/2026-04-21_direction-lerobot-without-rinse-merged-adjust-pickup",27,717,667,"Twist off the bottle cap"
"lyl472324464/2026-04-21_direction-lerobot-without-rinse-merged-adjust-pickup",28,434,384,"Twist off the bottle cap"
"lyl472324464/2026-04-21_direction-lerobot-without-rinse-merged-adjust-pickup",29,430,380,"Twist off the bottle cap"
"lyl472324464/2026-04-21_direction-lerobot-without-rinse-merged-adjust-pickup",30,730,680,"Twist off the bottle cap"
"lyl472324464/2026-04-21_direction-lerobot-without-rinse-merged-adjust-pickup",31,650,600,"Twist off the bottle cap"
"lyl472324464/2026-04-21_direction-lerobot-without-rinse-merged-adjust-pickup",32,721,671,"Twist off the bottle cap"
"lyl472324464/2026-04-21_direction-lerobot-without-rinse-merged-adjust-pickup",33,581,531,"Twist off the bottle cap"
"lyl472324464/2026-04-21_direction-lerobot-without-rinse-merged-adjust-pickup",34,481,431,"Twist off the bottle cap"
"lyl472324464/2026-04-21_direction-lerobot-without-rinse-merged-adjust-pickup",35,741,691,"Twist off the bottle cap"
"lyl472324464/2026-04-21_direction-lerobot-without-rinse-merged-adjust-pickup",36,495,445,"Twist off the bottle cap"
"lyl472324464/2026-04-21_direction-lerobot-without-rinse-merged-adjust-pickup",37,335,285,"Twist off the bottle cap"
"lyl472324464/2026-04-21_direction-lerobot-without-rinse-merged-adjust-pickup",38,675,625,"Twist off the bottle cap"
"lyl472324464/2026-04-21_direction-lerobot-without-rinse-merged-adjust-pickup",39,800,750,"Twist off the bottle cap"
"lyl472324464/2026-04-21_direction-lerobot-without-rinse-merged-adjust-pickup",40,594,544,"Twist off the bottle cap"
"lyl472324464/2026-04-21_direction-lerobot-without-rinse-merged-adjust-pickup",41,444,394,"Twist off the bottle cap"
"lyl472324464/2026-04-21_direction-lerobot-without-rinse-merged-adjust-pickup",42,453,403,"Twist off the bottle cap"
"lyl472324464/2026-04-21_direction-lerobot-without-rinse-merged-adjust-pickup",43,662,612,"Twist off the bottle cap"
"lyl472324464/2026-04-21_direction-lerobot-without-rinse-merged-adjust-pickup",44,317,267,"Twist off the bottle cap"
"lyl472324464/2026-04-21_direction-lerobot-without-rinse-merged-adjust-pickup",45,602,552,"Twist off the bottle cap"
"lyl472324464/2026-04-21_direction-lerobot-without-rinse-merged-adjust-pickup",46,639,589,"Twist off the bottle cap"
"lyl472324464/2026-04-21_direction-lerobot-without-rinse-merged-adjust-pickup",47,579,529,"Twist off the bottle cap"
"lyl472324464/2026-04-21_direction-lerobot-without-rinse-merged-adjust-pickup",48,685,635,"Twist off the bottle cap"
"lyl472324464/2026-04-21_direction-lerobot-without-rinse-merged-adjust-pickup",49,837,787,"Twist off the bottle cap"
"lyl472324464/2026-04-21_direction-lerobot-without-rinse-merged-adjust-pickup",50,315,265,"Twist off the bottle cap"
"lyl472324464/2026-04-21_direction-lerobot-without-rinse-merged-adjust-pickup",51,606,556,"Twist off the bottle cap"
"lyl472324464/2026-04-21_direction-lerobot-without-rinse-merged-adjust-pickup",52,448,398,"Twist off the bottle cap"
"lyl472324464/2026-04-21_direction-lerobot-without-rinse-merged-adjust-pickup",53,719,669,"Twist off the bottle cap"
"lyl472324464/2026-04-21_direction-lerobot-without-rinse-merged-adjust-pickup",54,544,494,"Twist off the bottle cap"
"lyl472324464/2026-04-21_direction-lerobot-without-rinse-merged-adjust-pickup",55,733,683,"Twist off the bottle cap"
"lyl472324464/2026-04-21_direction-lerobot-without-rinse-merged-adjust-pickup",56,588,538,"Twist off the bottle cap"
"lyl472324464/2026-04-21_direction-lerobot-without-rinse-merged-adjust-pickup",57,712,662,"Twist off the bottle cap"
"lyl472324464/2026-04-21_direction-lerobot-without-rinse-merged-adjust-pickup",58,717,667,"Twist off the bottle cap"
"lyl472324464/2026-04-21_direction-lerobot-without-rinse-merged-adjust-pickup",59,644,594,"Twist off the bottle cap"
"lyl472324464/2026-04-21_direction-lerobot-without-rinse-merged-adjust-pickup",60,656,606,"Twist off the bottle cap"
"lyl472324464/2026-04-21_direction-lerobot-without-rinse-merged-adjust-pickup",61,575,525,"Twist off the bottle cap"
"lyl472324464/2026-04-21_direction-lerobot-without-rinse-merged-adjust-pickup",62,817,767,"Twist off the bottle cap"
"lyl472324464/2026-04-21_direction-lerobot-without-rinse-merged-adjust-pickup",63,781,731,"Twist off the bottle cap"
"lyl472324464/2026-04-21_direction-lerobot-without-rinse-merged-adjust-pickup",64,398,348,"Twist off the bottle cap"
"lyl472324464/2026-04-21_direction-lerobot-without-rinse-merged-adjust-pickup",65,610,560,"Twist off the bottle cap"
"lyl472324464/2026-04-21_direction-lerobot-without-rinse-merged-adjust-pickup",66,437,387,"Twist off the bottle cap"
"lyl472324464/2026-04-21_direction-lerobot-without-rinse-merged-adjust-pickup",67,837,787,"Twist off the bottle cap"
"lyl472324464/2026-04-21_direction-lerobot-without-rinse-merged-adjust-pickup",68,865,815,"Twist off the bottle cap"
"lyl472324464/2026-04-21_direction-lerobot-without-rinse-merged-adjust-pickup",69,597,547,"Twist off the bottle cap"
"lyl472324464/2026-04-21_direction-lerobot-without-rinse-merged-adjust-pickup",70,629,579,"Twist off the bottle cap"
"lyl472324464/2026-04-21_direction-lerobot-without-rinse-merged-adjust-pickup",71,660,610,"Twist off the bottle cap"
"lyl472324464/2026-04-21_direction-lerobot-without-rinse-merged-adjust-pickup",72,760,710,"Twist off the bottle cap"
"lyl472324464/2026-04-21_direction-lerobot-without-rinse-merged-adjust-pickup",73,484,434,"Twist off the bottle cap"
"lyl472324464/2026-04-21_direction-lerobot-without-rinse-merged-adjust-pickup",74,605,555,"Twist off the bottle cap"
"lyl472324464/2026-04-21_direction-lerobot-without-rinse-merged-adjust-pickup",75,880,830,"Twist off the bottle cap"
"lyl472324464/2026-04-21_direction-lerobot-without-rinse-merged-adjust-pickup",76,926,876,"Twist off the bottle cap"
"lyl472324464/2026-04-21_direction-lerobot-without-rinse-merged-adjust-pickup",77,734,684,"Twist off the bottle cap"
"lyl472324464/2026-04-21_direction-lerobot-without-rinse-merged-adjust-pickup",78,311,261,"Twist off the bottle cap"
"lyl472324464/2026-04-21_direction-lerobot-without-rinse-merged-adjust-pickup",79,470,420,"Twist off the bottle cap"
"lyl472324464/2026-04-21_direction-lerobot-without-rinse-merged-adjust-pickup",80,531,481,"Twist off the bottle cap"
"lyl472324464/2026-04-21_direction-lerobot-without-rinse-merged-adjust-pickup",81,317,267,"Twist off the bottle cap"
"lyl472324464/2026-04-21_direction-lerobot-without-rinse-merged-adjust-pickup",82,585,535,"Twist off the bottle cap"
"lyl472324464/2026-04-21_direction-lerobot-without-rinse-merged-adjust-pickup",83,373,323,"Twist off the bottle cap"
"lyl472324464/2026-04-21_direction-lerobot-without-rinse-merged-adjust-pickup",84,490,440,"Twist off the bottle cap"
"lyl472324464/2026-04-21_direction-lerobot-without-rinse-merged-adjust-pickup",85,715,665,"Twist off the bottle cap"
"lyl472324464/2026-04-21_direction-lerobot-without-rinse-merged-adjust-pickup",86,658,608,"Twist off the bottle cap"
"lyl472324464/2026-04-21_direction-lerobot-without-rinse-merged-adjust-pickup",87,448,398,"Twist off the bottle cap"
"lyl472324464/2026-04-21_direction-lerobot-without-rinse-merged-adjust-pickup",88,805,755,"Twist off the bottle cap"
"lyl472324464/2026-04-21_direction-lerobot-without-rinse-merged-adjust-pickup",89,776,726,"Twist off the bottle cap"
"lyl472324464/2026-04-21_direction-lerobot-without-rinse-merged-adjust-pickup",90,612,562,"Twist off the bottle cap"
"lyl472324464/2026-04-21_direction-lerobot-without-rinse-merged-adjust-pickup",91,441,391,"Twist off the bottle cap"
"lyl472324464/2026-04-21_direction-lerobot-without-rinse-merged-adjust-pickup",92,480,430,"Twist off the bottle cap"
"lyl472324464/2026-04-21_direction-lerobot-without-rinse-merged-adjust-pickup",93,594,544,"Twist off the bottle cap"
"lyl472324464/2026-04-21_direction-lerobot-without-rinse-merged-adjust-pickup",94,732,682,"Twist off the bottle cap"
"lyl472324464/2026-04-21_direction-lerobot-without-rinse-merged-adjust-pickup",95,496,446,"Twist off the bottle cap"
"lyl472324464/2026-04-21_direction-lerobot-without-rinse-merged-adjust-pickup",96,676,626,"Twist off the bottle cap"
"lyl472324464/2026-04-21_direction-lerobot-without-rinse-merged-adjust-pickup",97,741,691,"Twist off the bottle cap"
"lyl472324464/2026-04-21_direction-lerobot-without-rinse-merged-adjust-pickup",98,762,712,"Twist off the bottle cap"
"lyl472324464/2026-04-21_direction-lerobot-without-rinse-merged-adjust-pickup",99,685,635,"Twist off the bottle cap"
"lyl472324464/2026-04-21_direction-lerobot-without-rinse-merged-adjust-pickup",100,681,631,"Twist off the bottle cap"
"lyl472324464/2026-04-21_direction-lerobot-without-rinse-merged-adjust-pickup",101,694,644,"Twist off the bottle cap"
"lyl472324464/2026-04-21_direction-lerobot-without-rinse-merged-adjust-pickup",102,741,691,"Twist off the bottle cap"
"lyl472324464/2026-04-21_direction-lerobot-without-rinse-merged-adjust-pickup",103,949,899,"Twist off the bottle cap"
"lyl472324464/2026-04-21_direction_2-lerobot-without-rinse-merged-adjust-pickup",0,348,298,"Twist off the bottle cap"
"lyl472324464/2026-04-21_direction_2-lerobot-without-rinse-merged-adjust-pickup",1,290,240,"Twist off the bottle cap"
"lyl472324464/2026-04-21_direction_2-lerobot-without-rinse-merged-adjust-pickup",2,541,491,"Twist off the bottle cap"
"lyl472324464/2026-04-21_direction_2-lerobot-without-rinse-merged-adjust-pickup",3,346,296,"Twist off the bottle cap"
"lyl472324464/2026-04-21_direction_2-lerobot-without-rinse-merged-adjust-pickup",4,317,267,"Twist off the bottle cap"
"lyl472324464/2026-04-21_direction_2-lerobot-without-rinse-merged-adjust-pickup",5,488,438,"Twist off the bottle cap"
"lyl472324464/2026-04-21_direction_2-lerobot-without-rinse-merged-adjust-pickup",6,607,557,"Twist off the bottle cap"
"lyl472324464/2026-04-21_direction_2-lerobot-without-rinse-merged-adjust-pickup",7,433,383,"Twist off the bottle cap"
"lyl472324464/2026-04-21_direction_2-lerobot-without-rinse-merged-adjust-pickup",8,502,452,"Twist off the bottle cap"
"lyl472324464/2026-04-21_direction_2-lerobot-without-rinse-merged-adjust-pickup",9,299,249,"Twist off the bottle cap"
"lyl472324464/2026-04-21_direction_2-lerobot-without-rinse-merged-adjust-pickup",10,449,399,"Twist off the bottle cap"
"lyl472324464/2026-04-21_direction_2-lerobot-without-rinse-merged-adjust-pickup",11,356,306,"Twist off the bottle cap"
"lyl472324464/2026-04-21_direction_2-lerobot-without-rinse-merged-adjust-pickup",12,636,586,"Twist off the bottle cap"
"lyl472324464/2026-04-21_direction_2-lerobot-without-rinse-merged-adjust-pickup",13,547,497,"Twist off the bottle cap"
"lyl472324464/2026-04-21_direction_2-lerobot-without-rinse-merged-adjust-pickup",14,313,263,"Twist off the bottle cap"
"lyl472324464/2026-04-21_direction_2-lerobot-without-rinse-merged-adjust-pickup",15,303,253,"Twist off the bottle cap"
"lyl472324464/2026-04-21_direction_2-lerobot-without-rinse-merged-adjust-pickup",16,552,502,"Twist off the bottle cap"
"lyl472324464/2026-04-21_direction_2-lerobot-without-rinse-merged-adjust-pickup",17,660,610,"Twist off the bottle cap"
"lyl472324464/2026-04-21_direction_2-lerobot-without-rinse-merged-adjust-pickup",18,512,462,"Twist off the bottle cap"
"lyl472324464/2026-04-21_direction_2-lerobot-without-rinse-merged-adjust-pickup",19,614,564,"Twist off the bottle cap"
"lyl472324464/2026-04-21_direction_2-lerobot-without-rinse-merged-adjust-pickup",20,609,559,"Twist off the bottle cap"
"lyl472324464/2026-04-21_direction_2-lerobot-without-rinse-merged-adjust-pickup",21,551,501,"Twist off the bottle cap"
"lyl472324464/2026-04-21_direction_2-lerobot-without-rinse-merged-adjust-pickup",22,510,460,"Twist off the bottle cap"
"lyl472324464/2026-04-21_direction_2-lerobot-without-rinse-merged-adjust-pickup",23,564,514,"Twist off the bottle cap"
"lyl472324464/2026-04-21_direction_2-lerobot-without-rinse-merged-adjust-pickup",24,497,447,"Twist off the bottle cap"
"lyl472324464/2026-04-21_direction_2-lerobot-without-rinse-merged-adjust-pickup",25,368,318,"Twist off the bottle cap"
"lyl472324464/2026-04-21_direction_2-lerobot-without-rinse-merged-adjust-pickup",26,564,514,"Twist off the bottle cap"
"lyl472324464/2026-04-21_direction_2-lerobot-without-rinse-merged-adjust-pickup",27,640,590,"Twist off the bottle cap"
"lyl472324464/2026-04-21_direction_2-lerobot-without-rinse-merged-adjust-pickup",28,611,561,"Twist off the bottle cap"
"lyl472324464/2026-04-21_direction_2-lerobot-without-rinse-merged-adjust-pickup",29,641,591,"Twist off the bottle cap"
"lyl472324464/2026-04-21_direction_2-lerobot-without-rinse-merged-adjust-pickup",30,614,564,"Twist off the bottle cap"
"lyl472324464/2026-04-21_direction_2-lerobot-without-rinse-merged-adjust-pickup",31,317,267,"Twist off the bottle cap"
"lyl472324464/2026-04-21_direction_2-lerobot-without-rinse-merged-adjust-pickup",32,605,555,"Twist off the bottle cap"
"lyl472324464/2026-04-21_direction_2-lerobot-without-rinse-merged-adjust-pickup",33,503,453,"Twist off the bottle cap"
"lyl472324464/2026-04-21_direction_2-lerobot-without-rinse-merged-adjust-pickup",34,472,422,"Twist off the bottle cap"
"lyl472324464/2026-04-21_direction_2-lerobot-without-rinse-merged-adjust-pickup",35,454,404,"Twist off the bottle cap"
"lyl472324464/2026-04-21_direction_2-lerobot-without-rinse-merged-adjust-pickup",36,554,504,"Twist off the bottle cap"
"lyl472324464/2026-04-21_direction_2-lerobot-without-rinse-merged-adjust-pickup",37,486,436,"Twist off the bottle cap"
"lyl472324464/2026-04-21_direction_2-lerobot-without-rinse-merged-adjust-pickup",38,878,828,"Twist off the bottle cap"
"lyl472324464/2026-04-21_direction_2-lerobot-without-rinse-merged-adjust-pickup",39,387,337,"Twist off the bottle cap"
"lyl472324464/2026-04-21_direction_2-lerobot-without-rinse-merged-adjust-pickup",40,332,282,"Twist off the bottle cap"
"lyl472324464/2026-04-21_direction_2-lerobot-without-rinse-merged-adjust-pickup",41,671,621,"Twist off the bottle cap"
"lyl472324464/2026-04-21_direction_2-lerobot-without-rinse-merged-adjust-pickup",42,618,568,"Twist off the bottle cap"
"lyl472324464/2026-04-21_direction_2-lerobot-without-rinse-merged-adjust-pickup",43,494,444,"Twist off the bottle cap"
"lyl472324464/2026-04-21_direction_2-lerobot-without-rinse-merged-adjust-pickup",44,584,534,"Twist off the bottle cap"
"lyl472324464/2026-04-21_direction_2-lerobot-without-rinse-merged-adjust-pickup",45,487,437,"Twist off the bottle cap"
"lyl472324464/2026-04-21_direction_2-lerobot-without-rinse-merged-adjust-pickup",46,660,610,"Twist off the bottle cap"
"lyl472324464/2026-04-21_direction_2-lerobot-without-rinse-merged-adjust-pickup",47,564,514,"Twist off the bottle cap"
"lyl472324464/2026-04-21_direction_2-lerobot-without-rinse-merged-adjust-pickup",48,646,596,"Twist off the bottle cap"
"lyl472324464/2026-04-21_direction_2-lerobot-without-rinse-merged-adjust-pickup",49,563,513,"Twist off the bottle cap"
"lyl472324464/2026-04-21_direction_2-lerobot-without-rinse-merged-adjust-pickup",50,569,519,"Twist off the bottle cap"
"lyl472324464/2026-04-21_direction_2-lerobot-without-rinse-merged-adjust-pickup",51,450,400,"Twist off the bottle cap"
"lyl472324464/2026-04-21_direction_2-lerobot-without-rinse-merged-adjust-pickup",52,446,396,"Twist off the bottle cap"
"lyl472324464/2026-04-21_direction_2-lerobot-without-rinse-merged-adjust-pickup",53,562,512,"Twist off the bottle cap"
"lyl472324464/2026-04-21_direction_2-lerobot-without-rinse-merged-adjust-pickup",54,442,392,"Twist off the bottle cap"
"lyl472324464/2026-04-21_direction_2-lerobot-without-rinse-merged-adjust-pickup",55,593,543,"Twist off the bottle cap"
"lyl472324464/2026-04-21_direction_2-lerobot-without-rinse-merged-adjust-pickup",56,537,487,"Twist off the bottle cap"
"lyl472324464/2026-04-21_direction_2-lerobot-without-rinse-merged-adjust-pickup",57,646,596,"Twist off the bottle cap"
"lyl472324464/2026-04-21_direction_2-lerobot-without-rinse-merged-adjust-pickup",58,614,564,"Twist off the bottle cap"
"lyl472324464/2026-04-21_direction_2-lerobot-without-rinse-merged-adjust-pickup",59,669,619,"Twist off the bottle cap"
"lyl472324464/2026-04-21_direction_2-lerobot-without-rinse-merged-adjust-pickup",60,692,642,"Twist off the bottle cap"
"lyl472324464/2026-04-21_direction_haven-t_cap-lerobot-without-rinse-merged-adjust-pickup",0,361,311,"Twist off the bottle cap"
"lyl472324464/2026-04-21_direction_haven-t_cap-lerobot-without-rinse-merged-adjust-pickup",1,203,153,"Twist off the bottle cap"
"lyl472324464/2026-04-21_direction_haven-t_cap-lerobot-without-rinse-merged-adjust-pickup",2,268,218,"Twist off the bottle cap"
"lyl472324464/2026-04-21_direction_haven-t_cap-lerobot-without-rinse-merged-adjust-pickup",3,370,320,"Twist off the bottle cap"
"lyl472324464/2026-04-21_direction_haven-t_cap-lerobot-without-rinse-merged-adjust-pickup",4,331,281,"Twist off the bottle cap"
"lyl472324464/2026-04-21_direction_haven-t_cap-lerobot-without-rinse-merged-adjust-pickup",5,314,264,"Twist off the bottle cap"
"lyl472324464/2026-04-21_direction_haven-t_cap-lerobot-without-rinse-merged-adjust-pickup",6,360,310,"Twist off the bottle cap"
"lyl472324464/2026-04-21_direction_haven-t_cap-lerobot-without-rinse-merged-adjust-pickup",7,489,439,"Twist off the bottle cap"
"lyl472324464/2026-04-21_direction_haven-t_cap-lerobot-without-rinse-merged-adjust-pickup",8,310,260,"Twist off the bottle cap"
"lyl472324464/2026-04-21_direction_haven-t_cap-lerobot-without-rinse-merged-adjust-pickup",9,257,207,"Twist off the bottle cap"
"lyl472324464/2026-04-21_direction_haven-t_cap-lerobot-without-rinse-merged-adjust-pickup",10,343,293,"Twist off the bottle cap"
"lyl472324464/2026-04-21_direction_haven-t_cap-lerobot-without-rinse-merged-adjust-pickup",11,354,304,"Twist off the bottle cap"
"lyl472324464/2026-04-21_direction_haven-t_cap-lerobot-without-rinse-merged-adjust-pickup",12,284,234,"Twist off the bottle cap"
"lyl472324464/2026-04-21_direction_haven-t_cap-lerobot-without-rinse-merged-adjust-pickup",13,514,464,"Twist off the bottle cap"
"lyl472324464/2026-04-21_direction_haven-t_cap-lerobot-without-rinse-merged-adjust-pickup",14,514,464,"Twist off the bottle cap"
"lyl472324464/2026-04-21_direction_haven-t_cap-lerobot-without-rinse-merged-adjust-pickup",15,500,450,"Twist off the bottle cap"
"lyl472324464/2026-04-21_direction_haven-t_cap-lerobot-without-rinse-merged-adjust-pickup",16,381,331,"Twist off the bottle cap"
"lyl472324464/2026-04-21_direction_haven-t_cap-lerobot-without-rinse-merged-adjust-pickup",17,300,250,"Twist off the bottle cap"
"lyl472324464/2026-04-21_direction_haven-t_cap-lerobot-without-rinse-merged-adjust-pickup",18,501,451,"Twist off the bottle cap"
"lyl472324464/2026-04-21_direction_haven-t_cap-lerobot-without-rinse-merged-adjust-pickup",19,377,327,"Twist off the bottle cap"
"lyl472324464/2026-04-21_direction_haven-t_cap-lerobot-without-rinse-merged-adjust-pickup",20,534,484,"Twist off the bottle cap"
"lyl472324464/2026-04-21_direction_haven-t_cap-lerobot-without-rinse-merged-adjust-pickup",21,362,312,"Twist off the bottle cap"
"lyl472324464/2026-04-21_direction_haven-t_cap-lerobot-without-rinse-merged-adjust-pickup",22,511,461,"Twist off the bottle cap"
"lyl472324464/2026-04-21_direction_haven-t_cap-lerobot-without-rinse-merged-adjust-pickup",23,441,391,"Twist off the bottle cap"
"lyl472324464/2026-04-21_direction_haven-t_cap-lerobot-without-rinse-merged-adjust-pickup",24,579,529,"Twist off the bottle cap"
"lyl472324464/2026-04-21_direction_haven-t_cap-lerobot-without-rinse-merged-adjust-pickup",25,611,561,"Twist off the bottle cap"
"lyl472324464/2026-04-21_direction_haven-t_cap-lerobot-without-rinse-merged-adjust-pickup",26,633,583,"Twist off the bottle cap"
"lyl472324464/2026-04-21_direction_haven-t_cap-lerobot-without-rinse-merged-adjust-pickup",27,251,201,"Twist off the bottle cap"
"lyl472324464/2026-04-21_direction_haven-t_cap-lerobot-without-rinse-merged-adjust-pickup",28,772,722,"Twist off the bottle cap"
"lyl472324464/2026-04-21_direction_havent_cap_water-lerobot-without-rinse-merged-adjust-pickup",0,566,516,"Do the followings: 1. If the bottle cap is facing left, rotate the bottle 180 degrees. 2. Pick up the bottle. 3. Twist off the bottle cap. 4. Put the bottle into the box on the left. 5. Put the cap into the box on the right. If the bottle cap falls onto the table, pick it up. 6. Return to home position."
"lyl472324464/2026-04-21_direction_havent_cap_water-lerobot-without-rinse-merged-adjust-pickup",1,516,466,"Do the followings: 1. If the bottle cap is facing left, rotate the bottle 180 degrees. 2. Pick up the bottle. 3. Twist off the bottle cap. 4. Put the bottle into the box on the left. 5. Put the cap into the box on the right. If the bottle cap falls onto the table, pick it up. 6. Return to home position."
"lyl472324464/2026-04-21_direction_havent_cap_water-lerobot-without-rinse-merged-adjust-pickup",2,501,451,"Do the followings: 1. If the bottle cap is facing left, rotate the bottle 180 degrees. 2. Pick up the bottle. 3. Twist off the bottle cap. 4. Put the bottle into the box on the left. 5. Put the cap into the box on the right. If the bottle cap falls onto the table, pick it up. 6. Return to home position."
"lyl472324464/2026-04-21_direction_havent_cap_water-lerobot-without-rinse-merged-adjust-pickup",3,436,386,"Do the followings: 1. If the bottle cap is facing left, rotate the bottle 180 degrees. 2. Pick up the bottle. 3. Twist off the bottle cap. 4. Put the bottle into the box on the left. 5. Put the cap into the box on the right. If the bottle cap falls onto the table, pick it up. 6. Return to home position."
"lyl472324464/2026-04-21_direction_havent_cap_water-lerobot-without-rinse-merged-adjust-pickup",4,366,316,"Do the followings: 1. If the bottle cap is facing left, rotate the bottle 180 degrees. 2. Pick up the bottle. 3. Twist off the bottle cap. 4. Put the bottle into the box on the left. 5. Put the cap into the box on the right. If the bottle cap falls onto the table, pick it up. 6. Return to home position."
"lyl472324464/2026-04-21_direction_havent_cap_water-lerobot-without-rinse-merged-adjust-pickup",5,409,359,"Do the followings: 1. If the bottle cap is facing left, rotate the bottle 180 degrees. 2. Pick up the bottle. 3. Twist off the bottle cap. 4. Put the bottle into the box on the left. 5. Put the cap into the box on the right. If the bottle cap falls onto the table, pick it up. 6. Return to home position."
"lyl472324464/2026-04-21_direction_havent_cap_water-lerobot-without-rinse-merged-adjust-pickup",6,404,354,"Do the followings: 1. If the bottle cap is facing left, rotate the bottle 180 degrees. 2. Pick up the bottle. 3. Twist off the bottle cap. 4. Put the bottle into the box on the left. 5. Put the cap into the box on the right. If the bottle cap falls onto the table, pick it up. 6. Return to home position."
"lyl472324464/2026-04-21_direction_havent_cap_water-lerobot-without-rinse-merged-adjust-pickup",7,379,329,"Do the followings: 1. If the bottle cap is facing left, rotate the bottle 180 degrees. 2. Pick up the bottle. 3. Twist off the bottle cap. 4. Put the bottle into the box on the left. 5. Put the cap into the box on the right. If the bottle cap falls onto the table, pick it up. 6. Return to home position."
"lyl472324464/2026-04-21_direction_havent_cap_water-lerobot-without-rinse-merged-adjust-pickup",8,472,422,"Do the followings: 1. If the bottle cap is facing left, rotate the bottle 180 degrees. 2. Pick up the bottle. 3. Twist off the bottle cap. 4. Put the bottle into the box on the left. 5. Put the cap into the box on the right. If the bottle cap falls onto the table, pick it up. 6. Return to home position."
"lyl472324464/2026-04-21_direction_havent_cap_water-lerobot-without-rinse-merged-adjust-pickup",9,340,290,"Do the followings: 1. If the bottle cap is facing left, rotate the bottle 180 degrees. 2. Pick up the bottle. 3. Twist off the bottle cap. 4. Put the bottle into the box on the left. 5. Put the cap into the box on the right. If the bottle cap falls onto the table, pick it up. 6. Return to home position."
"lyl472324464/2026-04-21_direction_havent_cap_water-lerobot-without-rinse-merged-adjust-pickup",10,447,397,"Do the followings: 1. If the bottle cap is facing left, rotate the bottle 180 degrees. 2. Pick up the bottle. 3. Twist off the bottle cap. 4. Put the bottle into the box on the left. 5. Put the cap into the box on the right. If the bottle cap falls onto the table, pick it up. 6. Return to home position."
"lyl472324464/2026-04-21_direction_havent_cap_water-lerobot-without-rinse-merged-adjust-pickup",11,372,322,"Do the followings: 1. If the bottle cap is facing left, rotate the bottle 180 degrees. 2. Pick up the bottle. 3. Twist off the bottle cap. 4. Put the bottle into the box on the left. 5. Put the cap into the box on the right. If the bottle cap falls onto the table, pick it up. 6. Return to home position."
"lyl472324464/2026-04-21_direction_havent_cap_water-lerobot-without-rinse-merged-adjust-pickup",12,456,406,"Do the followings: 1. If the bottle cap is facing left, rotate the bottle 180 degrees. 2. Pick up the bottle. 3. Twist off the bottle cap. 4. Put the bottle into the box on the left. 5. Put the cap into the box on the right. If the bottle cap falls onto the table, pick it up. 6. Return to home position."
"lyl472324464/2026-04-21_direction_havent_cap_water-lerobot-without-rinse-merged-adjust-pickup",13,422,372,"Do the followings: 1. If the bottle cap is facing left, rotate the bottle 180 degrees. 2. Pick up the bottle. 3. Twist off the bottle cap. 4. Put the bottle into the box on the left. 5. Put the cap into the box on the right. If the bottle cap falls onto the table, pick it up. 6. Return to home position."
"lyl472324464/2026-04-21_direction_havent_cap_water-lerobot-without-rinse-merged-adjust-pickup",14,483,433,"Do the followings: 1. If the bottle cap is facing left, rotate the bottle 180 degrees. 2. Pick up the bottle. 3. Twist off the bottle cap. 4. Put the bottle into the box on the left. 5. Put the cap into the box on the right. If the bottle cap falls onto the table, pick it up. 6. Return to home position."
"lyl472324464/2026-04-21_direction_havent_cap_water-lerobot-without-rinse-merged-adjust-pickup",15,493,443,"Do the followings: 1. If the bottle cap is facing left, rotate the bottle 180 degrees. 2. Pick up the bottle. 3. Twist off the bottle cap. 4. Put the bottle into the box on the left. 5. Put the cap into the box on the right. If the bottle cap falls onto the table, pick it up. 6. Return to home position."
"lyl472324464/2026-04-21_direction_havent_cap_water-lerobot-without-rinse-merged-adjust-pickup",16,396,346,"Do the followings: 1. If the bottle cap is facing left, rotate the bottle 180 degrees. 2. Pick up the bottle. 3. Twist off the bottle cap. 4. Put the bottle into the box on the left. 5. Put the cap into the box on the right. If the bottle cap falls onto the table, pick it up. 6. Return to home position."
"lyl472324464/2026-04-21_direction_havent_cap_water-lerobot-without-rinse-merged-adjust-pickup",17,482,432,"Do the followings: 1. If the bottle cap is facing left, rotate the bottle 180 degrees. 2. Pick up the bottle. 3. Twist off the bottle cap. 4. Put the bottle into the box on the left. 5. Put the cap into the box on the right. If the bottle cap falls onto the table, pick it up. 6. Return to home position."
"lyl472324464/2026-04-21_direction_havent_cap_water-lerobot-without-rinse-merged-adjust-pickup",18,480,430,"Do the followings: 1. If the bottle cap is facing left, rotate the bottle 180 degrees. 2. Pick up the bottle. 3. Twist off the bottle cap. 4. Put the bottle into the box on the left. 5. Put the cap into the box on the right. If the bottle cap falls onto the table, pick it up. 6. Return to home position."
"lyl472324464/2026-04-21_direction_havent_cap_water-lerobot-without-rinse-merged-adjust-pickup",19,555,505,"Do the followings: 1. If the bottle cap is facing left, rotate the bottle 180 degrees. 2. Pick up the bottle. 3. Twist off the bottle cap. 4. Put the bottle into the box on the left. 5. Put the cap into the box on the right. If the bottle cap falls onto the table, pick it up. 6. Return to home position."
"lyl472324464/2026-04-21_direction_havent_cap_water-lerobot-without-rinse-merged-adjust-pickup",20,352,302,"Do the followings: 1. If the bottle cap is facing left, rotate the bottle 180 degrees. 2. Pick up the bottle. 3. Twist off the bottle cap. 4. Put the bottle into the box on the left. 5. Put the cap into the box on the right. If the bottle cap falls onto the table, pick it up. 6. Return to home position."
"lyl472324464/2026-04-21_direction_havent_cap_water-lerobot-without-rinse-merged-adjust-pickup",21,487,437,"Do the followings: 1. If the bottle cap is facing left, rotate the bottle 180 degrees. 2. Pick up the bottle. 3. Twist off the bottle cap. 4. Put the bottle into the box on the left. 5. Put the cap into the box on the right. If the bottle cap falls onto the table, pick it up. 6. Return to home position."
"lyl472324464/2026-04-21_direction_havent_cap_water-lerobot-without-rinse-merged-adjust-pickup",22,402,352,"Do the followings: 1. If the bottle cap is facing left, rotate the bottle 180 degrees. 2. Pick up the bottle. 3. Twist off the bottle cap. 4. Put the bottle into the box on the left. 5. Put the cap into the box on the right. If the bottle cap falls onto the table, pick it up. 6. Return to home position."
"lyl472324464/2026-04-21_direction_havent_cap_water-lerobot-without-rinse-merged-adjust-pickup",23,381,331,"Do the followings: 1. If the bottle cap is facing left, rotate the bottle 180 degrees. 2. Pick up the bottle. 3. Twist off the bottle cap. 4. Put the bottle into the box on the left. 5. Put the cap into the box on the right. If the bottle cap falls onto the table, pick it up. 6. Return to home position."
"lyl472324464/2026-04-21_direction_havent_cap_water-lerobot-without-rinse-merged-adjust-pickup",24,457,407,"Do the followings: 1. If the bottle cap is facing left, rotate the bottle 180 degrees. 2. Pick up the bottle. 3. Twist off the bottle cap. 4. Put the bottle into the box on the left. 5. Put the cap into the box on the right. If the bottle cap falls onto the table, pick it up. 6. Return to home position."
"lyl472324464/2026-04-21_direction_havent_cap_water-lerobot-without-rinse-merged-adjust-pickup",25,612,562,"Do the followings: 1. If the bottle cap is facing left, rotate the bottle 180 degrees. 2. Pick up the bottle. 3. Twist off the bottle cap. 4. Put the bottle into the box on the left. 5. Put the cap into the box on the right. If the bottle cap falls onto the table, pick it up. 6. Return to home position."
"lyl472324464/2026-04-23_direction_havent_cap_water-lerobot-without-rinse-merged-adjust-pickup",0,447,397,"Twist off the bottle cap"
"lyl472324464/2026-04-23_direction_havent_cap_water-lerobot-without-rinse-merged-adjust-pickup",1,209,159,"Twist off the bottle cap"
"lyl472324464/2026-04-23_direction_havent_cap_water-lerobot-without-rinse-merged-adjust-pickup",2,297,247,"Twist off the bottle cap"
"lyl472324464/2026-04-23_direction_havent_cap_water-lerobot-without-rinse-merged-adjust-pickup",3,390,340,"Twist off the bottle cap"
"lyl472324464/2026-04-23_direction_havent_cap_water-lerobot-without-rinse-merged-adjust-pickup",4,211,161,"Twist off the bottle cap"
"lyl472324464/2026-04-23_direction_havent_cap_water-lerobot-without-rinse-merged-adjust-pickup",5,225,175,"Twist off the bottle cap"
"lyl472324464/2026-04-23_direction_havent_cap_water-lerobot-without-rinse-merged-adjust-pickup",6,558,508,"Twist off the bottle cap"
"lyl472324464/2026-04-23_direction_havent_cap_water-lerobot-without-rinse-merged-adjust-pickup",7,186,136,"Twist off the bottle cap"
"lyl472324464/2026-04-23_direction_havent_cap_water-lerobot-without-rinse-merged-adjust-pickup",8,458,408,"Twist off the bottle cap"
"lyl472324464/2026-04-23_direction_havent_cap_water-lerobot-without-rinse-merged-adjust-pickup",9,500,450,"Twist off the bottle cap"
"lyl472324464/2026-04-23_direction_havent_cap_water-lerobot-without-rinse-merged-adjust-pickup",10,286,236,"Twist off the bottle cap"
"lyl472324464/2026-04-23_direction_havent_cap_water-lerobot-without-rinse-merged-adjust-pickup",11,400,350,"Twist off the bottle cap"
"lyl472324464/2026-04-23_direction_havent_cap_water-lerobot-without-rinse-merged-adjust-pickup",12,412,362,"Twist off the bottle cap"
"lyl472324464/2026-04-23_direction_havent_cap_water-lerobot-without-rinse-merged-adjust-pickup",13,550,500,"Twist off the bottle cap"
"lyl472324464/2026-04-23_direction_havent_cap_water-lerobot-without-rinse-merged-adjust-pickup",14,600,550,"Twist off the bottle cap"
"lyl472324464/2026-04-23_direction_havent_cap_water-lerobot-without-rinse-merged-adjust-pickup",15,577,527,"Twist off the bottle cap"
"lyl472324464/2026-04-23_direction_havent_cap_water-lerobot-without-rinse-merged-adjust-pickup",16,706,656,"Twist off the bottle cap"
"lyl472324464/2026-04-23_direction_havent_cap_water-lerobot-without-rinse-merged-adjust-pickup",17,440,390,"Twist off the bottle cap"
"lyl472324464/2026-04-23_direction_havent_cap_water-lerobot-without-rinse-merged-adjust-pickup",18,450,400,"Twist off the bottle cap"
"lyl472324464/2026-04-23_direction_havent_cap_water-lerobot-without-rinse-merged-adjust-pickup",19,667,617,"Twist off the bottle cap"
"lyl472324464/2026-04-23_direction_havent_cap_water-lerobot-without-rinse-merged-adjust-pickup",20,419,369,"Twist off the bottle cap"
"lyl472324464/2026-04-23_direction_havent_cap_water-lerobot-without-rinse-merged-adjust-pickup",21,525,475,"Twist off the bottle cap"
"lyl472324464/2026-04-23_direction_havent_cap_water-lerobot-without-rinse-merged-adjust-pickup",22,500,450,"Twist off the bottle cap"
"lyl472324464/2026-04-23_direction_havent_cap_water-lerobot-without-rinse-merged-adjust-pickup",23,429,379,"Twist off the bottle cap"
"lyl472324464/2026-04-23_direction_havent_cap_water-lerobot-without-rinse-merged-adjust-pickup",24,425,375,"Twist off the bottle cap"
"lyl472324464/2026-04-23_direction_havent_cap_water-lerobot-without-rinse-merged-adjust-pickup",25,380,330,"Twist off the bottle cap"
"lyl472324464/2026-04-23_direction_havent_cap_water-lerobot-without-rinse-merged-adjust-pickup",26,385,335,"Twist off the bottle cap"
"lyl472324464/2026-04-23_direction_havent_cap_water-lerobot-without-rinse-merged-adjust-pickup",27,470,420,"Twist off the bottle cap"
"lyl472324464/2026-04-23_direction_havent_cap_water-lerobot-without-rinse-merged-adjust-pickup",28,471,421,"Twist off the bottle cap"
"lyl472324464/2026-04-23_direction_havent_cap_water-lerobot-without-rinse-merged-adjust-pickup",29,461,411,"Twist off the bottle cap"
"lyl472324464/2026-04-23_direction_havent_cap_water-lerobot-without-rinse-merged-adjust-pickup",30,220,170,"Twist off the bottle cap"
"lyl472324464/2026-04-23_direction_havent_cap_water-lerobot-without-rinse-merged-adjust-pickup",31,356,306,"Twist off the bottle cap"
"lyl472324464/2026-04-23_direction_havent_cap_water-lerobot-without-rinse-merged-adjust-pickup",32,461,411,"Twist off the bottle cap"
"lyl472324464/2026-04-23_direction_havent_cap_water-lerobot-without-rinse-merged-adjust-pickup",33,450,400,"Twist off the bottle cap"
"lyl472324464/2026-04-23_direction_havent_cap_water-lerobot-without-rinse-merged-adjust-pickup",34,274,224,"Twist off the bottle cap"
"lyl472324464/2026-04-23_direction_havent_cap_water-lerobot-without-rinse-merged-adjust-pickup",35,271,221,"Twist off the bottle cap"
"lyl472324464/2026-04-23_direction_havent_cap_water-lerobot-without-rinse-merged-adjust-pickup",36,573,523,"Twist off the bottle cap"
"lyl472324464/2026-04-23_direction_havent_cap_water-lerobot-without-rinse-merged-adjust-pickup",37,225,175,"Twist off the bottle cap"
"lyl472324464/2026-04-23_direction_havent_cap_water-lerobot-without-rinse-merged-adjust-pickup",38,297,247,"Twist off the bottle cap"
"lyl472324464/2026-04-23_direction_havent_cap_water-lerobot-without-rinse-merged-adjust-pickup",39,568,518,"Twist off the bottle cap"
"lyl472324464/2026-04-23_direction_havent_cap_water-lerobot-without-rinse-merged-adjust-pickup",40,507,457,"Twist off the bottle cap"
"lyl472324464/2026-04-23_direction_havent_cap_water-lerobot-without-rinse-merged-adjust-pickup",41,673,623,"Twist off the bottle cap"
"lyl472324464/2026-04-23_direction_havent_cap_water-lerobot-without-rinse-merged-adjust-pickup",42,339,289,"Twist off the bottle cap"
"lyl472324464/2026-04-23_direction_havent_cap_water-lerobot-without-rinse-merged-adjust-pickup",43,235,185,"Twist off the bottle cap"
"lyl472324464/2026-04-23_direction_havent_cap_water-lerobot-without-rinse-merged-adjust-pickup",44,275,225,"Twist off the bottle cap"
"lyl472324464/2026-04-23_direction_havent_cap_water-lerobot-without-rinse-merged-adjust-pickup",45,345,295,"Twist off the bottle cap"
"lyl472324464/2026-04-23_direction_havent_cap_water-lerobot-without-rinse-merged-adjust-pickup",46,459,409,"Twist off the bottle cap"
"lyl472324464/2026-04-23_direction_havent_cap_water-lerobot-without-rinse-merged-adjust-pickup",47,431,381,"Twist off the bottle cap"
"lyl472324464/2026-04-23_direction_havent_cap_water-lerobot-without-rinse-merged-adjust-pickup",48,412,362,"Twist off the bottle cap"
"lyl472324464/2026-04-23_direction_havent_cap_water-lerobot-without-rinse-merged-adjust-pickup",49,526,476,"Twist off the bottle cap"
"lyl472324464/2026-04-23_direction_havent_cap_water-lerobot-without-rinse-merged-adjust-pickup",50,484,434,"Twist off the bottle cap"
"lyl472324464/2026-04-23_direction_havent_cap_water-lerobot-without-rinse-merged-adjust-pickup",51,475,425,"Twist off the bottle cap"
"lyl472324464/2026-04-23_direction_havent_cap_water-lerobot-without-rinse-merged-adjust-pickup",52,333,283,"Twist off the bottle cap"
"lyl472324464/2026-04-23_direction_havent_cap_water-lerobot-without-rinse-merged-adjust-pickup",53,524,474,"Twist off the bottle cap"
"lyl472324464/2026-04-23_direction_havent_cap_water-lerobot-without-rinse-merged-adjust-pickup",54,597,547,"Twist off the bottle cap"
"lyl472324464/2026-04-23_direction_havent_cap_water-lerobot-without-rinse-merged-adjust-pickup",55,712,662,"Twist off the bottle cap"
"lyl472324464/2026-04-23_direction_havent_cap_water-lerobot-without-rinse-merged-adjust-pickup",56,703,653,"Twist off the bottle cap"
"lyl472324464/2026-04-23_direction_havent_cap_water-lerobot-without-rinse-merged-adjust-pickup",57,500,450,"Twist off the bottle cap"
"lyl472324464/2026-04-23_direction_havent_cap_water-lerobot-without-rinse-merged-adjust-pickup",58,570,520,"Twist off the bottle cap"
"lyl472324464/2026-04-23_direction_havent_cap_water-lerobot-without-rinse-merged-adjust-pickup",59,464,414,"Twist off the bottle cap"
"lyl472324464/2026-04-23_direction_havent_cap_water-lerobot-without-rinse-merged-adjust-pickup",60,566,516,"Twist off the bottle cap"
"lyl472324464/2026-04-28_direction_have_cap_water-lerobot-without-rinse-merged-adjust-pickup",0,900,850,"Twist off the bottle cap"
"lyl472324464/2026-04-28_direction_have_cap_water-lerobot-without-rinse-merged-adjust-pickup",1,1034,984,"Twist off the bottle cap"
"lyl472324464/2026-04-28_direction_have_cap_water-lerobot-without-rinse-merged-adjust-pickup",2,1040,990,"Twist off the bottle cap"
"lyl472324464/2026-04-28_direction_have_cap_water-lerobot-without-rinse-merged-adjust-pickup",3,1094,1044,"Twist off the bottle cap"
"lyl472324464/2026-04-28_direction_have_cap_water-lerobot-without-rinse-merged-adjust-pickup",4,1111,1061,"Twist off the bottle cap"
"lyl472324464/2026-04-28_direction_have_cap_water-lerobot-without-rinse-merged-adjust-pickup",5,1036,986,"Twist off the bottle cap"
"lyl472324464/2026-04-28_direction_have_cap_water-lerobot-without-rinse-merged-adjust-pickup",6,1253,1203,"Twist off the bottle cap"
"lyl472324464/2026-04-28_direction_have_cap_water-lerobot-without-rinse-merged-adjust-pickup",7,1032,982,"Twist off the bottle cap"
"lyl472324464/2026-04-28_direction_have_cap_water-lerobot-without-rinse-merged-adjust-pickup",8,1087,1037,"Twist off the bottle cap"
"lyl472324464/2026-04-28_direction_have_cap_water-lerobot-without-rinse-merged-adjust-pickup",9,1700,1650,"Twist off the bottle cap"
"lyl472324464/2026-04-28_direction_have_cap_water-lerobot-without-rinse-merged-adjust-pickup",10,1415,1365,"Twist off the bottle cap"
"lyl472324464/2026-04-28_direction_have_cap_water-lerobot-without-rinse-merged-adjust-pickup",11,1128,1078,"Twist off the bottle cap"
"lyl472324464/2026-04-28_direction_have_cap_water-lerobot-without-rinse-merged-adjust-pickup",12,895,845,"Twist off the bottle cap"
"lyl472324464/2026-04-28_direction_have_cap_water-lerobot-without-rinse-merged-adjust-pickup",13,993,943,"Twist off the bottle cap"
"lyl472324464/2026-04-28_direction_have_cap_water-lerobot-without-rinse-merged-adjust-pickup",14,1100,1050,"Twist off the bottle cap"
"lyl472324464/2026-04-28_direction_have_cap_water-lerobot-without-rinse-merged-adjust-pickup",15,1269,1219,"Twist off the bottle cap"
"lyl472324464/2026-04-28_direction_have_cap_water-lerobot-without-rinse-merged-adjust-pickup",16,1006,956,"Twist off the bottle cap"
"lyl472324464/2026-04-28_direction_have_cap_water-lerobot-without-rinse-merged-adjust-pickup",17,1192,1142,"Twist off the bottle cap"
"lyl472324464/2026-04-28_direction_have_cap_water-lerobot-without-rinse-merged-adjust-pickup",18,1159,1109,"Twist off the bottle cap"
"lyl472324464/2026-04-28_direction_have_cap_water-lerobot-without-rinse-merged-adjust-pickup",19,1560,1510,"Twist off the bottle cap"
"lyl472324464/2026-04-28_direction_have_cap_water-lerobot-without-rinse-merged-adjust-pickup",20,1333,1283,"Twist off the bottle cap"
"lyl472324464/2026-04-28_direction_have_cap_water-lerobot-without-rinse-merged-adjust-pickup",21,1066,1016,"Twist off the bottle cap"
"lyl472324464/2026-04-28_direction_have_cap_water-lerobot-without-rinse-merged-adjust-pickup",22,1226,1176,"Twist off the bottle cap"
"lyl472324464/2026-04-28_direction_have_cap_water-lerobot-without-rinse-merged-adjust-pickup",23,1055,1005,"Twist off the bottle cap"
"lyl472324464/2026-04-28_direction_have_cap_water-lerobot-without-rinse-merged-adjust-pickup",24,1014,964,"Twist off the bottle cap"
"lyl472324464/2026-04-28_direction_have_cap_water-lerobot-without-rinse-merged-adjust-pickup",25,1250,1200,"Twist off the bottle cap"
"lyl472324464/2026-04-28_direction_have_cap_water-lerobot-without-rinse-merged-adjust-pickup",26,1304,1254,"Twist off the bottle cap"
"lyl472324464/2026-04-28_direction_have_cap_water2-lerobot-without-rinse-merged-adjust-pickup",0,981,931,"Twist off the bottle cap"
"lyl472324464/2026-04-28_direction_have_cap_water2-lerobot-without-rinse-merged-adjust-pickup",1,627,577,"Twist off the bottle cap"
"lyl472324464/2026-04-28_direction_have_cap_water2-lerobot-without-rinse-merged-adjust-pickup",2,887,837,"Twist off the bottle cap"
"lyl472324464/2026-04-28_direction_have_cap_water2-lerobot-without-rinse-merged-adjust-pickup",3,1400,1350,"Twist off the bottle cap"
"lyl472324464/2026-04-28_direction_have_cap_water2-lerobot-without-rinse-merged-adjust-pickup",4,1331,1281,"Twist off the bottle cap"
"lyl472324464/2026-04-28_direction_have_cap_water2-lerobot-without-rinse-merged-adjust-pickup",5,1076,1026,"Twist off the bottle cap"
"lyl472324464/2026-04-28_direction_have_cap_water2-lerobot-without-rinse-merged-adjust-pickup",6,1010,960,"Twist off the bottle cap"
"lyl472324464/2026-04-28_direction_have_cap_water2-lerobot-without-rinse-merged-adjust-pickup",7,1114,1064,"Twist off the bottle cap"
"lyl472324464/2026-04-28_direction_have_cap_water2-lerobot-without-rinse-merged-adjust-pickup",8,1183,1133,"Twist off the bottle cap"
"lyl472324464/2026-04-28_direction_have_cap_water2-lerobot-without-rinse-merged-adjust-pickup",9,755,705,"Twist off the bottle cap"
"lyl472324464/2026-04-28_direction_have_cap_water2-lerobot-without-rinse-merged-adjust-pickup",10,910,860,"Twist off the bottle cap"
"lyl472324464/2026-04-28_direction_have_cap_water2-lerobot-without-rinse-merged-adjust-pickup",11,958,908,"Twist off the bottle cap"
"lyl472324464/2026-04-28_direction_have_cap_water2-lerobot-without-rinse-merged-adjust-pickup",12,928,878,"Twist off the bottle cap"
"lyl472324464/2026-04-28_direction_have_cap_water2-lerobot-without-rinse-merged-adjust-pickup",13,1046,996,"Twist off the bottle cap"
"lyl472324464/2026-04-28_direction_have_cap_water2-lerobot-without-rinse-merged-adjust-pickup",14,1024,974,"Twist off the bottle cap"
"lyl472324464/2026-04-28_direction_have_cap_water2-lerobot-without-rinse-merged-adjust-pickup",15,1400,1350,"Twist off the bottle cap"
"lyl472324464/2026-04-28_direction_have_cap_water2-lerobot-without-rinse-merged-adjust-pickup",16,1287,1237,"Twist off the bottle cap"
"lyl472324464/2026-04-28_direction_have_cap_water2-lerobot-without-rinse-merged-adjust-pickup",17,1010,960,"Twist off the bottle cap"
"lyl472324464/2026-04-28_direction_have_cap_water2-lerobot-without-rinse-merged-adjust-pickup",18,1635,1585,"Twist off the bottle cap"
"lyl472324464/2026-04-28_direction_have_cap_water2-lerobot-without-rinse-merged-adjust-pickup",19,1486,1436,"Twist off the bottle cap"
"lyl472324464/2026-04-28_direction_have_cap_water2-lerobot-without-rinse-merged-adjust-pickup",20,1156,1106,"Twist off the bottle cap"
"lyl472324464/2026-04-28_direction_have_cap_water2-lerobot-without-rinse-merged-adjust-pickup",21,1084,1034,"Twist off the bottle cap"
"lyl472324464/2026-05-11_cap-lerobot-without-rinse-merged-adjust-pickup",0,10990,10990,"Twist off the bottle cap"
"lyl472324464/2026-05-11_cap-lerobot-without-rinse-merged-adjust-pickup",1,3247,3247,"Twist off the bottle cap"
"lyl472324464/2026-05-11_cap-lerobot-without-rinse-merged-adjust-pickup",2,5471,5471,"Twist off the bottle cap"
"lyl472324464/2026-05-11_twist-lerobot-truncated-return-home-exp-truncated-return-home-20260520-095140",0,918,868,"Twist off the bottle cap"
"lyl472324464/2026-05-11_twist-lerobot-truncated-return-home-exp-truncated-return-home-20260520-095140",1,942,892,"Twist off the bottle cap"
"lyl472324464/2026-05-11_twist-lerobot-truncated-return-home-exp-truncated-return-home-20260520-095140",2,915,865,"Twist off the bottle cap"
"lyl472324464/2026-05-11_twist-lerobot-truncated-return-home-exp-truncated-return-home-20260520-095140",3,1078,1028,"Twist off the bottle cap"
"lyl472324464/2026-05-11_twist-lerobot-truncated-return-home-exp-truncated-return-home-20260520-095140",4,960,910,"Twist off the bottle cap"
"lyl472324464/2026-05-11_twist-lerobot-truncated-return-home-exp-truncated-return-home-20260520-095140",5,964,914,"Twist off the bottle cap"
"lyl472324464/2026-05-11_twist-lerobot-truncated-return-home-exp-truncated-return-home-20260520-095140",6,1136,1086,"Twist off the bottle cap"
"lyl472324464/2026-05-11_twist-lerobot-truncated-return-home-exp-truncated-return-home-20260520-095140",7,1160,1110,"Twist off the bottle cap"
"lyl472324464/2026-05-11_twist-lerobot-truncated-return-home-exp-truncated-return-home-20260520-095140",8,1326,1276,"Twist off the bottle cap"
"lyl472324464/2026-05-11_twist-lerobot-truncated-return-home-exp-truncated-return-home-20260520-095140",9,1321,1271,"Twist off the bottle cap"
"lyl472324464/2026-05-11_twist-lerobot-truncated-return-home-exp-truncated-return-home-20260520-095140",10,1306,1256,"Twist off the bottle cap"
"lyl472324464/2026-05-11_twist-lerobot-truncated-return-home-exp-truncated-return-home-20260520-095140",11,1095,1045,"Twist off the bottle cap"
"lyl472324464/2026-05-11_twist-lerobot-truncated-return-home-exp-truncated-return-home-20260520-095140",12,1174,1124,"Twist off the bottle cap"
"lyl472324464/2026-05-11_twist-lerobot-truncated-return-home-exp-truncated-return-home-20260520-095140",13,1493,1443,"Twist off the bottle cap"
"lyl472324464/2026-05-11_twist-lerobot-truncated-return-home-exp-truncated-return-home-20260520-095140",14,1147,1097,"Twist off the bottle cap"
"lyl472324464/2026-05-11_twist-lerobot-truncated-return-home-exp-truncated-return-home-20260520-095140",15,1336,1286,"Twist off the bottle cap"
"lyl472324464/2026-05-11_twist-lerobot-truncated-return-home-exp-truncated-return-home-20260520-095140",16,1173,1123,"Twist off the bottle cap"
"lyl472324464/2026-05-11_twist-lerobot-truncated-return-home-exp-truncated-return-home-20260520-095140",17,1052,1002,"Twist off the bottle cap"
"lyl472324464/2026-05-11_twist-lerobot-truncated-return-home-exp-truncated-return-home-20260520-095140",18,560,510,"Twist off the bottle cap"
"lyl472324464/2026-05-11_twist-lerobot-truncated-return-home-exp-truncated-return-home-20260520-095140",19,1115,1065,"Twist off the bottle cap"
"lyl472324464/2026-05-11_twist-lerobot-truncated-return-home-exp-truncated-return-home-20260520-095140",20,1142,1092,"Twist off the bottle cap"
"lyl472324464/2026-05-11_twist-lerobot-truncated-return-home-exp-truncated-return-home-20260520-095140",21,417,367,"Twist off the bottle cap"
"lyl472324464/2026-05-11_twist-lerobot-truncated-return-home-exp-truncated-return-home-20260520-095140",22,1039,989,"Twist off the bottle cap"
"lyl472324464/2026-05-11_twist-lerobot-truncated-return-home-exp-truncated-return-home-20260520-095140",23,578,528,"Twist off the bottle cap"
"lyl472324464/2026-05-11_twist-lerobot-truncated-return-home-exp-truncated-return-home-20260520-095140",24,795,745,"Twist off the bottle cap"
"lyl472324464/2026-05-11_twist-lerobot-truncated-return-home-exp-truncated-return-home-20260520-095140",25,1154,1104,"Twist off the bottle cap"
"lyl472324464/2026-05-11_twist-lerobot-truncated-return-home-exp-truncated-return-home-20260520-095140",26,1267,1217,"Twist off the bottle cap"
"lyl472324464/2026-05-11_twist-lerobot-truncated-return-home-exp-truncated-return-home-20260520-095140",27,1290,1240,"Twist off the bottle cap"
"lyl472324464/2026-05-11_twist-lerobot-truncated-return-home-exp-truncated-return-home-20260520-095140",28,1165,1115,"Twist off the bottle cap"
"lyl472324464/2026-05-11_twist-lerobot-truncated-return-home-exp-truncated-return-home-20260520-095140",29,1322,1272,"Twist off the bottle cap"
"lyl472324464/2026-05-11_twist-lerobot-truncated-return-home-exp-truncated-return-home-20260520-095140",30,1078,1028,"Twist off the bottle cap"
"lyl472324464/2026-05-11_twist-lerobot-truncated-return-home-exp-truncated-return-home-20260520-095140",31,1319,1269,"Twist off the bottle cap"
"lyl472324464/2026-05-11_twist-lerobot-truncated-return-home-exp-truncated-return-home-20260520-095140",32,2747,2697,"Twist off the bottle cap"
"lyl472324464/2026-05-11_twist-lerobot-truncated-return-home-exp-truncated-return-home-20260520-095140",33,1485,1435,"Twist off the bottle cap"
"lyl472324464/2026-05-11_twist-lerobot-truncated-return-home-exp-truncated-return-home-20260520-095140",34,1354,1304,"Twist off the bottle cap"
"lyl472324464/2026-05-11_twist-lerobot-truncated-return-home-exp-truncated-return-home-20260520-095140",35,1158,1108,"Twist off the bottle cap"
"lyl472324464/2026-05-11_twist-lerobot-truncated-return-home-exp-truncated-return-home-20260520-095140",36,1212,1162,"Twist off the bottle cap"
"lyl472324464/2026-05-11_twist-lerobot-truncated-return-home-exp-truncated-return-home-20260520-095140",37,1494,1444,"Twist off the bottle cap"
"lyl472324464/2026-05-11_twist-lerobot-truncated-return-home-exp-truncated-return-home-20260520-095140",38,682,632,"Twist off the bottle cap"
"lyl472324464/2026-05-11_twist-lerobot-truncated-return-home-exp-truncated-return-home-20260520-095140",39,1350,1300,"Twist off the bottle cap"
"lyl472324464/2026-05-11_twist-lerobot-truncated-return-home-exp-truncated-return-home-20260520-095140",40,1501,1451,"Twist off the bottle cap"
"lyl472324464/2026-05-11_twist-lerobot-truncated-return-home-exp-truncated-return-home-20260520-095140",41,1405,1355,"Twist off the bottle cap"
"lyl472324464/2026-05-11_twist-lerobot-truncated-return-home-exp-truncated-return-home-20260520-095140",42,715,665,"Twist off the bottle cap"
"lyl472324464/2026-05-11_twist-lerobot-truncated-return-home-exp-truncated-return-home-20260520-095140",43,1463,1413,"Twist off the bottle cap"
"lyl472324464/2026-05-11_twist-lerobot-truncated-return-home-exp-truncated-return-home-20260520-095140",44,1095,1045,"Twist off the bottle cap"
"lyl472324464/2026-05-12_twist-lerobot-truncated-return-home-exp-truncated-return-home-20260520-095140",0,1465,1415,"Twist off the bottle cap"
"lyl472324464/2026-05-12_twist-lerobot-truncated-return-home-exp-truncated-return-home-20260520-095140",1,1404,1354,"Twist off the bottle cap"
"lyl472324464/2026-05-12_twist-lerobot-truncated-return-home-exp-truncated-return-home-20260520-095140",2,1343,1293,"Twist off the bottle cap"
"lyl472324464/2026-05-12_twist-lerobot-truncated-return-home-exp-truncated-return-home-20260520-095140",3,1265,1215,"Twist off the bottle cap"
"lyl472324464/2026-05-12_twist-lerobot-truncated-return-home-exp-truncated-return-home-20260520-095140",4,1171,1121,"Twist off the bottle cap"
"lyl472324464/2026-05-12_twist-lerobot-truncated-return-home-exp-truncated-return-home-20260520-095140",5,1317,1267,"Twist off the bottle cap"
"lyl472324464/2026-05-12_twist-lerobot-truncated-return-home-exp-truncated-return-home-20260520-095140",6,1258,1208,"Twist off the bottle cap"
"lyl472324464/2026-05-12_twist-lerobot-truncated-return-home-exp-truncated-return-home-20260520-095140",7,1205,1155,"Twist off the bottle cap"
"lyl472324464/2026-05-12_twist-lerobot-truncated-return-home-exp-truncated-return-home-20260520-095140",8,1392,1342,"Twist off the bottle cap"
"lyl472324464/2026-05-12_twist-lerobot-truncated-return-home-exp-truncated-return-home-20260520-095140",9,1313,1263,"Twist off the bottle cap"
"lyl472324464/2026-05-12_twist-lerobot-truncated-return-home-exp-truncated-return-home-20260520-095140",10,1367,1317,"Twist off the bottle cap"
"lyl472324464/2026-05-12_twist-lerobot-truncated-return-home-exp-truncated-return-home-20260520-095140",11,777,727,"Twist off the bottle cap"
"lyl472324464/2026-05-12_twist-lerobot-truncated-return-home-exp-truncated-return-home-20260520-095140",12,1279,1229,"Twist off the bottle cap"
"lyl472324464/2026-05-12_twist-lerobot-truncated-return-home-exp-truncated-return-home-20260520-095140",13,870,820,"Twist off the bottle cap"
"lyl472324464/2026-05-12_twist-lerobot-truncated-return-home-exp-truncated-return-home-20260520-095140",14,1028,978,"Twist off the bottle cap"
"lyl472324464/2026-05-12_twist-lerobot-truncated-return-home-exp-truncated-return-home-20260520-095140",15,928,878,"Twist off the bottle cap"
"lyl472324464/2026-05-12_twist-lerobot-truncated-return-home-exp-truncated-return-home-20260520-095140",16,1373,1323,"Twist off the bottle cap"
"lyl472324464/2026-05-12_twist-lerobot-truncated-return-home-exp-truncated-return-home-20260520-095140",17,692,642,"Twist off the bottle cap"
"lyl472324464/2026-05-12_twist-lerobot-truncated-return-home-exp-truncated-return-home-20260520-095140",18,1453,1403,"Twist off the bottle cap"
"lyl472324464/2026-05-12_twist-lerobot-truncated-return-home-exp-truncated-return-home-20260520-095140",19,644,594,"Twist off the bottle cap"
"lyl472324464/2026-05-12_twist-lerobot-truncated-return-home-exp-truncated-return-home-20260520-095140",20,1359,1309,"Twist off the bottle cap"
"lyl472324464/2026-05-12_twist-lerobot-truncated-return-home-exp-truncated-return-home-20260520-095140",21,1430,1380,"Twist off the bottle cap"
"lyl472324464/2026-05-12_twist-lerobot-truncated-return-home-exp-truncated-return-home-20260520-095140",22,1355,1305,"Twist off the bottle cap"
"lyl472324464/2026-05-12_twist-lerobot-truncated-return-home-exp-truncated-return-home-20260520-095140",23,1114,1064,"Twist off the bottle cap"
"lyl472324464/2026-05-12_twist-lerobot-truncated-return-home-exp-truncated-return-home-20260520-095140",24,1062,1012,"Twist off the bottle cap"
"lyl472324464/2026-05-12_twist-lerobot-truncated-return-home-exp-truncated-return-home-20260520-095140",25,1269,1219,"Twist off the bottle cap"
"lyl472324464/2026-05-12_twist-lerobot-truncated-return-home-exp-truncated-return-home-20260520-095140",26,822,772,"Twist off the bottle cap"
"lyl472324464/2026-05-12_twist-lerobot-truncated-return-home-exp-truncated-return-home-20260520-095140",27,1503,1453,"Twist off the bottle cap"
"lyl472324464/2026-05-12_twist-lerobot-truncated-return-home-exp-truncated-return-home-20260520-095140",28,1511,1461,"Twist off the bottle cap"
"lyl472324464/2026-05-12_twist-lerobot-truncated-return-home-exp-truncated-return-home-20260520-095140",29,1155,1105,"Twist off the bottle cap"
"lyl472324464/2026-05-12_twist-lerobot-truncated-return-home-exp-truncated-return-home-20260520-095140",30,1287,1237,"Twist off the bottle cap"
"lyl472324464/2026-05-12_twist-lerobot-truncated-return-home-exp-truncated-return-home-20260520-095140",31,1136,1086,"Twist off the bottle cap"
"lyl472324464/2026-05-12_twist-lerobot-truncated-return-home-exp-truncated-return-home-20260520-095140",32,997,947,"Twist off the bottle cap"
"lyl472324464/2026-05-12_twist-lerobot-truncated-return-home-exp-truncated-return-home-20260520-095140",33,1478,1428,"Twist off the bottle cap"
"lyl472324464/2026-05-12_twist-lerobot-truncated-return-home-exp-truncated-return-home-20260520-095140",34,1353,1303,"Twist off the bottle cap"
"lyl472324464/2026-05-12_twist-lerobot-truncated-return-home-exp-truncated-return-home-20260520-095140",35,1709,1659,"Twist off the bottle cap"
"lyl472324464/2026-05-12_twist-lerobot-truncated-return-home-exp-truncated-return-home-20260520-095140",36,1306,1256,"Twist off the bottle cap"
"lyl472324464/2026-05-12_twist-lerobot-truncated-return-home-exp-truncated-return-home-20260520-095140",37,1458,1408,"Twist off the bottle cap"
"lyl472324464/2026-05-12_twist-lerobot-truncated-return-home-exp-truncated-return-home-20260520-095140",38,1003,953,"Twist off the bottle cap"
"lyl472324464/2026-05-12_twist-lerobot-truncated-return-home-exp-truncated-return-home-20260520-095140",39,1336,1286,"Twist off the bottle cap"
"lyl472324464/2026-05-12_twist-lerobot-truncated-return-home-exp-truncated-return-home-20260520-095140",40,1216,1166,"Twist off the bottle cap"
"lyl472324464/2026-05-12_twist-lerobot-truncated-return-home-exp-truncated-return-home-20260520-095140",41,1147,1097,"Twist off the bottle cap"
"lyl472324464/2026-05-12_twist-lerobot-truncated-return-home-exp-truncated-return-home-20260520-095140",42,1324,1274,"Twist off the bottle cap"
"lyl472324464/2026-05-12_twist-lerobot-truncated-return-home-exp-truncated-return-home-20260520-095140",43,1096,1046,"Twist off the bottle cap"
"lyl472324464/2026-05-12_twist-lerobot-truncated-return-home-exp-truncated-return-home-20260520-095140",44,1177,1127,"Twist off the bottle cap"
"lyl472324464/2026-05-12_twist-lerobot-truncated-return-home-exp-truncated-return-home-20260520-095140",45,1276,1226,"Twist off the bottle cap"
"lyl472324464/2026-05-12_twist-lerobot-truncated-return-home-exp-truncated-return-home-20260520-095140",46,1224,1174,"Twist off the bottle cap"
"lyl472324464/2026-05-12_twist-lerobot-truncated-return-home-exp-truncated-return-home-20260520-095140",47,1258,1208,"Twist off the bottle cap"
"lyl472324464/2026-05-12_twist-lerobot-truncated-return-home-exp-truncated-return-home-20260520-095140",48,1032,982,"Twist off the bottle cap"
"lyl472324464/2026-05-12_twist-lerobot-truncated-return-home-exp-truncated-return-home-20260520-095140",49,1492,1442,"Twist off the bottle cap"
"lyl472324464/2026-05-12_twist-lerobot-truncated-return-home-exp-truncated-return-home-20260520-095140",50,1045,995,"Twist off the bottle cap"
"lyl472324464/2026-05-12_twist-lerobot-truncated-return-home-exp-truncated-return-home-20260520-095140",51,1239,1189,"Twist off the bottle cap"
"lyl472324464/2026-05-12_twist-lerobot-truncated-return-home-exp-truncated-return-home-20260520-095140",52,1367,1317,"Twist off the bottle cap"
"lyl472324464/2026-05-12_twist-lerobot-truncated-return-home-exp-truncated-return-home-20260520-095140",53,1207,1157,"Twist off the bottle cap"
"lyl472324464/2026-05-12_twist-lerobot-truncated-return-home-exp-truncated-return-home-20260520-095140",54,1148,1098,"Twist off the bottle cap"
"lyl472324464/2026-05-12_twist-lerobot-truncated-return-home-exp-truncated-return-home-20260520-095140",55,1966,1916,"Twist off the bottle cap"
"lyl472324464/2026-05-12_twist-lerobot-truncated-return-home-exp-truncated-return-home-20260520-095140",56,1348,1298,"Twist off the bottle cap"
"lyl472324464/2026-05-12_twist2-lerobot-truncated-return-home-exp-truncated-return-home-20260520-095140",0,1235,1185,"Twist off the bottle cap"
"lyl472324464/2026-05-12_twist2-lerobot-truncated-return-home-exp-truncated-return-home-20260520-095140",1,905,855,"Twist off the bottle cap"
"lyl472324464/2026-05-12_twist2-lerobot-truncated-return-home-exp-truncated-return-home-20260520-095140",2,1088,1038,"Twist off the bottle cap"
"lyl472324464/2026-05-12_twist2-lerobot-truncated-return-home-exp-truncated-return-home-20260520-095140",3,976,926,"Twist off the bottle cap"
"lyl472324464/2026-05-12_twist2-lerobot-truncated-return-home-exp-truncated-return-home-20260520-095140",4,1135,1085,"Twist off the bottle cap"
"lyl472324464/2026-05-12_twist2-lerobot-truncated-return-home-exp-truncated-return-home-20260520-095140",5,1590,1540,"Twist off the bottle cap"
"lyl472324464/2026-05-12_twist2-lerobot-truncated-return-home-exp-truncated-return-home-20260520-095140",6,1182,1132,"Twist off the bottle cap"
"lyl472324464/2026-05-12_twist2-lerobot-truncated-return-home-exp-truncated-return-home-20260520-095140",7,1307,1257,"Twist off the bottle cap"
"lyl472324464/2026-05-12_twist2-lerobot-truncated-return-home-exp-truncated-return-home-20260520-095140",8,1328,1278,"Twist off the bottle cap"
"lyl472324464/2026-05-12_twist2-lerobot-truncated-return-home-exp-truncated-return-home-20260520-095140",9,1396,1346,"Twist off the bottle cap"
"lyl472324464/2026-05-12_twist2-lerobot-truncated-return-home-exp-truncated-return-home-20260520-095140",10,985,935,"Twist off the bottle cap"
"lyl472324464/2026-05-12_twist2-lerobot-truncated-return-home-exp-truncated-return-home-20260520-095140",11,1278,1228,"Twist off the bottle cap"
"lyl472324464/2026-05-12_twist2-lerobot-truncated-return-home-exp-truncated-return-home-20260520-095140",12,786,736,"Twist off the bottle cap"
"lyl472324464/2026-05-12_twist2-lerobot-truncated-return-home-exp-truncated-return-home-20260520-095140",13,1225,1175,"Twist off the bottle cap"
"lyl472324464/2026-05-12_twist2-lerobot-truncated-return-home-exp-truncated-return-home-20260520-095140",14,898,848,"Twist off the bottle cap"
"lyl472324464/2026-05-12_twist2-lerobot-truncated-return-home-exp-truncated-return-home-20260520-095140",15,1121,1071,"Twist off the bottle cap"
"lyl472324464/2026-05-12_twist2-lerobot-truncated-return-home-exp-truncated-return-home-20260520-095140",16,1303,1253,"Twist off the bottle cap"
"lyl472324464/2026-05-12_twist2-lerobot-truncated-return-home-exp-truncated-return-home-20260520-095140",17,808,758,"Twist off the bottle cap"
"lyl472324464/2026-05-12_twist2-lerobot-truncated-return-home-exp-truncated-return-home-20260520-095140",18,1483,1433,"Twist off the bottle cap"
"lyl472324464/2026-05-12_twist2-lerobot-truncated-return-home-exp-truncated-return-home-20260520-095140",19,1419,1369,"Twist off the bottle cap"
"lyl472324464/2026-05-12_twist2-lerobot-truncated-return-home-exp-truncated-return-home-20260520-095140",20,1252,1202,"Twist off the bottle cap"
"lyl472324464/2026-05-12_twist2-lerobot-truncated-return-home-exp-truncated-return-home-20260520-095140",21,1253,1203,"Twist off the bottle cap"
"lyl472324464/2026-05-12_twist2-lerobot-truncated-return-home-exp-truncated-return-home-20260520-095140",22,1405,1355,"Twist off the bottle cap"
"lyl472324464/2026-05-12_twist2-lerobot-truncated-return-home-exp-truncated-return-home-20260520-095140",23,894,844,"Twist off the bottle cap"
"lyl472324464/2026-05-12_twist2-lerobot-truncated-return-home-exp-truncated-return-home-20260520-095140",24,1580,1530,"Twist off the bottle cap"
"lyl472324464/2026-05-12_twist2-lerobot-truncated-return-home-exp-truncated-return-home-20260520-095140",25,1019,969,"Twist off the bottle cap"
"lyl472324464/2026-05-12_twist2-lerobot-truncated-return-home-exp-truncated-return-home-20260520-095140",26,1363,1313,"Twist off the bottle cap"
"lyl472324464/2026-05-12_twist2-lerobot-truncated-return-home-exp-truncated-return-home-20260520-095140",27,1237,1187,"Twist off the bottle cap"
"lyl472324464/2026-05-12_twist2-lerobot-truncated-return-home-exp-truncated-return-home-20260520-095140",28,839,789,"Twist off the bottle cap"
"lyl472324464/2026-05-12_twist2-lerobot-truncated-return-home-exp-truncated-return-home-20260520-095140",29,1293,1243,"Twist off the bottle cap"
"lyl472324464/2026-05-12_twist2-lerobot-truncated-return-home-exp-truncated-return-home-20260520-095140",30,1184,1134,"Twist off the bottle cap"
"lyl472324464/2026-05-12_twist2-lerobot-truncated-return-home-exp-truncated-return-home-20260520-095140",31,1144,1094,"Twist off the bottle cap"
"lyl472324464/2026-05-12_twist2-lerobot-truncated-return-home-exp-truncated-return-home-20260520-095140",32,912,862,"Twist off the bottle cap"
"lyl472324464/2026-05-04_turn_over-lerobot-without-rinse",0,429,379,"Twist off the bottle cap"
"lyl472324464/2026-05-04_turn_over-lerobot-without-rinse",1,387,337,"Twist off the bottle cap"
"lyl472324464/2026-05-04_turn_over-lerobot-without-rinse",2,318,268,"Twist off the bottle cap"
"lyl472324464/2026-05-04_turn_over-lerobot-without-rinse",3,480,430,"Twist off the bottle cap"
"lyl472324464/2026-05-04_turn_over-lerobot-without-rinse",4,424,374,"Twist off the bottle cap"
"lyl472324464/2026-05-04_turn_over-lerobot-without-rinse",5,443,393,"Twist off the bottle cap"
"lyl472324464/2026-05-04_turn_over-lerobot-without-rinse",6,432,382,"Twist off the bottle cap"
"lyl472324464/2026-05-04_turn_over-lerobot-without-rinse",7,421,371,"Twist off the bottle cap"
"lyl472324464/2026-05-04_turn_over-lerobot-without-rinse",8,426,376,"Twist off the bottle cap"
"lyl472324464/2026-05-04_turn_over-lerobot-without-rinse",9,414,364,"Twist off the bottle cap"
"lyl472324464/2026-05-04_turn_over-lerobot-without-rinse",10,456,406,"Twist off the bottle cap"
"lyl472324464/2026-05-04_turn_over-lerobot-without-rinse",11,375,325,"Twist off the bottle cap"
"lyl472324464/2026-05-04_turn_over-lerobot-without-rinse",12,611,561,"Twist off the bottle cap"
"lyl472324464/2026-05-04_turn_over-lerobot-without-rinse",13,537,487,"Twist off the bottle cap"
"lyl472324464/2026-05-04_turn_over-lerobot-without-rinse",14,392,342,"Twist off the bottle cap"
"lyl472324464/2026-05-04_turn_over-lerobot-without-rinse",15,619,569,"Twist off the bottle cap"
"lyl472324464/2026-05-04_turn_over-lerobot-without-rinse",16,397,347,"Twist off the bottle cap"
"lyl472324464/2026-05-04_turn_over-lerobot-without-rinse",17,564,514,"Twist off the bottle cap"
"lyl472324464/2026-05-04_turn_over-lerobot-without-rinse",18,475,425,"Twist off the bottle cap"
"lyl472324464/2026-05-04_turn_over-lerobot-without-rinse",19,585,535,"Twist off the bottle cap"
"lyl472324464/2026-05-04_turn_over-lerobot-without-rinse",20,411,361,"Twist off the bottle cap"
"lyl472324464/2026-05-04_turn_over-lerobot-without-rinse",21,642,592,"Twist off the bottle cap"
"lyl472324464/2026-05-04_turn_over-lerobot-without-rinse",22,543,493,"Twist off the bottle cap"
"lyl472324464/2026-05-04_turn_over-lerobot-without-rinse",23,384,334,"Twist off the bottle cap"
"lyl472324464/2026-05-04_turn_over-lerobot-without-rinse",24,454,404,"Twist off the bottle cap"
"lyl472324464/2026-05-04_turn_over-lerobot-without-rinse",25,427,377,"Twist off the bottle cap"
"lyl472324464/2026-05-04_turn_over-lerobot-without-rinse",26,405,355,"Twist off the bottle cap"
"lyl472324464/2026-05-04_turn_over-lerobot-without-rinse",27,509,459,"Twist off the bottle cap"
"lyl472324464/2026-05-04_turn_over-lerobot-without-rinse",28,385,335,"Twist off the bottle cap"
"lyl472324464/2026-05-04_turn_over-lerobot-without-rinse",29,430,380,"Twist off the bottle cap"
"lyl472324464/2026-05-04_turn_over-lerobot-without-rinse",30,525,475,"Twist off the bottle cap"
"lyl472324464/2026-05-04_turn_over-lerobot-without-rinse",31,725,675,"Twist off the bottle cap"
"lyl472324464/2026-05-04_turn_over-lerobot-without-rinse",32,753,703,"Twist off the bottle cap"
"lyl472324464/2026-05-04_turn_over-lerobot-without-rinse",33,494,444,"Twist off the bottle cap"
"lyl472324464/2026-05-04_turn_over-lerobot-without-rinse",34,422,372,"Twist off the bottle cap"
"lyl472324464/2026-05-04_turn_over-lerobot-without-rinse",35,592,542,"Twist off the bottle cap"
"lyl472324464/2026-05-04_turn_over-lerobot-without-rinse",36,420,370,"Twist off the bottle cap"
"lyl472324464/2026-05-04_turn_over-lerobot-without-rinse",37,814,764,"Twist off the bottle cap"
"lyl472324464/2026-05-04_turn_over-lerobot-without-rinse",38,475,425,"Twist off the bottle cap"
"lyl472324464/2026-05-04_turn_over-lerobot-without-rinse",39,700,650,"Twist off the bottle cap"
"lyl472324464/2026-05-04_turn_over-lerobot-without-rinse",40,570,520,"Twist off the bottle cap"
"lyl472324464/2026-05-04_turn_over-lerobot-without-rinse",41,300,250,"Twist off the bottle cap"
"lyl472324464/2026-05-04_turn_over-lerobot-without-rinse",42,442,392,"Twist off the bottle cap"
"lyl472324464/2026-05-04_turn_over-lerobot-without-rinse",43,330,280,"Twist off the bottle cap"
"lyl472324464/2026-05-04_turn_over-lerobot-without-rinse",44,450,400,"Twist off the bottle cap"
"lyl472324464/2026-05-03_turn_over-lerobot-without-rinse",0,422,372,"Twist off the bottle cap"
"lyl472324464/2026-05-03_turn_over-lerobot-without-rinse",1,278,228,"Twist off the bottle cap"
"lyl472324464/2026-05-03_turn_over-lerobot-without-rinse",2,372,322,"Twist off the bottle cap"
"lyl472324464/2026-05-03_turn_over-lerobot-without-rinse",3,412,362,"Twist off the bottle cap"
"lyl472324464/2026-05-03_turn_over-lerobot-without-rinse",4,350,300,"Twist off the bottle cap"
"lyl472324464/2026-05-03_turn_over-lerobot-without-rinse",5,491,441,"Twist off the bottle cap"
"lyl472324464/2026-05-03_turn_over-lerobot-without-rinse",6,282,232,"Twist off the bottle cap"
"lyl472324464/2026-05-03_turn_over-lerobot-without-rinse",7,491,441,"Twist off the bottle cap"
"lyl472324464/2026-05-03_turn_over-lerobot-without-rinse",8,299,249,"Twist off the bottle cap"
"lyl472324464/2026-05-03_turn_over-lerobot-without-rinse",9,417,367,"Twist off the bottle cap"
"lyl472324464/2026-05-03_turn_over-lerobot-without-rinse",10,366,316,"Twist off the bottle cap"
"lyl472324464/2026-05-03_turn_over-lerobot-without-rinse",11,421,371,"Twist off the bottle cap"
"lyl472324464/2026-05-03_turn_over-lerobot-without-rinse",12,617,567,"Twist off the bottle cap"
"lyl472324464/2026-05-03_turn_over-lerobot-without-rinse",13,384,334,"Twist off the bottle cap"
"lyl472324464/2026-05-03_turn_over-lerobot-without-rinse",14,637,587,"Twist off the bottle cap"
"lyl472324464/2026-05-03_turn_over-lerobot-without-rinse",15,482,432,"Twist off the bottle cap"
"lyl472324464/2026-05-03_turn_over-lerobot-without-rinse",16,390,340,"Twist off the bottle cap"
"lyl472324464/2026-05-03_turn_over-lerobot-without-rinse",17,387,337,"Twist off the bottle cap"
"lyl472324464/2026-05-03_turn_over-lerobot-without-rinse",18,333,283,"Twist off the bottle cap"
"lyl472324464/2026-05-03_turn_over-lerobot-without-rinse",19,556,506,"Twist off the bottle cap"
"lyl472324464/2026-05-03_turn_over-lerobot-without-rinse",20,504,454,"Twist off the bottle cap"
"lyl472324464/2026-05-03_turn_over-lerobot-without-rinse",21,362,312,"Twist off the bottle cap"
"lyl472324464/2026-05-03_turn_over-lerobot-without-rinse",22,446,396,"Twist off the bottle cap"
"lyl472324464/2026-05-03_turn_over-lerobot-without-rinse",23,352,302,"Twist off the bottle cap"
"lyl472324464/2026-05-03_turn_over-lerobot-without-rinse",24,247,197,"Twist off the bottle cap"
"lyl472324464/2026-05-03_turn_over-lerobot-without-rinse",25,307,257,"Twist off the bottle cap"
"lyl472324464/2026-05-03_turn_over-lerobot-without-rinse",26,379,329,"Twist off the bottle cap"
"lyl472324464/2026-05-03_turn_over-lerobot-without-rinse",27,346,296,"Twist off the bottle cap"
"lyl472324464/2026-05-03_turn_over-lerobot-without-rinse",28,307,257,"Twist off the bottle cap"
"lyl472324464/2026-05-03_turn_over-lerobot-without-rinse",29,289,239,"Twist off the bottle cap"
"lyl472324464/2026-05-03_turn_over-lerobot-without-rinse",30,388,338,"Twist off the bottle cap"
"lyl472324464/2026-05-03_turn_over-lerobot-without-rinse",31,359,309,"Twist off the bottle cap"
"lyl472324464/2026-05-03_turn_over-lerobot-without-rinse",32,429,379,"Twist off the bottle cap"
"lyl472324464/2026-05-03_turn_over-lerobot-without-rinse",33,547,497,"Twist off the bottle cap"
"lyl472324464/2026-05-03_turn_over-lerobot-without-rinse",34,549,499,"Twist off the bottle cap"
"lyl472324464/2026-05-03_turn_over-lerobot-without-rinse",35,479,429,"Twist off the bottle cap"
"lyl472324464/2026-05-03_turn_over-lerobot-without-rinse",36,525,475,"Twist off the bottle cap"
"lyl472324464/2026-05-03_turn_over-lerobot-without-rinse",37,227,177,"Twist off the bottle cap"
"lyl472324464/2026-05-03_turn_over-lerobot-without-rinse",38,625,575,"Twist off the bottle cap"
"lyl472324464/2026-05-03_turn_over-lerobot-without-rinse",39,372,322,"Twist off the bottle cap"
"lyl472324464/2026-05-03_turn_over-lerobot-without-rinse",40,530,480,"Twist off the bottle cap"
"lyl472324464/2026-05-03_turn_over-lerobot-without-rinse",41,328,278,"Twist off the bottle cap"
"lyl472324464/2026-05-03_turn_over-lerobot-without-rinse",42,294,244,"Twist off the bottle cap"
"lyl472324464/2026-05-03_turn_over-lerobot-without-rinse",43,418,368,"Twist off the bottle cap"
"lyl472324464/2026-05-03_turn_over-lerobot-without-rinse",44,617,567,"Twist off the bottle cap"
"lyl472324464/2026-05-03_turn_over-lerobot-without-rinse",45,318,268,"Twist off the bottle cap"
"lyl472324464/2026-05-03_turn_over-lerobot-without-rinse",46,330,280,"Twist off the bottle cap"
"lyl472324464/2026-05-03_turn_over-lerobot-without-rinse",47,334,284,"Twist off the bottle cap"
"lyl472324464/2026-05-03_turn_over-lerobot-without-rinse",48,417,367,"Twist off the bottle cap"
"lyl472324464/2026-05-03_turn_over-lerobot-without-rinse",49,304,254,"Twist off the bottle cap"
"lyl472324464/2026-05-03_turn_over-lerobot-without-rinse",50,377,327,"Twist off the bottle cap"
"lyl472324464/2026-05-03_turn_over-lerobot-without-rinse",51,349,299,"Twist off the bottle cap"
"lyl472324464/2026-05-03_turn_over-lerobot-without-rinse",52,342,292,"Twist off the bottle cap"
"lyl472324464/2026-05-03_turn_over-lerobot-without-rinse",53,503,453,"Twist off the bottle cap"
"lyl472324464/2026-05-03_turn_over-lerobot-without-rinse",54,317,267,"Twist off the bottle cap"
"lyl472324464/2026-05-03_turn_over-lerobot-without-rinse",55,428,378,"Twist off the bottle cap"
"lyl472324464/2026-05-03_turn_over-lerobot-without-rinse",56,303,253,"Twist off the bottle cap"
"lyl472324464/2026-05-03_turn_over-lerobot-without-rinse",57,316,266,"Twist off the bottle cap"
"lyl472324464/2026-05-03_turn_over-lerobot-without-rinse",58,463,413,"Twist off the bottle cap"
"lyl472324464/2026-05-03_turn_over-lerobot-without-rinse",59,494,444,"Twist off the bottle cap"
"lyl472324464/2026-05-03_turn_over-lerobot-without-rinse",60,318,268,"Twist off the bottle cap"
"lyl472324464/2026-05-03_turn_over-lerobot-without-rinse",61,398,348,"Twist off the bottle cap"
"lyl472324464/2026-05-03_turn_over-lerobot-without-rinse",62,310,260,"Twist off the bottle cap"
"lyl472324464/2026-05-03_turn_over-lerobot-without-rinse",63,450,400,"Twist off the bottle cap"
"lyl472324464/2026-05-03_turn_over-lerobot-without-rinse",64,311,261,"Twist off the bottle cap"
"lyl472324464/2026-05-03_turn_over-lerobot-without-rinse",65,422,372,"Twist off the bottle cap"
"lyl472324464/2026-05-03_turn_over-lerobot-without-rinse",66,390,340,"Twist off the bottle cap"
"lyl472324464/2026-05-03_turn_over-lerobot-without-rinse",67,254,204,"Twist off the bottle cap"
"lyl472324464/2026-05-01_turn_over-lerobot-without-rinse",0,416,366,"Twist off the bottle cap"
"lyl472324464/2026-05-01_turn_over-lerobot-without-rinse",1,132,82,"Twist off the bottle cap"
"lyl472324464/2026-05-01_turn_over-lerobot-without-rinse",2,80,30,"Twist off the bottle cap"
"lyl472324464/2026-05-01_turn_over-lerobot-without-rinse",3,160,110,"Twist off the bottle cap"
"lyl472324464/2026-05-01_turn_over-lerobot-without-rinse",4,359,309,"Twist off the bottle cap"
"lyl472324464/2026-05-01_turn_over-lerobot-without-rinse",5,568,518,"Twist off the bottle cap"
"lyl472324464/2026-05-01_turn_over-lerobot-without-rinse",6,373,323,"Twist off the bottle cap"
"lyl472324464/2026-05-01_turn_over-lerobot-without-rinse",7,411,361,"Twist off the bottle cap"
"lyl472324464/2026-05-01_turn_over-lerobot-without-rinse",8,393,343,"Twist off the bottle cap"
"lyl472324464/2026-05-01_turn_over-lerobot-without-rinse",9,410,360,"Twist off the bottle cap"
"lyl472324464/2026-05-01_turn_over-lerobot-without-rinse",10,398,348,"Twist off the bottle cap"
"lyl472324464/2026-05-01_turn_over-lerobot-without-rinse",11,461,411,"Twist off the bottle cap"
"lyl472324464/2026-05-01_turn_over-lerobot-without-rinse",12,421,371,"Twist off the bottle cap"
"lyl472324464/2026-05-01_turn_over-lerobot-without-rinse",13,613,563,"Twist off the bottle cap"
