# ALOHA supplier-CAD diagnostic collision candidate
# coordinate frame: owning URDF link; unit: metre
v -0.087300033569335939 0.040121318817138672 0.0090000000000000011
v -0.087300033569335939 0.040121318817138672 0.053999999999999999
v -0.074921356201171879 0.027742639541625976 0.053999999999999999
v -0.074921356201171879 0.027742639541625976 0.0090000000000000011
v -0.088952056884765623 0.040963066101074218 0.0090000000000000011
v -0.089421356201171878 0.041000000000000002 0.0090000000000000011
v -0.089421356201171878 0.041000000000000002 0.053999999999999999
v -0.088952056884765623 0.040963066101074218 0.053999999999999999
v -0.088494308471679689 0.04085316848754883 0.0090000000000000011
v -0.088494308471679689 0.04085316848754883 0.053999999999999999
v -0.088059387207031256 0.040673019409179688 0.0090000000000000011
v -0.088059387207031256 0.040673019409179688 0.053999999999999999
v -0.087658004760742189 0.040427051544189456 0.0090000000000000011
v -0.087658004760742189 0.040427051544189456 0.053999999999999999
v -0.17742135620117189 0.041000000000000002 0.053999999999999999
v -0.17742135620117189 0.041000000000000002 0.0090000000000000011
v -0.17918470764160158 0.040427051544189456 0.0090000000000000011
v -0.17954267883300781 0.040121318817138672 0.0090000000000000011
v -0.17954267883300781 0.040121318817138672 0.053999999999999999
v -0.17918470764160158 0.040427051544189456 0.053999999999999999
v -0.17878332519531251 0.040673019409179688 0.053999999999999999
v -0.17878332519531251 0.040673019409179688 0.0090000000000000011
v -0.17834840393066406 0.04085316848754883 0.053999999999999999
v -0.17834840393066406 0.04085316848754883 0.0090000000000000011
v -0.17789065551757813 0.040963066101074218 0.053999999999999999
v -0.17789065551757813 0.040963066101074218 0.0090000000000000011
v -0.18890663146972655 0.030757360458374024 0.053999999999999999
v -0.18890663146972655 0.030757360458374024 0.0090000000000000011
v -0.18918722534179688 0.030206687927246095 0.0090000000000000011
v -0.1891995391845703 0.030050252914428713 0.0090000000000000011
v -0.1891995391845703 0.030050252914428713 0.053999999999999999
v -0.18918722534179688 0.030206687927246095 0.053999999999999999
v -0.18915058898925782 0.030359270095825196 0.053999999999999999
v -0.18915058898925782 0.030359270095825196 0.0090000000000000011
v -0.18909054565429687 0.030504243850708008 0.053999999999999999
v -0.18909054565429687 0.030504243850708008 0.0090000000000000011
v -0.18900854492187499 0.030638038635253908 0.053999999999999999
v -0.18900854492187499 0.030638038635253908 0.0090000000000000011
v -0.1891995391845703 -0.030050254821777346 0.053999999999999999
v -0.1891995391845703 -0.030050254821777346 0.0090000000000000011
v -0.18900854492187499 -0.030638040542602541 0.0090000000000000011
v -0.18890663146972655 -0.030757362365722657 0.0090000000000000011
v -0.18890663146972655 -0.030757362365722657 0.053999999999999999
v -0.18900854492187499 -0.030638040542602541 0.053999999999999999
v -0.18909054565429687 -0.030504245758056641 0.0090000000000000011
v -0.18909054565429687 -0.030504245758056641 0.053999999999999999
v -0.18915058898925782 -0.030359272003173829 0.0090000000000000011
v -0.18915058898925782 -0.030359272003173829 0.053999999999999999
v -0.18918722534179688 -0.030206689834594729 0.0090000000000000011
v -0.18918722534179688 -0.030206689834594729 0.053999999999999999
v -0.17954267883300781 -0.040121318817138672 0.053999999999999999
v -0.17954267883300781 -0.040121318817138672 0.0090000000000000011
v -0.17742135620117189 -0.041000000000000002 0.0090000000000000011
v -0.17742135620117189 -0.041000000000000002 0.053999999999999999
v -0.17789065551757813 -0.040963066101074218 0.053999999999999999
v -0.17789065551757813 -0.040963066101074218 0.0090000000000000011
v -0.17834840393066406 -0.04085316848754883 0.053999999999999999
v -0.17834840393066406 -0.04085316848754883 0.0090000000000000011
v -0.17878332519531251 -0.040673019409179688 0.053999999999999999
v -0.17878332519531251 -0.040673019409179688 0.0090000000000000011
v -0.17918470764160158 -0.040427051544189456 0.053999999999999999
v -0.17918470764160158 -0.040427051544189456 0.0090000000000000011
v -0.089421653747558602 -0.041000000000000002 0.0090000000000000011
v -0.089421653747558602 -0.041000000000000002 0.053999999999999999
v -0.087300033569335939 -0.040121322631835939 0.0090000000000000011
v -0.087300033569335939 -0.040121322631835939 0.053999999999999999
v -0.087658050537109372 -0.040427085876464847 0.053999999999999999
v -0.087658050537109372 -0.040427085876464847 0.0090000000000000011
v -0.088059494018554688 -0.040673072814941404 0.053999999999999999
v -0.088059494018554688 -0.040673072814941404 0.0090000000000000011
v -0.088494476318359383 -0.040853225708007812 0.053999999999999999
v -0.088494476318359383 -0.040853225708007812 0.0090000000000000011
v -0.088952285766601566 -0.040963104248046875 0.053999999999999999
v -0.088952285766601566 -0.040963104248046875 0.0090000000000000011
v -0.074921356201171879 -0.027742641448974609 0.0090000000000000011
v -0.074921356201171879 -0.027742641448974609 0.053999999999999999
v 0.062919319152832026 -0.026062034606933595 0.0090000000000000011
v 0.04224978256225586 -0.10200000000000001 0.0090000000000000011
v 0.10200000000000001 -0.04224978256225586 0.0090000000000000011
v 0.026062034606933595 -0.062919319152832026 0.0090000000000000011
v 0.10200000000000001 0.04224978256225586 0.0090000000000000011
v -0.026062034606933595 -0.062919319152832026 0.0090000000000000011
v -0.04224978256225586 -0.10200000000000001 0.0090000000000000011
v 0.062919319152832026 0.026062034606933595 0.0090000000000000011
v -0.089249786376953133 -0.055 0.0090000000000000011
v -0.062919319152832026 -0.026062034606933595 0.0090000000000000011
v 0.04224978256225586 0.10200000000000001 0.0090000000000000011
v 0.026062034606933595 0.062919319152832026 0.0090000000000000011
v -0.026062034606933595 0.062919319152832026 0.0090000000000000011
v -0.062919319152832026 0.026062034606933595 0.0090000000000000011
v -0.174492431640625 -0.055 0.0090000000000000011
v -0.089249786376953133 0.055 0.0090000000000000011
v -0.04224978256225586 0.10200000000000001 0.0090000000000000011
v -0.19746298217773439 -0.032029438018798831 0.0090000000000000011
v -0.174492431640625 0.055 0.0090000000000000011
v -0.19746298217773439 0.032029438018798831 0.0090000000000000011
v -0.19746298217773439 -0.032029438018798831 -5.139326186842652e-13
v -0.174492431640625 -0.055 -5.3993814974617749e-13
v -0.19746298217773439 0.032029438018798831 -5.2965520858094806e-13
v -0.174492431640625 0.055 -4.8131360008696337e-13
v -0.089249786376953133 0.055 -4.5405570969769827e-13
v -0.04224978256225586 0.10200000000000001 -4.6286086075042475e-13
v 0.04224978256225586 0.10200000000000001 -4.5290382555407404e-13
v 0.10200000000000001 0.04224978256225586 -4.422530119896351e-13
v 0.10200000000000001 -0.04224978256225586 -4.3229367308050827e-13
v 0.04224978256225586 -0.10200000000000001 -5.2710036335668068e-13
v -0.04224978256225586 -0.10200000000000001 -5.3803761446147296e-13
v -0.089249786376953133 -0.055 -5.2960247298727832e-13
v 5.8006789475928409e-16 0.060999999999999999 0.075999999999999998
v 0.006953475952148438 0.060602386474609374 0.075999999999999998
v 5.9599265626875119e-16 0.060999999999999999 0.078699996948242187
v 0.006953475952148438 0.060602386474609374 0.078699996948242187
v 0.013816303253173828 0.059414726257324219 0.075999999999999998
v 0.013816303253173828 0.059414726257324219 0.078699996948242187
v 0.020499013900756837 0.057452507019042968 0.075999999999999998
v 0.020499013900756837 0.057452507019042968 0.078699996948242187
v 0.026914487838745119 0.054741302490234379 0.075999999999999998
v 0.026914487838745119 0.054741302490234379 0.078699996948242187
v 0.032979091644287112 0.05131646728515625 0.075999999999999998
v 0.032979091644287112 0.05131646728515625 0.078699996948242187
v 0.038613758087158202 0.04722263717651367 0.075999999999999998
v 0.038613758087158202 0.04722263717651367 0.078699996948242187
v 0.043745040893554688 0.042513191223144529 0.075999999999999998
v 0.043745040893554688 0.042513191223144529 0.078699996948242187
v 0.048306037902832034 0.037249519348144529 0.078699996948242187
v 0.048306037902832034 0.037249519348144529 0.075999999999999998
v 0.052237289428710941 0.031500246047973635 0.078699996948242187
v 0.052237289428710941 0.031500246047973635 0.075999999999999998
v 0.05548755264282227 0.025340314865112304 0.078699996948242187
v 0.05548755264282227 0.025340314865112304 0.075999999999999998
v 0.058014446258544926 0.01885003662109375 0.078699996948242187
v 0.058014446258544926 0.01885003662109375 0.075999999999999998
v 0.059785037994384768 0.012114018440246583 0.078699996948242187
v 0.059785037994384768 0.012114018440246583 0.075999999999999998
v 0.06077623748779297 0.0052200756072998044 0.078699996948242187
v 0.06077623748779297 0.0052200756072998044 0.075999999999999998
v 0.060975124359130863 -0.0017419190406799316 0.078699996948242187
v 0.060975124359130863 -0.0017419190406799316 0.075999999999999998
v 0.060379108428955081 -0.0086812047958374026 0.078699996948242187
v 0.060379108428955081 -0.0086812047958374026 0.075999999999999998
v 0.058995956420898436 -0.015507318496704102 0.078699996948242187
v 0.058995956420898436 -0.015507318496704102 0.075999999999999998
v 0.056843704223632815 -0.022131269454956054 0.078699996948242187
v 0.056843704223632815 -0.022131269454956054 0.075999999999999998
v 0.053950408935546874 -0.028466707229614259 0.075999999999999998
v 0.053950408935546874 -0.028466707229614259 0.078699996948242187
v 0.050353786468505864 -0.034431037902832029 0.078699996948242187
v 0.050353786468505864 -0.034431037902832029 0.075999999999999998
v 0.046100723266601563 -0.039946506500244144 0.075999999999999998
v 0.046100723266601563 -0.039946506500244144 0.078699996948242187
v 0.041246669769287113 -0.044941207885742192 0.078699996948242187
v 0.041246669769287113 -0.044941207885742192 0.075999999999999998
v 0.035854900360107425 -0.049350036621093753 0.075999999999999998
v 0.035854900360107425 -0.049350036621093753 0.078699996948242187
v 0.029995708465576171 -0.053115509033203126 0.078699996948242187
v 0.029995708465576171 -0.053115509033203126 0.075999999999999998
v 0.02374547576904297 -0.056188541412353514 0.075999999999999998
v 0.02374547576904297 -0.056188541412353514 0.078699996948242187
v 0.017185686111450195 -0.058529071807861328 0.078699996948242187
v 0.017185686111450195 -0.058529071807861328 0.075999999999999998
v 0.010401853561401367 -0.060106582641601562 0.075999999999999998
v 0.010401853561401367 -0.060106582641601562 0.078699996948242187
v 0.0034824173450469973 -0.060900516510009765 0.078699996948242187
v 0.0034824173450469973 -0.060900516510009765 0.075999999999999998
v -0.0034824173450469973 -0.060900516510009765 0.078699996948242187
v -0.0034824173450469973 -0.060900516510009765 0.075999999999999998
v -0.010401853561401367 -0.060106582641601562 0.078699996948242187
v -0.010401853561401367 -0.060106582641601562 0.075999999999999998
v -0.017185686111450195 -0.058529071807861328 0.075999999999999998
v -0.017185686111450195 -0.058529071807861328 0.078699996948242187
v -0.02374547576904297 -0.056188541412353514 0.078699996948242187
v -0.02374547576904297 -0.056188541412353514 0.075999999999999998
v -0.029995708465576171 -0.053115509033203126 0.078699996948242187
v -0.029995708465576171 -0.053115509033203126 0.075999999999999998
v -0.035854900360107425 -0.049350036621093753 0.078699996948242187
v -0.035854900360107425 -0.049350036621093753 0.075999999999999998
v -0.041246669769287113 -0.044941207885742192 0.078699996948242187
v -0.041246669769287113 -0.044941207885742192 0.075999999999999998
v -0.046100723266601563 -0.039946506500244144 0.075999999999999998
v -0.046100723266601563 -0.039946506500244144 0.078699996948242187
v -0.050353786468505864 -0.034431037902832029 0.075999999999999998
v -0.050353786468505864 -0.034431037902832029 0.078699996948242187
v -0.053950408935546874 -0.028466707229614259 0.078699996948242187
v -0.053950408935546874 -0.028466707229614259 0.075999999999999998
v -0.056843704223632815 -0.022131269454956054 0.075999999999999998
v -0.056843704223632815 -0.022131269454956054 0.078699996948242187
v -0.058995956420898436 -0.015507318496704102 0.078699996948242187
v -0.058995956420898436 -0.015507318496704102 0.075999999999999998
v -0.060379108428955081 -0.0086812047958374026 0.078699996948242187
v -0.060379108428955081 -0.0086812047958374026 0.075999999999999998
v -0.060975124359130863 -0.0017419190406799316 0.075999999999999998
v -0.060975124359130863 -0.0017419190406799316 0.078699996948242187
v -0.06077623748779297 0.0052200756072998044 0.075999999999999998
v -0.06077623748779297 0.0052200756072998044 0.078699996948242187
v -0.059785037994384768 0.012114018440246583 0.075999999999999998
v -0.059785037994384768 0.012114018440246583 0.078699996948242187
v -0.058014446258544926 0.01885003662109375 0.075999999999999998
v -0.058014446258544926 0.01885003662109375 0.078699996948242187
v -0.05548755264282227 0.025340314865112304 0.075999999999999998
v -0.05548755264282227 0.025340314865112304 0.078699996948242187
v -0.052237289428710941 0.031500246047973635 0.075999999999999998
v -0.052237289428710941 0.031500246047973635 0.078699996948242187
v -0.048306037902832034 0.037249519348144529 0.075999999999999998
v -0.048306037902832034 0.037249519348144529 0.078699996948242187
v -0.043745040893554688 0.042513191223144529 0.078699996948242187
v -0.043745040893554688 0.042513191223144529 0.075999999999999998
v -0.038613758087158202 0.04722263717651367 0.075999999999999998
v -0.038613758087158202 0.04722263717651367 0.078699996948242187
v -0.032979091644287112 0.05131646728515625 0.075999999999999998
v -0.032979091644287112 0.05131646728515625 0.078699996948242187
v -0.026914487838745119 0.054741302490234379 0.075999999999999998
v -0.026914487838745119 0.054741302490234379 0.078699996948242187
v -0.020499013900756837 0.057452507019042968 0.075999999999999998
v -0.020499013900756837 0.057452507019042968 0.078699996948242187
v -0.013816303253173828 0.059414726257324219 0.078699996948242187
v -0.013816303253173828 0.059414726257324219 0.075999999999999998
v -0.006953475952148438 0.060602386474609374 0.075999999999999998
v -0.006953475952148438 0.060602386474609374 0.078699996948242187
v 0.038290939331054687 -0.048310726165771485 0.072791229248046874
v 0.037149391174316405 -0.049469367980957031 0.072098762512207037
v 0.037943515777587894 -0.048813262939453123 0.071680992126464851
v 0.036307418823242191 -0.050141750335693361 0.072431022644042969
v 0.038683208465576172 -0.047857406616210942 0.073907691955566401
v 0.03795089340209961 -0.048393577575683598 0.075999999999999998
v 0.039119228363037113 -0.047454566955566407 0.075027267456054689
v 0.03634825134277344 -0.049608364105224609 0.076984077453613284
v 0.023555545806884765 -0.056823970794677735 0.078699996948242187
v 0.022326026916503906 -0.058092712402343753 0.073555915832519539
v 0.025199466705322266 -0.056907970428466799 0.073551506042480466
v 0.0070850601196289064 -0.061236621856689454 0.072791229248046874
v 0.007686071872711182 -0.061346302032470705 0.071680992126464851
v 0.0097132930755615236 -0.061136341094970702 0.072417457580566405
v 0.0064871387481689451 -0.061193454742431645 0.073907691955566401
v 0.0073790264129638674 -0.061055347442626952 0.075999999999999998
v 0.0058939733505249028 -0.061216918945312504 0.075027267456054689
v 0.034621398925781248 -0.051095355987548829 0.074446372985839851
v 0.034505725860595707 -0.051500480651855467 0.072903015136718749
v 0.034845161437988284 -0.050743133544921874 0.075996765136718755
v 0.034486122131347656 -0.050921222686767582 0.077811828613281245
v 0.031485660552978516 -0.052828235626220701 0.078699996948242187
v 0.030465908050537109 -0.053751766204833983 0.075200523376464851
v 0.030159881591796875 -0.054341201782226567 0.073415313720703132
v 0.030547353744506837 -0.053458728790283204 0.077025947570800779
v 0.028903018951416018 -0.054289154052734379 0.078699996948242187
v 0.025987091064453127 -0.056099617004394531 0.075472846984863284
v 0.025947824478149414 -0.055848793029785154 0.077432594299316412
v 0.026256166458129882 -0.055625053405761717 0.078699996948242187
v 0.021289419174194336 -0.058043422698974612 0.075480354309082037
v 0.019397468566894532 -0.059097366333007814 0.073503852844238285
v 0.017984439849853515 -0.058815494537353519 0.078699996948242187
v 0.021140155792236329 -0.057838821411132814 0.077440551757812504
v 0.020794998168945315 -0.057888038635253908 0.078699996948242187
v 0.016469778060913088 -0.059551010131835939 0.075191940307617194
v 0.014858823776245117 -0.06028351211547852 0.073254722595214844
v 0.016204654693603517 -0.059400959014892576 0.077017303466796874
v 0.015131070137023927 -0.059609302520751951 0.078699485778808601
v 0.012462798118591309 -0.060223937988281254 0.078070312500000003
v 0.011644967079162597 -0.060610736846923828 0.074455009460449223
v 0.011873907089233398 -0.060837070465087892 0.072887443542480473
v 0.011237996101379395 -0.060520305633544921 0.076005378723144529
v 0.0098323278427124034 -0.060708446502685545 0.077182182312011724
v 0.0067258963584899906 -0.061268295288085937 0.072613807678222661
v 0.0066580023765563968 -0.06141132736206055 0.071266571044921873
v 0.0063748550415039067 -0.061297626495361329 0.072422554016113277
v 0.0054097142219543459 -0.061291954040527348 0.073170021057128914
v 0.0060331535339355471 -0.061324672698974611 0.072216148376464839
v 0.0061207547187805177 -0.061228973388671878 0.073676437377929685
v 0.0047890896797180178 -0.061313251495361328 0.074126060485839848
v 0.0057612409591674806 -0.061261795043945313 0.07343098449707032
v 0.0054609727859497069 -0.061496379852294926 0.070557815551757816
v 0.0039113676548004151 -0.061375484466552735 0.073405067443847657
v 0.0042628669738769536 -0.061564620971679689 0.0699891357421875
v 0.0030325779914855957 -0.061425151824951174 0.072829635620117184
v 0.0021384701728820801 -0.061462749481201173 0.072394058227539068
v 0.0025600862503051759 -0.061632621765136723 0.069422477722167975
v 0.0012437589168548585 -0.061487339019775392 0.072109161376953126
v 0.00085628849267959598 -0.061666667938232424 0.069138740539550783
v 0.00034869685769081118 -0.061498920440673829 0.071975028991699219
v -0.00084784930944442746 -0.061666751861572264 0.069138038635253904
v -0.00054646354913711552 -0.061497482299804687 0.071991683959960945
v -0.0014414697885513307 -0.061483028411865238 0.072159133911132808
v -0.0025516502857208254 -0.06163287353515625 0.069420372009277351
v -0.0024076123237609863 -0.061452804565429689 0.072509292602539063
v -0.0043905963897705076 -0.061558151245117189 0.070043067932128902
v -0.0060331535339355471 -0.061324672698974611 0.072216148376464839
v -0.0066580023765563968 -0.06141132736206055 0.071266571044921873
v -0.0035992534160614017 -0.061394569396972659 0.073183944702148437
v -0.0054097142219543459 -0.061291954040527348 0.073170021057128914
v -0.0047890896797180178 -0.061313251495361328 0.074126060485839848
v -0.0063748550415039067 -0.061297626495361329 0.072422554016113277
v -0.007686071872711182 -0.061346305847167971 0.071680992126464851
v -0.0067258963584899906 -0.061268295288085937 0.072613807678222661
v -0.0070850601196289064 -0.061236621856689454 0.072791229248046874
v -0.0057612409591674806 -0.061261795043945313 0.07343098449707032
v -0.0061207547187805177 -0.061228973388671878 0.073676437377929685
v -0.0058939733505249028 -0.061216918945312504 0.075027267456054689
v -0.0064871387481689451 -0.061193454742431645 0.073907691955566401
v -0.0097237186431884774 -0.061135322570800781 0.072419654846191409
v -0.0073799986839294439 -0.061055255889892579 0.075999999999999998
v -0.009390275955200195 -0.060778331756591801 0.07699771118164063
v -0.023536109924316408 -0.056831592559814452 0.078699996948242187
v -0.025266504287719729 -0.056874359130859378 0.073560539245605475
v -0.022396141052246094 -0.05806732177734375 0.073555015563964848
v -0.038290939331054687 -0.048310726165771485 0.072791229248046874
v -0.037943511962890628 -0.048813259124755863 0.071680992126464851
v -0.036358177185058592 -0.050100658416748045 0.072419197082519537
v -0.037955211639404296 -0.048390075683593749 0.075999999999999998
v -0.036140277862548829 -0.049759841918945315 0.077102081298828132
v -0.038683208465576172 -0.047857406616210942 0.073907691955566401
v -0.039119228363037113 -0.047454566955566407 0.075027267456054689
v -0.011645583152770997 -0.060610870361328124 0.07445393371582032
v -0.011895309448242188 -0.06083402633666992 0.072890365600585941
v -0.011238565444946289 -0.060520347595214845 0.076004165649414063
v -0.011628160476684571 -0.060390750885009767 0.077820571899414062
v -0.015124608039855957 -0.059610923767089846 0.078699996948242187
v -0.016468753814697267 -0.059551177978515626 0.075192680358886724
v -0.017075233459472657 -0.059759174346923828 0.073405586242675777
v -0.01620372009277344 -0.059401218414306643 0.077018188476562499
v -0.017975559234619142 -0.058818584442138673 0.078699996948242187
v -0.021291681289672851 -0.058043914794921873 0.075475982666015629
v -0.021142189025878905 -0.057838943481445311 0.07743568420410156
v -0.020784622192382814 -0.057892330169677736 0.078699996948242187
v -0.025987636566162108 -0.056096649169921874 0.075484001159667968
v -0.028050809860229491 -0.055515079498291015 0.073505722045898433
v -0.02887040138244629 -0.054306671142578124 0.078699996948242187
v -0.025948623657226562 -0.055846599578857424 0.077444160461425784
v -0.026233757019042969 -0.055634628295898436 0.078699996948242187
v -0.030463821411132814 -0.053754905700683593 0.075189949035644535
v -0.032108818054199219 -0.053141365051269533 0.073254928588867188
v -0.03054512405395508 -0.053461246490478516 0.07701532745361328
v -0.031446866989135742 -0.052852134704589847 0.078698616027832027
v -0.033979766845703127 -0.051260322570800786 0.078000778198242193
v -0.034623619079589843 -0.051092494964599611 0.074455970764160162
v -0.034615127563476566 -0.051419204711914065 0.072889633178710944
v -0.034847476959228518 -0.050740825653076173 0.076006324768066402
v -0.038567298889160155 -0.04807915496826172 0.072613807678222661
v -0.038716449737548828 -0.048132286071777344 0.071266571044921873
v -0.038836265563964842 -0.047851673126220705 0.072422554016113277
v -0.039514713287353516 -0.047165203094482425 0.073170021057128914
v -0.039097007751464845 -0.047629177093505858 0.072216148376464839
v -0.038967395782470701 -0.047623451232910161 0.073676437377929685
v -0.039968616485595701 -0.046741413116455077 0.074126060485839848
v -0.039244819641113281 -0.047392444610595705 0.07343098449707032
v -0.039623016357421874 -0.047345996856689457 0.070557815551757816
v -0.040633266448974609 -0.04616477584838867 0.073405067443847657
v -0.04051845932006836 -0.046547061920166014 0.0699891357421875
v -0.041289787292480472 -0.045578498840332035 0.072829635620117184
v -0.041948600769042971 -0.044972854614257811 0.072394058227539068
v -0.041770587921142577 -0.045391098022460941 0.069422477722167975
v -0.042598644256591794 -0.044357585906982425 0.072109161376953126
v -0.042999431610107421 -0.04421040725708008 0.069138740539550783
v -0.043239738464355471 -0.043732868194580082 0.071975028991699219
v -0.044204498291015623 -0.043005458831787108 0.069138038635253904
v -0.043871692657470707 -0.043098876953125004 0.071991683959960945
v -0.044494338989257816 -0.042455791473388675 0.072159133911132808
v -0.045385311126708988 -0.041776733398437502 0.069420372009277351
v -0.045156131744384764 -0.041751255035400392 0.072509292602539063
v -0.04663280487060547 -0.040423564910888672 0.070043067932128902
v -0.047629177093505858 -0.039097007751464845 0.072216148376464839
v -0.048132286071777344 -0.038716449737548828 0.071266571044921873
v -0.04595757293701172 -0.040867462158203124 0.073183944702148437
v -0.047165203094482425 -0.039514713287353516 0.073170021057128914
v -0.046741413116455077 -0.039968616485595701 0.074126060485839848
v -0.047851673126220705 -0.038836265563964842 0.072422554016113277
v -0.048813247680664064 -0.037943504333496095 0.071680992126464851
v -0.04807915496826172 -0.038567298889160155 0.072613807678222661
v -0.048310726165771485 -0.038290939331054687 0.072791229248046874
v -0.047392444610595705 -0.039244819641113281 0.07343098449707032
v -0.047623451232910161 -0.038967395782470701 0.073676437377929685
v -0.047454566955566407 -0.039119228363037113 0.075027267456054689
v -0.047857406616210942 -0.038683208465576172 0.073907691955566401
v -0.050109287261962891 -0.036347274780273435 0.072421669006347653
v -0.048391033172607421 -0.037954139709472659 0.075999999999999998
v -0.049616699218750004 -0.036336841583251955 0.07699771118164063
v -0.056828548431396488 -0.023543460845947266 0.078699996948242187
v -0.058086647033691409 -0.022340782165527345 0.073560638427734373
v -0.056893539428710942 -0.025230386734008788 0.073555061340332031
v -0.061236621856689454 -0.0070850601196289064 0.072791229248046874
v -0.061346286773681639 -0.0076860713958740237 0.071680992126464851
v -0.061136222839355471 -0.0097128171920776371 0.072417900085449224
v -0.06105533599853516 -0.0073785624504089358 0.075999999999999998
v -0.060740558624267582 -0.0096304864883422856 0.077102081298828132
v -0.061193454742431645 -0.0064871387481689451 0.073907691955566401
v -0.061216918945312504 -0.0058939733505249028 0.075027267456054689
v -0.051093029022216796 -0.034623687744140624 0.07445393371582032
v -0.054026779174804689 -0.030690872192382812 0.073373573303222653
v -0.051436111450195311 -0.034591480255126955 0.07289283752441407
v -0.05074121475219727 -0.034847480773925785 0.076004165649414063
v -0.050925060272216799 -0.034480358123779295 0.077820571899414062
v -0.052846000671386721 -0.031456575393676758 0.078699996948242187
v -0.053754211425781254 -0.030463876724243166 0.075192680358886724
v -0.055534969329833983 -0.028016365051269532 0.073499694824218753
v -0.054301658630371098 -0.028880378723144532 0.078699996948242187
v -0.053460765838623046 -0.030545244216918947 0.077018188476562499
v -0.056098739624023439 -0.025987754821777346 0.075475982666015629
v -0.055848094940185548 -0.025948524475097656 0.07743568420410156
v -0.055633007049560548 -0.026239112854003908 0.078699996948242187
v -0.058042354583740234 -0.021290287017822266 0.075484001159667968
v -0.059098293304443363 -0.019393775939941408 0.073504928588867188
v -0.058815071105957031 -0.017986156463623046 0.078699996948242187
v -0.057837955474853514 -0.021141061782836916 0.077444160461425784
v -0.05788969039916992 -0.020789554595947266 0.078699996948242187
v -0.059551631927490238 -0.016469282150268556 0.075189949035644535
v -0.060284519195556642 -0.014855749130249023 0.073253501892089845
v -0.059401473999023437 -0.016204145431518557 0.07701532745361328
v -0.059608394622802735 -0.015135810852050782 0.078698616027832027
v -0.060273845672607421 -0.012219197273254394 0.078000778198242193
v -0.060610446929931644 -0.011645255088806152 0.074455970764160162
v -0.06083701324462891 -0.011872636795043946 0.072888023376464842
v -0.060520069122314453 -0.011238296508789063 0.076006324768066402
v -0.061268295288085937 -0.0067258963584899906 0.072613807678222661
v -0.06141132736206055 -0.0066580023765563968 0.071266571044921873
v -0.061297626495361329 -0.0063748550415039067 0.072422554016113277
v -0.061291954040527348 -0.0054097142219543459 0.073170021057128914
v -0.061324672698974611 -0.0060331535339355471 0.072216148376464839
v -0.061228973388671878 -0.0061207547187805177 0.073676437377929685
v -0.061313251495361328 -0.0047890896797180178 0.074126060485839848
v -0.061261795043945313 -0.0057612409591674806 0.07343098449707032
v -0.061496379852294926 -0.0054609727859497069 0.070557815551757816
v -0.061375484466552735 -0.0039113676548004151 0.073405067443847657
v -0.061564620971679689 -0.0042628669738769536 0.0699891357421875
v -0.061425151824951174 -0.0030325779914855957 0.072829635620117184
v -0.061462749481201173 -0.0021384701728820801 0.072394058227539068
v -0.061632621765136723 -0.0025600862503051759 0.069422477722167975
v -0.061487339019775392 -0.0012437589168548585 0.072109161376953126
v -0.061666667938232424 -0.00085628849267959598 0.069138740539550783
v -0.061498920440673829 -0.00034869685769081118 0.071975028991699219
v -0.061666751861572264 0.00084784930944442746 0.069138038635253904
v -0.061497482299804687 0.00054646354913711552 0.071991683959960945
v -0.061483028411865238 0.0014414697885513307 0.072159133911132808
v -0.06163287353515625 0.0025516502857208254 0.069420372009277351
v -0.061452804565429689 0.0024076123237609863 0.072509292602539063
v -0.061558151245117189 0.0043905963897705076 0.070043067932128902
v -0.061324672698974611 0.0060331535339355471 0.072216148376464839
v -0.06141132736206055 0.0066580023765563968 0.071266571044921873
v -0.061394569396972659 0.0035992534160614017 0.073183944702148437
v -0.061291954040527348 0.0054097142219543459 0.073170021057128914
v -0.061313251495361328 0.0047890896797180178 0.074126060485839848
v -0.061297626495361329 0.0063748550415039067 0.072422554016113277
v -0.061346305847167971 0.007686071872711182 0.071680992126464851
v -0.061268295288085937 0.0067258963584899906 0.072613807678222661
v -0.061236621856689454 0.0070850601196289064 0.072791229248046874
v -0.061261795043945313 0.0057612409591674806 0.07343098449707032
v -0.061228973388671878 0.0061207547187805177 0.073676437377929685
v -0.061216918945312504 0.0058939733505249028 0.075027267456054689
v -0.061193454742431645 0.0064871387481689451 0.073907691955566401
v -0.061248714447021485 0.0087115383148193368 0.072098762512207037
v -0.061128795623779299 0.0097823476791381835 0.072431022644042969
v -0.061054759979248051 0.007384091854095459 0.075999999999999998
v -0.060780506134033206 0.0093763170242309579 0.076984077453613284
v -0.056836898803710942 0.023524328231811525 0.078699996948242187
v -0.056864635467529297 0.025290864944458008 0.073555915832519539
v -0.058058727264404301 0.022421295166015626 0.073551506042480466
v -0.048310726165771485 0.038290939331054687 0.072791229248046874
v -0.048813259124755863 0.037943511962890628 0.071680992126464851
v -0.050098258972167971 0.036361587524414062 0.072417457580566405
v -0.047857406616210942 0.038683208465576172 0.073907691955566401
v -0.048390411376953123 0.037954891204833988 0.075999999999999998
v -0.047454566955566407 0.039119228363037113 0.075027267456054689
v -0.060610900878906249 0.011648846626281739 0.074446372985839851
v -0.060815570831298828 0.012017104148864746 0.072903015136718749
v -0.06052006149291992 0.011241564750671387 0.075996765136718755
v -0.060392112731933595 0.011621370315551757 0.077811828613281245
v -0.059618927001953127 0.01509147834777832 0.078699996948242187
v -0.059550888061523435 0.016465587615966799 0.075200523376464851
v -0.059751289367675785 0.017098773956298829 0.073415313720703132
v -0.059401268005371093 0.016200788497924806 0.077025947570800779
v -0.058825748443603519 0.017950708389282227 0.078699996948242187
v -0.058044067382812502 0.02129277229309082 0.075472846984863284
v -0.057838943481445311 0.021143177032470702 0.077432594299316412
v -0.057898765563964845 0.020766939163208008 0.078699996948242187
v -0.056096790313720703 0.025989004135131836 0.075480354309082037
v -0.05550423049926758 0.028072067260742187 0.073503852844238285
v -0.054305755615234375 0.028871917724609376 0.078699996948242187
v -0.0558465690612793 0.025949874877929689 0.077440551757812504
v -0.055637310028076176 0.026228742599487306 0.078699996948242187
v -0.05375481414794922 0.030463031768798828 0.075191940307617194
v -0.053133655548095703 0.032120105743408206 0.073254722595214844
v -0.05346124267578125 0.030544399261474609 0.077017303466796874
v -0.052849422454833983 0.03145085906982422 0.078699485778808601
v -0.051397281646728514 0.03377222442626953 0.078070312500000003
v -0.051092498779296877 0.034624027252197265 0.074455009460449223
v -0.051414424896240235 0.034622184753417967 0.072887443542480473
v -0.050740779876708983 0.034847854614257816 0.076005378723144529
v -0.049879859924316407 0.035974849700927736 0.077182182312011724
v -0.04807915496826172 0.038567298889160155 0.072613807678222661
v -0.048132286071777344 0.038716449737548828 0.071266571044921873
v -0.047851673126220705 0.038836265563964842 0.072422554016113277
v -0.047165203094482425 0.039514713287353516 0.073170021057128914
v -0.047629177093505858 0.039097007751464845 0.072216148376464839
v -0.047623451232910161 0.038967395782470701 0.073676437377929685
v -0.046741413116455077 0.039968616485595701 0.074126060485839848
v -0.047392444610595705 0.039244819641113281 0.07343098449707032
v -0.047345996856689457 0.039623016357421874 0.070557815551757816
v -0.04616477584838867 0.040633266448974609 0.073405067443847657
v -0.046547061920166014 0.04051845932006836 0.0699891357421875
v -0.045578498840332035 0.041289787292480472 0.072829635620117184
v -0.044972854614257811 0.041948600769042971 0.072394058227539068
v -0.045391098022460941 0.041770587921142577 0.069422477722167975
v -0.044357585906982425 0.042598644256591794 0.072109161376953126
v -0.04421040725708008 0.042999431610107421 0.069138740539550783
v -0.043732868194580082 0.043239738464355471 0.071975028991699219
v -0.043005458831787108 0.044204498291015623 0.069138038635253904
v -0.043098876953125004 0.043871692657470707 0.071991683959960945
v -0.042455791473388675 0.044494338989257816 0.072159133911132808
v -0.041776733398437502 0.045385311126708988 0.069420372009277351
v -0.041751255035400392 0.045156131744384764 0.072509292602539063
v -0.040423564910888672 0.04663280487060547 0.070043067932128902
v -0.039097007751464845 0.047629177093505858 0.072216148376464839
v -0.038716449737548828 0.048132286071777344 0.071266571044921873
v -0.040867462158203124 0.04595757293701172 0.073183944702148437
v -0.039514713287353516 0.047165203094482425 0.073170021057128914
v -0.039968616485595701 0.046741413116455077 0.074126060485839848
v -0.038836265563964842 0.047851673126220705 0.072422554016113277
v -0.037943504333496095 0.048813247680664064 0.071680992126464851
v -0.038567298889160155 0.04807915496826172 0.072613807678222661
v -0.038290939331054687 0.048310726165771485 0.072791229248046874
v -0.039244819641113281 0.047392444610595705 0.07343098449707032
v -0.038967395782470701 0.047623451232910161 0.073676437377929685
v -0.039119228363037113 0.047454566955566407 0.075027267456054689
v -0.038683208465576172 0.047857406616210942 0.073907691955566401
v -0.037144630432128907 0.049473228454589846 0.072100914001464844
v -0.036297435760498049 0.050149665832519535 0.072434448242187505
v -0.03795089340209961 0.048393577575683598 0.075999999999999998
v -0.03634825134277344 0.049608364105224609 0.076984077453613284
v -0.023555545806884765 0.056823970794677735 0.078699996948242187
v -0.02230581283569336 0.058100452423095701 0.073555816650390626
v -0.025191442489624023 0.056910743713378904 0.073551399230957035
v -0.0070850601196289064 0.061236621856689454 0.072791229248046874
v -0.0076860713958740237 0.061346286773681639 0.071680992126464851
v -0.0097076015472412104 0.06113713836669922 0.072415840148925784
v -0.0064871387481689451 0.061193454742431645 0.073907691955566401
v -0.0073790264129638674 0.061055347442626952 0.075999999999999998
v -0.0058939733505249028 0.061216918945312504 0.075027267456054689
v -0.034621398925781248 0.051095359802246096 0.074446372985839851
v -0.034484020233154299 0.051516147613525388 0.072907348632812508
v -0.034845157623291018 0.050743133544921874 0.075996765136718755
v -0.034486122131347656 0.050921222686767582 0.077811828613281245
v -0.031485662460327149 0.052828235626220701 0.078699996948242187
v -0.030465906143188476 0.053751766204833983 0.075200523376464851
v -0.030153038024902344 0.054344589233398438 0.073415565490722659
v -0.030547353744506837 0.053458728790283204 0.077025947570800779
v -0.028903018951416018 0.054289154052734379 0.078699996948242187
v -0.025987091064453127 0.056099617004394531 0.075472846984863284
v -0.025947826385498047 0.055848793029785154 0.077432594299316412
v -0.026256166458129882 0.055625053405761717 0.078699996948242187
v -0.02128942108154297 0.058043422698974612 0.075480354309082037
v -0.019364461898803711 0.059107452392578128 0.07350283813476563
v -0.017984437942504882 0.058815494537353519 0.078699996948242187
v -0.021140157699584963 0.057838821411132814 0.077440551757812504
v -0.020794996261596681 0.057888038635253908 0.078699996948242187
v -0.016469781875610351 0.059551010131835939 0.075191940307617194
v -0.015434339523315429 0.060156593322753908 0.073301620483398444
v -0.01620465660095215 0.059400959014892576 0.077017303466796874
v -0.01513106918334961 0.059609302520751951 0.078699485778808601
v -0.012462800979614257 0.060223934173583987 0.078070320129394535
v -0.011644972801208497 0.060610733032226562 0.074455009460449223
v -0.011861885070800781 0.060839069366455077 0.072885444641113281
v -0.011238001823425292 0.060520305633544921 0.076005378723144529
v -0.0098323307037353515 0.060708446502685545 0.077182182312011724
v -0.0067258963584899906 0.061268295288085937 0.072613807678222661
v -0.0066580023765563968 0.06141132736206055 0.071266571044921873
v -0.0063748550415039067 0.061297626495361329 0.072422554016113277
v -0.0054097142219543459 0.061291954040527348 0.073170021057128914
v -0.0060331535339355471 0.061324672698974611 0.072216148376464839
v -0.0061207547187805177 0.061228973388671878 0.073676437377929685
v -0.0047890896797180178 0.061313251495361328 0.074126060485839848
v -0.0057612409591674806 0.061261795043945313 0.07343098449707032
v -0.0054609727859497069 0.061496379852294926 0.070557815551757816
v -0.0039113676548004151 0.061375484466552735 0.073405067443847657
v -0.0042628669738769536 0.061564620971679689 0.0699891357421875
v -0.0030325779914855957 0.061425151824951174 0.072829635620117184
v -0.0021384701728820801 0.061462749481201173 0.072394058227539068
v -0.0025600862503051759 0.061632621765136723 0.069422477722167975
v -0.0012437589168548585 0.061487339019775392 0.072109161376953126
v -0.00085628849267959598 0.061666667938232424 0.069138740539550783
v -0.00034869685769081118 0.061498920440673829 0.071975028991699219
v 0.00084784930944442746 0.061666751861572264 0.069138038635253904
v 0.00054646354913711552 0.061497482299804687 0.071991683959960945
v 0.0014414697885513307 0.061483028411865238 0.072159133911132808
v 0.0025516502857208254 0.06163287353515625 0.069420372009277351
v 0.0024076123237609863 0.061452804565429689 0.072509292602539063
v 0.0043905963897705076 0.061558151245117189 0.070043067932128902
v 0.0060331535339355471 0.061324672698974611 0.072216148376464839
v 0.0066580023765563968 0.06141132736206055 0.071266571044921873
v 0.0035992534160614017 0.061394569396972659 0.073183944702148437
v 0.0054097142219543459 0.061291954040527348 0.073170021057128914
v 0.0047890896797180178 0.061313251495361328 0.074126060485839848
v 0.0063748550415039067 0.061297626495361329 0.072422554016113277
v 0.0076860713958740237 0.061346286773681639 0.071680992126464851
v 0.0067258963584899906 0.061268295288085937 0.072613807678222661
v 0.0070850601196289064 0.061236621856689454 0.072791229248046874
v 0.0057612409591674806 0.061261795043945313 0.07343098449707032
v 0.0061207547187805177 0.061228973388671878 0.073676437377929685
v 0.0058939733505249028 0.061216918945312504 0.075027267456054689
v 0.0064871387481689451 0.061193454742431645 0.073907691955566401
v 0.0097390460968017588 0.061133281707763672 0.072423866271972656
v 0.0073799991607666014 0.061055255889892579 0.075999999999999998
v 0.0093902769088745116 0.060778331756591801 0.07699771118164063
v 0.023536111831665041 0.056831592559814452 0.078699996948242187
v 0.025282726287841797 0.056867198944091799 0.073560447692871095
v 0.022401573181152344 0.058064399719238283 0.073554893493652351
v 0.038290939331054687 0.048310726165771485 0.072791229248046874
v 0.037943504333496095 0.048813247680664064 0.071680992126464851
v 0.036362110137939455 0.050097854614257815 0.07241786193847656
v 0.037955211639404296 0.048390075683593749 0.075999999999999998
v 0.036140274047851563 0.049759845733642581 0.077102081298828132
v 0.038683208465576172 0.047857406616210942 0.073907691955566401
v 0.039119228363037113 0.047454566955566407 0.075027267456054689
v 0.01164558506011963 0.060610870361328124 0.07445393371582032
v 0.011927351951599122 0.060828411102294921 0.072895622253417974
v 0.011238567352294922 0.060520347595214845 0.076004165649414063
v 0.011628162384033204 0.060390750885009767 0.077820571899414062
v 0.015124608993530273 0.059610923767089846 0.078699996948242187
v 0.016468753814697267 0.059551177978515626 0.075192680358886724
v 0.017078481674194335 0.059758049011230469 0.073405693054199223
v 0.01620372009277344 0.059401218414306643 0.077018188476562499
v 0.017975561141967775 0.058818584442138673 0.078699996948242187
v 0.021291679382324218 0.058043914794921873 0.075475982666015629
v 0.021142189025878905 0.057838943481445311 0.07743568420410156
v 0.020784624099731447 0.057892330169677736 0.078699996948242187
v 0.025987636566162108 0.056096649169921874 0.075484001159667968
v 0.028076366424560548 0.055501499176025391 0.073504844665527341
v 0.028870403289794924 0.054306667327880857 0.078699996948242187
v 0.025948621749877929 0.055846599578857424 0.077444160461425784
v 0.026233758926391602 0.055634628295898436 0.078699996948242187
v 0.030463819503784181 0.053754905700683593 0.075189949035644535
v 0.032123374938964847 0.053131378173828125 0.073253334045410151
v 0.030545122146606447 0.053461246490478516 0.07701532745361328
v 0.031446866989135742 0.052852134704589847 0.078698616027832027
v 0.033979763031005861 0.051260322570800786 0.078000778198242193
v 0.034623615264892577 0.051092498779296877 0.074455970764160162
v 0.034623523712158204 0.051413383483886722 0.072887992858886724
v 0.034847469329833985 0.050740829467773439 0.076006324768066402
v 0.038567298889160155 0.04807915496826172 0.072613807678222661
v 0.038716449737548828 0.048132286071777344 0.071266571044921873
v 0.038836265563964842 0.047851673126220705 0.072422554016113277
v 0.039514713287353516 0.047165203094482425 0.073170021057128914
v 0.039097007751464845 0.047629177093505858 0.072216148376464839
v 0.038967395782470701 0.047623451232910161 0.073676437377929685
v 0.039968616485595701 0.046741413116455077 0.074126060485839848
v 0.039244819641113281 0.047392444610595705 0.07343098449707032
v 0.039623016357421874 0.047345996856689457 0.070557815551757816
v 0.040633266448974609 0.04616477584838867 0.073405067443847657
v 0.04051845932006836 0.046547061920166014 0.0699891357421875
v 0.041289787292480472 0.045578498840332035 0.072829635620117184
v 0.041948600769042971 0.044972854614257811 0.072394058227539068
v 0.041770587921142577 0.045391098022460941 0.069422477722167975
v 0.042598644256591794 0.044357585906982425 0.072109161376953126
v 0.042999431610107421 0.04421040725708008 0.069138740539550783
v 0.043239738464355471 0.043732868194580082 0.071975028991699219
v 0.044204498291015623 0.043005458831787108 0.069138038635253904
v 0.043871692657470707 0.043098876953125004 0.071991683959960945
v 0.044494338989257816 0.042455791473388675 0.072159133911132808
v 0.045385311126708988 0.041776733398437502 0.069420372009277351
v 0.045156131744384764 0.041751255035400392 0.072509292602539063
v 0.04663280487060547 0.040423564910888672 0.070043067932128902
v 0.047629177093505858 0.039097007751464845 0.072216148376464839
v 0.048132286071777344 0.038716449737548828 0.071266571044921873
v 0.04595757293701172 0.040867462158203124 0.073183944702148437
v 0.047165203094482425 0.039514713287353516 0.073170021057128914
v 0.046741413116455077 0.039968616485595701 0.074126060485839848
v 0.047851673126220705 0.038836265563964842 0.072422554016113277
v 0.048813247680664064 0.037943504333496095 0.071680992126464851
v 0.04807915496826172 0.038567298889160155 0.072613807678222661
v 0.048310726165771485 0.038290939331054687 0.072791229248046874
v 0.047392444610595705 0.039244819641113281 0.07343098449707032
v 0.047623451232910161 0.038967395782470701 0.073676437377929685
v 0.047454566955566407 0.039119228363037113 0.075027267456054689
v 0.047857406616210942 0.038683208465576172 0.073907691955566401
v 0.05011430358886719 0.036341213226318357 0.072423866271972656
v 0.048391033172607421 0.037954139709472659 0.075999999999999998
v 0.049616699218750004 0.036336841583251955 0.07699771118164063
v 0.056828548431396488 0.023543458938598633 0.078699996948242187
v 0.058088768005371098 0.022333595275878908 0.073560447692871095
v 0.056898036956787114 0.02521742820739746 0.073554893493652351
v 0.061236621856689454 0.0070850601196289064 0.072791229248046874
v 0.061346286773681639 0.0076860713958740237 0.071680992126464851
v 0.061136428833007815 0.0097126388549804692 0.07241786193847656
v 0.06105533599853516 0.0073785629272460941 0.075999999999999998
v 0.060740558624267582 0.0096304893493652354 0.077102081298828132
v 0.061193454742431645 0.0064871387481689451 0.073907691955566401
v 0.061216918945312504 0.0058939733505249028 0.075027267456054689
v 0.051093029022216796 0.034623687744140624 0.07445393371582032
v 0.051446094512939453 0.034578269958496097 0.072895622253417974
v 0.05074121475219727 0.034847480773925785 0.076004165649414063
v 0.050925060272216799 0.034480358123779295 0.077820571899414062
v 0.052846000671386721 0.031456575393676758 0.078699996948242187
v 0.053754211425781254 0.030463874816894533 0.075192680358886724
v 0.054331634521484373 0.030179008483886719 0.073405693054199223
v 0.053460765838623046 0.030545244216918947 0.077018188476562499
v 0.054301662445068358 0.028880376815795899 0.078699996948242187
v 0.056098735809326172 0.025987756729125976 0.075475982666015629
v 0.055848094940185548 0.025948524475097656 0.07743568420410156
v 0.055633007049560548 0.026239109039306641 0.078699996948242187
v 0.058042354583740234 0.021290287017822266 0.075484001159667968
v 0.059098476409912108 0.019392498016357423 0.073504844665527341
v 0.058815071105957031 0.017986156463623046 0.078699996948242187
v 0.057837955474853514 0.021141063690185546 0.077444160461425784
v 0.05788969039916992 0.020789552688598632 0.078699996948242187
v 0.059551631927490238 0.016469285964965819 0.075189949035644535
v 0.060284217834472659 0.014854901313781739 0.073253334045410151
v 0.059401473999023437 0.016204147338867186 0.07701532745361328
v 0.059608394622802735 0.015135809898376465 0.078698616027832027
v 0.060273841857910154 0.012219201087951661 0.078000778198242193
v 0.060610446929931644 0.011645260810852051 0.074455970764160162
v 0.060837280273437502 0.011872221946716308 0.072887992858886724
v 0.060520069122314453 0.011238302230834961 0.076006324768066402
v 0.061268295288085937 0.0067258963584899906 0.072613807678222661
v 0.06141132736206055 0.0066580023765563968 0.071266571044921873
v 0.061297626495361329 0.0063748550415039067 0.072422554016113277
v 0.061291954040527348 0.0054097142219543459 0.073170021057128914
v 0.061324672698974611 0.0060331535339355471 0.072216148376464839
v 0.061228973388671878 0.0061207547187805177 0.073676437377929685
v 0.061313251495361328 0.0047890896797180178 0.074126060485839848
v 0.061261795043945313 0.0057612409591674806 0.07343098449707032
v 0.061496379852294926 0.0054609727859497069 0.070557815551757816
v 0.061375484466552735 0.0039113676548004151 0.073405067443847657
v 0.061564620971679689 0.0042628669738769536 0.0699891357421875
v 0.061425151824951174 0.0030325779914855957 0.072829635620117184
v 0.061462749481201173 0.0021384701728820801 0.072394058227539068
v 0.061632621765136723 0.0025600862503051759 0.069422477722167975
v 0.061487339019775392 0.0012437589168548585 0.072109161376953126
v 0.061666667938232424 0.00085628849267959598 0.069138740539550783
v 0.061498920440673829 0.00034869685769081118 0.071975028991699219
v 0.061666751861572264 -0.00084784930944442746 0.069138038635253904
v 0.061497482299804687 -0.00054646354913711552 0.071991683959960945
v 0.061483028411865238 -0.0014414697885513307 0.072159133911132808
v 0.06163287353515625 -0.0025516502857208254 0.069420372009277351
v 0.061452804565429689 -0.0024076123237609863 0.072509292602539063
v 0.061558151245117189 -0.0043905963897705076 0.070043067932128902
v 0.061324672698974611 -0.0060331535339355471 0.072216148376464839
v 0.06141132736206055 -0.0066580023765563968 0.071266571044921873
v 0.061394569396972659 -0.0035992534160614017 0.073183944702148437
v 0.061291954040527348 -0.0054097142219543459 0.073170021057128914
v 0.061313251495361328 -0.0047890896797180178 0.074126060485839848
v 0.061297626495361329 -0.0063748550415039067 0.072422554016113277
v 0.061346286773681639 -0.0076860713958740237 0.071680992126464851
v 0.061268295288085937 -0.0067258963584899906 0.072613807678222661
v 0.061236621856689454 -0.0070850601196289064 0.072791229248046874
v 0.061261795043945313 -0.0057612409591674806 0.07343098449707032
v 0.061228973388671878 -0.0061207547187805177 0.073676437377929685
v 0.061216918945312504 -0.0058939733505249028 0.075027267456054689
v 0.061193454742431645 -0.0064871387481689451 0.073907691955566401
v 0.061133281707763672 -0.0097390460968017588 0.072423866271972656
v 0.061055255889892579 -0.0073799991607666014 0.075999999999999998
v 0.060778331756591801 -0.0093902769088745116 0.07699771118164063
v 0.056831592559814452 -0.023536111831665041 0.078699996948242187
v 0.056867198944091799 -0.025282726287841797 0.073560447692871095
v 0.058064399719238283 -0.022401573181152344 0.073554893493652351
v 0.048310726165771485 -0.038290939331054687 0.072791229248046874
v 0.048813247680664064 -0.037943504333496095 0.071680992126464851
v 0.050097854614257815 -0.036362110137939455 0.07241786193847656
v 0.048390075683593749 -0.037955211639404296 0.075999999999999998
v 0.049759845733642581 -0.036140274047851563 0.077102081298828132
v 0.047857406616210942 -0.038683208465576172 0.073907691955566401
v 0.047454566955566407 -0.039119228363037113 0.075027267456054689
v 0.060610870361328124 -0.01164558506011963 0.07445393371582032
v 0.060828411102294921 -0.011927351951599122 0.072895622253417974
v 0.060520347595214845 -0.011238567352294922 0.076004165649414063
v 0.060390750885009767 -0.011628162384033204 0.077820571899414062
v 0.059610923767089846 -0.015124608993530273 0.078699996948242187
v 0.059551177978515626 -0.016468753814697267 0.075192680358886724
v 0.059758049011230469 -0.017078481674194335 0.073405693054199223
v 0.059401218414306643 -0.01620372009277344 0.077018188476562499
v 0.058818584442138673 -0.017975561141967775 0.078699996948242187
v 0.058043914794921873 -0.021291679382324218 0.075475982666015629
v 0.057838943481445311 -0.021142189025878905 0.07743568420410156
v 0.057892330169677736 -0.020784624099731447 0.078699996948242187
v 0.056096649169921874 -0.025987636566162108 0.075484001159667968
v 0.055501499176025391 -0.028076366424560548 0.073504844665527341
v 0.054306667327880857 -0.028870403289794924 0.078699996948242187
v 0.055846599578857424 -0.025948621749877929 0.077444160461425784
v 0.055634628295898436 -0.026233758926391602 0.078699996948242187
v 0.053754905700683593 -0.030463819503784181 0.075189949035644535
v 0.053131378173828125 -0.032123374938964847 0.073253334045410151
v 0.053461246490478516 -0.030545122146606447 0.07701532745361328
v 0.052852134704589847 -0.031446866989135742 0.078698616027832027
v 0.051260322570800786 -0.033979763031005861 0.078000778198242193
v 0.051092498779296877 -0.034623615264892577 0.074455970764160162
v 0.051413383483886722 -0.034623523712158204 0.072887992858886724
v 0.050740829467773439 -0.034847469329833985 0.076006324768066402
v 0.04807915496826172 -0.038567298889160155 0.072613807678222661
v 0.048132286071777344 -0.038716449737548828 0.071266571044921873
v 0.047851673126220705 -0.038836265563964842 0.072422554016113277
v 0.047165203094482425 -0.039514713287353516 0.073170021057128914
v 0.047629177093505858 -0.039097007751464845 0.072216148376464839
v 0.047623451232910161 -0.038967395782470701 0.073676437377929685
v 0.046741413116455077 -0.039968616485595701 0.074126060485839848
v 0.047392444610595705 -0.039244819641113281 0.07343098449707032
v 0.047345996856689457 -0.039623016357421874 0.070557815551757816
v 0.04616477584838867 -0.040633266448974609 0.073405067443847657
v 0.046547061920166014 -0.04051845932006836 0.0699891357421875
v 0.045578498840332035 -0.041289787292480472 0.072829635620117184
v 0.044972854614257811 -0.041948600769042971 0.072394058227539068
v 0.045391098022460941 -0.041770587921142577 0.069422477722167975
v 0.044357585906982425 -0.042598644256591794 0.072109161376953126
v 0.04421040725708008 -0.042999431610107421 0.069138740539550783
v 0.043732868194580082 -0.043239738464355471 0.071975028991699219
v 0.043005458831787108 -0.044204498291015623 0.069138038635253904
v 0.043098876953125004 -0.043871692657470707 0.071991683959960945
v 0.042455791473388675 -0.044494338989257816 0.072159133911132808
v 0.041776733398437502 -0.045385311126708988 0.069420372009277351
v 0.041751255035400392 -0.045156131744384764 0.072509292602539063
v 0.040423564910888672 -0.04663280487060547 0.070043067932128902
v 0.039097007751464845 -0.047629177093505858 0.072216148376464839
v 0.038716449737548828 -0.048132286071777344 0.071266571044921873
v 0.040867462158203124 -0.04595757293701172 0.073183944702148437
v 0.039514713287353516 -0.047165203094482425 0.073170021057128914
v 0.039968616485595701 -0.046741413116455077 0.074126060485839848
v 0.038836265563964842 -0.047851673126220705 0.072422554016113277
v 0.038567298889160155 -0.04807915496826172 0.072613807678222661
v 0.039244819641113281 -0.047392444610595705 0.07343098449707032
v 0.038967395782470701 -0.047623451232910161 0.073676437377929685
v -0.0067536730766296392 0.061423156738281248 0.071168006896972655
v -0.0071922254562377932 0.061416637420654299 0.07120816040039063
v -0.0068494238853454587 0.061434974670410154 0.071069511413574218
v -0.0069452548027038579 0.061446784973144535 0.070971092224121096
v -0.007439172744750977 0.061383144378662109 0.07144480133056641
v 0.0075551972389221195 0.062919319152832026 0.058700000762939457
v 0.0069452548027038579 0.061446784973144535 0.070971092224121096
v 0.0068494238853454587 0.061434974670410154 0.071069511413574218
v 0.0067536730766296392 0.061423156738281248 0.071168006896972655
v -0.0075551972389221195 0.062919319152832026 0.058700000762939457
v 0.0071922254562377932 0.061416633605957033 0.07120816040039063
v 0.0074391722679138187 0.061383136749267576 0.07144480133056641
v 0.038144142150878906 0.048664722442626956 0.07144480133056641
v 0.038342449188232423 0.048513790130615235 0.07120816040039063
v 0.03853840255737305 0.048360477447509764 0.070971092224121096
v 0.035385990142822267 0.051340454101562502 0.070258560180664065
v 0.012060909271240235 0.061055477142333989 0.071541473388671881
v 0.011776344299316406 0.061281761169433596 0.070194671630859379
v 0.017087591171264647 0.059979457855224613 0.072422805786132818
v 0.016571235656738282 0.060354045867919925 0.071096862792968757
v 0.016676616668701173 0.060539226531982425 0.069712898254394529
v 0.02162218475341797 0.058679321289062503 0.07221855926513672
v 0.021517202377319335 0.058991489410400388 0.070854141235351567
v 0.021589151382446291 0.059185123443603514 0.069475257873535159
v 0.026171480178833008 0.056797615051269533 0.072217720031738278
v 0.026463790893554689 0.056945720672607426 0.07085315704345703
v 0.026775653839111329 0.057022220611572264 0.06948037719726563
v 0.030302387237548828 0.054511749267578125 0.07242062377929688
v 0.030930324554443361 0.054413482666015624 0.071094261169433598
v 0.031507556915283202 0.054275859832763673 0.069756057739257818
v 0.034633262634277344 0.051710849761962892 0.071539405822753907
v 0.038657161712646486 0.048208297729492186 0.071168006896972655
v 0.038597812652587889 0.04828436279296875 0.071069511413574218
v 0.049833007812500003 0.039148345947265628 0.058700000762939457
v 0.048360477447509764 0.03853840255737305 0.070971092224121096
v 0.04828436279296875 0.038597812652587889 0.071069511413574218
v 0.048208297729492186 0.038657161712646486 0.071168006896972655
v 0.039148345947265628 0.049833007812500003 0.058700000762939457
v 0.048513790130615235 0.038342445373535157 0.07120816040039063
v 0.048664722442626956 0.038144142150878906 0.07144480133056641
v 0.061383136749267576 0.0074391722679138187 0.07144480133056641
v 0.061416637420654299 0.0071922254562377932 0.07120816040039063
v 0.061446784973144535 0.0069452548027038579 0.070971092224121096
v 0.061324859619140623 0.011281473159790039 0.070258567810058598
v 0.05170109176635742 0.034644393920898436 0.071541473388671881
v 0.051659908294677738 0.035005588531494145 0.070194664001464846
v 0.054494632720947268 0.03032913398742676 0.072422805786132818
v 0.054394386291503907 0.030959125518798827 0.071096862792968757
v 0.054599895477294921 0.031015480041503906 0.069712890624999996
v 0.056781738281250001 0.026203359603881836 0.072218551635742187
v 0.056928241729736331 0.026498329162597655 0.070854141235351567
v 0.057116077423095706 0.026584295272827151 0.069475257873535159
v 0.058668010711669924 0.021655954360961915 0.072217720031738278
v 0.058979431152343754 0.021553985595703127 0.07085315704345703
v 0.059254074096679689 0.02138747215270996 0.06948037719726563
v 0.059972648620605473 0.017118606567382812 0.07242062377929688
v 0.060347183227539063 0.016605104446411133 0.071094261169433598
v 0.060658054351806642 0.016099533081054686 0.069756057739257818
v 0.061054508209228517 0.012075681686401368 0.071539405822753907
v 0.061423156738281248 0.0067536730766296392 0.071168006896972655
v 0.061434974670410154 0.0068494238853454587 0.071069511413574218
v 0.062919319152832026 0.0075551972389221195 0.058700000762939457
v 0.061423156738281248 -0.0067536730766296392 0.071168006896972655
v 0.061434974670410154 -0.0068494238853454587 0.071069511413574218
v 0.061446784973144535 -0.0069452548027038579 0.070971092224121096
v 0.062919319152832026 -0.0075551972389221195 0.058700000762939457
v 0.061416633605957033 -0.0071922254562377932 0.07120816040039063
v 0.061383136749267576 -0.0074391722679138187 0.07144480133056641
v 0.048664722442626956 -0.038144142150878906 0.07144480133056641
v 0.048513790130615235 -0.038342449188232423 0.07120816040039063
v 0.048360477447509764 -0.03853840255737305 0.070971092224121096
v 0.051340454101562502 -0.035385990142822267 0.070258560180664065
v 0.061055477142333989 -0.012060909271240235 0.071541473388671881
v 0.061281761169433596 -0.011776344299316406 0.070194671630859379
v 0.059979457855224613 -0.017087591171264647 0.072422805786132818
v 0.060354045867919925 -0.016571235656738282 0.071096862792968757
v 0.060539226531982425 -0.016676616668701173 0.069712898254394529
v 0.058679321289062503 -0.02162218475341797 0.07221855926513672
v 0.058991489410400388 -0.021517202377319335 0.070854141235351567
v 0.059185123443603514 -0.021589151382446291 0.069475257873535159
v 0.056797615051269533 -0.026171480178833008 0.072217720031738278
v 0.056945720672607426 -0.026463790893554689 0.07085315704345703
v 0.057022220611572264 -0.026775653839111329 0.06948037719726563
v 0.054511749267578125 -0.030302387237548828 0.07242062377929688
v 0.054413482666015624 -0.030930324554443361 0.071094261169433598
v 0.054275859832763673 -0.031507556915283202 0.069756057739257818
v 0.051710849761962892 -0.034633262634277344 0.071539405822753907
v 0.048208297729492186 -0.038657161712646486 0.071168006896972655
v 0.04828436279296875 -0.038597812652587889 0.071069511413574218
v 0.049833007812500003 -0.039148345947265628 0.058700000762939457
v 0.038657161712646486 -0.048208297729492186 0.071168006896972655
v 0.038597812652587889 -0.04828436279296875 0.071069511413574218
v 0.03853840255737305 -0.048360477447509764 0.070971092224121096
v 0.039148345947265628 -0.049833007812500003 0.058700000762939457
v 0.038342445373535157 -0.048513790130615235 0.07120816040039063
v 0.038144142150878906 -0.048664722442626956 0.07144480133056641
v 0.034631374359130863 -0.051968654632568362 0.070134719848632815
v 0.0074391722679138187 -0.061383136749267576 0.07144480133056641
v 0.0071922254562377932 -0.061416637420654299 0.07120816040039063
v 0.011042882919311523 -0.061343429565429687 0.070290588378906255
v 0.0069452548027038579 -0.061446784973144535 0.070971092224121096
v 0.032894744873046874 -0.053057788848876956 0.071294067382812507
v 0.030603536605834963 -0.054863655090332031 0.069679710388183588
v 0.02619390296936035 -0.056788814544677733 0.072214973449707037
v 0.026487806320190429 -0.056935863494873049 0.070851806640625001
v 0.026097881317138673 -0.057353504180908205 0.06946309661865234
v 0.021649700164794922 -0.058671463012695317 0.072214744567871095
v 0.02154730224609375 -0.058982738494873045 0.070851531982421875
v 0.020873327255249024 -0.059423828125000001 0.069495025634765631
v 0.017115394592285157 -0.05997449493408203 0.072417892456054692
v 0.016602228164672852 -0.06034864044189453 0.071092880249023438
v 0.015529688835144044 -0.060767456054687502 0.069801948547363282
v 0.012079030990600587 -0.061054542541503908 0.071537544250488277
v -0.04828436279296875 -0.038597812652587889 0.071069511413574218
v -0.048513790130615235 -0.038342445373535157 0.07120816040039063
v -0.048360477447509764 -0.03853840255737305 0.070971092224121096
v -0.048208297729492186 -0.038657161712646486 0.071168006896972655
v -0.048664722442626956 -0.038144142150878906 0.07144480133056641
v -0.051968654632568362 -0.034631374359130863 0.070134719848632815
v -0.054863655090332031 -0.030603536605834963 0.069679710388183588
v -0.061383136749267576 -0.0074391722679138187 0.07144480133056641
v -0.061416637420654299 -0.0071922254562377932 0.07120816040039063
v -0.061343429565429687 -0.011042846679687501 0.070290596008300787
v -0.061446784973144535 -0.0069452548027038579 0.070971092224121096
v -0.053298263549804686 -0.032128837585449217 0.072590034484863286
v -0.053058101654052739 -0.032893867492675782 0.071295600891113281
v -0.056788406372070312 -0.02619318199157715 0.072218177795410163
v -0.056935722351074219 -0.026487474441528321 0.070853424072265622
v -0.057353534698486329 -0.026097810745239258 0.06946309661865234
v -0.058670665740966799 -0.021649919509887695 0.07221794891357422
v -0.058982398986816405 -0.021547433853149413 0.070853141784667964
v -0.059423851013183593 -0.02087325096130371 0.069495025634765631
v -0.059973541259765624 -0.017116586685180665 0.072421005249023437
v -0.060348236083984375 -0.016602840423583985 0.071094451904296876
v -0.060767471313476561 -0.015529603958129884 0.069801956176757815
v -0.061054172515869143 -0.01208008861541748 0.071539031982421883
v -0.061423156738281248 -0.0067536730766296392 0.071168006896972655
v -0.061434974670410154 -0.0068494238853454587 0.071069511413574218
v -0.062919319152832026 -0.0075551972389221195 0.058700000762939457
v -0.061423156738281248 0.0067536730766296392 0.071168006896972655
v -0.061434974670410154 0.0068494238853454587 0.071069511413574218
v -0.061446784973144535 0.0069452548027038579 0.070971092224121096
v -0.062919319152832026 0.0075551972389221195 0.058700000762939457
v -0.061416633605957033 0.0071922254562377932 0.07120816040039063
v -0.061383136749267576 0.0074391722679138187 0.07144480133056641
v -0.06123546600341797 0.012259318351745607 0.070134719848632815
v -0.048664722442626956 0.038144142150878906 0.07144480133056641
v -0.048513790130615235 0.038342449188232423 0.07120816040039063
v -0.051184822082519531 0.035567890167236327 0.070290596008300787
v -0.048360477447509764 0.03853840255737305 0.070971092224121096
v -0.06077761840820313 0.01425742244720459 0.071294067382812507
v -0.060434425354003909 0.017154514312744142 0.069679710388183588
v -0.058677639007568359 0.021633869171142579 0.072214973449707037
v -0.05898944473266602 0.021530029296874999 0.070851806640625001
v -0.059009006500244141 0.022101156234741213 0.06946309661865234
v -0.056795639038085939 0.026178339004516601 0.072214744567871095
v -0.056943336486816411 0.02647085189819336 0.070851531982421875
v -0.056778614044189456 0.027259412765502929 0.069495025634765631
v -0.05451078033447266 0.030305959701538085 0.072417892456054692
v -0.054412483215332035 0.030933385848999025 0.071092880249023438
v -0.053950164794921873 0.03198802185058594 0.069801956176757815
v -0.051713245391845707 0.034630916595458985 0.071537544250488277
v -0.048208297729492186 0.038657161712646486 0.071168006896972655
v -0.04828436279296875 0.038597812652587889 0.071069511413574218
v -0.03853840255737305 0.048360477447509764 0.070971092224121096
v -0.038597812652587889 0.04828436279296875 0.071069511413574218
v -0.038657161712646486 0.048208297729492186 0.071168006896972655
v -0.039148345947265628 0.049833007812500003 0.058700000762939457
v -0.049833007812500003 0.039148345947265628 0.058700000762939457
v -0.038342445373535157 0.048513790130615235 0.07120816040039063
v -0.038144142150878906 0.048664722442626956 0.07144480133056641
v -0.011281473159790039 0.061324859619140623 0.070258567810058598
v -0.034645462036132814 0.051700576782226566 0.071539901733398442
v -0.035005588531494145 0.051659908294677738 0.070194664001464846
v -0.030330738067626952 0.054494445800781249 0.072419525146484379
v -0.030959888458251955 0.054394229888916019 0.071095207214355471
v -0.031015480041503906 0.054599895477294921 0.069712890624999996
v -0.02620412254333496 0.056782165527343754 0.072215179443359381
v -0.026498680114746095 0.056928394317626953 0.070852439880371099
v -0.026584295272827151 0.057116077423095706 0.069475257873535159
v -0.021655723571777342 0.058668846130371093 0.072214340209960939
v -0.021553846359252931 0.058979785919189454 0.070851448059082028
v -0.02138747215270996 0.059254074096679689 0.06948037719726563
v -0.017117347717285156 0.059973651885986329 0.072417343139648441
v -0.016604457855224609 0.060347610473632816 0.071092605590820312
v -0.016099533081054686 0.060658054351806642 0.069756057739257818
v -0.012074564933776856 0.061054897308349614 0.071537834167480469
v 0.04126803970336914 0.045598236083984375 0.078699996948242187
v 0.045590530395507811 0.041276550292968749 0.078699996948242187
v 0.036537906646728513 0.049469501495361327 0.078699996948242187
v 0.049462680816650395 0.036547138214111326 0.078699996948242187
v 0.060816421508789062 0.0091440181732177737 0.078699996948242187
v 0.0091336193084716796 0.060817981719970701 0.078699996948242187
v 0.061423732757568364 0.0030619096755981445 0.078699996948242187
v 0.0030523693561553956 0.061424205780029301 0.078699996948242187
v 0.06142430114746094 -0.0030504446029663086 0.078699996948242187
v -0.0030590224266052249 0.061423873901367186 0.078699996948242187
v 0.060818126678466797 -0.0091326665878295899 0.078699996948242187
v -0.0091402072906494134 0.060816993713378904 0.078699996948242187
v 0.049473548889160154 -0.03653242492675781 0.078699996948242187
v -0.036568290710449217 0.049447044372558598 0.078699996948242187
v 0.045607379913330082 -0.041257930755615235 0.078699996948242187
v -0.041290279388427734 0.045578098297119139 0.078699996948242187
v 0.041291706085205077 -0.045576805114746093 0.078699996948242187
v -0.045605442047119145 0.041260074615478516 0.078699996948242187
v 0.036569065093994144 -0.049446472167968748 0.078699996948242187
v -0.049471260070800785 0.036535522460937497 0.078699996948242187
v 0.0091402072906494134 -0.060816993713378904 0.078699996948242187
v -0.060822170257568357 0.0091057033538818367 0.078699996948242187
v 0.0030590231418609619 -0.061423873901367186 0.078699996948242187
v -0.061425312042236328 0.0030300207138061522 0.078699996948242187
v -0.0030523688793182373 -0.061424205780029301 0.078699996948242187
v -0.061423049926757817 -0.0030755252838134766 0.078699996948242187
v -0.0091336193084716796 -0.060817981719970701 0.078699996948242187
v -0.060815406799316407 -0.0091507587432861325 0.078699996948242187
v -0.036537906646728513 -0.049469501495361327 0.078699996948242187
v -0.049462680816650395 -0.036547138214111326 0.078699996948242187
v -0.04126803970336914 -0.045598236083984375 0.078699996948242187
v -0.045590530395507811 -0.041276550292968749 0.078699996948242187
v 0.0067536730766296392 -0.061423156738281248 0.071168006896972655
v 0.0068494238853454587 -0.061434974670410154 0.071069511413574218
v 0.0075551972389221195 -0.062919319152832026 0.058700000762939457
v -0.0067536730766296392 -0.061423156738281248 0.071168006896972655
v -0.0068494238853454587 -0.061434974670410154 0.071069511413574218
v -0.0069452548027038579 -0.061446784973144535 0.070971092224121096
v -0.0075551972389221195 -0.062919319152832026 0.058700000762939457
v -0.0071922254562377932 -0.061416633605957033 0.07120816040039063
v -0.0074391722679138187 -0.061383136749267576 0.07144480133056641
v -0.038144142150878906 -0.048664722442626956 0.07144480133056641
v -0.038342449188232423 -0.048513790130615235 0.07120816040039063
v -0.03853840255737305 -0.048360477447509764 0.070971092224121096
v -0.035401611328124999 -0.051327426910400389 0.070261268615722655
v -0.012074321746826173 -0.061055953979492192 0.071540161132812502
v -0.01180067539215088 -0.061281734466552738 0.070191764831542977
v -0.017101671218872072 -0.059977050781249999 0.0724222640991211
v -0.016586610794067383 -0.060351810455322265 0.071095886230468752
v -0.016722761154174804 -0.060530590057373046 0.069709465026855474
v -0.021634288787841797 -0.05867664337158203 0.07221852111816407
v -0.021530492782592774 -0.058988853454589846 0.070853767395019529
v -0.021648654937744143 -0.059167060852050785 0.069473457336425778
v -0.026177005767822267 -0.056795597076416016 0.072218132019042966
v -0.026469913482666016 -0.056943595886230471 0.070853294372558592
v -0.026816749572753908 -0.057002819061279297 0.069481239318847657
v -0.030304540634155275 -0.054510921478271489 0.072421188354492183
v -0.030932851791381836 -0.054412578582763674 0.071094604492187505
v -0.031555408477783202 -0.054244712829589842 0.069760322570800781
v -0.034629760742187501 -0.051713832855224608 0.071539115905761716
v -0.039148345947265628 -0.049833007812500003 0.058700000762939457
v -0.038657161712646486 -0.048208297729492186 0.071168006896972655
v -0.038597812652587889 -0.04828436279296875 0.071069511413574218
v -0.049833007812500003 -0.039148345947265628 0.058700000762939457
v 0.0084217233657836923 -0.062919319152832026 0.05863068771362305
v 0.0092947244644165043 -0.062919319152832026 0.058422771453857422
v 0.011641996383666992 -0.062919319152832026 0.057198665618896485
v 0.013372891426086426 -0.062919319152832026 0.055696678161621098
v 0.010356650352478028 -0.062919319152832026 0.057987300872802738
v 0.016043659210205077 -0.062919319152832026 0.052421684265136721
v 0.019056123733520509 -0.062919319152832026 0.047383216857910158
v 0.028195459365844729 -0.06078589248657227 0.038593086242675781
v 0.022365436553955079 -0.062919319152832026 0.040258319854736331
v 0.026062034606933595 -0.062919319152832026 0.030374711990356445
v 0.030320692062377929 -0.058660659790039066 0.045438095092773439
v 0.032434585571289067 -0.056546768188476565 0.050894783020019534
v 0.033830684661865236 -0.055150669097900389 0.053740642547607423
v 0.036467266082763676 -0.052514087677001955 0.057404739379882816
v 0.037144954681396482 -0.051836399078369143 0.057971233367919921
v 0.035785114288330082 -0.053196235656738283 0.056676807403564455
v 0.034869144439697269 -0.054112209320068362 0.05545565414428711
v 0.038485782623291019 -0.050495571136474612 0.058619003295898441
v 0.037817890167236329 -0.051163463592529296 0.058376045227050782
v -0.0084922037124633785 -0.062919319152832026 0.058619003295898441
v -0.0094367465972900397 -0.062919319152832026 0.058376045227050782
v -0.010388420104980469 -0.062919319152832026 0.057971233367919921
v -0.011346816062927246 -0.062919319152832026 0.057404739379882816
v -0.012311522483825684 -0.062919319152832026 0.056676807403564455
v -0.013606901168823243 -0.062919319152832026 0.05545565414428711
v -0.015075504302978516 -0.062919319152832026 0.053740642547607423
v -0.017049888610839843 -0.062919319152832026 0.050894783020019534
v -0.020039382934570311 -0.062919319152832026 0.045438095092773439
v -0.023044916152954103 -0.062919319152832026 0.038593086242675781
v -0.028675924301147463 -0.060305427551269532 0.040258319854736331
v -0.026062034606933595 -0.062919319152832026 0.030374711990356445
v -0.031015962600708009 -0.057965389251708986 0.047383216857910158
v -0.033146095275878903 -0.055835254669189455 0.052421684265136721
v -0.03503461456298828 -0.053946739196777345 0.055696678161621098
v -0.036258541107177737 -0.052722808837890628 0.057198665618896485
v -0.037167419433593751 -0.051813934326171873 0.057987300872802738
v -0.03791831207275391 -0.051063037872314455 0.058422771453857422
v -0.038535617828369138 -0.05044573211669922 0.05863068771362305
v -0.050495571136474612 -0.038485782623291019 0.058619003295898441
v -0.051163463592529296 -0.037817890167236329 0.058376045227050782
v -0.051836399078369143 -0.037144954681396482 0.057971233367919921
v -0.052514087677001955 -0.036467266082763676 0.057404739379882816
v -0.053196235656738283 -0.035785114288330082 0.056676807403564455
v -0.054112209320068362 -0.034869144439697269 0.05545565414428711
v -0.055150669097900389 -0.033830684661865236 0.053740642547607423
v -0.056546768188476565 -0.032434585571289067 0.050894783020019534
v -0.058660659790039066 -0.030320692062377929 0.045438095092773439
v -0.06078589248657227 -0.028195459365844729 0.038593086242675781
v -0.062919319152832026 -0.022365436553955079 0.040258319854736331
v -0.062919319152832026 -0.026062034606933595 0.030374711990356445
v -0.062919319152832026 -0.019056123733520509 0.047383216857910158
v -0.062919319152832026 -0.016043659210205077 0.052421684265136721
v -0.062919319152832026 -0.013372891426086426 0.055696678161621098
v -0.062919319152832026 -0.011641996383666992 0.057198665618896485
v -0.062919319152832026 -0.010356650352478028 0.057987300872802738
v -0.062919319152832026 -0.0092947244644165043 0.058422771453857422
v -0.062919319152832026 -0.0084217233657836923 0.05863068771362305
v -0.050495571136474612 0.038485782623291019 0.058619003295898441
v -0.051163463592529296 0.037817890167236329 0.058376045227050782
v -0.051836399078369143 0.037144954681396482 0.057971233367919921
v -0.052514087677001955 0.036467266082763676 0.057404739379882816
v -0.053196235656738283 0.035785114288330082 0.056676807403564455
v -0.054112209320068362 0.034869144439697269 0.05545565414428711
v -0.055150669097900389 0.033830684661865236 0.053740642547607423
v -0.056546768188476565 0.032434585571289067 0.050894783020019534
v -0.058660659790039066 0.030320692062377929 0.045438095092773439
v -0.06078589248657227 0.028195459365844729 0.038593086242675781
v -0.062919319152832026 0.022365436553955079 0.040258319854736331
v -0.062919319152832026 0.026062034606933595 0.030374711990356445
v -0.062919319152832026 0.019056123733520509 0.047383216857910158
v -0.062919319152832026 0.016043659210205077 0.052421684265136721
v -0.062919319152832026 0.013372891426086426 0.055696678161621098
v -0.062919319152832026 0.011641996383666992 0.057198665618896485
v -0.062919319152832026 0.010356650352478028 0.057987300872802738
v -0.062919319152832026 0.0092947244644165043 0.058422771453857422
v -0.062919319152832026 0.0084217233657836923 0.05863068771362305
v -0.0084922037124633785 0.062919319152832026 0.058619003295898441
v -0.0094367465972900397 0.062919319152832026 0.058376045227050782
v -0.010388420104980469 0.062919319152832026 0.057971233367919921
v -0.011346816062927246 0.062919319152832026 0.057404739379882816
v -0.012311522483825684 0.062919319152832026 0.056676807403564455
v -0.013606901168823243 0.062919319152832026 0.05545565414428711
v -0.015075504302978516 0.062919319152832026 0.053740642547607423
v -0.017049888610839843 0.062919319152832026 0.050894783020019534
v -0.020039382934570311 0.062919319152832026 0.045438095092773439
v -0.023044916152954103 0.062919319152832026 0.038593086242675781
v -0.028675924301147463 0.060305427551269532 0.040258319854736331
v -0.026062034606933595 0.062919319152832026 0.030374711990356445
v -0.031015962600708009 0.057965389251708986 0.047383216857910158
v -0.033146095275878903 0.055835254669189455 0.052421684265136721
v -0.03503461456298828 0.053946739196777345 0.055696678161621098
v -0.036258541107177737 0.052722808837890628 0.057198665618896485
v -0.037167419433593751 0.051813934326171873 0.057987300872802738
v -0.03791831207275391 0.051063037872314455 0.058422771453857422
v -0.038535617828369138 0.05044573211669922 0.05863068771362305
v 0.026062034606933595 0.062919319152832026 0.030374711990356445
v 0.022365436553955079 0.062919319152832026 0.040258319854736331
v 0.019056123733520509 0.062919319152832026 0.047383216857910158
v 0.0092947244644165043 0.062919319152832026 0.058422771453857422
v 0.0084217233657836923 0.062919319152832026 0.05863068771362305
v 0.010356650352478028 0.062919319152832026 0.057987300872802738
v 0.016043659210205077 0.062919319152832026 0.052421684265136721
v 0.011641996383666992 0.062919319152832026 0.057198665618896485
v 0.013372891426086426 0.062919319152832026 0.055696678161621098
v 0.028195459365844729 0.06078589248657227 0.038593086242675781
v 0.030320692062377929 0.058660659790039066 0.045438095092773439
v 0.032434585571289067 0.056546768188476565 0.050894783020019534
v 0.033830684661865236 0.055150669097900389 0.053740642547607423
v 0.034869144439697269 0.054112209320068362 0.05545565414428711
v 0.035785114288330082 0.053196235656738283 0.056676807403564455
v 0.036467266082763676 0.052514087677001955 0.057404739379882816
v 0.037144954681396482 0.051836399078369143 0.057971233367919921
v 0.037817890167236329 0.051163463592529296 0.058376045227050782
v 0.038485782623291019 0.050495571136474612 0.058619003295898441
v 0.05044573211669922 0.038535617828369138 0.05863068771362305
v 0.051063037872314455 0.03791831207275391 0.058422771453857422
v 0.051813934326171873 0.037167419433593751 0.057987300872802738
v 0.052722808837890628 0.036258541107177737 0.057198665618896485
v 0.053946739196777345 0.03503461456298828 0.055696678161621098
v 0.055835254669189455 0.033146095275878903 0.052421684265136721
v 0.057965389251708986 0.031015962600708009 0.047383216857910158
v 0.060305427551269532 0.028675924301147463 0.040258319854736331
v 0.062919319152832026 0.023044916152954103 0.038593086242675781
v 0.062919319152832026 0.026062034606933595 0.030374711990356445
v 0.062919319152832026 0.020039382934570311 0.045438095092773439
v 0.062919319152832026 0.017049888610839843 0.050894783020019534
v 0.062919319152832026 0.015075504302978516 0.053740642547607423
v 0.062919319152832026 0.013606901168823243 0.05545565414428711
v 0.062919319152832026 0.012311522483825684 0.056676807403564455
v 0.062919319152832026 0.011346816062927246 0.057404739379882816
v 0.062919319152832026 0.010388420104980469 0.057971233367919921
v 0.062919319152832026 0.0094367465972900397 0.058376045227050782
v 0.062919319152832026 0.0084922037124633785 0.058619003295898441
v 0.05044573211669922 -0.038535617828369138 0.05863068771362305
v 0.051063037872314455 -0.03791831207275391 0.058422771453857422
v 0.052722808837890628 -0.036258541107177737 0.057198665618896485
v 0.053946739196777345 -0.03503461456298828 0.055696678161621098
v 0.051813934326171873 -0.037167419433593751 0.057987300872802738
v 0.055835254669189455 -0.033146095275878903 0.052421684265136721
v 0.057965389251708986 -0.031015962600708009 0.047383216857910158
v 0.062919319152832026 -0.023044916152954103 0.038593086242675781
v 0.060305427551269532 -0.028675924301147463 0.040258319854736331
v 0.062919319152832026 -0.026062034606933595 0.030374711990356445
v 0.062919319152832026 -0.020039382934570311 0.045438095092773439
v 0.062919319152832026 -0.017049888610839843 0.050894783020019534
v 0.062919319152832026 -0.015075504302978516 0.053740642547607423
v 0.062919319152832026 -0.011346816062927246 0.057404739379882816
v 0.062919319152832026 -0.010388420104980469 0.057971233367919921
v 0.062919319152832026 -0.012311522483825684 0.056676807403564455
v 0.062919319152832026 -0.013606901168823243 0.05545565414428711
v 0.062919319152832026 -0.0094367465972900397 0.058376045227050782
v 0.062919319152832026 -0.0084922037124633785 0.058619003295898441
f 1 2 3
f 1 3 4
f 5 6 7
f 5 7 8
f 9 8 10
f 9 5 8
f 11 10 12
f 11 9 10
f 13 12 14
f 13 11 12
f 1 14 2
f 1 13 14
f 15 7 6
f 16 15 6
f 17 18 19
f 17 20 21
f 17 19 20
f 22 21 23
f 22 17 21
f 24 23 25
f 24 22 23
f 26 25 15
f 26 24 25
f 16 26 15
f 18 27 19
f 28 27 18
f 29 30 31
f 29 32 33
f 29 31 32
f 34 33 35
f 34 29 33
f 36 35 37
f 36 34 35
f 38 37 27
f 38 36 37
f 28 38 27
f 39 31 30
f 40 39 30
f 41 42 43
f 41 43 44
f 45 44 46
f 45 41 44
f 47 46 48
f 47 45 46
f 49 48 50
f 49 47 48
f 40 50 39
f 40 49 50
f 51 42 52
f 43 42 51
f 53 54 55
f 56 55 57
f 56 53 55
f 58 57 59
f 58 56 57
f 60 59 61
f 60 58 59
f 62 61 51
f 62 60 61
f 52 62 51
f 54 53 63
f 54 63 64
f 65 66 67
f 68 67 69
f 68 65 67
f 70 69 71
f 70 68 69
f 72 71 73
f 72 70 71
f 74 73 64
f 74 72 73
f 63 74 64
f 75 76 66
f 65 75 66
f 76 4 3
f 75 4 76
f 69 67 66
f 71 69 66
f 73 71 66
f 64 66 76
f 64 73 66
f 3 64 76
f 7 3 2
f 7 2 14
f 7 14 12
f 7 12 10
f 7 10 8
f 7 64 3
f 57 55 54
f 59 57 54
f 61 59 54
f 51 61 54
f 46 44 43
f 48 46 43
f 50 48 43
f 39 43 51
f 39 51 54
f 39 50 43
f 15 54 64
f 15 64 7
f 31 54 15
f 31 39 54
f 27 37 35
f 27 35 33
f 27 33 32
f 27 32 31
f 19 27 31
f 19 15 25
f 19 25 23
f 19 23 21
f 19 21 20
f 19 31 15
f 77 78 79
f 80 78 77
f 81 77 79
f 82 83 78
f 82 78 80
f 84 77 81
f 85 83 82
f 86 85 82
f 65 85 86
f 65 86 75
f 68 85 65
f 70 85 68
f 72 85 70
f 74 85 72
f 63 85 74
f 87 88 84
f 87 84 81
f 89 88 87
f 4 86 90
f 4 75 86
f 91 85 63
f 1 4 90
f 53 91 63
f 56 91 53
f 58 91 56
f 60 91 58
f 62 91 60
f 52 91 62
f 92 6 5
f 92 5 9
f 92 9 11
f 92 11 13
f 92 13 1
f 92 90 89
f 92 1 90
f 93 89 87
f 93 92 89
f 94 91 52
f 94 52 42
f 94 42 41
f 94 41 45
f 94 45 47
f 94 47 49
f 94 49 40
f 30 94 40
f 95 18 17
f 95 17 22
f 95 22 24
f 95 6 92
f 95 24 26
f 95 26 16
f 95 16 6
f 96 28 18
f 96 94 30
f 96 30 29
f 96 29 34
f 96 34 36
f 96 36 38
f 96 38 28
f 96 18 95
f 97 98 91
f 94 97 91
f 99 97 94
f 99 94 96
f 96 95 100
f 99 96 100
f 101 100 95
f 92 101 95
f 101 92 93
f 101 93 102
f 103 102 93
f 87 103 93
f 103 87 81
f 103 81 104
f 105 104 81
f 105 81 79
f 78 105 79
f 106 105 78
f 107 106 78
f 83 107 78
f 108 107 83
f 85 108 83
f 91 98 108
f 91 108 85
f 109 110 111
f 111 110 112
f 110 113 112
f 112 113 114
f 113 115 114
f 114 115 116
f 115 117 116
f 116 117 118
f 117 119 118
f 118 119 120
f 119 121 120
f 120 121 122
f 121 123 122
f 122 123 124
f 124 123 125
f 123 126 125
f 125 126 127
f 126 128 127
f 127 128 129
f 128 130 129
f 129 130 131
f 130 132 131
f 131 132 133
f 132 134 133
f 133 134 135
f 134 136 135
f 135 136 137
f 137 138 139
f 136 138 137
f 139 140 141
f 138 140 139
f 141 142 143
f 140 142 141
f 142 144 143
f 143 145 146
f 146 145 147
f 144 145 143
f 145 148 147
f 147 149 150
f 150 149 151
f 148 149 147
f 149 152 151
f 152 153 151
f 151 153 154
f 154 153 155
f 153 156 155
f 156 157 155
f 155 157 158
f 158 157 159
f 157 160 159
f 160 161 159
f 159 161 162
f 162 161 163
f 161 164 163
f 163 164 165
f 164 166 165
f 165 166 167
f 166 168 167
f 168 169 167
f 167 169 170
f 170 169 171
f 169 172 171
f 171 172 173
f 172 174 173
f 173 174 175
f 174 176 175
f 175 176 177
f 176 178 177
f 178 179 177
f 177 179 180
f 179 181 180
f 180 181 182
f 182 181 183
f 181 184 183
f 184 185 183
f 183 185 186
f 186 185 187
f 185 188 187
f 187 188 189
f 188 190 189
f 190 191 189
f 189 191 192
f 191 193 192
f 192 193 194
f 193 195 194
f 194 195 196
f 196 197 198
f 195 197 196
f 198 199 200
f 197 199 198
f 200 201 202
f 199 201 200
f 201 203 202
f 202 203 204
f 204 203 205
f 203 206 205
f 205 207 208
f 206 207 205
f 208 209 210
f 207 209 208
f 210 211 212
f 209 211 210
f 212 213 214
f 214 213 215
f 211 213 212
f 213 216 215
f 215 217 218
f 218 217 111
f 216 217 215
f 217 109 111
f 219 220 221
f 222 220 219
f 223 222 219
f 224 223 225
f 224 222 223
f 226 222 224
f 227 228 229
f 230 231 232
f 233 230 232
f 233 232 234
f 235 233 234
f 236 237 222
f 238 239 240
f 238 226 239
f 238 222 226
f 238 236 222
f 241 242 237
f 241 237 236
f 241 236 238
f 243 240 244
f 243 241 238
f 243 244 241
f 243 238 240
f 245 229 242
f 245 227 229
f 245 242 241
f 245 241 244
f 246 247 227
f 246 244 247
f 246 227 245
f 246 245 244
f 248 249 228
f 248 228 227
f 248 250 249
f 251 252 250
f 251 227 252
f 251 250 248
f 251 248 227
f 253 254 249
f 253 249 250
f 255 250 256
f 255 256 257
f 255 254 253
f 255 257 254
f 255 253 250
f 258 232 259
f 258 259 254
f 258 254 257
f 260 261 234
f 260 257 261
f 260 232 258
f 260 258 257
f 260 234 232
f 262 263 231
f 262 231 230
f 264 265 266
f 264 266 263
f 264 263 262
f 267 233 235
f 267 230 233
f 267 235 268
f 267 262 230
f 269 268 265
f 269 265 264
f 269 264 262
f 269 267 268
f 269 262 267
f 270 263 266
f 271 272 270
f 271 265 268
f 271 266 265
f 271 270 266
f 273 272 271
f 274 275 272
f 274 272 273
f 276 277 275
f 276 275 274
f 278 279 277
f 278 277 276
f 280 279 278
f 281 282 279
f 281 279 280
f 283 284 282
f 283 282 281
f 285 286 284
f 287 285 284
f 287 284 283
f 288 285 287
f 289 288 287
f 290 291 286
f 290 285 288
f 290 286 285
f 292 293 291
f 292 291 290
f 294 288 289
f 294 290 288
f 295 296 297
f 295 297 293
f 295 289 296
f 295 293 292
f 295 290 294
f 295 292 290
f 295 294 289
f 298 291 293
f 297 298 293
f 299 297 296
f 299 298 297
f 300 298 299
f 301 302 303
f 304 305 306
f 307 306 308
f 309 304 306
f 309 306 307
f 310 309 307
f 311 312 298
f 313 314 315
f 313 300 314
f 313 298 300
f 313 311 298
f 316 317 312
f 316 312 311
f 316 311 313
f 318 315 319
f 318 316 313
f 318 319 316
f 318 313 315
f 320 303 317
f 320 301 303
f 320 317 316
f 320 316 319
f 321 322 301
f 321 319 322
f 321 301 320
f 321 320 319
f 323 324 302
f 323 302 301
f 323 325 324
f 326 327 325
f 326 301 327
f 326 325 323
f 326 323 301
f 328 329 324
f 328 324 325
f 330 325 331
f 330 331 332
f 330 328 325
f 330 329 328
f 330 332 329
f 333 306 334
f 333 334 329
f 335 332 308
f 335 333 329
f 335 306 333
f 335 329 332
f 335 308 306
f 336 337 305
f 336 305 304
f 338 339 340
f 338 340 337
f 338 337 336
f 341 309 310
f 341 304 309
f 341 310 342
f 341 336 304
f 343 342 339
f 343 339 338
f 343 338 336
f 343 341 342
f 343 336 341
f 344 337 340
f 345 346 344
f 345 339 342
f 345 340 339
f 345 344 340
f 347 346 345
f 348 349 346
f 348 346 347
f 350 351 349
f 350 349 348
f 352 353 351
f 352 351 350
f 354 353 352
f 355 356 353
f 355 353 354
f 357 358 356
f 357 356 355
f 359 360 358
f 361 359 358
f 361 358 357
f 362 359 361
f 363 362 361
f 364 365 360
f 364 359 362
f 364 360 359
f 366 367 365
f 366 365 364
f 368 362 363
f 368 364 362
f 369 370 371
f 369 371 367
f 369 363 370
f 369 367 366
f 369 364 368
f 369 366 364
f 369 368 363
f 372 365 367
f 371 372 367
f 373 371 370
f 373 372 371
f 374 372 373
f 375 376 377
f 378 379 380
f 381 380 382
f 383 378 380
f 383 380 381
f 384 383 381
f 385 386 387
f 385 387 372
f 388 389 390
f 388 374 389
f 388 372 374
f 388 385 372
f 391 392 386
f 391 393 392
f 391 386 385
f 394 390 393
f 394 391 385
f 394 393 391
f 394 388 390
f 394 385 388
f 395 377 392
f 395 392 393
f 395 375 377
f 396 397 375
f 396 393 397
f 396 375 395
f 396 395 393
f 398 399 376
f 398 376 375
f 398 400 399
f 401 402 400
f 401 375 402
f 401 400 398
f 401 398 375
f 403 404 399
f 403 399 400
f 405 400 406
f 405 406 407
f 405 404 403
f 405 407 404
f 405 403 400
f 408 380 409
f 408 409 404
f 410 407 382
f 410 380 408
f 410 404 407
f 410 408 404
f 410 382 380
f 411 412 379
f 411 379 378
f 413 414 415
f 413 415 412
f 413 412 411
f 416 383 384
f 416 378 383
f 416 384 417
f 416 411 378
f 418 417 414
f 418 414 413
f 418 413 411
f 418 416 417
f 418 411 416
f 419 412 415
f 420 421 419
f 420 414 417
f 420 415 414
f 420 419 415
f 422 421 420
f 423 424 421
f 423 421 422
f 425 426 424
f 425 424 423
f 427 428 426
f 427 426 425
f 429 428 427
f 430 431 428
f 430 428 429
f 432 433 431
f 432 431 430
f 434 435 433
f 436 434 433
f 436 433 432
f 437 434 436
f 438 437 436
f 439 440 435
f 439 434 437
f 439 435 434
f 441 442 440
f 441 440 439
f 443 437 438
f 443 439 437
f 444 445 446
f 444 446 442
f 444 438 445
f 444 442 441
f 444 439 443
f 444 441 439
f 444 443 438
f 442 447 440
f 448 447 442
f 446 448 442
f 449 446 445
f 449 448 446
f 450 448 449
f 451 452 453
f 454 455 456
f 457 454 456
f 457 456 458
f 459 457 458
f 460 461 448
f 462 463 464
f 462 450 463
f 462 448 450
f 462 460 448
f 465 466 461
f 465 461 460
f 467 464 468
f 467 465 460
f 467 468 465
f 467 462 464
f 467 460 462
f 469 453 466
f 469 451 453
f 469 466 465
f 469 465 468
f 470 471 451
f 470 468 471
f 470 451 469
f 470 469 468
f 472 473 452
f 472 452 451
f 472 474 473
f 475 476 474
f 475 451 476
f 475 474 472
f 475 472 451
f 477 478 473
f 477 473 474
f 479 474 480
f 479 480 481
f 479 477 474
f 479 478 477
f 479 481 478
f 482 456 483
f 482 483 478
f 482 478 481
f 484 485 458
f 484 481 485
f 484 456 482
f 484 482 481
f 484 458 456
f 486 487 455
f 486 455 454
f 488 489 490
f 488 490 487
f 488 487 486
f 491 457 459
f 491 454 457
f 491 459 492
f 491 486 454
f 493 492 489
f 493 489 488
f 493 488 486
f 493 491 492
f 493 486 491
f 494 487 490
f 495 496 494
f 495 489 492
f 495 490 489
f 495 494 490
f 497 496 495
f 498 499 496
f 498 496 497
f 500 501 499
f 500 499 498
f 502 503 501
f 502 501 500
f 504 503 502
f 505 506 503
f 505 503 504
f 507 508 506
f 507 506 505
f 509 510 508
f 511 509 508
f 511 508 507
f 512 509 511
f 513 512 511
f 514 515 510
f 514 509 512
f 514 510 509
f 516 517 515
f 516 515 514
f 518 512 513
f 518 514 512
f 519 520 521
f 519 521 517
f 519 513 520
f 519 517 516
f 519 514 518
f 519 516 514
f 519 518 513
f 517 522 515
f 523 522 517
f 521 523 517
f 524 521 520
f 524 523 521
f 525 523 524
f 526 527 528
f 529 530 531
f 532 529 531
f 532 531 533
f 534 532 533
f 535 536 523
f 537 538 539
f 537 525 538
f 537 523 525
f 537 535 523
f 540 541 536
f 540 536 535
f 542 539 543
f 542 540 535
f 542 543 540
f 542 537 539
f 542 535 537
f 544 528 541
f 544 526 528
f 544 541 540
f 544 540 543
f 545 546 526
f 545 543 546
f 545 526 544
f 545 544 543
f 547 548 527
f 547 527 526
f 547 549 548
f 550 551 549
f 550 526 551
f 550 549 547
f 550 547 526
f 552 553 548
f 552 548 549
f 554 549 555
f 554 555 556
f 554 552 549
f 554 553 552
f 554 556 553
f 557 531 558
f 557 558 553
f 557 553 556
f 559 560 533
f 559 556 560
f 559 531 557
f 559 557 556
f 559 533 531
f 561 562 530
f 561 530 529
f 563 564 565
f 563 565 562
f 563 562 561
f 566 532 534
f 566 529 532
f 566 534 567
f 566 561 529
f 568 567 564
f 568 564 563
f 568 563 561
f 568 566 567
f 568 561 566
f 569 562 565
f 570 571 569
f 570 564 567
f 570 565 564
f 570 569 565
f 572 571 570
f 573 574 571
f 573 571 572
f 575 576 574
f 575 574 573
f 577 578 576
f 577 576 575
f 579 578 577
f 580 581 578
f 580 578 579
f 582 583 581
f 582 581 580
f 584 585 583
f 586 584 583
f 586 583 582
f 587 584 586
f 588 587 586
f 589 590 585
f 589 585 584
f 591 592 590
f 591 590 589
f 593 587 588
f 593 584 587
f 593 589 584
f 594 595 596
f 594 596 592
f 594 588 595
f 594 592 591
f 594 591 589
f 594 589 593
f 594 593 588
f 597 590 592
f 596 597 592
f 598 596 595
f 598 597 596
f 599 597 598
f 600 601 602
f 603 604 605
f 606 605 607
f 608 603 605
f 608 605 606
f 609 608 606
f 610 611 597
f 612 613 614
f 612 599 613
f 612 597 599
f 612 610 597
f 615 616 611
f 615 611 610
f 617 614 618
f 617 615 610
f 617 618 615
f 617 612 614
f 617 610 612
f 619 602 616
f 619 600 602
f 619 616 615
f 619 615 618
f 620 621 600
f 620 618 621
f 620 619 618
f 620 600 619
f 622 623 601
f 622 601 600
f 622 624 623
f 625 626 624
f 625 600 626
f 625 624 622
f 625 622 600
f 627 628 623
f 627 623 624
f 629 624 630
f 629 630 631
f 629 627 624
f 629 631 628
f 629 628 627
f 632 605 633
f 632 633 628
f 634 631 607
f 634 632 628
f 634 605 632
f 634 628 631
f 634 607 605
f 635 636 604
f 635 604 603
f 637 638 639
f 637 639 636
f 637 636 635
f 640 608 609
f 640 603 608
f 640 609 641
f 640 635 603
f 642 641 638
f 642 638 637
f 642 637 635
f 642 640 641
f 642 635 640
f 643 636 639
f 644 645 643
f 644 638 641
f 644 639 638
f 644 643 639
f 646 645 644
f 647 648 645
f 647 645 646
f 649 650 648
f 649 648 647
f 651 652 650
f 651 650 649
f 653 652 651
f 654 655 652
f 654 652 653
f 656 657 655
f 656 655 654
f 658 659 657
f 660 658 657
f 660 657 656
f 661 658 660
f 662 661 660
f 663 664 659
f 663 659 658
f 665 666 664
f 665 664 663
f 667 661 662
f 667 658 661
f 667 663 658
f 668 669 670
f 668 670 666
f 668 662 669
f 668 666 665
f 668 665 663
f 668 663 667
f 668 667 662
f 671 664 666
f 670 671 666
f 672 670 669
f 672 671 670
f 673 671 672
f 674 675 676
f 677 678 679
f 680 679 681
f 682 677 679
f 682 679 680
f 683 682 680
f 684 685 671
f 686 687 688
f 686 673 687
f 686 671 673
f 686 684 671
f 689 690 685
f 689 685 684
f 691 688 692
f 691 689 684
f 691 692 689
f 691 686 688
f 691 684 686
f 693 676 690
f 693 674 676
f 693 690 689
f 693 689 692
f 694 695 674
f 694 692 695
f 694 693 692
f 694 674 693
f 696 697 675
f 696 675 674
f 696 698 697
f 699 700 698
f 699 674 700
f 699 698 696
f 699 696 674
f 701 702 697
f 701 697 698
f 703 698 704
f 703 704 705
f 703 701 698
f 703 705 702
f 703 702 701
f 706 679 707
f 706 707 702
f 708 705 681
f 708 706 702
f 708 679 706
f 708 702 705
f 708 681 679
f 709 710 678
f 709 678 677
f 711 712 713
f 711 713 710
f 711 710 709
f 714 682 683
f 714 677 682
f 714 683 715
f 714 709 677
f 716 715 712
f 716 712 711
f 716 711 709
f 716 714 715
f 716 709 714
f 717 710 713
f 718 719 717
f 718 712 715
f 718 713 712
f 718 717 713
f 720 719 718
f 721 722 719
f 721 719 720
f 723 724 722
f 723 722 721
f 725 726 724
f 725 724 723
f 727 726 725
f 728 729 726
f 728 726 727
f 730 731 729
f 730 729 728
f 732 733 731
f 734 732 731
f 734 731 730
f 735 732 734
f 736 735 734
f 737 738 733
f 737 733 732
f 739 740 738
f 739 738 737
f 741 735 736
f 741 732 735
f 741 737 732
f 742 743 744
f 742 744 740
f 742 736 743
f 742 740 739
f 742 739 737
f 742 737 741
f 742 741 736
f 745 738 740
f 744 745 740
f 746 744 743
f 746 745 744
f 747 745 746
f 748 749 750
f 751 752 753
f 754 753 755
f 756 751 753
f 756 753 754
f 757 756 754
f 758 759 745
f 760 761 762
f 760 747 761
f 760 745 747
f 760 758 745
f 763 764 759
f 763 759 758
f 763 758 760
f 765 762 766
f 765 763 760
f 765 766 763
f 765 760 762
f 767 750 764
f 767 748 750
f 767 764 763
f 767 763 766
f 768 769 748
f 768 766 769
f 768 748 767
f 768 767 766
f 770 771 749
f 770 749 748
f 770 772 771
f 773 774 772
f 773 748 774
f 773 772 770
f 773 770 748
f 775 776 771
f 775 771 772
f 777 772 778
f 777 778 779
f 777 775 772
f 777 776 775
f 777 779 776
f 780 753 781
f 780 781 776
f 782 779 755
f 782 780 776
f 782 753 780
f 782 776 779
f 782 755 753
f 783 784 752
f 783 752 751
f 785 786 787
f 785 787 784
f 785 784 783
f 788 756 757
f 788 751 756
f 788 757 789
f 788 783 751
f 790 789 786
f 790 786 785
f 790 785 783
f 790 788 789
f 790 783 788
f 791 784 787
f 792 793 791
f 792 786 789
f 792 787 786
f 792 791 787
f 794 793 792
f 795 796 793
f 795 793 794
f 797 798 796
f 797 796 795
f 799 800 798
f 799 798 797
f 801 800 799
f 802 803 800
f 802 800 801
f 804 805 803
f 804 803 802
f 806 807 805
f 808 806 805
f 808 805 804
f 809 806 808
f 810 809 808
f 811 221 807
f 811 806 809
f 811 807 806
f 812 219 221
f 812 221 811
f 813 809 810
f 813 811 809
f 814 223 219
f 814 225 223
f 814 810 225
f 814 219 812
f 814 812 811
f 814 813 810
f 814 811 813
f 815 816 562
f 817 816 815
f 818 816 817
f 816 819 562
f 819 530 562
f 820 583 821
f 821 583 822
f 822 583 823
f 823 583 585
f 820 581 583
f 824 578 820
f 820 578 581
f 824 576 578
f 824 574 576
f 824 571 574
f 824 569 571
f 824 818 569
f 818 817 569
f 817 815 569
f 815 562 569
f 822 825 821
f 823 825 822
f 823 585 825
f 585 826 825
f 585 590 826
f 597 826 590
f 597 825 826
f 597 821 825
f 604 827 605
f 827 828 605
f 605 829 830
f 828 829 605
f 821 831 832
f 616 831 611
f 611 831 597
f 597 831 821
f 616 833 831
f 832 834 835
f 831 834 832
f 833 834 831
f 602 836 616
f 833 836 834
f 616 836 833
f 835 837 838
f 836 837 834
f 834 837 835
f 623 839 601
f 601 839 602
f 602 839 836
f 838 840 841
f 623 840 839
f 836 840 837
f 839 840 836
f 837 840 838
f 628 842 623
f 841 843 844
f 844 843 830
f 623 843 840
f 628 843 842
f 840 843 841
f 842 843 623
f 605 845 633
f 633 845 628
f 843 845 830
f 628 845 843
f 830 845 605
f 846 828 636
f 847 828 846
f 829 828 847
f 828 827 636
f 827 604 636
f 848 657 849
f 849 657 850
f 850 657 851
f 851 657 659
f 848 655 657
f 852 652 848
f 848 652 655
f 852 650 652
f 852 648 650
f 852 645 648
f 852 643 645
f 852 829 643
f 829 847 643
f 847 846 643
f 846 636 643
f 850 853 849
f 851 853 850
f 851 659 853
f 659 854 853
f 659 664 854
f 671 854 664
f 671 853 854
f 671 849 853
f 678 855 679
f 855 856 679
f 679 857 858
f 856 857 679
f 849 859 860
f 690 859 685
f 685 859 671
f 671 859 849
f 690 861 859
f 860 862 863
f 859 862 860
f 861 862 859
f 676 864 690
f 690 864 861
f 863 865 866
f 864 865 861
f 861 865 862
f 862 865 863
f 697 867 675
f 675 867 676
f 676 867 864
f 866 868 869
f 864 868 865
f 697 868 867
f 865 868 866
f 867 868 864
f 702 870 697
f 869 871 872
f 872 871 858
f 697 871 868
f 868 871 869
f 702 871 870
f 870 871 697
f 679 873 707
f 707 873 702
f 871 873 858
f 702 873 871
f 858 873 679
f 874 856 710
f 875 856 874
f 857 856 875
f 856 855 710
f 855 678 710
f 717 874 710
f 717 875 874
f 717 857 875
f 876 724 726
f 876 722 724
f 876 719 722
f 876 717 719
f 876 857 717
f 877 731 733
f 878 731 877
f 879 731 878
f 880 729 731
f 880 726 729
f 880 876 726
f 880 731 879
f 878 881 879
f 877 881 878
f 877 733 881
f 733 882 881
f 733 738 882
f 745 882 738
f 745 881 882
f 745 879 881
f 752 883 753
f 883 884 753
f 753 885 886
f 884 885 753
f 879 887 888
f 764 887 759
f 759 887 745
f 745 887 879
f 764 889 887
f 888 890 891
f 887 890 888
f 889 890 887
f 750 892 764
f 764 892 889
f 891 893 894
f 892 893 889
f 889 893 890
f 890 893 891
f 771 895 749
f 749 895 750
f 750 895 892
f 894 896 897
f 892 896 893
f 771 896 895
f 893 896 894
f 895 896 892
f 776 898 771
f 897 899 900
f 900 899 886
f 771 899 896
f 896 899 897
f 776 899 898
f 898 899 771
f 753 901 781
f 781 901 776
f 899 901 886
f 776 901 899
f 886 901 753
f 902 884 784
f 903 884 902
f 885 884 903
f 884 883 784
f 883 752 784
f 791 902 784
f 791 903 902
f 791 885 903
f 904 798 800
f 904 796 798
f 904 793 796
f 904 791 793
f 904 885 791
f 905 805 807
f 906 805 905
f 907 805 906
f 908 803 805
f 908 800 803
f 908 904 800
f 908 805 907
f 906 909 907
f 905 909 906
f 905 807 909
f 807 910 909
f 807 221 910
f 220 910 221
f 220 909 910
f 222 907 220
f 220 907 909
f 237 911 222
f 222 911 907
f 231 912 232
f 912 913 232
f 232 913 914
f 913 915 914
f 911 916 917
f 242 916 237
f 237 916 911
f 917 916 242
f 229 918 242
f 242 918 917
f 917 919 920
f 918 919 917
f 249 921 228
f 228 921 229
f 229 921 918
f 920 922 923
f 921 922 918
f 249 922 921
f 918 922 919
f 919 922 920
f 254 924 249
f 923 925 926
f 922 925 923
f 249 925 922
f 254 925 924
f 924 925 249
f 926 927 914
f 232 927 259
f 259 927 254
f 925 927 926
f 914 927 232
f 254 927 925
f 928 929 930
f 931 929 928
f 931 360 929
f 360 932 929
f 360 365 932
f 372 932 365
f 372 929 932
f 372 930 929
f 387 933 372
f 372 933 930
f 392 934 386
f 379 935 380
f 935 936 380
f 380 936 937
f 936 938 937
f 386 939 387
f 933 940 934
f 386 940 939
f 387 940 933
f 939 940 387
f 934 940 386
f 377 941 392
f 934 942 943
f 392 942 934
f 941 942 392
f 399 944 376
f 376 944 377
f 941 944 942
f 377 944 941
f 943 945 946
f 399 945 944
f 944 945 942
f 942 945 943
f 404 947 399
f 946 948 949
f 399 948 945
f 945 948 946
f 404 948 947
f 947 948 399
f 949 950 937
f 380 950 409
f 409 950 404
f 404 950 948
f 948 950 949
f 937 950 380
f 951 936 412
f 952 936 951
f 938 936 952
f 936 935 412
f 935 379 412
f 419 951 412
f 419 952 951
f 419 938 952
f 953 426 428
f 953 424 426
f 953 421 424
f 953 419 421
f 953 938 419
f 954 433 435
f 955 433 954
f 956 433 955
f 957 431 433
f 957 428 431
f 957 953 428
f 957 433 956
f 955 958 956
f 954 958 955
f 954 435 958
f 435 959 958
f 435 440 959
f 447 959 440
f 447 958 959
f 448 956 447
f 447 956 958
f 461 960 448
f 448 960 956
f 455 961 456
f 961 962 456
f 456 962 963
f 962 964 963
f 960 965 966
f 466 965 461
f 461 965 960
f 966 965 466
f 453 967 466
f 466 967 966
f 966 968 969
f 967 968 966
f 473 970 452
f 452 970 453
f 453 970 967
f 969 971 972
f 970 971 967
f 473 971 970
f 967 971 968
f 968 971 969
f 478 973 473
f 972 974 975
f 971 974 972
f 473 974 971
f 478 974 973
f 973 974 473
f 975 976 963
f 456 976 483
f 483 976 478
f 974 976 975
f 963 976 456
f 478 976 974
f 977 962 487
f 978 962 977
f 964 962 978
f 962 961 487
f 961 455 487
f 979 508 980
f 980 508 981
f 981 508 510
f 508 982 506
f 506 982 503
f 979 982 508
f 494 977 487
f 494 978 977
f 494 964 978
f 503 983 501
f 501 983 499
f 499 983 496
f 496 983 494
f 982 983 503
f 494 983 964
f 980 984 979
f 981 984 980
f 981 510 984
f 510 985 984
f 510 515 985
f 522 985 515
f 522 984 985
f 523 979 522
f 522 979 984
f 530 819 531
f 819 816 531
f 531 818 986
f 816 818 531
f 979 987 988
f 541 987 536
f 536 987 523
f 523 987 979
f 541 989 987
f 988 990 991
f 987 990 988
f 989 990 987
f 528 992 541
f 541 992 989
f 991 993 994
f 992 993 989
f 989 993 990
f 990 993 991
f 548 995 527
f 527 995 528
f 528 995 992
f 994 996 997
f 993 996 994
f 548 996 995
f 995 996 992
f 992 996 993
f 553 998 548
f 997 999 1000
f 1000 999 986
f 553 999 998
f 548 999 996
f 998 999 548
f 996 999 997
f 531 1001 558
f 558 1001 553
f 999 1001 986
f 553 1001 999
f 986 1001 531
f 1002 124 1003
f 1004 122 1002
f 1002 122 124
f 1003 125 1005
f 124 125 1003
f 630 120 1004
f 1004 120 122
f 1005 127 688
f 125 127 1005
f 127 692 688
f 624 118 630
f 626 118 624
f 630 118 120
f 692 129 695
f 127 129 692
f 129 674 695
f 626 600 118
f 621 116 600
f 600 116 118
f 674 131 700
f 129 131 674
f 131 698 700
f 621 618 116
f 131 704 698
f 614 114 618
f 618 114 116
f 131 133 704
f 133 1006 704
f 614 1007 114
f 1007 112 114
f 133 135 1006
f 135 1008 1006
f 1007 1009 112
f 1009 111 112
f 135 137 1008
f 137 1010 1008
f 1009 1011 111
f 1011 218 111
f 137 139 1010
f 139 1012 1010
f 1011 1013 218
f 1013 215 218
f 139 762 1012
f 1013 555 215
f 139 141 762
f 141 766 762
f 555 549 215
f 551 214 549
f 549 214 215
f 141 143 766
f 766 143 769
f 143 748 769
f 551 526 214
f 143 774 748
f 546 212 526
f 526 212 214
f 143 146 774
f 146 772 774
f 546 543 212
f 146 778 772
f 543 539 212
f 539 210 212
f 146 147 778
f 147 1014 778
f 539 1015 210
f 1015 208 210
f 147 150 1014
f 150 1016 1014
f 1015 1017 208
f 1017 205 208
f 150 151 1016
f 151 1018 1016
f 1017 1019 205
f 1019 204 205
f 151 1020 1018
f 1019 1021 204
f 151 154 1020
f 1021 202 204
f 154 240 1020
f 1021 480 202
f 154 155 240
f 155 244 240
f 480 474 202
f 155 247 244
f 476 200 474
f 474 200 202
f 155 158 247
f 158 227 247
f 476 451 200
f 158 252 227
f 471 198 451
f 451 198 200
f 471 468 198
f 158 159 252
f 252 159 250
f 159 256 250
f 468 464 198
f 464 196 198
f 159 162 256
f 162 1022 256
f 464 1023 196
f 1023 194 196
f 162 163 1022
f 163 1024 1022
f 1023 1025 194
f 1025 192 194
f 165 1026 163
f 163 1026 1024
f 1025 1027 192
f 1027 189 192
f 165 1028 1026
f 1027 1029 189
f 165 167 1028
f 167 315 1028
f 189 406 187
f 1029 406 189
f 167 170 315
f 170 319 315
f 406 400 187
f 170 322 319
f 400 186 187
f 402 186 400
f 170 171 322
f 171 301 322
f 402 375 186
f 171 327 301
f 375 397 186
f 397 183 186
f 171 173 327
f 173 325 327
f 397 393 183
f 173 331 325
f 393 390 183
f 390 182 183
f 173 175 331
f 175 1030 331
f 390 1031 182
f 1031 180 182
f 175 177 1030
f 177 1032 1030
f 180 1033 177
f 1031 1033 180
f 177 1033 1032
f 270 1034 263
f 270 1035 1034
f 270 915 1035
f 1036 277 279
f 1036 275 277
f 1036 272 275
f 1036 270 272
f 1036 915 270
f 1037 284 286
f 1038 284 1037
f 1039 284 1038
f 1040 282 284
f 1040 279 282
f 1040 1036 279
f 1040 284 1039
f 1038 1041 1039
f 1037 1041 1038
f 1037 286 1041
f 286 1042 1041
f 286 291 1042
f 1034 913 263
f 1035 913 1034
f 915 913 1035
f 913 912 263
f 912 231 263
f 298 1042 291
f 298 1041 1042
f 298 1039 1041
f 305 1043 306
f 1043 1044 306
f 306 1045 1046
f 1044 1045 306
f 1039 1047 1048
f 317 1047 312
f 312 1047 298
f 298 1047 1039
f 317 1049 1047
f 1048 1050 1051
f 1047 1050 1048
f 1049 1050 1047
f 303 1052 317
f 317 1052 1049
f 1051 1053 1054
f 1052 1053 1049
f 1049 1053 1050
f 1050 1053 1051
f 324 1055 302
f 302 1055 303
f 303 1055 1052
f 1054 1056 1057
f 1052 1056 1053
f 324 1056 1055
f 1053 1056 1054
f 1055 1056 1052
f 329 1058 324
f 1057 1059 1060
f 1060 1059 1046
f 324 1059 1056
f 1056 1059 1057
f 329 1059 1058
f 1058 1059 324
f 306 1061 334
f 334 1061 329
f 1059 1061 1046
f 329 1061 1059
f 1046 1061 306
f 344 1062 1045
f 344 1063 337
f 344 1064 1063
f 344 1045 1064
f 346 1062 344
f 349 1062 346
f 351 1062 349
f 353 1065 1062
f 353 1062 351
f 356 1065 353
f 358 1065 356
f 931 358 360
f 928 358 931
f 930 1065 358
f 930 358 928
f 1063 1044 337
f 1064 1044 1063
f 1045 1044 1064
f 1044 1043 337
f 1043 305 337
f 915 1066 1067
f 915 1036 1066
f 914 1068 1069
f 914 1070 1068
f 914 1067 1070
f 914 915 1067
f 926 1071 1072
f 926 1069 1071
f 926 914 1069
f 1073 1074 1075
f 923 1072 1074
f 923 926 1072
f 920 1073 1076
f 920 923 1074
f 920 1074 1073
f 917 1077 1078
f 917 1076 1077
f 917 920 1076
f 911 1079 1080
f 911 1081 1079
f 911 1082 1081
f 911 1078 1082
f 911 917 1078
f 907 1083 908
f 907 1084 1083
f 907 1080 1084
f 907 911 1080
f 1085 1040 1039
f 1086 1085 1039
f 1048 1086 1039
f 1087 1086 1048
f 1088 1087 1048
f 1089 1088 1048
f 1090 1089 1048
f 1091 1048 1051
f 1091 1090 1048
f 1092 1091 1051
f 1093 1051 1054
f 1093 1092 1051
f 1094 1093 1054
f 1095 1054 1057
f 1095 1096 1094
f 1095 1094 1054
f 1097 1057 1060
f 1097 1095 1057
f 1098 1097 1060
f 1099 1060 1046
f 1099 1098 1060
f 1100 1099 1046
f 1101 1100 1046
f 1102 1046 1045
f 1102 1101 1046
f 1103 1102 1045
f 1062 1103 1045
f 1104 1065 930
f 1105 1104 930
f 1106 930 933
f 1106 1105 930
f 1107 1106 933
f 1108 1107 933
f 1109 1108 933
f 1110 933 934
f 1110 1109 933
f 1111 1110 934
f 1112 934 943
f 1112 1111 934
f 1113 1112 943
f 1114 943 946
f 1114 1115 1113
f 1114 1113 943
f 1116 946 949
f 1116 1114 946
f 1117 1116 949
f 1118 949 937
f 1118 1117 949
f 1119 1118 937
f 1120 1119 937
f 1121 937 938
f 1121 1120 937
f 1122 1121 938
f 953 1122 938
f 964 983 1123
f 964 1123 1124
f 963 1124 1125
f 963 1125 1126
f 963 1126 1127
f 963 1127 1128
f 963 964 1124
f 975 1128 1129
f 975 1129 1130
f 975 963 1128
f 972 1130 1131
f 972 1131 1132
f 972 975 1130
f 1133 1132 1134
f 969 1133 1135
f 969 972 1132
f 969 1132 1133
f 966 1135 1136
f 966 969 1135
f 960 1136 1137
f 960 1137 1138
f 960 966 1136
f 1139 960 1138
f 956 1139 1140
f 956 1140 1141
f 956 1141 957
f 956 960 1139
f 1118 953 1117
f 1119 953 1118
f 1120 953 1119
f 1121 953 1120
f 1122 953 1121
f 953 957 1117
f 1141 1140 957
f 1140 1139 957
f 1139 1138 957
f 1138 1137 957
f 957 1136 1117
f 1137 1136 957
f 1116 1135 1114
f 1117 1135 1116
f 1136 1135 1117
f 1135 1133 1114
f 1114 1134 1115
f 1115 1134 86
f 1133 1134 1114
f 1134 90 86
f 818 824 1142
f 818 1142 1143
f 986 1143 1144
f 986 1144 1145
f 986 1145 1146
f 986 1146 1147
f 986 818 1143
f 1000 1147 1148
f 1000 1148 1149
f 1000 1149 1150
f 1000 986 1147
f 997 1150 1151
f 997 1000 1150
f 1152 1151 1153
f 994 1152 1154
f 994 997 1151
f 994 1151 1152
f 991 1154 1155
f 991 994 1154
f 1156 991 1155
f 988 1156 1157
f 988 1157 1158
f 988 991 1156
f 1159 988 1158
f 979 1159 1160
f 979 1160 982
f 979 988 1159
f 88 89 1153
f 824 1143 1142
f 824 1144 1143
f 824 1145 1144
f 824 1146 1145
f 824 1147 1146
f 824 1148 1147
f 824 1149 1148
f 1161 1153 1151
f 1161 88 1153
f 1162 1151 1150
f 1162 1161 1151
f 820 1149 824
f 1163 1150 1149
f 1163 1162 1150
f 1164 820 1165
f 1166 820 1164
f 1167 1163 1149
f 1167 1149 820
f 1168 820 1166
f 1169 1167 820
f 1169 820 1168
f 1165 820 821
f 1164 1165 821
f 832 1164 821
f 1166 1164 832
f 1168 1166 832
f 1169 1168 832
f 835 1169 832
f 1167 1169 835
f 1163 835 838
f 1163 1167 835
f 1162 1163 838
f 1170 838 841
f 1170 1161 1162
f 1170 1162 838
f 1171 841 844
f 1171 1170 841
f 1172 1171 844
f 1173 1172 844
f 1174 844 830
f 1174 1173 844
f 1175 1174 830
f 1176 1175 830
f 1177 1176 830
f 1178 830 829
f 1178 1177 830
f 1179 1178 829
f 852 1179 829
f 1180 848 849
f 1181 1180 849
f 860 1181 849
f 1182 1181 860
f 1183 1182 860
f 1184 1183 860
f 863 1184 860
f 1185 1184 863
f 1186 863 866
f 1186 1185 863
f 1187 1186 866
f 1188 866 869
f 1188 1189 1187
f 1188 1187 866
f 1190 869 872
f 1190 1188 869
f 1191 1190 872
f 1192 1191 872
f 1193 872 858
f 1193 1192 872
f 1194 1193 858
f 1195 1194 858
f 1196 1195 858
f 1197 858 857
f 1197 1196 858
f 1198 1197 857
f 876 1198 857
f 848 1184 1185
f 848 1183 1184
f 848 1182 1183
f 848 1181 1182
f 848 1180 1181
f 1178 1179 852
f 1177 1178 852
f 1176 1177 852
f 1175 1176 852
f 1174 1175 852
f 1173 1174 852
f 1172 852 848
f 1172 1185 1186
f 1172 848 1185
f 1172 1173 852
f 1171 1186 1187
f 1171 1172 1186
f 1170 1187 1189
f 1170 1171 1187
f 1161 1189 84
f 1161 1170 1189
f 88 1161 84
f 982 1156 1155
f 982 1157 1156
f 982 1158 1157
f 982 1159 1158
f 982 1160 1159
f 1124 1123 983
f 1125 1124 983
f 1126 1125 983
f 1127 1126 983
f 1128 1127 983
f 1129 1128 983
f 1130 983 982
f 1130 1155 1154
f 1130 982 1155
f 1130 1129 983
f 1131 1154 1152
f 1131 1130 1154
f 1132 1152 1153
f 1132 1131 1152
f 1134 1153 89
f 1134 1132 1153
f 90 1134 89
f 1069 1036 1071
f 1068 1036 1069
f 1070 1036 1068
f 1067 1036 1070
f 1066 1036 1067
f 1075 1096 80
f 80 1096 82
f 1074 1094 1075
f 1075 1094 1096
f 1072 1093 1074
f 1074 1093 1094
f 1085 1086 1040
f 1040 1092 1036
f 1071 1092 1072
f 1036 1092 1071
f 1072 1092 1093
f 1086 1087 1040
f 1087 1088 1040
f 1040 1091 1092
f 1088 1089 1040
f 1040 1090 1091
f 1089 1090 1040
f 885 1199 1200
f 885 904 1199
f 886 1201 1202
f 886 1203 1201
f 886 1200 1203
f 886 885 1200
f 900 1204 1205
f 900 1202 1204
f 900 886 1202
f 1206 1207 1208
f 897 1205 1207
f 897 900 1205
f 897 1207 1206
f 894 1206 1209
f 894 897 1206
f 891 1210 1211
f 891 1209 1210
f 891 894 1209
f 888 1212 1213
f 888 1214 1212
f 888 1215 1214
f 888 1211 1215
f 888 891 1211
f 1216 888 1213
f 879 1217 880
f 879 1216 1217
f 879 888 1216
f 1202 904 1204
f 1201 904 1202
f 1203 904 1201
f 1200 904 1203
f 1199 904 1200
f 1083 1084 908
f 1084 1080 908
f 1080 1079 908
f 1079 1081 908
f 1081 1082 908
f 1082 1078 908
f 908 1077 904
f 1204 1077 1205
f 904 1077 1204
f 1078 1077 908
f 1205 1076 1207
f 1077 1076 1205
f 1207 1073 1208
f 1076 1073 1207
f 1208 1075 77
f 1073 1075 1208
f 1075 80 77
f 1216 880 1217
f 1213 880 1216
f 1212 880 1213
f 1214 880 1212
f 1215 880 1214
f 1211 880 1215
f 1210 880 1211
f 876 1197 1198
f 876 1196 1197
f 876 1195 1196
f 876 1194 1195
f 876 1193 1194
f 876 1192 1193
f 880 1191 876
f 1210 1191 880
f 876 1191 1192
f 1209 1190 1210
f 1210 1190 1191
f 1206 1188 1209
f 1208 1188 1206
f 1209 1188 1190
f 1208 1189 1188
f 77 84 1208
f 1208 84 1189
f 1099 1062 1098
f 1100 1062 1099
f 1101 1062 1100
f 1102 1062 1101
f 1103 1062 1102
f 1104 1105 1065
f 1105 1106 1065
f 1106 1107 1065
f 1107 1108 1065
f 1108 1109 1065
f 1109 1110 1065
f 1065 1111 1062
f 1098 1111 1097
f 1062 1111 1098
f 1110 1111 1065
f 1097 1112 1095
f 1111 1112 1097
f 1095 1113 1096
f 1112 1113 1095
f 1096 1115 82
f 1113 1115 1096
f 1115 86 82
f 1014 779 778
f 755 779 1014
f 754 755 1014
f 1016 754 1014
f 757 754 1016
f 789 757 1016
f 792 1016 1018
f 792 789 1016
f 801 799 797
f 802 797 795
f 802 801 797
f 224 1018 1020
f 224 225 1018
f 804 795 794
f 804 802 795
f 810 1018 225
f 808 794 792
f 808 792 1018
f 808 804 794
f 808 1018 810
f 226 224 1020
f 239 226 1020
f 240 239 1020
f 1006 705 704
f 681 705 1006
f 680 681 1006
f 1008 680 1006
f 683 680 1008
f 715 683 1008
f 718 1008 1010
f 718 715 1008
f 727 725 723
f 728 723 721
f 728 727 723
f 746 1010 1012
f 746 743 1010
f 730 721 720
f 730 728 721
f 736 1010 743
f 734 720 718
f 734 718 1010
f 734 730 720
f 734 1010 736
f 747 746 1012
f 761 747 1012
f 762 761 1012
f 1004 631 630
f 607 631 1004
f 606 607 1004
f 1002 606 1004
f 609 606 1002
f 641 609 1002
f 644 1002 1003
f 644 641 1002
f 653 651 649
f 654 649 647
f 654 653 649
f 672 1003 1005
f 672 669 1003
f 656 647 646
f 656 654 647
f 662 1003 669
f 660 646 644
f 660 644 1003
f 660 656 646
f 660 1003 662
f 673 672 1005
f 687 673 1005
f 688 687 1005
f 1013 556 555
f 560 556 1013
f 533 560 1013
f 1011 533 1013
f 534 533 1011
f 567 534 1011
f 570 1011 1009
f 570 567 1011
f 579 577 575
f 580 575 573
f 580 579 575
f 598 1009 1007
f 598 595 1009
f 582 573 572
f 582 580 573
f 588 1009 595
f 586 572 570
f 586 570 1009
f 586 582 572
f 586 1009 588
f 599 598 1007
f 613 599 1007
f 614 613 1007
f 1021 481 480
f 485 481 1021
f 458 485 1021
f 1019 458 1021
f 459 458 1019
f 492 459 1019
f 495 1019 1017
f 495 492 1019
f 504 502 500
f 505 500 498
f 505 504 500
f 524 1017 1015
f 524 520 1017
f 507 498 497
f 507 505 498
f 513 1017 520
f 511 497 495
f 511 495 1017
f 511 507 497
f 511 1017 513
f 525 524 1015
f 538 525 1015
f 539 538 1015
f 1029 407 406
f 382 407 1029
f 381 382 1029
f 1027 381 1029
f 384 381 1027
f 417 384 1027
f 420 1027 1025
f 420 417 1027
f 429 427 425
f 430 425 423
f 430 429 425
f 449 1025 1023
f 449 445 1025
f 432 423 422
f 432 430 423
f 438 1025 445
f 436 422 420
f 436 420 1025
f 436 432 422
f 436 1025 438
f 450 449 1023
f 463 450 1023
f 464 463 1023
f 1030 332 331
f 308 332 1030
f 307 308 1030
f 1032 307 1030
f 310 307 1032
f 342 310 1032
f 345 1032 1033
f 345 342 1032
f 354 352 350
f 355 350 348
f 355 354 350
f 373 1033 1031
f 373 370 1033
f 357 348 347
f 357 355 348
f 363 1033 370
f 361 347 345
f 361 345 1033
f 361 357 347
f 361 1033 363
f 374 373 1031
f 389 374 1031
f 390 389 1031
f 1022 257 256
f 261 257 1022
f 234 261 1022
f 1024 234 1022
f 235 234 1024
f 268 235 1024
f 271 1024 1026
f 271 268 1024
f 280 278 276
f 281 276 274
f 281 280 276
f 299 1026 1028
f 299 296 1026
f 283 274 273
f 283 281 274
f 289 1026 296
f 287 273 271
f 287 271 1026
f 287 283 273
f 287 1026 289
f 300 299 1028
f 314 300 1028
f 315 314 1028
f 153 152 149
f 145 149 148
f 160 157 156
f 160 156 153
f 160 153 149
f 164 161 160
f 138 145 144
f 138 144 142
f 138 142 140
f 134 138 136
f 169 168 166
f 169 166 164
f 169 164 160
f 172 149 145
f 172 169 160
f 172 160 149
f 174 172 145
f 126 132 130
f 126 130 128
f 179 174 145
f 179 178 176
f 179 176 174
f 179 134 132
f 179 145 138
f 179 138 134
f 119 126 123
f 119 123 121
f 188 132 126
f 188 179 132
f 188 185 184
f 188 184 181
f 188 181 179
f 188 126 119
f 188 119 117
f 110 117 115
f 110 115 113
f 193 191 190
f 193 190 188
f 216 109 217
f 216 110 109
f 213 117 110
f 213 110 216
f 201 199 197
f 201 197 195
f 201 195 193
f 209 213 211
f 206 209 207
f 206 203 201
f 206 201 193
f 206 188 117
f 206 193 188
f 206 117 213
f 206 213 209
f 107 108 106
f 106 108 105
f 105 108 104
f 104 101 103
f 98 101 108
f 108 101 104
f 101 102 103
f 97 100 98
f 98 100 101
f 97 99 100
