# ALOHA supplier-CAD diagnostic collision candidate
# coordinate frame: owning URDF link; unit: metre
v 0.049099994162564387 -0.0096018759733794683 -0.0016930822431588943
v 0.049099994162564387 -0.0097499997145293702 2.4736380166423544e-09
v 0.046800006369595637 -0.0097499997145293702 2.4736380166423544e-09
v 0.046800006369595637 -0.0096018759733794683 -0.0016930822431588943
v 0.049099994162564387 -0.0091620032316802498 -0.0033346838056588779
v 0.046800006369595637 -0.0091620032316802498 -0.0033346838056588779
v 0.049099994162564387 -0.0084437472349761476 -0.0048749975263620016
v 0.046800006369595637 -0.0084437472349761476 -0.0048749975263620016
v 0.049099994162564387 -0.0074689332968352782 -0.0062671789228463948
v 0.046800006369595637 -0.0074689332968352782 -0.0062671789228463948
v 0.049099994162564387 -0.006267179203665112 -0.0074689306318307391
v 0.046800006369595637 -0.006267179203665112 -0.0074689306318307391
v 0.049099994162564387 -0.0048750001913665277 -0.0084437536298775928
v 0.046800006369595637 -0.0048750001913665277 -0.0084437536298775928
v 0.049099994162564387 -0.0033346964842437257 -0.0091620153486275946
v 0.046800006369595637 -0.0033346964842437257 -0.0091620153486275946
v 0.046800006369595637 -0.0016930697685836303 -0.0096018652021432338
v 0.049099994162564387 -0.0016930697685836303 -0.0096018652021432338
v 0.049099994162564387 2.3485672906225705e-12 -0.0097499975263620198
v 0.046800006369595637 2.3485672906225705e-12 -0.0097499975263620198
v 0.049099994162564387 0.0016930697434784426 -0.0096018652021432338
v 0.046800006369595637 0.0016930697434784426 -0.0096018652021432338
v 0.049099994162564387 0.0033346963399292482 -0.0091620153486275946
v 0.046800006369595637 0.0033346963399292482 -0.0091620153486275946
v 0.049099994162564387 0.0048749998086334723 -0.0084437536298775928
v 0.046800006369595637 0.0048749998086334723 -0.0084437536298775928
v 0.046800006369595637 0.0062671792977692141 -0.0074689306318307391
v 0.049099994162564387 0.0062671792977692141 -0.0074689306318307391
v 0.049099994162564387 0.0074689333909393803 -0.0062671789228463948
v 0.046800006369595637 0.0074689333909393803 -0.0062671789228463948
v 0.046800006369595637 0.0084437478059174072 -0.0048749975263620016
v 0.049099994162564387 0.0084437478059174072 -0.0048749975263620016
v 0.049099994162564387 0.0091620028489471927 -0.0033346838056588779
v 0.046800006369595637 0.0091620028489471927 -0.0033346838056588779
v 0.049099994162564387 0.0096018755906464113 -0.0016930822431588943
v 0.046800006369595637 0.0096018755906464113 -0.0016930822431588943
v 0.046800006369595637 0.0097500002854706298 2.4736380166423544e-09
v 0.049099994162564387 0.0097500002854706298 2.4736380166423544e-09
v 0.049099994162564387 0.0096018755906464113 0.0016930566728567409
v 0.046800006369595637 0.0096018755906464113 0.0016930566728567409
v 0.046800006369595637 0.0091620028489471927 0.0033346887529348557
v 0.049099994162564387 0.0091620028489471927 0.0033346887529348557
v 0.049099994162564387 0.0084437478059174072 0.0048750024736380349
v 0.046800006369595637 0.0084437478059174072 0.0048750024736380349
v 0.046800006369595637 0.0074689333909393803 0.0062671838701223725
v 0.049099994162564387 0.0074689333909393803 0.0062671838701223725
v 0.046800006369595637 0.0062671792977692141 0.0074689355791067724
v 0.049099994162564387 0.0062671792977692141 0.0074689355791067724
v 0.049099994162564387 0.0048749998086334723 0.0084437585771536261
v 0.046800006369595637 0.0048749998086334723 0.0084437585771536261
v 0.049099994162564387 0.0033346963399292482 0.0091619897783254967
v 0.046800006369595637 0.0033346963399292482 0.0091619897783254967
v 0.046800006369595637 0.0016930697434784426 0.0096018701494192671
v 0.049099994162564387 0.0016930697434784426 0.0096018701494192671
v 0.049099994162564387 2.3485672906225705e-12 0.0097500024736379975
v 0.046800006369595637 2.3485672906225705e-12 0.0097500024736379975
v 0.046800006369595637 -0.0016930697685836303 0.0096018701494192671
v 0.049099994162564387 -0.0016930697685836303 0.0096018701494192671
v 0.049099994162564387 -0.0033346964842437257 0.0091619897783254967
v 0.046800006369595637 -0.0033346964842437257 0.0091619897783254967
v 0.049099994162564387 -0.0048750001913665277 0.0084437585771536261
v 0.046800006369595637 -0.0048750001913665277 0.0084437585771536261
v 0.049099994162564387 -0.006267179203665112 0.0074689355791067724
v 0.046800006369595637 -0.006267179203665112 0.0074689355791067724
v 0.049099994162564387 -0.0074689332968352782 0.0062671838701223725
v 0.046800006369595637 -0.0074689332968352782 0.0062671838701223725
v 0.049099994162564387 -0.0084437472349761476 0.0048750024736380349
v 0.046800006369595637 -0.0084437472349761476 0.0048750024736380349
v 0.049099994162564387 -0.0091620032316802498 0.0033346887529348557
v 0.046800006369595637 -0.0091620032316802498 0.0033346887529348557
v 0.049099994162564387 -0.0096018759733794683 0.0016930566728567409
v 0.046800006369595637 -0.0096018759733794683 0.0016930566728567409
v 0.057550006369595619 -0.010085751248037672 0.0035464807451223712
v 0.056849994162564366 -0.010085751248037672 0.0035464807451223712
v 0.056849994162564366 -0.010712412548696851 0.0035136438310598983
v 0.057550006369595619 -0.010712412548696851 0.0035136438310598983
v 0.056849994162564366 -0.011323850346243239 0.0033724695146536421
v 0.057550006369595619 -0.011323850346243239 0.0033724695146536421
v 0.056849994162564366 -0.011901487064993239 0.0031272607744192715
v 0.057550006369595619 -0.011901487064993239 0.0031272607744192715
v 0.056849994162564366 -0.012427770329153395 0.0027854944169973805
v 0.057550006369595619 -0.012427770329153395 0.0027854944169973805
v 0.056849994162564366 -0.012886710835134839 0.0023575464189505291
v 0.057550006369595619 -0.012886710835134839 0.0023575464189505291
v 0.056849994162564366 -0.013264362049734449 0.0018563867509817644
v 0.057550006369595619 -0.013264362049734449 0.0018563867509817644
v 0.056849994162564366 -0.013549251270925855 0.0012972436845755109
v 0.057550006369595619 -0.013549251270925855 0.0012972436845755109
v 0.056849994162564366 -0.013732721043264723 0.00069714602832549044
v 0.057550006369595619 -0.013732721043264723 0.00069714602832549044
v 0.056849994162564366 -0.013809196186697339 7.4312776372376099e-05
v 0.057550006369595619 -0.013809196186697339 7.4312776372376099e-05
v 0.056849994162564366 -0.013776354504263257 -0.00055236569042449446
v 0.057550006369595619 -0.013776354504263257 -0.00055236569042449446
v 0.056849994162564366 -0.01363519258562312 -0.001163785368158865
v 0.057550006369595619 -0.01363519258562312 -0.001163785368158865
v 0.056849994162564366 -0.013390001011526442 -0.0017414220869088615
v 0.057550006369595619 -0.013390001011526442 -0.0017414220869088615
v 0.056849994162564366 -0.013048227978384352 -0.0022677282392526421
v 0.057550006369595619 -0.013048227978384352 -0.0022677282392526421
v 0.056849994162564366 -0.012620258999502516 -0.0027266515790963508
v 0.057550006369595619 -0.012620258999502516 -0.0027266515790963508
v 0.056849994162564366 -0.012119098377859449 -0.0031043066083932258
v 0.057550006369595619 -0.012119098377859449 -0.0031043066083932258
v 0.056849994162564366 -0.011559972477590894 -0.0033891882001901297
v 0.057550006369595619 -0.011559972477590894 -0.0033891882001901297
v 0.056849994162564366 -0.010959871006643628 -0.0035726598798775933
v 0.057550006369595619 -0.010959871006643628 -0.0035726598798775933
v 0.056849994162564366 -0.010337027264273024 -0.0036491369306588806
v 0.057550006369595619 -0.010337027264273024 -0.0036491369306588806
v 0.056849994162564366 -0.0097103659636138435 -0.0036163000165963521
v 0.057550006369595619 -0.0097103659636138435 -0.0036163000165963521
v 0.056849994162564366 -0.0090989281660674558 -0.0034751257001900959
v 0.057550006369595619 -0.0090989281660674558 -0.0034751257001900959
v 0.056849994162564366 -0.0085212914473174559 -0.0032299474775338566
v 0.057550006369595619 -0.0085212914473174559 -0.0032299474775338566
v 0.057550006369595619 -0.0079950077063201414 -0.0028881811201119656
v 0.056849994162564366 -0.0079950077063201414 -0.0028881811201119656
v 0.056849994162564366 -0.007536067677175854 -0.0024602026044869829
v 0.057550006369595619 -0.007536067677175854 -0.0024602026044869829
v 0.057550006369595619 -0.0071584159857390863 -0.0019590429365182183
v 0.056849994162564366 -0.0071584159857390863 -0.0019590429365182183
v 0.056849994162564366 -0.0068735272413848383 -0.0013999303876900959
v 0.057550006369595619 -0.0068735272413848383 -0.0013999303876900959
v 0.057550006369595619 -0.0066900579458831298 -0.00079983273144013101
v 0.056849994162564366 -0.0066900579458831298 -0.00079983273144013101
v 0.056849994162564366 -0.0066135823256133546 -0.00017696896190888545
v 0.057550006369595619 -0.0066135823256133546 -0.00017696896190888545
v 0.057550006369595619 -0.0066464240080474366 0.00044967898730990941
v 0.056849994162564366 -0.0066464240080474366 0.00044967898730990941
v 0.056849994162564366 -0.0067875859266875727 0.0010611291826223557
v 0.057550006369595619 -0.0067875859266875727 0.0010611291826223557
v 0.057550006369595619 -0.0070327779776214105 0.0016387659013724076
v 0.056849994162564366 -0.0070327779776214105 0.0016387659013724076
v 0.057550006369595619 -0.0073745505339263429 0.0021650415361380015
v 0.056849994162564366 -0.0073745505339263429 0.0021650415361380015
v 0.056849994162564366 -0.0078025190359710204 0.002623995393559897
v 0.057550006369595619 -0.0078025190359710204 0.002623995393559897
v 0.057550006369595619 -0.0083036801344512461 0.003001650422856772
v 0.056849994162564366 -0.0083036801344512461 0.003001650422856772
v 0.056849994162564366 -0.0088628050810454842 0.0032865320146536203
v 0.057550006369595619 -0.0088628050810454842 0.0032865320146536203
v 0.056849994162564366 -0.0094629075056670668 0.0034700036943411394
v 0.057550006369595619 -0.0094629075056670668 0.0034700036943411394
v 0.057550006369595619 0.01786649255689397 0.024609987825200519
v 0.056849994162564366 0.01786649255689397 0.024609987825200519
v 0.056849994162564366 0.017239831256234791 0.02457715091113799
v 0.057550006369595619 0.017239831256234791 0.02457715091113799
v 0.056849994162564366 0.016628392505014088 0.024436007112309865
v 0.057550006369595619 0.016628392505014088 0.024436007112309865
v 0.056849994162564366 0.016050755786264088 0.024190798372075495
v 0.057550006369595619 0.016050755786264088 0.024190798372075495
v 0.056849994162564366 0.01552447252210393 0.023849032014653659
v 0.057550006369595619 0.01552447252210393 0.023849032014653659
v 0.056849994162564366 0.015065532016122485 0.023421053499028621
v 0.057550006369595619 0.015065532016122485 0.023421053499028621
v 0.056849994162564366 0.014687880801522876 0.022919893831059857
v 0.057550006369595619 0.014687880801522876 0.022919893831059857
v 0.056849994162564366 0.014402991580331469 0.022360781282231734
v 0.057550006369595619 0.014402991580331469 0.022360781282231734
v 0.056849994162564366 0.014219521807992602 0.021760683625981769
v 0.057550006369595619 0.014219521807992602 0.021760683625981769
v 0.056849994162564366 0.014143046664559985 0.021137819856450524
v 0.057550006369595619 0.014143046664559985 0.021137819856450524
v 0.056849994162564366 0.014175888346994066 0.020511171907231784
v 0.057550006369595619 0.014175888346994066 0.020511171907231784
v 0.056849994162564366 0.014317050265634203 0.019899721711919283
v 0.057550006369595619 0.014317050265634203 0.019899721711919283
v 0.056849994162564366 0.014562241839730884 0.019322084993169231
v 0.057550006369595619 0.014562241839730884 0.019322084993169231
v 0.056849994162564366 0.014904014872872974 0.018795809358403637
v 0.057550006369595619 0.014904014872872974 0.018795809358403637
v 0.056849994162564366 0.015331983851754809 0.018336855500981741
v 0.057550006369595619 0.015331983851754809 0.018336855500981741
v 0.056849994162564366 0.015833144473397877 0.017959230989262998
v 0.057550006369595619 0.015833144473397877 0.017959230989262998
v 0.056849994162564366 0.016392270373666432 0.017674318879888018
v 0.057550006369595619 0.016392270373666432 0.017674318879888018
v 0.056849994162564366 0.016992371844613698 0.017490847200200499
v 0.057550006369595619 0.016992371844613698 0.017490847200200499
v 0.056849994162564366 0.017615214633309985 0.017414370149419267
v 0.057550006369595619 0.017615214633309985 0.017414370149419267
v 0.056849994162564366 0.018241875933969164 0.017447237581059871
v 0.057550006369595619 0.018241875933969164 0.017447237581059871
v 0.056849994162564366 0.01885331468518987 0.017588381379887996
v 0.057550006369595619 0.01885331468518987 0.017588381379887996
v 0.056849994162564366 0.01943095140393987 0.017833590120122367
v 0.057550006369595619 0.01943095140393987 0.017833590120122367
v 0.057550006369595619 0.019957234668100024 0.018175356477544258
v 0.056849994162564366 0.019957234668100024 0.018175356477544258
v 0.056849994162564366 0.02041617517408147 0.018603304475591109
v 0.057550006369595619 0.02041617517408147 0.018603304475591109
v 0.057550006369595619 0.020793826388681078 0.019104494661138005
v 0.056849994162564366 0.020793826388681078 0.019104494661138005
v 0.056849994162564366 0.021078715609872484 0.019663607209966127
v 0.057550006369595619 0.021078715609872484 0.019663607209966127
v 0.057550006369595619 0.021262185382211352 0.020263704866216148
v 0.056849994162564366 0.021262185382211352 0.020263704866216148
v 0.056849994162564366 0.021338660525643968 0.020886538118169262
v 0.057550006369595619 0.021338660525643968 0.020886538118169262
v 0.057550006369595619 0.021305817889535571 0.021513216584966133
v 0.056849994162564366 0.021305817889535571 0.021513216584966133
v 0.056849994162564366 0.021164656924569751 0.022124636262700503
v 0.057550006369595619 0.021164656924569751 0.022124636262700503
v 0.057550006369595619 0.020919465350473072 0.0227022729814505
v 0.056849994162564366 0.020919465350473072 0.0227022729814505
v 0.057550006369595619 0.020577693271005299 0.02322857913379428
v 0.056849994162564366 0.020577693271005299 0.02322857913379428
v 0.056849994162564366 0.020149724292123462 0.023687502473637989
v 0.057550006369595619 0.020149724292123462 0.023687502473637989
v 0.057550006369595619 0.019648562716806078 0.024065157502934864
v 0.056849994162564366 0.019648562716806078 0.024065157502934864
v 0.056849994162564366 0.019089436816537523 0.024350039094731768
v 0.057550006369595619 0.019089436816537523 0.024350039094731768
v 0.056849994162564366 0.01848933534559026 0.024533510774419232
v 0.057550006369595619 0.01848933534559026 0.024533510774419232
v 0.061650012473111249 0.015103793429696704 0.016764132112309871
v 0.057550006369595619 0.014406190203988697 0.017286593049809895
v 0.057550006369595619 0.015103793429696704 0.016764132112309871
v 0.061650012473111249 0.014406190203988697 0.017286593049809895
v 0.061650012473111249 0.015881522464120532 0.016370760530278639
v 0.057550006369595619 0.015881522464120532 0.016370760530278639
v 0.061650012473111249 0.016715745257699633 0.016118410676763006
v 0.057550006369595619 0.016715745257699633 0.016118410676763006
v 0.057550006369595619 0.017581116961801195 0.016014742463872356
v 0.061650012473111249 0.017581116961801195 0.016014742463872356
v 0.061650012473111249 0.018451340960824635 0.016062929719731778
v 0.057550006369595619 0.018451340960824635 0.016062929719731778
v 0.057550006369595619 0.019299977588021898 0.01626147708301301
v 0.061650012473111249 0.019299977588021898 0.01626147708301301
v 0.061650012473111249 0.020101241397226001 0.016604403108403609
v 0.057550006369595619 0.020101241397226001 0.016604403108403609
v 0.057550006369595619 0.020830785083139087 0.017081240266606734
v 0.061650012473111249 0.020830785083139087 0.017081240266606734
v 0.061650012473111249 0.021466443347299243 0.01767752322559113
v 0.057550006369595619 0.021466443347299243 0.01767752322559113
v 0.061650012473111249 0.02198890237745061 0.018375124543950516
v 0.057550006369595619 0.02198890237745061 0.018375124543950516
v 0.057550006369595619 0.022382285403573659 0.019152865022466159
v 0.061650012473111249 0.022382285403573659 0.019152865022466159
v 0.061650012473111249 0.02263464097913518 0.019987093538091139
v 0.057550006369595619 0.02263464097913518 0.019987093538091139
v 0.061650012473111249 0.022738301562631274 0.020852449983403631
v 0.057550006369595619 0.022738301562631274 0.020852449983403631
v 0.061650012473111249 0.022690116214120534 0.02172268924121612
v 0.057550006369595619 0.022690116214120534 0.02172268924121612
v 0.061650012473111249 0.022491551684701586 0.022571322053716147
v 0.057550006369595619 0.022491551684701586 0.022571322053716147
v 0.061650012473111249 0.022148639010751391 0.023372591584966129
v 0.057550006369595619 0.022148639010751391 0.023372591584966129
v 0.061650012473111249 0.021671798037851003 0.024102114290044274
v 0.057550006369595619 0.021671798037851003 0.024102114290044274
v 0.057550006369595619 0.021075516986215258 0.024737764924809891
v 0.061650012473111249 0.021075516986215258 0.024737764924809891
v 0.057550006369595619 0.012642845439279224 0.018610750764653627
v 0.061650012473111249 0.012642845439279224 0.018610750764653627
v 0.057550006369595619 0.010678905772531177 0.019613588899419276
v 0.061650012473111249 0.010678905772531177 0.019613588899419276
v 0.057550006369595619 0.0085723193162323477 0.020265505403325501
v 0.061650012473111249 0.0085723193162323477 0.020265505403325501
v 0.057550006369595619 0.0063852389329315676 0.020547335237309894
v 0.061650012473111249 0.0063852389329315676 0.020547335237309894
v 0.057550006369595619 0.0041821954720856203 0.020450716584966111
v 0.061650012473111249 0.0041821954720856203 0.020450716584966111
v 0.057550006369595619 0.0020281892293335449 0.019978487581059856
v 0.061650012473111249 0.0020281892293335449 0.019978487581059856
v 0.057550006369595619 -1.3225247597550111e-05 0.019144594758794264
v 0.061650012473111249 -1.3225247597550111e-05 0.019144594758794264
v 0.057550006369595619 -0.0018818164593337524 0.01797363528613799
v 0.061650012473111249 -0.0018818164593337524 0.01797363528613799
v 0.057550006369595619 -0.0035224515921233645 0.016500185579106763
v 0.061650012473111249 -0.0035224515921233645 0.016500185579106763
v 0.061650012473111249 -0.0048867237097381102 0.0147677026689505
v 0.057550006369595619 -0.0048867237097381102 0.0147677026689505
v 0.061650012473111249 -0.0059343797690032465 0.012827303499028608
v 0.057550006369595619 -0.0059343797690032465 0.012827303499028608
v 0.057550006369595619 -0.0066345092779754146 0.010736239045903651
v 0.061650012473111249 -0.0066345092779754146 0.010736239045903651
v 0.061650012473111249 -0.0069664542204497804 0.0085562158525442356
v 0.057550006369595619 -0.0069664542204497804 0.0085562158525442356
v 0.061650012473111249 -0.0069204208380340086 0.0063515344560599041
v 0.057550006369595619 -0.0069204208380340086 0.0063515344560599041
v 0.061650012473111249 -0.0064977676397918209 0.0041872583330130331
v 0.057550006369595619 -0.0064977676397918209 0.0041872583330130331
v 0.057550006369595619 -0.0057109643942473871 0.0021272302568411394
v 0.061650012473111249 -0.0057109643942473871 0.0021272302568411394
v 0.061650012473111249 -0.014265137386953687 -0.0029782995283151315
v 0.057550006369595619 -0.014711813641226148 -0.0022299169599557245
v 0.057550006369595619 -0.014265137386953687 -0.0029782995283151315
v 0.061650012473111249 -0.014711813641226148 -0.0022299169599557245
v 0.061650012473111249 -0.013695289326345778 -0.003637753874018268
v 0.057550006369595619 -0.013695289326345778 -0.003637753874018268
v 0.061650012473111249 -0.013019585323965407 -0.0041882604658151079
v 0.057550006369595619 -0.013019585323965407 -0.0041882604658151079
v 0.061650012473111249 -0.012258555126821851 -0.0046130346357369789
v 0.057550006369595619 -0.012258555126821851 -0.0046130346357369789
v 0.061650012473111249 -0.011435323429739332 -0.0048992284833932476
v 0.057550006369595619 -0.011435323429739332 -0.0048992284833932476
v 0.057550006369595619 -0.010574902249014233 -0.0050381139814401066
v 0.061650012473111249 -0.010574902249014233 -0.0050381139814401066
v 0.057550006369595619 -0.0097034365660308361 -0.0050254797040963917
v 0.061650012473111249 -0.0097034365660308361 -0.0050254797040963917
v 0.061650012473111249 -0.0088474051481841551 -0.0048616918622995109
v 0.057550006369595619 -0.0088474051481841551 -0.0048616918622995109
v 0.061650012473111249 -0.0080328170782683842 -0.0045517553388619847
v 0.057550006369595619 -0.0080328170782683842 -0.0045517553388619847
v 0.061650012473111249 -0.0072844240194915285 -0.0041050695478463406
v 0.057550006369595619 -0.0072844240194915285 -0.0041050695478463406
v 0.057550006369595619 -0.0066249649054168211 -0.0035352453290963815
v 0.061650012473111249 -0.0066249649054168211 -0.0035352453290963815
v 0.061650012473111249 -0.0060744778639434324 -0.0028595251142526368
v 0.057550006369595619 -0.0060744778639434324 -0.0028595251142526368
v 0.061650012473111249 -0.0056496889120696532 -0.0020985082685495149
v 0.057550006369595619 -0.0056496889120696532 -0.0020985082685495149
v 0.061650012473111249 -0.0053635046011565671 -0.0012752660810494976
v 0.057550006369595619 -0.0053635046011565671 -0.0012752660810494976
v 0.061650012473111249 -0.0052246210104583248 -0.00041485348339326267
v 0.057550006369595619 -0.0052246210104583248 -0.00041485348339326267
v 0.061650012473111249 -0.0052372576719878659 0.00045660647754425243
v 0.057550006369595619 -0.0052372576719878659 0.00045660647754425243
v 0.061650012473111249 -0.0054010307318328368 0.0013126550615286114
v 0.057550006369595619 -0.0054010307318328368 0.0013126550615286114
v 0.061650012473111249 0.017938620852792408 0.027093355745122394
v 0.057550006369595619 0.017938620852792408 0.027093355745122394
v 0.061650012473111249 0.014444879817330981 0.02887735232715366
v 0.057550006369595619 0.014444879817330981 0.02887735232715366
v 0.061650012473111249 0.0106973746293427 0.030037111848637998
v 0.057550006369595619 0.0106973746293427 0.030037111848637998
v 0.061650012473111249 0.0068066776269318117 0.030538454622075495
v 0.057550006369595619 0.0068066776269318117 0.030538454622075495
v 0.061650012473111249 0.0028875823491455567 0.030366549104497376
v 0.057550006369595619 0.0028875823491455567 0.030366549104497376
v 0.057550006369595619 -0.00094427777591929321 0.029526491731450499
v 0.061650012473111249 -0.00094427777591929321 0.029526491731450499
v 0.061650012473111249 -0.0045758440024016847 0.028043032258794232
v 0.057550006369595619 -0.0045758440024016847 0.028043032258794232
v 0.061650012473111249 -0.0078999669081328862 0.025959993928716119
v 0.057550006369595619 -0.0078999669081328862 0.025959993928716119
v 0.057550006369595619 -0.010818567944204664 0.023338808625981755
v 0.061650012473111249 -0.010818567944204664 0.023338808625981755
v 0.061650012473111249 -0.013245534611379957 0.020256807893559881
v 0.057550006369595619 -0.013245534611379957 0.020256807893559881
v 0.061650012473111249 -0.015109258366262769 0.016804964631841113
v 0.057550006369595619 -0.015109258366262769 0.016804964631841113
v 0.061650012473111249 -0.016354750347769117 0.013085054963872356
v 0.057550006369595619 -0.016354750347769117 0.013085054963872356
v 0.057550006369595619 -0.016945261669790601 0.0092069116533254891
v 0.061650012473111249 -0.016945261669790601 0.0092069116533254891
v 0.061650012473111249 -0.016863371563589431 0.0052848840654348694
v 0.057550006369595619 -0.016863371563589431 0.0052848840654348694
v 0.061650012473111249 -0.016111494732534742 0.0014347558916067427
v 0.057550006369595619 -0.016111494732534742 0.0014347558916067427
v 0.056849994162564366 -0.011781326008474683 0.0019581018388724059
v 0.056849994162564366 -0.012106408787405347 0.0016549402177786221
v 0.056849994162564366 -0.012373911572134352 0.0012999597490286341
v 0.056849994162564366 -0.011408541393911694 0.0022001672685598717
v 0.056849994162564366 -0.012575708103811598 0.00090390262012240985
v 0.056849994162564366 -0.010999382687246656 0.0023738428056692684
v 0.056849994162564366 -0.012705665302908276 0.00047885379199735789
v 0.056849994162564366 -0.010566281033193922 0.0024738489091848948
v 0.056849994162564366 -0.012759835911428785 3.7661165044278189e-05
v 0.056849994162564366 -0.010122395229971265 0.0024971033037161083
v 0.056849994162564366 -0.012736572933828688 -0.00040621700878384903
v 0.056849994162564366 -0.009681214047109938 0.0024429346025442444
v 0.056849994162564366 -0.012636583042776442 -0.00083932247753387701
v 0.056849994162564366 -0.0092561423308013431 0.0023129907548880002
v 0.056849994162564366 -0.012462905598318433 -0.0012485021650338601
v 0.056849994162564366 -0.0088600947386382571 0.0021111780107473943
v 0.056849994162564366 -0.012220816326773023 -0.0016212743818307396
v 0.056849994162564366 -0.0085051056868194093 0.0018436914384817316
v 0.056849994162564366 -0.011917671871816969 -0.0019463476240182409
v 0.056849994162564366 -0.0082019621855376722 0.0015185876787161545
v 0.056849994162564366 -0.011562683773672438 -0.0022138647138619794
v 0.056849994162564366 -0.0079598729139922619 0.0011458154619192751
v 0.056849994162564366 -0.0077861949926970944 0.00073666629199736766
v 0.056849994162564366 -0.011166636181509352 -0.0024156469404245096
v 0.056849994162564366 -0.010741564465200757 -0.002545621305658885
v 0.056849994162564366 -0.0076862055784820069 0.0003035608232473952
v 0.056849994162564366 -0.0076629426008819092 -0.00014031735058073203
v 0.056849994162564366 -0.010300383282339429 -0.0025997900068307489
v 0.056849994162564366 -0.0098564974791167728 -0.0025765050947213486
v 0.056849994162564366 -0.009423395825064039 -0.0024765295087838535
v 0.056849994162564366 -0.0077171127325652584 -0.00058150997753386724
v 0.056849994162564366 -0.0078470704084990968 -0.0010065893232369949
v 0.056849994162564366 -0.0080488664633391847 -0.0014026159345651434
v 0.056849994162564366 -0.0090142371183990003 -0.0023028539716745122
v 0.056849994162564366 -0.008641452503836012 -0.0020607580244088597
v 0.056849994162564366 -0.0083163697249053481 -0.0017576269208932627
v 0.056849994162564366 0.015845834063851979 0.022718477815434901
v 0.056849994162564366 0.016170916842782643 0.023021608918950498
v 0.056849994162564366 0.015578331279122972 0.022363497346684857
v 0.056849994162564366 0.016543700503671314 0.023263704866216151
v 0.056849994162564366 0.015376534747445728 0.021967440217778633
v 0.056849994162564366 0.016952861117684986 0.023437380403325492
v 0.056849994162564366 0.015246577548349047 0.021542360872075506
v 0.056849994162564366 0.01738596277173772 0.023537386506841118
v 0.056849994162564366 0.01519240693982854 0.02110116824512237
v 0.056849994162564366 0.017829846667611744 0.023560640901372387
v 0.056849994162564366 0.015215669917428638 0.020657290071294243
v 0.056849994162564366 0.018271027850473073 0.023506472200200523
v 0.056849994162564366 0.015315659808480883 0.020224184602544271
v 0.056849994162564366 0.018696099566781664 0.023376497834966148
v 0.056849994162564366 0.015489337252938891 0.019815035432622363
v 0.056849994162564366 0.01909214715894475 0.023174715608403618
v 0.056849994162564366 0.015731426524484303 0.019442263215825484
v 0.056849994162564366 0.019447137164437914 0.022907198518559879
v 0.056849994162564366 0.01603457002576604 0.019117159456059907
v 0.056849994162564366 0.019750281619393968 0.022582125276372378
v 0.056849994162564366 0.016389560031259204 0.018849672883794244
v 0.056849994162564366 0.019992369937265064 0.022209353059575498
v 0.056849994162564366 0.01678560762342229 0.018647860139653638
v 0.056849994162564366 0.020166047381723073 0.021800173372075515
v 0.056849994162564366 0.020266036319101 0.021367067903325487
v 0.056849994162564366 0.017210679339730885 0.018517916291997394
v 0.056849994162564366 0.020289300250375415 0.02092318972949736
v 0.056849994162564366 0.017651860522592211 0.01846374759082553
v 0.056849994162564366 0.018095744418466234 0.018487001985356744
v 0.056849994162564366 0.020235129641854907 0.020482027620122356
v 0.056849994162564366 0.018528846072518968 0.01858700808887237
v 0.056849994162564366 0.020105172442758227 0.020056948274419284
v 0.056849994162564366 0.01893800668653264 0.018760683625981767
v 0.056849994162564366 0.019310790347421312 0.019002749055669232
v 0.056849994162564366 0.019903376864755299 0.019660891145513004
v 0.056849994162564366 0.019635873126351979 0.019305910676763016
v 0.061650012473111249 0.01786649255689397 0.024609987825200519
v 0.061650012473111249 0.01848933534559026 0.024533510774419232
v 0.061650012473111249 0.019089436816537523 0.024350039094731768
v 0.061650012473111249 0.017239831256234791 0.02457715091113799
v 0.061650012473111249 0.019648562716806078 0.024065157502934864
v 0.061650012473111249 0.016628392505014088 0.024436007112309865
v 0.061650012473111249 0.020149724292123462 0.023687502473637989
v 0.061650012473111249 0.016050755786264088 0.024190798372075495
v 0.061650012473111249 0.020577693271005299 0.02322857913379428
v 0.061650012473111249 0.01552447252210393 0.023849032014653659
v 0.061650012473111249 0.020919465350473072 0.0227022729814505
v 0.061650012473111249 0.015065532016122485 0.023421053499028621
v 0.061650012473111249 0.021164656924569751 0.022124636262700503
v 0.061650012473111249 0.014687880801522876 0.022919893831059857
v 0.061650012473111249 0.021305817889535571 0.021513216584966133
v 0.061650012473111249 0.021338660525643968 0.020886538118169262
v 0.061650012473111249 0.021262185382211352 0.020263704866216148
v 0.061650012473111249 0.021078715609872484 0.019663607209966127
v 0.061650012473111249 0.014402991580331469 0.022360781282231734
v 0.061650012473111249 0.020793826388681078 0.019104494661138005
v 0.061650012473111249 0.014219521807992602 0.021760683625981769
v 0.061650012473111249 0.014143046664559985 0.021137819856450524
v 0.061650012473111249 0.014175888346994066 0.020511171907231784
v 0.061650012473111249 0.02041617517408147 0.018603304475591109
v 0.061650012473111249 0.014317050265634203 0.019899721711919283
v 0.061650012473111249 0.014562241839730884 0.019322084993169231
v 0.061650012473111249 0.014904014872872974 0.018795809358403637
v 0.061650012473111249 0.019957234668100024 0.018175356477544258
v 0.061650012473111249 0.01943095140393987 0.017833590120122367
v 0.061650012473111249 0.015331983851754809 0.018336855500981741
v 0.061650012473111249 0.015833144473397877 0.017959230989262998
v 0.061650012473111249 0.01885331468518987 0.017588381379887996
v 0.061650012473111249 0.016392270373666432 0.017674318879888018
v 0.061650012473111249 0.018241875933969164 0.017447237581059871
v 0.061650012473111249 0.016992371844613698 0.017490847200200499
v 0.061650012473111249 0.017615214633309985 0.017414370149419267
v 0.061650012473111249 -0.010085751248037672 0.0035464807451223712
v 0.061650012473111249 -0.0094629075056670668 0.0034700036943411394
v 0.061650012473111249 -0.0088628050810454842 0.0032865320146536203
v 0.061650012473111249 -0.010712412548696851 0.0035136438310598983
v 0.061650012473111249 -0.0083036801344512461 0.003001650422856772
v 0.061650012473111249 -0.011323850346243239 0.0033724695146536421
v 0.061650012473111249 -0.0078025190359710204 0.002623995393559897
v 0.061650012473111249 -0.011901487064993239 0.0031272607744192715
v 0.061650012473111249 -0.0073745505339263429 0.0021650415361380015
v 0.061650012473111249 -0.012427770329153395 0.0027854944169973805
v 0.061650012473111249 -0.0070327779776214105 0.0016387659013724076
v 0.061650012473111249 -0.012886710835134839 0.0023575464189505291
v 0.061650012473111249 -0.0067875859266875727 0.0010611291826223557
v 0.061650012473111249 -0.0066464240080474366 0.00044967898730990941
v 0.061650012473111249 -0.013264362049734449 0.0018563867509817644
v 0.061650012473111249 -0.013549251270925855 0.0012972436845755109
v 0.061650012473111249 -0.0066135823256133546 -0.00017696896190888545
v 0.061650012473111249 -0.013732721043264723 0.00069714602832549044
v 0.061650012473111249 -0.0066900579458831298 -0.00079983273144013101
v 0.061650012473111249 -0.013809196186697339 7.4312776372376099e-05
v 0.061650012473111249 -0.0068735272413848383 -0.0013999303876900959
v 0.061650012473111249 -0.013776354504263257 -0.00055236569042449446
v 0.061650012473111249 -0.0071584159857390863 -0.0019590429365182183
v 0.061650012473111249 -0.007536067677175854 -0.0024602026044869829
v 0.061650012473111249 -0.01363519258562312 -0.001163785368158865
v 0.061650012473111249 -0.013390001011526442 -0.0017414220869088615
v 0.061650012473111249 -0.0079950077063201414 -0.0028881811201119656
v 0.061650012473111249 -0.013048227978384352 -0.0022677282392526421
v 0.061650012473111249 -0.0085212914473174559 -0.0032299474775338566
v 0.061650012473111249 -0.012620258999502516 -0.0027266515790963508
v 0.061650012473111249 -0.0090989281660674558 -0.0034751257001900959
v 0.061650012473111249 -0.012119098377859449 -0.0031043066083932258
v 0.061650012473111249 -0.0097103659636138435 -0.0036163000165963521
v 0.061650012473111249 -0.011559972477590894 -0.0033891882001901297
v 0.061650012473111249 -0.010337027264273024 -0.0036491369306588806
v 0.061650012473111249 -0.010959871006643628 -0.0035726598798775933
v 0.056249988059048739 -0.010122395229971265 0.0024971033037161083
v 0.056249988059048739 -0.010566281033193922 0.0024738489091848948
v 0.056249988059048739 -0.010999382687246656 0.0023738428056692684
v 0.056249988059048739 -0.011408541393911694 0.0022001672685598717
v 0.056249988059048739 -0.011781326008474683 0.0019581018388724059
v 0.056249988059048739 -0.012106408787405347 0.0016549402177786221
v 0.056249988059048739 -0.012373911572134352 0.0012999597490286341
v 0.056249988059048739 -0.012575708103811598 0.00090390262012240985
v 0.056249988059048739 -0.012705665302908276 0.00047885379199735789
v 0.056249988059048739 -0.012759835911428785 3.7661165044278189e-05
v 0.056249988059048739 -0.012736572933828688 -0.00040621700878384903
v 0.056249988059048739 -0.012636583042776442 -0.00083932247753387701
v 0.056249988059048739 -0.012462905598318433 -0.0012485021650338601
v 0.056249988059048739 -0.012220816326773023 -0.0016212743818307396
v 0.056249988059048739 -0.011917671871816969 -0.0019463476240182409
v 0.056249988059048739 -0.011562683773672438 -0.0022138647138619794
v 0.056249988059048739 -0.011166636181509352 -0.0024156469404245096
v 0.056249988059048739 -0.010741564465200757 -0.002545621305658885
v 0.056249988059048739 -0.010300383282339429 -0.0025997900068307489
v 0.056249988059048739 -0.0098564974791167728 -0.0025765050947213486
v 0.056249988059048739 -0.009423395825064039 -0.0024765295087838535
v 0.056249988059048739 -0.0090142371183990003 -0.0023028539716745122
v 0.056249988059048739 -0.008641452503836012 -0.0020607580244088597
v 0.056249988059048739 -0.0083163697249053481 -0.0017576269208932627
v 0.056249988059048739 -0.0080488664633391847 -0.0014026159345651434
v 0.056249988059048739 -0.0078470704084990968 -0.0010065893232369949
v 0.056249988059048739 -0.0077171127325652584 -0.00058150997753386724
v 0.056249988059048739 -0.0076629426008819092 -0.00014031735058073203
v 0.056249988059048739 -0.0076862055784820069 0.0003035608232473952
v 0.056249988059048739 -0.0077861949926970944 0.00073666629199736766
v 0.056249988059048739 -0.0079598729139922619 0.0011458154619192751
v 0.056249988059048739 -0.0082019621855376722 0.0015185876787161545
v 0.056249988059048739 -0.0085051056868194093 0.0018436914384817316
v 0.056249988059048739 -0.0088600947386382571 0.0021111780107473943
v 0.056249988059048739 -0.0092561423308013431 0.0023129907548880002
v 0.056249988059048739 -0.009681214047109938 0.0024429346025442444
v 0.056249988059048739 0.017829846667611744 0.023560640901372387
v 0.056249988059048739 0.01738596277173772 0.023537386506841118
v 0.056249988059048739 0.016952861117684986 0.023437380403325492
v 0.056249988059048739 0.016543700503671314 0.023263704866216151
v 0.056249988059048739 0.016170916842782643 0.023021608918950498
v 0.056249988059048739 0.015845834063851979 0.022718477815434901
v 0.056249988059048739 0.015578331279122972 0.022363497346684857
v 0.056249988059048739 0.015376534747445728 0.021967440217778633
v 0.056249988059048739 0.015246577548349047 0.021542360872075506
v 0.056249988059048739 0.01519240693982854 0.02110116824512237
v 0.056249988059048739 0.015215669917428638 0.020657290071294243
v 0.056249988059048739 0.015315659808480883 0.020224184602544271
v 0.056249988059048739 0.015489337252938891 0.019815035432622363
v 0.056249988059048739 0.015731426524484303 0.019442263215825484
v 0.056249988059048739 0.01603457002576604 0.019117159456059907
v 0.056249988059048739 0.016389560031259204 0.018849672883794244
v 0.056249988059048739 0.01678560762342229 0.018647860139653638
v 0.056249988059048739 0.017210679339730885 0.018517916291997394
v 0.056249988059048739 0.017651860522592211 0.01846374759082553
v 0.056249988059048739 0.018095744418466234 0.018487001985356744
v 0.056249988059048739 0.018528846072518968 0.01858700808887237
v 0.056249988059048739 0.01893800668653264 0.018760683625981767
v 0.056249988059048739 0.019310790347421312 0.019002749055669232
v 0.056249988059048739 0.019635873126351979 0.019305910676763016
v 0.056249988059048739 0.019903376864755299 0.019660891145513004
v 0.056249988059048739 0.020105172442758227 0.020056948274419284
v 0.056249988059048739 0.020235129641854907 0.020482027620122356
v 0.056249988059048739 0.020289300250375415 0.02092318972949736
v 0.056249988059048739 0.020266036319101 0.021367067903325487
v 0.056249988059048739 0.020166047381723073 0.021800173372075515
v 0.056249988059048739 0.019992369937265064 0.022209353059575498
v 0.056249988059048739 0.019750281619393968 0.022582125276372378
v 0.056249988059048739 0.019447137164437914 0.022907198518559879
v 0.056249988059048739 0.01909214715894475 0.023174715608403618
v 0.056249988059048739 0.018696099566781664 0.023376497834966148
v 0.056249988059048739 0.018271027850473073 0.023506472200200523
v 0.062349994162564371 -0.010085751248037672 0.0035464807451223712
v 0.062349994162564371 -0.010712412548696851 0.0035136438310598983
v 0.062349994162564371 -0.011323850346243239 0.0033724695146536421
v 0.062349994162564371 -0.011901487064993239 0.0031272607744192715
v 0.062349994162564371 -0.012427770329153395 0.0027854944169973805
v 0.062349994162564371 -0.012886710835134839 0.0023575464189505291
v 0.062349994162564371 -0.013264362049734449 0.0018563867509817644
v 0.062349994162564371 -0.013549251270925855 0.0012972436845755109
v 0.062349994162564371 -0.013732721043264723 0.00069714602832549044
v 0.062349994162564371 -0.013809196186697339 7.4312776372376099e-05
v 0.062349994162564371 -0.013776354504263257 -0.00055236569042449446
v 0.062349994162564371 -0.01363519258562312 -0.001163785368158865
v 0.062349994162564371 -0.013390001011526442 -0.0017414220869088615
v 0.062349994162564371 -0.013048227978384352 -0.0022677282392526421
v 0.062349994162564371 -0.012620258999502516 -0.0027266515790963508
v 0.062349994162564371 -0.012119098377859449 -0.0031043066083932258
v 0.062349994162564371 -0.011559972477590894 -0.0033891882001901297
v 0.062349994162564371 -0.010959871006643628 -0.0035726598798775933
v 0.062349994162564371 -0.010337027264273024 -0.0036491369306588806
v 0.062349994162564371 -0.0097103659636138435 -0.0036163000165963521
v 0.062349994162564371 -0.0090989281660674558 -0.0034751257001900959
v 0.062349994162564371 -0.0085212914473174559 -0.0032299474775338566
v 0.062349994162564371 -0.0079950077063201414 -0.0028881811201119656
v 0.062349994162564371 -0.007536067677175854 -0.0024602026044869829
v 0.062349994162564371 -0.0071584159857390863 -0.0019590429365182183
v 0.062349994162564371 -0.0068735272413848383 -0.0013999303876900959
v 0.062349994162564371 -0.0066900579458831298 -0.00079983273144013101
v 0.062349994162564371 -0.0066135823256133546 -0.00017696896190888545
v 0.062349994162564371 -0.0066464240080474366 0.00044967898730990941
v 0.062349994162564371 -0.0067875859266875727 0.0010611291826223557
v 0.062349994162564371 -0.0070327779776214105 0.0016387659013724076
v 0.062349994162564371 -0.0073745505339263429 0.0021650415361380015
v 0.062349994162564371 -0.0078025190359710204 0.002623995393559897
v 0.062349994162564371 -0.0083036801344512461 0.003001650422856772
v 0.062349994162564371 -0.0088628050810454842 0.0032865320146536203
v 0.062349994162564371 -0.0094629075056670668 0.0034700036943411394
v 0.062349994162564371 0.01786649255689397 0.024609987825200519
v 0.062349994162564371 0.017239831256234791 0.02457715091113799
v 0.062349994162564371 0.016628392505014088 0.024436007112309865
v 0.062349994162564371 0.016050755786264088 0.024190798372075495
v 0.062349994162564371 0.01552447252210393 0.023849032014653659
v 0.062349994162564371 0.015065532016122485 0.023421053499028621
v 0.062349994162564371 0.014687880801522876 0.022919893831059857
v 0.062349994162564371 0.014402991580331469 0.022360781282231734
v 0.062349994162564371 0.014219521807992602 0.021760683625981769
v 0.062349994162564371 0.014143046664559985 0.021137819856450524
v 0.062349994162564371 0.014175888346994066 0.020511171907231784
v 0.062349994162564371 0.014317050265634203 0.019899721711919283
v 0.062349994162564371 0.014562241839730884 0.019322084993169231
v 0.062349994162564371 0.014904014872872974 0.018795809358403637
v 0.062349994162564371 0.015331983851754809 0.018336855500981741
v 0.062349994162564371 0.015833144473397877 0.017959230989262998
v 0.062349994162564371 0.016392270373666432 0.017674318879888018
v 0.062349994162564371 0.016992371844613698 0.017490847200200499
v 0.062349994162564371 0.017615214633309985 0.017414370149419267
v 0.062349994162564371 0.018241875933969164 0.017447237581059871
v 0.062349994162564371 0.01885331468518987 0.017588381379887996
v 0.062349994162564371 0.01943095140393987 0.017833590120122367
v 0.062349994162564371 0.019957234668100024 0.018175356477544258
v 0.062349994162564371 0.02041617517408147 0.018603304475591109
v 0.062349994162564371 0.020793826388681078 0.019104494661138005
v 0.062349994162564371 0.021078715609872484 0.019663607209966127
v 0.062349994162564371 0.021262185382211352 0.020263704866216148
v 0.062349994162564371 0.021338660525643968 0.020886538118169262
v 0.062349994162564371 0.021305817889535571 0.021513216584966133
v 0.062349994162564371 0.021164656924569751 0.022124636262700503
v 0.062349994162564371 0.020919465350473072 0.0227022729814505
v 0.062349994162564371 0.020577693271005299 0.02322857913379428
v 0.062349994162564371 0.020149724292123462 0.023687502473637989
v 0.062349994162564371 0.019648562716806078 0.024065157502934864
v 0.062349994162564371 0.019089436816537523 0.024350039094731768
v 0.062349994162564371 0.01848933534559026 0.024533510774419232
v 0.056249988059048739 0.014176658915841724 0.021066225618169232
v 0.056249988059048739 0.01422983198102727 0.020458468049809886
v 0.056249988059048739 0.01422983198102727 0.021673983186528634
v 0.056249988059048739 0.014387734698617602 0.01986914309863802
v 0.056249988059048739 0.014387734698617602 0.022263277620122368
v 0.056249988059048739 0.014645570086801197 0.019316225618169258
v 0.056249988059048739 0.014645570086801197 0.022816225618169261
v 0.056249988059048739 0.014995503711068774 0.018816469758794252
v 0.056249988059048739 0.014995503711068774 0.023315981477544268
v 0.056249988059048739 0.015426903056466724 0.018385073274419239
v 0.056249988059048739 0.015426903056466724 0.02374737796191928
v 0.056249988059048739 0.015926659869516038 0.018035128206059903
v 0.056249988059048739 0.015926659869516038 0.024097323030278617
v 0.056249988059048739 0.016479588794076586 0.017777285188481762
v 0.056249988059048739 0.016479588794076586 0.024355135530278627
v 0.056249988059048739 0.017068890857064867 0.017619387239262985
v 0.056249988059048739 0.017068890857064867 0.024513063997075535
v 0.056249988059048739 0.01767665986951604 0.017566225618169284
v 0.056249988059048739 0.01828442697461858 0.017619387239262985
v 0.056249988059048739 0.01767665986951604 0.024566225618169235
v 0.056249988059048739 0.018873729037606861 0.017777285188481762
v 0.056249988059048739 0.01828442697461858 0.024513063997075535
v 0.056249988059048739 0.019426659869516041 0.018035128206059903
v 0.056249988059048739 0.018873729037606861 0.024355135530278627
v 0.056249988059048739 0.019926415728891041 0.018385073274419239
v 0.056249988059048739 0.019426659869516041 0.024097323030278617
v 0.056249988059048739 0.019926415728891041 0.02374737796191928
v 0.056249988059048739 0.020357814120614673 0.018816469758794252
v 0.056249988059048739 0.020357814120614673 0.023315981477544268
v 0.056249988059048739 0.020707747744882252 0.019316225618169258
v 0.056249988059048739 0.020707747744882252 0.022816225618169261
v 0.056249988059048739 0.020965583133065846 0.01986914309863802
v 0.056249988059048739 0.021123486804330491 0.020458468049809886
v 0.056249988059048739 0.020965583133065846 0.022263277620122368
v 0.056249988059048739 0.021123486804330491 0.021673983186528634
v 0.056249988059048739 0.021176659869516039 0.021066225618169232
v 0.062349994162564371 -0.0085051056868194093 0.0018436914384817316
v 0.062349994162564371 -0.0082019621855376722 0.0015185876787161545
v 0.062349994162564371 -0.0088600947386382571 0.0021111780107473943
v 0.062349994162564371 -0.0079598729139922619 0.0011458154619192751
v 0.062349994162564371 -0.0092561423308013431 0.0023129907548880002
v 0.062349994162564371 -0.0077861949926970944 0.00073666629199736766
v 0.062349994162564371 -0.009681214047109938 0.0024429346025442444
v 0.062349994162564371 -0.0076862055784820069 0.0003035608232473952
v 0.062349994162564371 -0.010122395229971265 0.0024971033037161083
v 0.062349994162564371 -0.0076629426008819092 -0.00014031735058073203
v 0.062349994162564371 -0.010566281033193922 0.0024738489091848948
v 0.062349994162564371 -0.0077171127325652584 -0.00058150997753386724
v 0.062349994162564371 -0.010999382687246656 0.0023738428056692684
v 0.062349994162564371 -0.0078470704084990968 -0.0010065893232369949
v 0.062349994162564371 -0.011408541393911694 0.0022001672685598717
v 0.062349994162564371 -0.0080488664633391847 -0.0014026159345651434
v 0.062349994162564371 -0.011781326008474683 0.0019581018388724059
v 0.062349994162564371 -0.0083163697249053481 -0.0017576269208932627
v 0.062349994162564371 -0.012106408787405347 0.0016549402177786221
v 0.062349994162564371 -0.008641452503836012 -0.0020607580244088597
v 0.062349994162564371 -0.012373911572134352 0.0012999597490286341
v 0.062349994162564371 -0.0090142371183990003 -0.0023028539716745122
v 0.062349994162564371 -0.012575708103811598 0.00090390262012240985
v 0.062349994162564371 -0.009423395825064039 -0.0024765295087838535
v 0.062349994162564371 -0.012705665302908276 0.00047885379199735789
v 0.062349994162564371 -0.0098564974791167728 -0.0025765050947213486
v 0.062349994162564371 -0.012759835911428785 3.7661165044278189e-05
v 0.062349994162564371 -0.010300383282339429 -0.0025997900068307489
v 0.062349994162564371 -0.012736572933828688 -0.00040621700878384903
v 0.062349994162564371 -0.010741564465200757 -0.002545621305658885
v 0.062349994162564371 -0.012636583042776442 -0.00083932247753387701
v 0.062349994162564371 -0.011166636181509352 -0.0024156469404245096
v 0.062349994162564371 -0.012462905598318433 -0.0012485021650338601
v 0.062349994162564371 -0.011562683773672438 -0.0022138647138619794
v 0.062349994162564371 -0.012220816326773023 -0.0016212743818307396
v 0.062349994162564371 -0.011917671871816969 -0.0019463476240182409
v 0.062349994162564371 0.019447137164437914 0.022907198518559879
v 0.062349994162564371 0.019750281619393968 0.022582125276372378
v 0.062349994162564371 0.01909214715894475 0.023174715608403618
v 0.062349994162564371 0.019992369937265064 0.022209353059575498
v 0.062349994162564371 0.018696099566781664 0.023376497834966148
v 0.062349994162564371 0.020166047381723073 0.021800173372075515
v 0.062349994162564371 0.018271027850473073 0.023506472200200523
v 0.062349994162564371 0.020266036319101 0.021367067903325487
v 0.062349994162564371 0.017829846667611744 0.023560640901372387
v 0.062349994162564371 0.020289300250375415 0.02092318972949736
v 0.062349994162564371 0.01738596277173772 0.023537386506841118
v 0.062349994162564371 0.020235129641854907 0.020482027620122356
v 0.062349994162564371 0.016952861117684986 0.023437380403325492
v 0.062349994162564371 0.020105172442758227 0.020056948274419284
v 0.062349994162564371 0.016543700503671314 0.023263704866216151
v 0.062349994162564371 0.019903376864755299 0.019660891145513004
v 0.062349994162564371 0.016170916842782643 0.023021608918950498
v 0.062349994162564371 0.019635873126351979 0.019305910676763016
v 0.062349994162564371 0.015845834063851979 0.022718477815434901
v 0.062349994162564371 0.019310790347421312 0.019002749055669232
v 0.062349994162564371 0.015578331279122972 0.022363497346684857
v 0.062349994162564371 0.01893800668653264 0.018760683625981767
v 0.062349994162564371 0.015376534747445728 0.021967440217778633
v 0.062349994162564371 0.018528846072518968 0.01858700808887237
v 0.062349994162564371 0.015246577548349047 0.021542360872075506
v 0.062349994162564371 0.018095744418466234 0.018487001985356744
v 0.062349994162564371 0.01519240693982854 0.02110116824512237
v 0.062349994162564371 0.017651860522592211 0.01846374759082553
v 0.062349994162564371 0.015215669917428638 0.020657290071294243
v 0.062349994162564371 0.017210679339730885 0.018517916291997394
v 0.062349994162564371 0.01678560762342229 0.018647860139653638
v 0.062349994162564371 0.015315659808480883 0.020224184602544271
v 0.062349994162564371 0.015489337252938891 0.019815035432622363
v 0.062349994162564371 0.016389560031259204 0.018849672883794244
v 0.062349994162564371 0.015731426524484303 0.019442263215825484
v 0.062349994162564371 0.01603457002576604 0.019117159456059907
v 0.053800006369595588 0.019926415728891041 0.018385073274419239
v 0.053800006369595588 0.020357814120614673 0.018816469758794252
v 0.053800006369595588 0.019426659869516041 0.018035128206059903
v 0.053800006369595588 0.018873729037606861 0.017777285188481762
v 0.053800006369595588 0.01828442697461858 0.017619387239262985
v 0.053800006369595588 0.01767665986951604 0.017566225618169284
v 0.053800006369595588 0.017068890857064867 0.017619387239262985
v 0.053800006369595588 0.016479588794076586 0.017777285188481762
v 0.053800006369595588 0.015926659869516038 0.018035128206059903
v 0.053800006369595588 0.015426903056466724 0.018385073274419239
v 0.053800006369595588 0.014995503711068774 0.018816469758794252
v 0.053800006369595588 0.014645570086801197 0.019316225618169258
v 0.053800006369595588 0.014387734698617602 0.01986914309863802
v 0.053800006369595588 0.01422983198102727 0.020458468049809886
v 0.053800006369595588 0.014176658915841724 0.021066225618169232
v 0.053800006369595588 0.01422983198102727 0.021673983186528634
v 0.053800006369595588 0.014387734698617602 0.022263277620122368
v 0.053800006369595588 0.014645570086801197 0.022816225618169261
v 0.053800006369595588 0.014995503711068774 0.023315981477544268
v 0.053800006369595588 0.015426903056466724 0.02374737796191928
v 0.053800006369595588 0.015926659869516038 0.024097323030278617
v 0.053800006369595588 0.016479588794076586 0.024355135530278627
v 0.053800006369595588 0.017068890857064867 0.024513063997075535
v 0.053800006369595588 0.01767665986951604 0.024566225618169235
v 0.053800006369595588 0.01828442697461858 0.024513063997075535
v 0.053800006369595588 0.018873729037606861 0.024355135530278627
v 0.053800006369595588 0.019426659869516041 0.024097323030278617
v 0.053800006369595588 0.019926415728891041 0.02374737796191928
v 0.053800006369595588 0.020357814120614673 0.023315981477544268
v 0.053800006369595588 0.020707747744882252 0.022816225618169261
v 0.053800006369595588 0.020965583133065846 0.022263277620122368
v 0.053800006369595588 0.021123486804330491 0.021673983186528634
v 0.053800006369595588 0.021176659869516039 0.021066225618169232
v 0.053800006369595588 0.021123486804330491 0.020458468049809886
v 0.053800006369595588 0.020965583133065846 0.01986914309863802
v 0.053800006369595588 0.020707747744882252 0.019316225618169258
v 0.062950000266079997 -0.010566281033193922 0.0024738489091848948
v 0.062950000266079997 -0.010122395229971265 0.0024971033037161083
v 0.062950000266079997 -0.010999382687246656 0.0023738428056692684
v 0.062950000266079997 -0.011408541393911694 0.0022001672685598717
v 0.062950000266079997 -0.011781326008474683 0.0019581018388724059
v 0.062950000266079997 -0.012106408787405347 0.0016549402177786221
v 0.062950000266079997 -0.012373911572134352 0.0012999597490286341
v 0.062950000266079997 -0.012575708103811598 0.00090390262012240985
v 0.062950000266079997 -0.012705665302908276 0.00047885379199735789
v 0.062950000266079997 -0.012759835911428785 3.7661165044278189e-05
v 0.062950000266079997 -0.012736572933828688 -0.00040621700878384903
v 0.062950000266079997 -0.012636583042776442 -0.00083932247753387701
v 0.062950000266079997 -0.012462905598318433 -0.0012485021650338601
v 0.062950000266079997 -0.012220816326773023 -0.0016212743818307396
v 0.062950000266079997 -0.011917671871816969 -0.0019463476240182409
v 0.062950000266079997 -0.011562683773672438 -0.0022138647138619794
v 0.062950000266079997 -0.011166636181509352 -0.0024156469404245096
v 0.062950000266079997 -0.010741564465200757 -0.002545621305658885
v 0.062950000266079997 -0.010300383282339429 -0.0025997900068307489
v 0.062950000266079997 -0.0098564974791167728 -0.0025765050947213486
v 0.062950000266079997 -0.009423395825064039 -0.0024765295087838535
v 0.062950000266079997 -0.0090142371183990003 -0.0023028539716745122
v 0.062950000266079997 -0.008641452503836012 -0.0020607580244088597
v 0.062950000266079997 -0.0083163697249053481 -0.0017576269208932627
v 0.062950000266079997 -0.0080488664633391847 -0.0014026159345651434
v 0.062950000266079997 -0.0078470704084990968 -0.0010065893232369949
v 0.062950000266079997 -0.0077171127325652584 -0.00058150997753386724
v 0.062950000266079997 -0.0076629426008819092 -0.00014031735058073203
v 0.062950000266079997 -0.0076862055784820069 0.0003035608232473952
v 0.062950000266079997 -0.0077861949926970944 0.00073666629199736766
v 0.062950000266079997 -0.0079598729139922619 0.0011458154619192751
v 0.062950000266079997 -0.0082019621855376722 0.0015185876787161545
v 0.062950000266079997 -0.0085051056868194093 0.0018436914384817316
v 0.062950000266079997 -0.0088600947386382571 0.0021111780107473943
v 0.062950000266079997 -0.0092561423308013431 0.0023129907548880002
v 0.062950000266079997 -0.009681214047109938 0.0024429346025442444
v 0.062950000266079997 0.01738596277173772 0.023537386506841118
v 0.062950000266079997 0.017829846667611744 0.023560640901372387
v 0.062950000266079997 0.016952861117684986 0.023437380403325492
v 0.062950000266079997 0.016543700503671314 0.023263704866216151
v 0.062950000266079997 0.016170916842782643 0.023021608918950498
v 0.062950000266079997 0.015845834063851979 0.022718477815434901
v 0.062950000266079997 0.015578331279122972 0.022363497346684857
v 0.062950000266079997 0.015376534747445728 0.021967440217778633
v 0.062950000266079997 0.015246577548349047 0.021542360872075506
v 0.062950000266079997 0.01519240693982854 0.02110116824512237
v 0.062950000266079997 0.015215669917428638 0.020657290071294243
v 0.062950000266079997 0.015315659808480883 0.020224184602544271
v 0.062950000266079997 0.015489337252938891 0.019815035432622363
v 0.062950000266079997 0.015731426524484303 0.019442263215825484
v 0.062950000266079997 0.01603457002576604 0.019117159456059907
v 0.062950000266079997 0.016389560031259204 0.018849672883794244
v 0.062950000266079997 0.01678560762342229 0.018647860139653638
v 0.062950000266079997 0.017210679339730885 0.018517916291997394
v 0.062950000266079997 0.017651860522592211 0.01846374759082553
v 0.062950000266079997 0.018095744418466234 0.018487001985356744
v 0.062950000266079997 0.018528846072518968 0.01858700808887237
v 0.062950000266079997 0.01893800668653264 0.018760683625981767
v 0.062950000266079997 0.019310790347421312 0.019002749055669232
v 0.062950000266079997 0.019635873126351979 0.019305910676763016
v 0.062950000266079997 0.019903376864755299 0.019660891145513004
v 0.062950000266079997 0.020105172442758227 0.020056948274419284
v 0.062950000266079997 0.020235129641854907 0.020482027620122356
v 0.062950000266079997 0.020289300250375415 0.02092318972949736
v 0.062950000266079997 0.020266036319101 0.021367067903325487
v 0.062950000266079997 0.020166047381723073 0.021800173372075515
v 0.062950000266079997 0.019992369937265064 0.022209353059575498
v 0.062950000266079997 0.019750281619393968 0.022582125276372378
v 0.062950000266079997 0.019447137164437914 0.022907198518559879
v 0.062950000266079997 0.01909214715894475 0.023174715608403618
v 0.062950000266079997 0.018696099566781664 0.023376497834966148
v 0.062950000266079997 0.018271027850473073 0.023506472200200523
v 0.053800006369595588 -0.0031126632219909182 0.016653933137700527
v 0.053800006369595588 -0.002178919268286084 0.019251772493169284
v 0.053800006369595588 -0.0052246434218047606 0.01592172488574739
v 0.053800006369595588 -0.0032195128924010744 0.016527498811528651
v 0.053800006369595588 -0.003304043245947217 0.016385195344731762
v 0.053800006369595588 -0.0033639380461333739 0.016230867952153616
v 0.053800006369595588 -0.00339755625787959 0.01606878909473175
v 0.053800006369595588 -0.003403976631796216 0.015903383821294248
v 0.053800006369595588 -0.0017267828709243284 0.017853334993169268
v 0.053800006369595588 -0.0033830232149718751 0.015739199250981772
v 0.053800006369595588 -0.0033352701193450443 0.015580690950200482
v 0.053800006369595588 -0.0032620257860778322 0.015432253450200495
v 0.053800006369595588 -0.0031652972227691162 0.015297915071294244
v 0.053800006369595588 -0.00018141978744253988 0.01883877810840362
v 0.053800006369595588 0.0013712168210388675 0.02203784427051303
v 0.053800006369595588 -0.0030477349287627688 0.015181398958013015
v 0.053800006369595588 -0.0076836502081511961 0.01213766726855986
v 0.053800006369595588 0.0014906642907501712 0.01958935794238803
v 0.053800006369595588 -0.002278549385702466 0.014535952180669276
v 0.053800006369595588 -0.0021448356634734618 0.014441286653325502
v 0.053800006369595588 -0.0019974568611739623 0.014369722932622397
v 0.053800006369595588 -0.0018403690582869993 0.014323153108403652
v 0.053800006369595588 -0.0016777888065932739 0.014302889436528632
v 0.053800006369595588 -0.0094894892698882578 0.0080018945634817706
v 0.053800006369595588 0.0032540212148071779 0.020089174836919244
v 0.053800006369595588 0.0053298295014740484 0.024204622834966105
v 0.053800006369595588 -0.0015140803581832397 0.014309450715825511
v 0.053800006369595588 0.0050712674134613528 0.020327639192388003
v 0.053800006369595588 0.0069038775437714117 0.020299654573247394
v 0.053800006369595588 -0.010947238636648511 -0.0010760778486276212
v 0.053800006369595588 -0.010965438557302809 -0.00087130489940884237
v 0.053800006369595588 -0.010959796620046949 -0.00093960323925262879
v 0.053800006369595588 -0.010953730297720289 -0.0010078710615182285
v 0.053800006369595588 0.0070669939988495366 0.020271486848637998
v 0.053800006369595588 0.0095899441712738523 0.025693605989263013
v 0.053800006369595588 0.0072232296937347904 0.020216799348638015
v 0.053800006369595588 0.0073683031075836673 0.020137087434575485
v 0.053800006369595588 0.0074982393258453866 0.020034548372075522
v 0.053800006369595588 0.0076094787591339608 0.019911959260747403
v 0.053800006369595588 -0.020357815457022047 -0.018816464811518219
v 0.053800006369595588 -0.021305203152334546 -0.016932980924799501
v 0.053800006369595588 -0.021965923977529861 -0.01762353268261202
v 0.053800006369595588 0.014036439227426195 0.026464541047856782
v 0.053800006369595588 -0.019926415157949781 -0.018385068327143261
v 0.053800006369595588 -0.020534918499624587 -0.016367246061518237
v 0.053800006369595588 -0.020707749081289625 -0.019316220670893225
v 0.053800006369595588 -0.022497132015859938 -0.018417996793940128
v 0.053800006369595588 -0.020965582562124586 -0.019869138151361987
v 0.053800006369595588 -0.022882786465322828 -0.019292447477533892
v 0.053800006369595588 -0.019426659298574782 -0.018035123258783869
v 0.053800006369595588 -0.019678330135977126 -0.015943387418940136
v 0.053800006369595588 0.0076989725106598392 0.019772707551763025
v 0.053800006369595588 -0.021123486233389235 -0.020458463102533853
v 0.053800006369595588 -0.02311124296251521 -0.020220456510737006
v 0.053800006369595588 -0.018873730374014235 -0.01777731075878386
v 0.053800006369595588 0.0077642686837555422 0.019620607942388013
v 0.053800006369595588 0.018549157428109791 0.02649658450488801
v 0.053800006369595588 -0.02117665929857478 -0.021066220670893254
v 0.053800006369595588 -0.023175602627432203 -0.021174008756830731
v 0.053800006369595588 -0.018284428311025953 -0.017619382291987007
v 0.053800006369595588 0.0078035781854034923 0.019459810823247381
v 0.053800006369595588 0.0078158243173004644 0.019294710725591135
v 0.053800006369595588 -0.021123486233389235 -0.0216739782392526
v 0.053800006369595588 -0.023073923779165603 -0.022124295622065138
v 0.053800006369595588 -0.01767665929857478 -0.017566220670893251
v 0.053800006369595588 -0.017404520702993725 -0.014645261198237003
v 0.053800006369595588 0.0078006709092499271 0.019129885286138015
v 0.053800006369595588 0.01947602968152776 0.026263552278325497
v 0.053800006369595588 -0.020965582562124586 -0.022263303190424466
v 0.053800006369595588 -0.022809273434316969 -0.02304266110058073
v 0.053800006369595588 -0.017068890286123611 -0.017619382291987007
v 0.053800006369595588 0.0076263106339813725 0.018141054719731764
v 0.053800006369595588 0.0075847380631805916 0.01798257693652866
v 0.053800006369595588 -0.020707749081289625 -0.022816220670893228
v 0.053800006369595588 -0.022389647198355053 -0.023901303678705743
v 0.053800006369595588 -0.01647958822313533 -0.01777731075878386
v 0.053800006369595588 0.020348573016488698 0.02587359866504424
v 0.053800006369595588 0.007517845916116382 0.017833010286137985
v 0.053800006369595588 -0.020357815457022047 -0.023315976530268234
v 0.053800006369595588 -0.021827711773550366 -0.024674374967768253
v 0.053800006369595588 -0.015926659298574782 -0.018035123258783869
v 0.053800006369595588 -0.01538924760881648 -0.012973752409174477
v 0.053800006369595588 0.021140435504281664 0.025338472932622369
v 0.053800006369595588 -0.019926415157949781 -0.023747373014643247
v 0.053800006369595588 -0.015426902485525465 -0.018385068327143261
v 0.053800006369595588 -0.021140434933340405 -0.025338498502924467
v 0.053800006369595588 -0.019426659298574782 -0.024097318083002639
v 0.053800006369595588 -0.014995504093801832 -0.018816464811518219
v 0.053800006369595588 0.021827710437142992 0.024674379915044231
v 0.053800006369595588 -0.020348572445547438 -0.025873593717768262
v 0.053800006369595588 -0.018873730374014235 -0.024355161100580724
v 0.053800006369595588 0.02238964586194768 0.023901308625981776
v 0.053800006369595588 -0.019476031017935134 -0.026263547331049519
v 0.053800006369595588 -0.018284428311025953 -0.024513059049799502
v 0.053800006369595588 0.022809274005258229 0.023042635530278632
v 0.053800006369595588 -0.018549156857168531 -0.026496579557611977
v 0.053800006369595588 -0.01767665929857478 -0.024566220670893257
v 0.053800006369595588 -0.017068890286123611 -0.024513059049799502
v 0.053800006369595588 0.013693147944772388 0.010979097932622361
v 0.053800006369595588 0.0074274299615265382 0.017696383088872392
v 0.053800006369595588 0.0073159173005463143 0.017576326936528608
v 0.053800006369595588 0.0071863005631805912 0.017476107209966119
v 0.053800006369595588 0.0070420601838470957 0.01739840945605986
v 0.053800006369595588 0.0068870676034332766 0.017345308870122367
v 0.053800006369595588 0.015389248179757739 0.012973726838872379
v 0.053800006369595588 0.023073922442758226 0.022124300569341115
v 0.053800006369595588 0.012367254542672778 0.0087213769853567435
v 0.053800006369595588 0.0065616438859344975 0.017317873567388009
v 0.053800006369595588 0.0049183748238922614 0.017308260530278619
v 0.053800006369595588 0.0033008854859711183 0.017018160432622387
v 0.053800006369595588 0.0067254827493073007 0.017318209260747397
v 0.053800006369595588 0.017404521273934985 0.014645266145512981
v 0.053800006369595588 0.023175603198373463 0.021174013704106764
v 0.053800006369595588 0.02311124353345647 0.020220461458012984
v 0.053800006369595588 0.01145146398481145 0.0062684656084036061
v 0.053800006369595588 0.0017566910260559572 0.016456118196294278
v 0.053800006369595588 0.00033115329083218699 0.015638643831059895
v 0.053800006369595588 -0.00093385149303660273 0.014589754670903621
v 0.053800006369595588 -0.0010595770603774536 0.014484682649419267
v 0.053800006369595588 -0.0012007693773864257 0.014401583284184893
v 0.053800006369595588 0.019678328799569753 0.015943392366216114
v 0.053800006369595588 0.022882787036264087 0.019292452424809869
v 0.053800006369595588 0.020534919070565844 0.01636725100879427
v 0.053800006369595588 0.022497132586801197 0.018418001741216106
v 0.053800006369595588 0.021305203723275806 0.016932985872075534
v 0.053800006369595588 0.021965924548471117 0.017623507112309866
v 0.053800006369595588 -0.0074278499609588136 -0.017695981413080764
v 0.053800006369595588 -0.013693147373831129 -0.010979092985346384
v 0.053800006369595588 -0.0073163368231414306 -0.017575955778315111
v 0.053800006369595588 -0.0075182659155486574 -0.017832639127924488
v 0.053800006369595588 -0.0071867205626128658 -0.017475736051752622
v 0.053800006369595588 -0.0075851580626128661 -0.017982175260736977
v 0.053800006369595588 -0.014645570469534254 -0.019316220670893225
v 0.053800006369595588 -0.0070424801832793702 -0.017398038297846363
v 0.053800006369595588 -0.007626730633413647 -0.018140653043940136
v 0.053800006369595588 -0.0068874871260283929 -0.01734493771190887
v 0.053800006369595588 -0.012367254925405836 -0.0087213720380807658
v 0.053800006369595588 -0.0067259027487395753 -0.017317838102533845
v 0.053800006369595588 0.010973328875863697 0.0036942163408255069
v 0.053800006369595588 -0.010593362522756909 0.0036261621416067702
v 0.053800006369595588 -0.0013536383635161864 0.014342623323247372
v 0.053800006369595588 -0.006562063885366772 -0.017317502409174512
v 0.053800006369595588 -0.014036439610159254 -0.026464536100580749
v 0.053800006369595588 -0.01647958822313533 -0.024355161100580724
v 0.053800006369595588 -0.015926659298574782 -0.024097318083002639
v 0.053800006369595588 -0.015426902485525465 -0.023747373014643247
v 0.053800006369595588 -0.014995504093801832 -0.023315976530268234
v 0.053800006369595588 -0.014645570469534254 -0.022816220670893228
v 0.053800006369595588 -0.0078010904318450433 -0.019129514127924518
v 0.053800006369595588 -0.014387735081350659 -0.019869138151361987
v 0.053800006369595588 -0.0078162438398955807 -0.019294339567377639
v 0.053800006369595588 -0.014229832363760329 -0.020458463102533853
v 0.053800006369595588 -0.007803998184835766 -0.019459409147455753
v 0.053800006369595588 -0.0077646886831878176 -0.019620206266596385
v 0.053800006369595588 -0.014176659298574781 -0.021066220670893254
v 0.053800006369595588 -0.0076993925100921137 -0.019772336393549472
v 0.053800006369595588 -0.014229832363760329 -0.0216739782392526
v 0.053800006369595588 -0.0076098982817290771 -0.01991158810253385
v 0.053800006369595588 -0.0049187943464873776 -0.017307889372065122
v 0.053800006369595588 0.010947238253915454 0.0010760827959036545
v 0.053800006369595588 0.010959797190988208 0.00093960818652860656
v 0.053800006369595588 0.010953730868661547 0.0010078760087942618
v 0.053800006369595588 0.01096543817456975 0.00087130984668487566
v 0.053800006369595588 -0.0033013052469848146 -0.01701778927440889
v 0.053800006369595588 -0.011451463413870192 -0.0062684606611276283
v 0.053800006369595588 -0.0095899445540069093 -0.02569360104198698
v 0.053800006369595588 -0.0070674135214446529 -0.020271115690424502
v 0.053800006369595588 -0.0072236492163299066 -0.020216428190424518
v 0.053800006369595588 -0.0073687226301787836 -0.020136716276361988
v 0.053800006369595588 -0.0074986593252776611 -0.020034146696283894
v 0.053800006369595588 -0.014387735081350659 -0.022263303190424466
v 0.053800006369595588 -0.0017571107870696533 -0.016455747038080726
v 0.053800006369595588 -0.00033157309654936669 -0.015638272672846343
v 0.053800006369595588 0.00093343167241826178 -0.014589383512690124
v 0.053800006369595588 0.0010591572993637575 -0.01448431149120577
v 0.053800006369595588 0.0012003496163727296 -0.014401212125971341
v 0.053800006369595588 -0.010973329258596754 -0.0036942419111276048
v 0.053800006369595588 0.0013532184832932008 -0.014342252165033875
v 0.053800006369595588 0.0015136605971695436 -0.014309079557612014
v 0.053800006369595588 0.010593362140023852 -0.0036261571943307369
v 0.053800006369595588 -0.0053298294073699463 -0.024204617887690127
v 0.053800006369595588 -0.0069042970663665279 -0.020299283415033842
v 0.053800006369595588 -0.0050716874128936273 -0.020327237516596375
v 0.053800006369595588 -0.0032544409758208741 -0.020088803678705747
v 0.053800006369595588 0.0094894898408295156 -0.0080019201337838686
v 0.053800006369595588 0.0016773689263702882 -0.014302518278315135
v 0.053800006369595588 -0.0013712167269347654 -0.022037839323236996
v 0.053800006369595588 -0.0014910841709731566 -0.019588986784174478
v 0.053800006369595588 0.00018099998172536018 -0.018838406950190123
v 0.053800006369595588 0.0076836503022552982 -0.012137662321283882
v 0.053800006369595588 0.0018399491780640138 -0.0143227819501901
v 0.053800006369595588 0.0019970372193695556 -0.014369351774408845
v 0.053800006369595588 0.0021444159024597655 -0.014440915495112006
v 0.053800006369595588 0.0022781293862701906 -0.014535581022455724
v 0.053800006369595588 0.0030473151677490721 -0.015181027799799518
v 0.053800006369595588 0.0021789193623901856 -0.01925176754589325
v 0.053800006369595588 0.0031122434609772219 -0.016653561979486975
v 0.053800006369595588 0.0017263631099106325 -0.017852963834955771
v 0.053800006369595588 0.0052246435159088627 -0.015921719938471357
v 0.053800006369595588 0.0031648774617554199 -0.015297543913080747
v 0.053800006369595588 0.0032616060250641359 -0.015431882291986998
v 0.053800006369595588 0.0033348501199127684 -0.015580319791986985
v 0.053800006369595588 0.0033826032155395997 -0.015738797575190144
v 0.053800006369595588 0.0034035568707825197 -0.015903012663080751
v 0.053800006369595588 0.0033971364968658937 -0.016068417936518253
v 0.053800006369595588 0.0033635182851196777 -0.016230496793940119
v 0.053800006369595588 0.0033036234849335207 -0.016384824186518265
v 0.053800006369595588 0.0032190931313873781 -0.016527127653315099
v 0.049099994162564387 0.019678328799569753 0.015943392366216114
v 0.049099994162564387 0.020534919070565844 0.01636725100879427
v 0.049099994162564387 0.021305203723275806 0.016932985872075534
v 0.049099994162564387 0.021965924548471117 0.017623507112309866
v 0.049099994162564387 0.022497132586801197 0.018418001741216106
v 0.049099994162564387 0.022882787036264087 0.019292452424809869
v 0.049099994162564387 0.02311124353345647 0.020220461458012984
v 0.049099994162564387 0.023175603198373463 0.021174013704106764
v 0.049099994162564387 0.023073922442758226 0.022124300569341115
v 0.049099994162564387 0.022809274005258229 0.023042635530278632
v 0.049099994162564387 0.02238964586194768 0.023901308625981776
v 0.049099994162564387 0.021827710437142992 0.024674379915044231
v 0.049099994162564387 0.021140435504281664 0.025338472932622369
v 0.049099994162564387 0.020348573016488698 0.02587359866504424
v 0.049099994162564387 0.01947602968152776 0.026263552278325497
v 0.049099994162564387 0.018549157428109791 0.02649658450488801
v 0.049099994162564387 0.014036439227426195 0.026464541047856782
v 0.049099994162564387 0.0095899441712738523 0.025693605989263013
v 0.049099994162564387 0.0053298295014740484 0.024204622834966105
v 0.049099994162564387 0.0013712168210388675 0.02203784427051303
v 0.049099994162564387 -0.002178919268286084 0.019251772493169284
v 0.049099994162564387 -0.0052246434218047606 0.01592172488574739
v 0.049099994162564387 -0.0076836502081511961 0.01213766726855986
v 0.049099994162564387 -0.0094894892698882578 0.0080018945634817706
v 0.049099994162564387 -0.010593362522756909 0.0036261621416067702
v 0.049099994162564387 -0.010965438557302809 -0.00087130489940884237
v 0.049099994162564387 -0.010959796620046949 -0.00093960323925262879
v 0.049099994162564387 -0.010953730297720289 -0.0010078710615182285
v 0.049099994162564387 -0.010947238636648511 -0.0010760778486276212
v 0.049099994162564387 -0.019678330135977126 -0.015943387418940136
v 0.049099994162564387 -0.017404520702993725 -0.014645261198237003
v 0.049099994162564387 -0.01538924760881648 -0.012973752409174477
v 0.049099994162564387 -0.013693147373831129 -0.010979092985346384
v 0.049099994162564387 -0.012367254925405836 -0.0087213720380807658
v 0.049099994162564387 -0.011451463413870192 -0.0062684606611276283
v 0.049099994162564387 -0.010973329258596754 -0.0036942419111276048
v 0.049099994162564387 -0.020534918499624587 -0.016367246061518237
v 0.049099994162564387 -0.021305203152334546 -0.016932980924799501
v 0.049099994162564387 -0.021965923977529861 -0.01762353268261202
v 0.049099994162564387 -0.022497132015859938 -0.018417996793940128
v 0.049099994162564387 -0.022882786465322828 -0.019292447477533892
v 0.049099994162564387 -0.02311124296251521 -0.020220456510737006
v 0.049099994162564387 -0.023175602627432203 -0.021174008756830731
v 0.049099994162564387 -0.023073923779165603 -0.022124295622065138
v 0.049099994162564387 -0.022809273434316969 -0.02304266110058073
v 0.049099994162564387 -0.022389647198355053 -0.023901303678705743
v 0.049099994162564387 -0.021827711773550366 -0.024674374967768253
v 0.049099994162564387 -0.021140434933340405 -0.025338498502924467
v 0.049099994162564387 -0.020348572445547438 -0.025873593717768262
v 0.049099994162564387 -0.019476031017935134 -0.026263547331049519
v 0.049099994162564387 -0.018549156857168531 -0.026496579557611977
v 0.049099994162564387 -0.014036439610159254 -0.026464536100580749
v 0.049099994162564387 -0.0095899445540069093 -0.02569360104198698
v 0.049099994162564387 -0.0053298294073699463 -0.024204617887690127
v 0.049099994162564387 -0.0013712167269347654 -0.022037839323236996
v 0.049099994162564387 0.0021789193623901856 -0.01925176754589325
v 0.049099994162564387 0.0052246435159088627 -0.015921719938471357
v 0.049099994162564387 0.0076836503022552982 -0.012137662321283882
v 0.049099994162564387 0.0094894898408295156 -0.0080019201337838686
v 0.049099994162564387 0.010593362140023852 -0.0036261571943307369
v 0.049099994162564387 0.01096543817456975 0.00087130984668487566
v 0.049099994162564387 0.010959797190988208 0.00093960818652860656
v 0.049099994162564387 0.010953730868661547 0.0010078760087942618
v 0.049099994162564387 0.010947238253915454 0.0010760827959036545
v 0.049099994162564387 0.017404521273934985 0.014645266145512981
v 0.049099994162564387 0.015389248179757739 0.012973726838872379
v 0.049099994162564387 0.013693147944772388 0.010979097932622361
v 0.049099994162564387 0.012367254542672778 0.0087213769853567435
v 0.049099994162564387 0.01145146398481145 0.0062684656084036061
v 0.049099994162564387 0.010973328875863697 0.0036942163408255069
v 0.06134999416256437 0.00093343167241826178 -0.014589383512690124
v 0.06134999416256437 -0.00033157309654936669 -0.015638272672846343
v 0.06134999416256437 -0.0017571107870696533 -0.016455747038080726
v 0.06134999416256437 -0.0033013052469848146 -0.01701778927440889
v 0.06134999416256437 -0.0049187943464873776 -0.017307889372065122
v 0.06134999416256437 -0.006562063885366772 -0.017317502409174512
v 0.06134999416256437 0.0010591572993637575 -0.01448431149120577
v 0.06134999416256437 0.0012003496163727296 -0.014401212125971341
v 0.06134999416256437 0.0013532184832932008 -0.014342252165033875
v 0.06134999416256437 0.0015136605971695436 -0.014309079557612014
v 0.06134999416256437 0.0016773689263702882 -0.014302518278315135
v 0.06134999416256437 0.0018399491780640138 -0.0143227819501901
v 0.06134999416256437 0.0019970372193695556 -0.014369351774408845
v 0.06134999416256437 0.0021444159024597655 -0.014440915495112006
v 0.06134999416256437 0.0022781293862701906 -0.014535581022455724
v 0.06134999416256437 0.0030473151677490721 -0.015181027799799518
v 0.06134999416256437 0.0031648774617554199 -0.015297543913080747
v 0.06134999416256437 0.0032616060250641359 -0.015431882291986998
v 0.06134999416256437 0.0033348501199127684 -0.015580319791986985
v 0.06134999416256437 0.0033826032155395997 -0.015738797575190144
v 0.06134999416256437 0.0034035568707825197 -0.015903012663080751
v 0.06134999416256437 0.0033971364968658937 -0.016068417936518253
v 0.06134999416256437 0.0033635182851196777 -0.016230496793940119
v 0.06134999416256437 0.0033036234849335207 -0.016384824186518265
v 0.06134999416256437 0.0032190931313873781 -0.016527127653315099
v 0.06134999416256437 0.0031122434609772219 -0.016653561979486975
v 0.06134999416256437 0.0017263631099106325 -0.017852963834955771
v 0.06134999416256437 0.00018099998172536018 -0.018838406950190123
v 0.06134999416256437 -0.0014910841709731566 -0.019588986784174478
v 0.06134999416256437 -0.0032544409758208741 -0.020088803678705747
v 0.06134999416256437 -0.0050716874128936273 -0.020327237516596375
v 0.06134999416256437 -0.0069042970663665279 -0.020299283415033842
v 0.06134999416256437 -0.0070674135214446529 -0.020271115690424502
v 0.06134999416256437 -0.0072236492163299066 -0.020216428190424518
v 0.06134999416256437 -0.0073687226301787836 -0.020136716276361988
v 0.06134999416256437 -0.0074986593252776611 -0.020034146696283894
v 0.06134999416256437 -0.0076098982817290771 -0.01991158810253385
v 0.06134999416256437 -0.0076993925100921137 -0.019772336393549472
v 0.06134999416256437 -0.0077646886831878176 -0.019620206266596385
v 0.06134999416256437 -0.007803998184835766 -0.019459409147455753
v 0.06134999416256437 -0.0078162438398955807 -0.019294339567377639
v 0.06134999416256437 -0.0078010904318450433 -0.019129514127924518
v 0.06134999416256437 -0.007626730633413647 -0.018140653043940136
v 0.06134999416256437 -0.0075851580626128661 -0.017982175260736977
v 0.06134999416256437 -0.0075182659155486574 -0.017832639127924488
v 0.06134999416256437 -0.0074278499609588136 -0.017695981413080764
v 0.06134999416256437 -0.0073163368231414306 -0.017575955778315111
v 0.06134999416256437 -0.0071867205626128658 -0.017475736051752622
v 0.06134999416256437 -0.0070424801832793702 -0.017398038297846363
v 0.06134999416256437 -0.0068874871260283929 -0.01734493771190887
v 0.06134999416256437 -0.0067259027487395753 -0.017317838102533845
v 0.06134999416256437 -0.00093385149303660273 0.014589754670903621
v 0.06134999416256437 0.00033115329083218699 0.015638643831059895
v 0.06134999416256437 0.0017566910260559572 0.016456118196294278
v 0.06134999416256437 0.0033008854859711183 0.017018160432622387
v 0.06134999416256437 0.0049183748238922614 0.017308260530278619
v 0.06134999416256437 0.0065616438859344975 0.017317873567388009
v 0.06134999416256437 -0.0010595770603774536 0.014484682649419267
v 0.06134999416256437 -0.0012007693773864257 0.014401583284184893
v 0.06134999416256437 -0.0013536383635161864 0.014342623323247372
v 0.06134999416256437 -0.0015140803581832397 0.014309450715825511
v 0.06134999416256437 -0.0016777888065932739 0.014302889436528632
v 0.06134999416256437 -0.0018403690582869993 0.014323153108403652
v 0.06134999416256437 -0.0019974568611739623 0.014369722932622397
v 0.06134999416256437 -0.0021448356634734618 0.014441286653325502
v 0.06134999416256437 -0.002278549385702466 0.014535952180669276
v 0.06134999416256437 -0.0030477349287627688 0.015181398958013015
v 0.06134999416256437 -0.0031652972227691162 0.015297915071294244
v 0.06134999416256437 -0.0032620257860778322 0.015432253450200495
v 0.06134999416256437 -0.0033352701193450443 0.015580690950200482
v 0.06134999416256437 -0.0033830232149718751 0.015739199250981772
v 0.06134999416256437 -0.003403976631796216 0.015903383821294248
v 0.06134999416256437 -0.00339755625787959 0.01606878909473175
v 0.06134999416256437 -0.0033639380461333739 0.016230867952153616
v 0.06134999416256437 -0.003304043245947217 0.016385195344731762
v 0.06134999416256437 -0.0032195128924010744 0.016527498811528651
v 0.06134999416256437 -0.0031126632219909182 0.016653933137700527
v 0.06134999416256437 -0.0017267828709243284 0.017853334993169268
v 0.06134999416256437 -0.00018141978744253988 0.01883877810840362
v 0.06134999416256437 0.0014906642907501712 0.01958935794238803
v 0.06134999416256437 0.0032540212148071779 0.020089174836919244
v 0.06134999416256437 0.0050712674134613528 0.020327639192388003
v 0.06134999416256437 0.0069038775437714117 0.020299654573247394
v 0.06134999416256437 0.0070669939988495366 0.020271486848637998
v 0.06134999416256437 0.0072232296937347904 0.020216799348638015
v 0.06134999416256437 0.0073683031075836673 0.020137087434575485
v 0.06134999416256437 0.0074982393258453866 0.020034548372075522
v 0.06134999416256437 0.0076094787591339608 0.019911959260747403
v 0.06134999416256437 0.0076989725106598392 0.019772707551763025
v 0.06134999416256437 0.0077642686837555422 0.019620607942388013
v 0.06134999416256437 0.0078035781854034923 0.019459810823247381
v 0.06134999416256437 0.0078158243173004644 0.019294710725591135
v 0.06134999416256437 0.0078006709092499271 0.019129885286138015
v 0.06134999416256437 0.0076263106339813725 0.018141054719731764
v 0.06134999416256437 0.0075847380631805916 0.01798257693652866
v 0.06134999416256437 0.007517845916116382 0.017833010286137985
v 0.06134999416256437 0.0074274299615265382 0.017696383088872392
v 0.06134999416256437 0.0073159173005463143 0.017576326936528608
v 0.06134999416256437 0.0071863005631805912 0.017476107209966119
v 0.06134999416256437 0.0070420601838470957 0.01739840945605986
v 0.06134999416256437 0.0068870676034332766 0.017345308870122367
v 0.06134999416256437 0.0067254827493073007 0.017318209260747397
v 0.056249988059048739 -0.014995504093801832 -0.023315976530268234
v 0.056249988059048739 -0.015426902485525465 -0.023747373014643247
v 0.056249988059048739 -0.015926659298574782 -0.024097318083002639
v 0.056249988059048739 -0.01647958822313533 -0.024355161100580724
v 0.056249988059048739 -0.017068890286123611 -0.024513059049799502
v 0.056249988059048739 -0.01767665929857478 -0.024566220670893257
v 0.056249988059048739 -0.018284428311025953 -0.024513059049799502
v 0.056249988059048739 -0.018873730374014235 -0.024355161100580724
v 0.056249988059048739 -0.019426659298574782 -0.024097318083002639
v 0.056249988059048739 -0.019926415157949781 -0.023747373014643247
v 0.056249988059048739 -0.020357815457022047 -0.023315976530268234
v 0.056249988059048739 -0.020707749081289625 -0.022816220670893228
v 0.056249988059048739 -0.020965582562124586 -0.022263303190424466
v 0.056249988059048739 -0.021123486233389235 -0.0216739782392526
v 0.056249988059048739 -0.02117665929857478 -0.021066220670893254
v 0.056249988059048739 -0.021123486233389235 -0.020458463102533853
v 0.056249988059048739 -0.020965582562124586 -0.019869138151361987
v 0.056249988059048739 -0.020707749081289625 -0.019316220670893225
v 0.056249988059048739 -0.020357815457022047 -0.018816464811518219
v 0.056249988059048739 -0.019926415157949781 -0.018385068327143261
v 0.056249988059048739 -0.019426659298574782 -0.018035123258783869
v 0.056249988059048739 -0.018873730374014235 -0.01777731075878386
v 0.056249988059048739 -0.018284428311025953 -0.017619382291987007
v 0.056249988059048739 -0.01767665929857478 -0.017566220670893251
v 0.056249988059048739 -0.017068890286123611 -0.017619382291987007
v 0.056249988059048739 -0.01647958822313533 -0.01777731075878386
v 0.056249988059048739 -0.015926659298574782 -0.018035123258783869
v 0.056249988059048739 -0.015426902485525465 -0.018385068327143261
v 0.056249988059048739 -0.014995504093801832 -0.018816464811518219
v 0.056249988059048739 -0.014645570469534254 -0.019316220670893225
v 0.056249988059048739 -0.014387735081350659 -0.019869138151361987
v 0.056249988059048739 -0.014229832363760329 -0.020458463102533853
v 0.056249988059048739 -0.014176659298574781 -0.021066220670893254
v 0.056249988059048739 -0.014229832363760329 -0.0216739782392526
v 0.056249988059048739 -0.014387735081350659 -0.022263303190424466
v 0.056249988059048739 -0.014645570469534254 -0.022816220670893228
v 0.049099994162564387 -0.017459599209463453 -0.022297238737299496
v 0.049099994162564387 -0.01767665929857478 -0.022316220670893228
v 0.049099994162564387 -0.017249134731924392 -0.022240842252924498
v 0.049099994162564387 -0.017893719387686108 -0.022297238737299496
v 0.049099994162564387 -0.018104183865225172 -0.022240842252924498
v 0.049099994162564387 -0.01705165929857478 -0.022148740202143247
v 0.049099994162564387 -0.018301659298574781 -0.022148740202143247
v 0.049099994162564387 -0.016873175335562086 -0.022023770719721392
v 0.049099994162564387 -0.018480143261587475 -0.022023770719721392
v 0.049099994162564387 -0.016719103527700757 -0.021869717985346371
v 0.049099994162564387 -0.018634215069448803 -0.021869717985346371
v 0.049099994162564387 -0.016594128323232985 -0.021691220670893241
v 0.049099994162564387 -0.018759190273916579 -0.021691220670893241
v 0.049099994162564387 -0.01650204343858943 -0.02149374142284638
v 0.049099994162564387 -0.018851275158560131 -0.02149374142284638
v 0.049099994162564387 -0.016445648861563061 -0.02128329220409636
v 0.049099994162564387 -0.0189076697355865 -0.02128329220409636
v 0.049099994162564387 -0.016426659298574783 -0.021066220670893254
v 0.049099994162564387 -0.016445648861563061 -0.020849149137690093
v 0.049099994162564387 -0.01650204343858943 -0.020638699918940129
v 0.049099994162564387 -0.018926659298574781 -0.021066220670893254
v 0.049099994162564387 -0.0189076697355865 -0.020849149137690093
v 0.049099994162564387 -0.018851275158560131 -0.020638699918940129
v 0.049099994162564387 -0.018759190273916579 -0.020441220670893268
v 0.049099994162564387 -0.018634215069448803 -0.020262723356440138
v 0.049099994162564387 -0.018480143261587475 -0.020108670622065117
v 0.049099994162564387 -0.018301659298574781 -0.019983701139643262
v 0.049099994162564387 -0.018104183865225172 -0.019891599088862011
v 0.049099994162564387 -0.017893719387686108 -0.019835202604487012
v 0.049099994162564387 -0.01767665929857478 -0.019816220670893225
v 0.049099994162564387 -0.017459599209463453 -0.019835202604487012
v 0.049099994162564387 -0.017249134731924392 -0.019891599088862011
v 0.049099994162564387 -0.01705165929857478 -0.019983701139643262
v 0.049099994162564387 -0.016873175335562086 -0.020108670622065117
v 0.049099994162564387 -0.016719103527700757 -0.020262723356440138
v 0.049099994162564387 -0.016594128323232985 -0.020441220670893268
v 0.056249988059048739 -0.020201842022573805 -0.021421109586908849
v 0.056249988059048739 -0.020225105953848219 -0.020977231413080721
v 0.056249988059048739 -0.020101853085195874 -0.021854215055658877
v 0.056249988059048739 -0.020170935345327712 -0.020536038786127642
v 0.056249988059048739 -0.019928175640737868 -0.022263364225580728
v 0.056249988059048739 -0.020040978146231032 -0.020110989958002645
v 0.056249988059048739 -0.019686087322866773 -0.022636166959955739
v 0.056249988059048739 -0.0198391825682281 -0.019714932829096365
v 0.056249988059048739 -0.019382942867910719 -0.02296124020214324
v 0.056249988059048739 -0.01957167882982478 -0.019359952360346377
v 0.056249988059048739 -0.019027952862417555 -0.023228757291986979
v 0.056249988059048739 -0.019246596050894117 -0.019056790739252594
v 0.056249988059048739 -0.018631905270254469 -0.023430539518549509
v 0.056249988059048739 -0.018873812390005445 -0.018814694791986997
v 0.056249988059048739 -0.018206833553945874 -0.023560483366205753
v 0.056249988059048739 -0.018464651775991773 -0.0186410192548776
v 0.056249988059048739 -0.017765652371084548 -0.023614682584955748
v 0.056249988059048739 -0.018031550121939039 -0.018541043668940105
v 0.056249988059048739 -0.017321768475210525 -0.023591397672846348
v 0.056249988059048739 -0.017587666226065016 -0.018517789274408891
v 0.056249988059048739 -0.016888666821157788 -0.023491422086908853
v 0.056249988059048739 -0.017146485043203687 -0.018571957975580755
v 0.056249988059048739 -0.016479506207144116 -0.023317746549799512
v 0.056249988059048739 -0.016106722546255444 -0.023075650602533859
v 0.056249988059048739 -0.016721413326895095 -0.018701901823236999
v 0.056249988059048739 -0.01578163976732478 -0.022772519499018262
v 0.056249988059048739 -0.016325365734732009 -0.018903714567377605
v 0.056249988059048739 -0.015514136982595777 -0.022417508512690143
v 0.056249988059048739 -0.015970376682913161 -0.019171201139643268
v 0.056249988059048739 -0.015312340450918531 -0.022021481901361994
v 0.056249988059048739 -0.015667232227957104 -0.019496274381830769
v 0.056249988059048739 -0.015182383251821851 -0.021596402555658867
v 0.056249988059048739 -0.015425142956411696 -0.019869077116205724
v 0.056249988059048739 -0.015128212643301343 -0.021155209928705732
v 0.056249988059048739 -0.015251465511953687 -0.020278226286127632
v 0.056249988059048739 -0.015151475620901441 -0.020711331754877604
v 0.056249988059048739 -0.018634215069448803 -0.020262723356440138
v 0.056249988059048739 -0.018759190273916579 -0.020441220670893268
v 0.056249988059048739 -0.018851275158560131 -0.020638699918940129
v 0.056249988059048739 -0.0189076697355865 -0.020849149137690093
v 0.056249988059048739 -0.018926659298574781 -0.021066220670893254
v 0.056249988059048739 -0.0189076697355865 -0.02128329220409636
v 0.056249988059048739 -0.018851275158560131 -0.02149374142284638
v 0.056249988059048739 -0.018759190273916579 -0.021691220670893241
v 0.056249988059048739 -0.018634215069448803 -0.021869717985346371
v 0.056249988059048739 -0.018480143261587475 -0.022023770719721392
v 0.056249988059048739 -0.018301659298574781 -0.022148740202143247
v 0.056249988059048739 -0.018104183865225172 -0.022240842252924498
v 0.056249988059048739 -0.017893719387686108 -0.022297238737299496
v 0.056249988059048739 -0.01767665929857478 -0.022316220670893228
v 0.056249988059048739 -0.017459599209463453 -0.022297238737299496
v 0.056249988059048739 -0.017249134731924392 -0.022240842252924498
v 0.056249988059048739 -0.01705165929857478 -0.022148740202143247
v 0.056249988059048739 -0.016873175335562086 -0.022023770719721392
v 0.056249988059048739 -0.016719103527700757 -0.021869717985346371
v 0.056249988059048739 -0.016594128323232985 -0.021691220670893241
v 0.056249988059048739 -0.01650204343858943 -0.02149374142284638
v 0.056249988059048739 -0.016445648861563061 -0.02128329220409636
v 0.056249988059048739 -0.016426659298574783 -0.021066220670893254
v 0.056249988059048739 -0.016445648861563061 -0.020849149137690093
v 0.056249988059048739 -0.01650204343858943 -0.020638699918940129
v 0.056249988059048739 -0.016594128323232985 -0.020441220670893268
v 0.056249988059048739 -0.016719103527700757 -0.020262723356440138
v 0.056249988059048739 -0.016873175335562086 -0.020108670622065117
v 0.056249988059048739 -0.01705165929857478 -0.019983701139643262
v 0.056249988059048739 -0.017249134731924392 -0.019891599088862011
v 0.056249988059048739 -0.017459599209463453 -0.019835202604487012
v 0.056249988059048739 -0.01767665929857478 -0.019816220670893225
v 0.056249988059048739 -0.017893719387686108 -0.019835202604487012
v 0.056249988059048739 -0.018104183865225172 -0.019891599088862011
v 0.056249988059048739 -0.018301659298574781 -0.019983701139643262
v 0.056249988059048739 -0.018480143261587475 -0.020108670622065117
v 0.056849994162564366 -0.017321768475210525 -0.023591397672846348
v 0.056849994162564366 -0.017765652371084548 -0.023614682584955748
v 0.056849994162564366 -0.016888666821157788 -0.023491422086908853
v 0.056849994162564366 -0.016479506207144116 -0.023317746549799512
v 0.056849994162564366 -0.016106722546255444 -0.023075650602533859
v 0.056849994162564366 -0.01578163976732478 -0.022772519499018262
v 0.056849994162564366 -0.015514136982595777 -0.022417508512690143
v 0.056849994162564366 -0.015312340450918531 -0.022021481901361994
v 0.056849994162564366 -0.015182383251821851 -0.021596402555658867
v 0.056849994162564366 -0.015128212643301343 -0.021155209928705732
v 0.056849994162564366 -0.015151475620901441 -0.020711331754877604
v 0.056849994162564366 -0.015251465511953687 -0.020278226286127632
v 0.056849994162564366 -0.015425142956411696 -0.019869077116205724
v 0.056849994162564366 -0.015667232227957104 -0.019496274381830769
v 0.056849994162564366 -0.015970376682913161 -0.019171201139643268
v 0.056849994162564366 -0.016325365734732009 -0.018903714567377605
v 0.056849994162564366 -0.016721413326895095 -0.018701901823236999
v 0.056849994162564366 -0.017146485043203687 -0.018571957975580755
v 0.056849994162564366 -0.017587666226065016 -0.018517789274408891
v 0.056849994162564366 -0.018031550121939039 -0.018541043668940105
v 0.056849994162564366 -0.018464651775991773 -0.0186410192548776
v 0.056849994162564366 -0.018873812390005445 -0.018814694791986997
v 0.056849994162564366 -0.019246596050894117 -0.019056790739252594
v 0.056849994162564366 -0.01957167882982478 -0.019359952360346377
v 0.056849994162564366 -0.0198391825682281 -0.019714932829096365
v 0.056849994162564366 -0.020040978146231032 -0.020110989958002645
v 0.056849994162564366 -0.020170935345327712 -0.020536038786127642
v 0.056849994162564366 -0.020225105953848219 -0.020977231413080721
v 0.056849994162564366 -0.020201842022573805 -0.021421109586908849
v 0.056849994162564366 -0.020101853085195874 -0.021854215055658877
v 0.056849994162564366 -0.019928175640737868 -0.022263364225580728
v 0.056849994162564366 -0.019686087322866773 -0.022636166959955739
v 0.056849994162564366 -0.019382942867910719 -0.02296124020214324
v 0.056849994162564366 -0.019027952862417555 -0.023228757291986979
v 0.056849994162564366 -0.018631905270254469 -0.023430539518549509
v 0.056849994162564366 -0.018206833553945874 -0.023560483366205753
v 0.056849994162564366 -0.015460278225576734 -0.023903073698237021
v 0.056849994162564366 -0.01500133771959529 -0.023475095182611982
v 0.056849994162564366 -0.014623686504995679 -0.022973935514643218
v 0.056849994162564366 -0.014338797283804274 -0.02241479244823702
v 0.056849994162564366 -0.01598656148973689 -0.024244840055658856
v 0.056849994162564366 -0.01656419820848689 -0.024490018278315095
v 0.056849994162564366 -0.014155327511465405 -0.021814694791986999
v 0.056849994162564366 -0.017175636959707592 -0.024631192594721352
v 0.056849994162564366 -0.014078852368032789 -0.021191861540033885
v 0.056849994162564366 -0.017802298260366774 -0.02466402950878388
v 0.056849994162564366 -0.014111694050466871 -0.020565213590815146
v 0.056849994162564366 -0.018425141049063062 -0.024587552458002593
v 0.056849994162564366 -0.014252855969107008 -0.019953763395502644
v 0.056849994162564366 -0.019025242520010328 -0.024404080778315129
v 0.056849994162564366 -0.014498047543203687 -0.019376126676752592
v 0.056849994162564366 -0.019584368420278882 -0.024119199186518225
v 0.056849994162564366 -0.014839820576345777 -0.018849851041986998
v 0.056849994162564366 -0.020085529995596266 -0.02374154415722135
v 0.056849994162564366 -0.015267789555227613 -0.018390897184565103
v 0.056849994162564366 -0.020513497067129467 -0.02328259029979951
v 0.056849994162564366 -0.015768950176870678 -0.018013242155268228
v 0.056849994162564366 -0.020855271053945874 -0.022756314665033861
v 0.056849994162564366 -0.016328076077139233 -0.017728360563471379
v 0.056849994162564366 -0.021100462628042556 -0.022178677946283865
v 0.056849994162564366 -0.016928177548086499 -0.01754488888378386
v 0.056849994162564366 -0.021241623593008376 -0.021567258268549494
v 0.056849994162564366 -0.01755102033678279 -0.017468411833002628
v 0.056849994162564366 -0.021274466229116773 -0.020940579801752623
v 0.056849994162564366 -0.018177681637441968 -0.017501248747065101
v 0.056849994162564366 -0.021197991085684157 -0.020317746549799509
v 0.056849994162564366 -0.018789120388662671 -0.017642423063471357
v 0.056849994162564366 -0.021014521313345289 -0.019717648893549489
v 0.056849994162564366 -0.019366757107412671 -0.017887601286127597
v 0.056849994162564366 -0.020729632092153883 -0.019158505827143235
v 0.056849994162564366 -0.019893040371572829 -0.018229398161127619
v 0.056849994162564366 -0.020351980877554274 -0.01865734615917447
v 0.057550006369595619 -0.017802298260366774 -0.02466402950878388
v 0.057550006369595619 -0.017175636959707592 -0.024631192594721352
v 0.057550006369595619 -0.01656419820848689 -0.024490018278315095
v 0.057550006369595619 -0.01598656148973689 -0.024244840055658856
v 0.057550006369595619 -0.015460278225576734 -0.023903073698237021
v 0.057550006369595619 -0.01500133771959529 -0.023475095182611982
v 0.057550006369595619 -0.014623686504995679 -0.022973935514643218
v 0.057550006369595619 -0.014338797283804274 -0.02241479244823702
v 0.057550006369595619 -0.014155327511465405 -0.021814694791986999
v 0.057550006369595619 -0.014078852368032789 -0.021191861540033885
v 0.057550006369595619 -0.014111694050466871 -0.020565213590815146
v 0.057550006369595619 -0.014252855969107008 -0.019953763395502644
v 0.057550006369595619 -0.014498047543203687 -0.019376126676752592
v 0.057550006369595619 -0.014839820576345777 -0.018849851041986998
v 0.057550006369595619 -0.015267789555227613 -0.018390897184565103
v 0.057550006369595619 -0.015768950176870678 -0.018013242155268228
v 0.057550006369595619 -0.016328076077139233 -0.017728360563471379
v 0.057550006369595619 -0.016928177548086499 -0.01754488888378386
v 0.057550006369595619 -0.01755102033678279 -0.017468411833002628
v 0.057550006369595619 -0.018177681637441968 -0.017501248747065101
v 0.057550006369595619 -0.018789120388662671 -0.017642423063471357
v 0.057550006369595619 -0.019366757107412671 -0.017887601286127597
v 0.057550006369595619 -0.019893040371572829 -0.018229398161127619
v 0.057550006369595619 -0.020351980877554274 -0.01865734615917447
v 0.057550006369595619 -0.020729632092153883 -0.019158505827143235
v 0.057550006369595619 -0.021014521313345289 -0.019717648893549489
v 0.057550006369595619 -0.021197991085684157 -0.020317746549799509
v 0.057550006369595619 -0.021274466229116773 -0.020940579801752623
v 0.057550006369595619 -0.021241623593008376 -0.021567258268549494
v 0.057550006369595619 -0.021100462628042556 -0.022178677946283865
v 0.057550006369595619 -0.020855271053945874 -0.022756314665033861
v 0.057550006369595619 -0.020513497067129467 -0.02328259029979951
v 0.057550006369595619 -0.020085529995596266 -0.02374154415722135
v 0.057550006369595619 -0.019584368420278882 -0.024119199186518225
v 0.057550006369595619 -0.019025242520010328 -0.024404080778315129
v 0.057550006369595619 -0.018425141049063062 -0.024587552458002593
v 0.057550006369595619 -0.01787442655626521 -0.027147397428705755
v 0.057550006369595619 -0.021011322689688063 -0.024791806608393252
v 0.057550006369595619 -0.014380685520803784 -0.028931394010736966
v 0.057550006369595619 -0.021607603741323804 -0.024156155973627635
v 0.057550006369595619 -0.022084444714224195 -0.023426602750971359
v 0.057550006369595619 -0.02242735738817439 -0.022625333219721377
v 0.057550006369595619 -0.010633180332815503 -0.03009115353222136
v 0.057550006369595619 -0.022625921917593335 -0.02177670040722135
v 0.057550006369595619 -0.022674107266104079 -0.020906491666986993
v 0.057550006369595619 -0.022570446682607985 -0.020041104704096369
v 0.057550006369595619 -0.02231809110704646 -0.019206876188471389
v 0.057550006369595619 -0.0085081250197051525 -0.020319547086908862
v 0.057550006369595619 -0.0067424833304046139 -0.030592496305658856
v 0.057550006369595619 -0.021924708080923415 -0.018429166227533877
v 0.057550006369595619 -0.0063210446364043698 -0.020601376920893255
v 0.057550006369595619 -0.01061471147600398 -0.019667600065424506
v 0.057550006369595619 -0.0041180011755584224 -0.020504727750971341
v 0.057550006369595619 -0.0028233880526183593 -0.030420590788080737
v 0.057550006369595619 0.0010084721320511355 -0.029580502897455729
v 0.057550006369595619 -0.021402249050772048 -0.017731564909174491
v 0.057550006369595619 -0.012578651142752027 -0.018664761930658857
v 0.057550006369595619 -0.0019639949328063475 -0.020032498747065142
v 0.057550006369595619 -0.020766590786611892 -0.017135281950190095
v 0.057550006369595619 -0.020037047100698806 -0.01665844479198697
v 0.057550006369595619 -0.0143419959074615 -0.017340634733393256
v 0.057550006369595619 7.7419626081134119e-05 -0.019198636442377626
v 0.057550006369595619 0.0046400382989288825 -0.028097073942377593
v 0.057550006369595619 0.0079641612046600831 -0.02601403561229948
v 0.057550006369595619 -0.019235783291494703 -0.016315518766596371
v 0.057550006369595619 -0.015039599133169507 -0.016818173795893232
v 0.057550006369595619 -0.018387146664297437 -0.016116971403315139
v 0.057550006369595619 -0.01581732721391902 -0.016424802213862
v 0.057550006369595619 -0.017516922665274 -0.016068784147455717
v 0.057550006369595619 -0.016651550961172438 -0.016172421842768236
v 0.057550006369595619 0.0019460108750702393 -0.018027676969721351
v 0.057550006369595619 0.01088276224073186 -0.023392850309565116
v 0.057550006369595619 0.0035866461270691406 -0.016554227262690124
v 0.057550006369595619 0.004950918006265308 -0.014821744352533861
v 0.057550006369595619 0.013309728907907154 -0.020310849577143242
v 0.057550006369595619 0.0059985745423676027 -0.01288134518261197
v 0.057550006369595619 0.015173452662789966 -0.016858975797846343
v 0.057550006369595619 0.0066987035745026124 -0.010790280729487012
v 0.057550006369595619 0.016418944644296312 -0.013139096647455717
v 0.057550006369595619 0.0070306485169769782 -0.0086102575361275968
v 0.057550006369595619 0.017009455966317796 -0.0092609228193307191
v 0.057550006369595619 0.009527101802194262 -0.0035240148603463695
v 0.057550006369595619 0.010149945544564868 -0.0036004919111276013
v 0.057550006369595619 0.0069846151345612064 -0.0064055761396432653
v 0.057550006369595619 0.0089269993775726812 -0.0033405431806588504
v 0.057550006369595619 0.0065619619363190187 -0.0042413000165963943
v 0.057550006369595619 0.010776606845224048 -0.0035676549970651283
v 0.057550006369595619 0.0083678744309784413 -0.003055661588862002
v 0.057550006369595619 0.011388044642770434 -0.0034265111982370033
v 0.057550006369595619 0.016927565860116626 -0.0053389257490182307
v 0.057550006369595619 0.0078667133324982173 -0.002678006559565127
v 0.057550006369595619 0.011965681361520434 -0.0031813024580026328
v 0.057550006369595619 0.0074387448304535407 -0.0022190832197213628
v 0.057550006369595619 0.0057751586907745858 -0.0021812719404245007
v 0.057550006369595619 0.01249196462568059 -0.0028395361005807418
v 0.057550006369595619 0.0070969722741486092 -0.0016928075849557689
v 0.057550006369595619 0.012950905131662036 -0.0024115575849557591
v 0.057550006369595619 0.0068517802232147713 -0.0011151708662057169
v 0.057550006369595619 0.0054652255051971929 -0.0013666662275338415
v 0.057550006369595619 0.0053014519685150637 -0.00051064816112761369
v 0.057550006369595619 0.0067106183045746344 -0.00050372067089321515
v 0.057550006369595619 0.016175689029061937 -0.0014887975751901039
v 0.057550006369595619 0.013613445567453052 -0.0013512853681588721
v 0.057550006369595619 0.013328556346261646 -0.0019103979169869945
v 0.057550006369595619 0.0066777766221405525 0.00012292727832552419
v 0.057550006369595619 0.0052888153069855226 0.00036081179980990141
v 0.057550006369595619 0.013796915339791918 -0.0007511877119088517
v 0.057550006369595619 0.0067542522424103276 0.00074579104785676975
v 0.057550006369595619 0.013873390483224536 -0.00012832394237760614
v 0.057550006369595619 0.0054276988976837649 0.0012212243974661363
v 0.057550006369595619 0.006937721537912037 0.0013458887041067347
v 0.057550006369595619 0.013840548800790454 0.0004983240068411332
v 0.057550006369595619 0.0057138832085968511 0.0020444665849661536
v 0.057550006369595619 0.007222610282266285 0.001905001252934857
v 0.057550006369595619 0.0061386721604706302 0.0028055139482474067
v 0.057550006369595619 0.0076002624505402102 0.0024061609209036217
v 0.057550006369595619 0.013454195308053637 0.0016874109209036314
v 0.057550006369595619 0.014776007937753344 0.0021758752763723632
v 0.057550006369595619 0.013699386882150317 0.001109774202153635
v 0.057550006369595619 0.0066891592019440189 0.0034812036455130202
v 0.057550006369595619 0.0080592024796844967 0.0028341394365286599
v 0.057550006369595619 0.013112422274911547 0.0022136865556692809
v 0.057550006369595619 0.014329331683480884 0.0029242578447317702
v 0.057550006369595619 0.0073486183160187263 0.0040510583818411106
v 0.057550006369595619 0.0085854857438446529 0.0031759057939504953
v 0.057550006369595619 0.012684453296029711 0.0026726098955129896
v 0.057550006369595619 0.013759483622872973 0.0035837427080129824
v 0.057550006369595619 0.0080970108979584229 0.0044977136552786234
v 0.057550006369595619 0.0091631224625946528 0.0034211145341848659
v 0.057550006369595619 0.012183292674386646 0.0030502649248098646
v 0.057550006369595619 0.013083779620492602 0.0041342187822317467
v 0.057550006369595619 0.008911599444711352 0.0048076501787161496
v 0.057550006369595619 0.0097745602601410405 0.0035622583330129909
v 0.057550006369595619 0.011624167727792407 0.0033351770341848996
v 0.057550006369595619 0.012322749423349048 0.0045589929521536177
v 0.057550006369595619 0.0097676308625580313 0.0049714380205130304
v 0.057550006369595619 0.010401221560800219 0.0035951257646536505
v 0.057550006369595619 0.011499517726266529 0.0048451867998098863
v 0.057550006369595619 0.011024065303170825 0.0035186487138723632
v 0.057550006369595619 0.01063909654554143 0.0049840722978567453
v 0.061650012473111249 -0.015039599133169507 -0.016818173795893232
v 0.061650012473111249 -0.0143419959074615 -0.017340634733393256
v 0.061650012473111249 -0.01581732721391902 -0.016424802213862
v 0.061650012473111249 -0.016651550961172438 -0.016172421842768236
v 0.061650012473111249 -0.017516922665274 -0.016068784147455717
v 0.061650012473111249 -0.018387146664297437 -0.016116971403315139
v 0.061650012473111249 -0.019235783291494703 -0.016315518766596371
v 0.061650012473111249 -0.020037047100698806 -0.01665844479198697
v 0.061650012473111249 -0.020766590786611892 -0.017135281950190095
v 0.061650012473111249 -0.021402249050772048 -0.017731564909174491
v 0.061650012473111249 -0.021924708080923415 -0.018429166227533877
v 0.061650012473111249 -0.02231809110704646 -0.019206876188471389
v 0.061650012473111249 -0.022570446682607985 -0.020041104704096369
v 0.061650012473111249 -0.022674107266104079 -0.020906491666986993
v 0.061650012473111249 -0.022625921917593335 -0.02177670040722135
v 0.061650012473111249 -0.02242735738817439 -0.022625333219721377
v 0.061650012473111249 -0.022084444714224195 -0.023426602750971359
v 0.061650012473111249 -0.021607603741323804 -0.024156155973627635
v 0.061650012473111249 -0.021011322689688063 -0.024791806608393252
v 0.061650012473111249 -0.012578651142752027 -0.018664761930658857
v 0.061650012473111249 -0.01061471147600398 -0.019667600065424506
v 0.061650012473111249 -0.0085081250197051525 -0.020319547086908862
v 0.061650012473111249 -0.0063210446364043698 -0.020601376920893255
v 0.061650012473111249 -0.0041180011755584224 -0.020504727750971341
v 0.061650012473111249 -0.0019639949328063475 -0.020032498747065142
v 0.061650012473111249 7.7419626081134119e-05 -0.019198636442377626
v 0.061650012473111249 0.0019460108750702393 -0.018027676969721351
v 0.061650012473111249 0.0035866461270691406 -0.016554227262690124
v 0.061650012473111249 0.004950918006265308 -0.014821744352533861
v 0.061650012473111249 0.0059985745423676027 -0.01288134518261197
v 0.061650012473111249 0.0066987035745026124 -0.010790280729487012
v 0.061650012473111249 0.0070306485169769782 -0.0086102575361275968
v 0.061650012473111249 0.0069846151345612064 -0.0064055761396432653
v 0.061650012473111249 0.0065619619363190187 -0.0042413000165963943
v 0.061650012473111249 0.0057751586907745858 -0.0021812719404245007
v 0.061650012473111249 0.014329331683480884 0.0029242578447317702
v 0.061650012473111249 0.014776007937753344 0.0021758752763723632
v 0.061650012473111249 0.013759483622872973 0.0035837427080129824
v 0.061650012473111249 0.013083779620492602 0.0041342187822317467
v 0.061650012473111249 0.012322749423349048 0.0045589929521536177
v 0.061650012473111249 0.011499517726266529 0.0048451867998098863
v 0.061650012473111249 0.01063909654554143 0.0049840722978567453
v 0.061650012473111249 0.0097676308625580313 0.0049714380205130304
v 0.061650012473111249 0.008911599444711352 0.0048076501787161496
v 0.061650012473111249 0.0080970108979584229 0.0044977136552786234
v 0.061650012473111249 0.0073486183160187263 0.0040510583818411106
v 0.061650012473111249 0.0066891592019440189 0.0034812036455130202
v 0.061650012473111249 0.0061386721604706302 0.0028055139482474067
v 0.061650012473111249 0.0057138832085968511 0.0020444665849661536
v 0.061650012473111249 0.0054276988976837649 0.0012212243974661363
v 0.061650012473111249 0.0052888153069855226 0.00036081179980990141
v 0.061650012473111249 0.0053014519685150637 -0.00051064816112761369
v 0.061650012473111249 0.0054652255051971929 -0.0013666662275338415
v 0.061650012473111249 -0.01787442655626521 -0.027147397428705755
v 0.061650012473111249 -0.014380685520803784 -0.028931394010736966
v 0.061650012473111249 -0.010633180332815503 -0.03009115353222136
v 0.061650012473111249 -0.0067424833304046139 -0.030592496305658856
v 0.061650012473111249 -0.0028233880526183593 -0.030420590788080737
v 0.061650012473111249 0.0010084721320511355 -0.029580502897455729
v 0.061650012473111249 0.0046400382989288825 -0.028097073942377593
v 0.061650012473111249 0.0079641612046600831 -0.02601403561229948
v 0.061650012473111249 0.01088276224073186 -0.023392850309565116
v 0.061650012473111249 0.013309728907907154 -0.020310849577143242
v 0.061650012473111249 0.015173452662789966 -0.016858975797846343
v 0.061650012473111249 0.016418944644296312 -0.013139096647455717
v 0.061650012473111249 0.017009455966317796 -0.0092609228193307191
v 0.061650012473111249 0.016927565860116626 -0.0053389257490182307
v 0.061650012473111249 0.016175689029061937 -0.0014887975751901039
v 0.056849994162564366 0.010149945544564868 -0.0036004919111276013
v 0.056849994162564366 0.010776606845224048 -0.0035676549970651283
v 0.056849994162564366 0.011388044642770434 -0.0034265111982370033
v 0.056849994162564366 0.011965681361520434 -0.0031813024580026328
v 0.056849994162564366 0.01249196462568059 -0.0028395361005807418
v 0.056849994162564366 0.012950905131662036 -0.0024115575849557591
v 0.056849994162564366 0.013328556346261646 -0.0019103979169869945
v 0.056849994162564366 0.013613445567453052 -0.0013512853681588721
v 0.056849994162564366 0.013796915339791918 -0.0007511877119088517
v 0.056849994162564366 0.013873390483224536 -0.00012832394237760614
v 0.056849994162564366 0.013840548800790454 0.0004983240068411332
v 0.056849994162564366 0.013699386882150317 0.001109774202153635
v 0.056849994162564366 0.013454195308053637 0.0016874109209036314
v 0.056849994162564366 0.013112422274911547 0.0022136865556692809
v 0.056849994162564366 0.012684453296029711 0.0026726098955129896
v 0.056849994162564366 0.012183292674386646 0.0030502649248098646
v 0.056849994162564366 0.011624167727792407 0.0033351770341848996
v 0.056849994162564366 0.011024065303170825 0.0035186487138723632
v 0.056849994162564366 0.010401221560800219 0.0035951257646536505
v 0.056849994162564366 0.0097745602601410405 0.0035622583330129909
v 0.056849994162564366 0.0091631224625946528 0.0034211145341848659
v 0.056849994162564366 0.0085854857438446529 0.0031759057939504953
v 0.056849994162564366 0.0080592024796844967 0.0028341394365286599
v 0.056849994162564366 0.0076002624505402102 0.0024061609209036217
v 0.056849994162564366 0.007222610282266285 0.001905001252934857
v 0.056849994162564366 0.006937721537912037 0.0013458887041067347
v 0.056849994162564366 0.0067542522424103276 0.00074579104785676975
v 0.056849994162564366 0.0066777766221405525 0.00012292727832552419
v 0.056849994162564366 0.0067106183045746344 -0.00050372067089321515
v 0.056849994162564366 0.0068517802232147713 -0.0011151708662057169
v 0.056849994162564366 0.0070969722741486092 -0.0016928075849557689
v 0.056849994162564366 0.0074387448304535407 -0.0022190832197213628
v 0.056849994162564366 0.0078667133324982173 -0.002678006559565127
v 0.056849994162564366 0.0083678744309784413 -0.003055661588862002
v 0.056849994162564366 0.0089269993775726812 -0.0033405431806588504
v 0.056849994162564366 0.009527101802194262 -0.0035240148603463695
v 0.061650012473111249 -0.017802298260366774 -0.02466402950878388
v 0.061650012473111249 -0.018425141049063062 -0.024587552458002593
v 0.061650012473111249 -0.019025242520010328 -0.024404080778315129
v 0.061650012473111249 -0.017175636959707592 -0.024631192594721352
v 0.061650012473111249 -0.019584368420278882 -0.024119199186518225
v 0.061650012473111249 -0.01656419820848689 -0.024490018278315095
v 0.061650012473111249 -0.020085529995596266 -0.02374154415722135
v 0.061650012473111249 -0.01598656148973689 -0.024244840055658856
v 0.061650012473111249 -0.020513497067129467 -0.02328259029979951
v 0.061650012473111249 -0.015460278225576734 -0.023903073698237021
v 0.061650012473111249 -0.020855271053945874 -0.022756314665033861
v 0.061650012473111249 -0.01500133771959529 -0.023475095182611982
v 0.061650012473111249 -0.021100462628042556 -0.022178677946283865
v 0.061650012473111249 -0.014623686504995679 -0.022973935514643218
v 0.061650012473111249 -0.021241623593008376 -0.021567258268549494
v 0.061650012473111249 -0.021274466229116773 -0.020940579801752623
v 0.061650012473111249 -0.021197991085684157 -0.020317746549799509
v 0.061650012473111249 -0.021014521313345289 -0.019717648893549489
v 0.061650012473111249 -0.014338797283804274 -0.02241479244823702
v 0.061650012473111249 -0.020729632092153883 -0.019158505827143235
v 0.061650012473111249 -0.014111694050466871 -0.020565213590815146
v 0.061650012473111249 -0.014078852368032789 -0.021191861540033885
v 0.061650012473111249 -0.014155327511465405 -0.021814694791986999
v 0.061650012473111249 -0.020351980877554274 -0.01865734615917447
v 0.061650012473111249 -0.014839820576345777 -0.018849851041986998
v 0.061650012473111249 -0.014498047543203687 -0.019376126676752592
v 0.061650012473111249 -0.014252855969107008 -0.019953763395502644
v 0.061650012473111249 -0.019893040371572829 -0.018229398161127619
v 0.061650012473111249 -0.019366757107412671 -0.017887601286127597
v 0.061650012473111249 -0.015768950176870678 -0.018013242155268228
v 0.061650012473111249 -0.015267789555227613 -0.018390897184565103
v 0.061650012473111249 -0.018789120388662671 -0.017642423063471357
v 0.061650012473111249 -0.016328076077139233 -0.017728360563471379
v 0.061650012473111249 -0.018177681637441968 -0.017501248747065101
v 0.061650012473111249 -0.016928177548086499 -0.01754488888378386
v 0.061650012473111249 -0.01755102033678279 -0.017468411833002628
v 0.061650012473111249 0.010149945544564868 -0.0036004919111276013
v 0.061650012473111249 0.009527101802194262 -0.0035240148603463695
v 0.061650012473111249 0.0089269993775726812 -0.0033405431806588504
v 0.061650012473111249 0.010776606845224048 -0.0035676549970651283
v 0.061650012473111249 0.0083678744309784413 -0.003055661588862002
v 0.061650012473111249 0.011388044642770434 -0.0034265111982370033
v 0.061650012473111249 0.0078667133324982173 -0.002678006559565127
v 0.061650012473111249 0.011965681361520434 -0.0031813024580026328
v 0.061650012473111249 0.0074387448304535407 -0.0022190832197213628
v 0.061650012473111249 0.01249196462568059 -0.0028395361005807418
v 0.061650012473111249 0.0070969722741486092 -0.0016928075849557689
v 0.061650012473111249 0.012950905131662036 -0.0024115575849557591
v 0.061650012473111249 0.0068517802232147713 -0.0011151708662057169
v 0.061650012473111249 0.0067106183045746344 -0.00050372067089321515
v 0.061650012473111249 0.013328556346261646 -0.0019103979169869945
v 0.061650012473111249 0.013613445567453052 -0.0013512853681588721
v 0.061650012473111249 0.0066777766221405525 0.00012292727832552419
v 0.061650012473111249 0.013796915339791918 -0.0007511877119088517
v 0.061650012473111249 0.0067542522424103276 0.00074579104785676975
v 0.061650012473111249 0.013873390483224536 -0.00012832394237760614
v 0.061650012473111249 0.006937721537912037 0.0013458887041067347
v 0.061650012473111249 0.013840548800790454 0.0004983240068411332
v 0.061650012473111249 0.007222610282266285 0.001905001252934857
v 0.061650012473111249 0.0076002624505402102 0.0024061609209036217
v 0.061650012473111249 0.013699386882150317 0.001109774202153635
v 0.061650012473111249 0.013454195308053637 0.0016874109209036314
v 0.061650012473111249 0.0080592024796844967 0.0028341394365286599
v 0.061650012473111249 0.013112422274911547 0.0022136865556692809
v 0.061650012473111249 0.0085854857438446529 0.0031759057939504953
v 0.061650012473111249 0.012684453296029711 0.0026726098955129896
v 0.061650012473111249 0.0091631224625946528 0.0034211145341848659
v 0.061650012473111249 0.012183292674386646 0.0030502649248098646
v 0.061650012473111249 0.0097745602601410405 0.0035622583330129909
v 0.061650012473111249 0.011624167727792407 0.0033351770341848996
v 0.061650012473111249 0.010401221560800219 0.0035951257646536505
v 0.061650012473111249 0.011024065303170825 0.0035186487138723632
v 0.056849994162564366 0.012170603083932544 -0.0017089819013619834
v 0.056849994162564366 0.01184552030500188 -0.0020121130048776359
v 0.056849994162564366 0.012438105868661547 -0.0013540014326119953
v 0.056849994162564366 0.011472735690438891 -0.0022542089521432329
v 0.056849994162564366 0.012639902400338793 -0.00095794430370571559
v 0.056849994162564366 0.011063576983773853 -0.0024278844892526297
v 0.056849994162564366 0.012769859599435473 -0.00053286495800264344
v 0.056849994162564366 0.010630475329721117 -0.002527890592768256
v 0.056849994162564366 0.012824030207955981 -9.1702848627639444e-05
v 0.056849994162564366 0.010186589526498462 -0.0025511449872994696
v 0.056849994162564366 0.012800767230355883 0.00035220584277861899
v 0.056849994162564366 0.0097454083436371332 -0.0024969762861276057
v 0.056849994162564366 0.012700777339303637 0.00078531131152864697
v 0.056849994162564366 0.0093203366273285401 -0.0023670019208932302
v 0.056849994162564366 0.01252709989484563 0.0011944604814504989
v 0.056849994162564366 0.0089242890351654541 -0.0021652196943307556
v 0.056849994162564366 0.012285010623300219 0.0015672326982473783
v 0.056849994162564366 0.0085693009370209228 -0.0018977026044870171
v 0.056849994162564366 0.0082661564820648674 -0.0015726293622995158
v 0.056849994162564366 0.011981866168344164 0.0018923364580130109
v 0.056849994162564366 0.0080240672105194571 -0.0011998571455026363
v 0.056849994162564366 0.011626878070199633 0.0021598230302786181
v 0.056849994162564366 0.011230830478036547 0.0023616357744192795
v 0.056849994162564366 0.0078503892892242914 -0.0007906774580025977
v 0.056849994162564366 0.0077503998750092047 -0.00035760250683075645
v 0.056849994162564366 0.010805758761727954 0.0024915796220755237
v 0.056849994162564366 0.010364577578866626 0.0025457483232473876
v 0.056849994162564366 0.0099206917756439698 0.0025224939287161185
v 0.056849994162564366 0.007727136897409107 8.6306184575501987e-05
v 0.056849994162564366 0.0094875901215912342 0.0024224878252004922
v 0.056849994162564366 0.0077813070290924562 0.00052746829395050598
v 0.056849994162564366 0.0079112647050262937 0.00095254763965363365
v 0.056849994162564366 0.0090784314149261955 0.002248812288091151
v 0.056849994162564366 0.00811306123670354 0.0013486047685598579
v 0.056849994162564366 0.0087056468003632072 0.0020067163408254984
v 0.056849994162564366 0.0083805640214325433 0.0017035852373099014
v 0.062349994162564371 -0.017802298260366774 -0.02466402950878388
v 0.062349994162564371 -0.017175636959707592 -0.024631192594721352
v 0.062349994162564371 -0.01656419820848689 -0.024490018278315095
v 0.062349994162564371 -0.01598656148973689 -0.024244840055658856
v 0.062349994162564371 -0.015460278225576734 -0.023903073698237021
v 0.062349994162564371 -0.01500133771959529 -0.023475095182611982
v 0.062349994162564371 -0.014623686504995679 -0.022973935514643218
v 0.062349994162564371 -0.014338797283804274 -0.02241479244823702
v 0.062349994162564371 -0.014155327511465405 -0.021814694791986999
v 0.062349994162564371 -0.014078852368032789 -0.021191861540033885
v 0.062349994162564371 -0.014111694050466871 -0.020565213590815146
v 0.062349994162564371 -0.014252855969107008 -0.019953763395502644
v 0.062349994162564371 -0.014498047543203687 -0.019376126676752592
v 0.062349994162564371 -0.014839820576345777 -0.018849851041986998
v 0.062349994162564371 -0.015267789555227613 -0.018390897184565103
v 0.062349994162564371 -0.015768950176870678 -0.018013242155268228
v 0.062349994162564371 -0.016328076077139233 -0.017728360563471379
v 0.062349994162564371 -0.016928177548086499 -0.01754488888378386
v 0.062349994162564371 -0.01755102033678279 -0.017468411833002628
v 0.062349994162564371 -0.018177681637441968 -0.017501248747065101
v 0.062349994162564371 -0.018789120388662671 -0.017642423063471357
v 0.062349994162564371 -0.019366757107412671 -0.017887601286127597
v 0.062349994162564371 -0.019893040371572829 -0.018229398161127619
v 0.062349994162564371 -0.020351980877554274 -0.01865734615917447
v 0.062349994162564371 -0.020729632092153883 -0.019158505827143235
v 0.062349994162564371 -0.021014521313345289 -0.019717648893549489
v 0.062349994162564371 -0.021197991085684157 -0.020317746549799509
v 0.062349994162564371 -0.021274466229116773 -0.020940579801752623
v 0.062349994162564371 -0.021241623593008376 -0.021567258268549494
v 0.062349994162564371 -0.021100462628042556 -0.022178677946283865
v 0.062349994162564371 -0.020855271053945874 -0.022756314665033861
v 0.062349994162564371 -0.020513497067129467 -0.02328259029979951
v 0.062349994162564371 -0.020085529995596266 -0.02374154415722135
v 0.062349994162564371 -0.019584368420278882 -0.024119199186518225
v 0.062349994162564371 -0.019025242520010328 -0.024404080778315129
v 0.062349994162564371 -0.018425141049063062 -0.024587552458002593
v 0.062349994162564371 0.010149945544564868 -0.0036004919111276013
v 0.062349994162564371 0.010776606845224048 -0.0035676549970651283
v 0.062349994162564371 0.011388044642770434 -0.0034265111982370033
v 0.062349994162564371 0.011965681361520434 -0.0031813024580026328
v 0.062349994162564371 0.01249196462568059 -0.0028395361005807418
v 0.062349994162564371 0.012950905131662036 -0.0024115575849557591
v 0.062349994162564371 0.013328556346261646 -0.0019103979169869945
v 0.062349994162564371 0.013613445567453052 -0.0013512853681588721
v 0.062349994162564371 0.013796915339791918 -0.0007511877119088517
v 0.062349994162564371 0.013873390483224536 -0.00012832394237760614
v 0.062349994162564371 0.013840548800790454 0.0004983240068411332
v 0.062349994162564371 0.013699386882150317 0.001109774202153635
v 0.062349994162564371 0.013454195308053637 0.0016874109209036314
v 0.062349994162564371 0.013112422274911547 0.0022136865556692809
v 0.062349994162564371 0.012684453296029711 0.0026726098955129896
v 0.062349994162564371 0.012183292674386646 0.0030502649248098646
v 0.062349994162564371 0.011624167727792407 0.0033351770341848996
v 0.062349994162564371 0.011024065303170825 0.0035186487138723632
v 0.062349994162564371 0.010401221560800219 0.0035951257646536505
v 0.062349994162564371 0.0097745602601410405 0.0035622583330129909
v 0.062349994162564371 0.0091631224625946528 0.0034211145341848659
v 0.062349994162564371 0.0085854857438446529 0.0031759057939504953
v 0.062349994162564371 0.0080592024796844967 0.0028341394365286599
v 0.062349994162564371 0.0076002624505402102 0.0024061609209036217
v 0.062349994162564371 0.007222610282266285 0.001905001252934857
v 0.062349994162564371 0.006937721537912037 0.0013458887041067347
v 0.062349994162564371 0.0067542522424103276 0.00074579104785676975
v 0.062349994162564371 0.0066777766221405525 0.00012292727832552419
v 0.062349994162564371 0.0067106183045746344 -0.00050372067089321515
v 0.062349994162564371 0.0068517802232147713 -0.0011151708662057169
v 0.062349994162564371 0.0070969722741486092 -0.0016928075849557689
v 0.062349994162564371 0.0074387448304535407 -0.0022190832197213628
v 0.062349994162564371 0.0078667133324982173 -0.002678006559565127
v 0.062349994162564371 0.0083678744309784413 -0.003055661588862002
v 0.062349994162564371 0.0089269993775726812 -0.0033405431806588504
v 0.062349994162564371 0.009527101802194262 -0.0035240148603463695
v 0.056249988059048739 0.010186589526498462 -0.0025511449872994696
v 0.056249988059048739 0.010630475329721117 -0.002527890592768256
v 0.056249988059048739 0.011063576983773853 -0.0024278844892526297
v 0.056249988059048739 0.011472735690438891 -0.0022542089521432329
v 0.056249988059048739 0.01184552030500188 -0.0020121130048776359
v 0.056249988059048739 0.012170603083932544 -0.0017089819013619834
v 0.056249988059048739 0.012438105868661547 -0.0013540014326119953
v 0.056249988059048739 0.012639902400338793 -0.00095794430370571559
v 0.056249988059048739 0.012769859599435473 -0.00053286495800264344
v 0.056249988059048739 0.012824030207955981 -9.1702848627639444e-05
v 0.056249988059048739 0.012800767230355883 0.00035220584277861899
v 0.056249988059048739 0.012700777339303637 0.00078531131152864697
v 0.056249988059048739 0.01252709989484563 0.0011944604814504989
v 0.056249988059048739 0.012285010623300219 0.0015672326982473783
v 0.056249988059048739 0.011981866168344164 0.0018923364580130109
v 0.056249988059048739 0.011626878070199633 0.0021598230302786181
v 0.056249988059048739 0.011230830478036547 0.0023616357744192795
v 0.056249988059048739 0.010805758761727954 0.0024915796220755237
v 0.056249988059048739 0.010364577578866626 0.0025457483232473876
v 0.056249988059048739 0.0099206917756439698 0.0025224939287161185
v 0.056249988059048739 0.0094875901215912342 0.0024224878252004922
v 0.056249988059048739 0.0090784314149261955 0.002248812288091151
v 0.056249988059048739 0.0087056468003632072 0.0020067163408254984
v 0.056249988059048739 0.0083805640214325433 0.0017035852373099014
v 0.056249988059048739 0.00811306123670354 0.0013486047685598579
v 0.056249988059048739 0.0079112647050262937 0.00095254763965363365
v 0.056249988059048739 0.0077813070290924562 0.00052746829395050598
v 0.056249988059048739 0.007727136897409107 8.6306184575501987e-05
v 0.056249988059048739 0.0077503998750092047 -0.00035760250683075645
v 0.056249988059048739 0.0078503892892242914 -0.0007906774580025977
v 0.056249988059048739 0.0080240672105194571 -0.0011998571455026363
v 0.056249988059048739 0.0082661564820648674 -0.0015726293622995158
v 0.056249988059048739 0.0085693009370209228 -0.0018977026044870171
v 0.056249988059048739 0.0089242890351654541 -0.0021652196943307556
v 0.056249988059048739 0.0093203366273285401 -0.0023670019208932302
v 0.056249988059048739 0.0097454083436371332 -0.0024969762861276057
v 0.062349994162564371 -0.019382942867910719 -0.02296124020214324
v 0.062349994162564371 -0.019686087322866773 -0.022636166959955739
v 0.062349994162564371 -0.019027952862417555 -0.023228757291986979
v 0.062349994162564371 -0.019928175640737868 -0.022263364225580728
v 0.062349994162564371 -0.018631905270254469 -0.023430539518549509
v 0.062349994162564371 -0.020101853085195874 -0.021854215055658877
v 0.062349994162564371 -0.018206833553945874 -0.023560483366205753
v 0.062349994162564371 -0.020201842022573805 -0.021421109586908849
v 0.062349994162564371 -0.017765652371084548 -0.023614682584955748
v 0.062349994162564371 -0.020225105953848219 -0.020977231413080721
v 0.062349994162564371 -0.017321768475210525 -0.023591397672846348
v 0.062349994162564371 -0.020170935345327712 -0.020536038786127642
v 0.062349994162564371 -0.016888666821157788 -0.023491422086908853
v 0.062349994162564371 -0.020040978146231032 -0.020110989958002645
v 0.062349994162564371 -0.016479506207144116 -0.023317746549799512
v 0.062349994162564371 -0.0198391825682281 -0.019714932829096365
v 0.062349994162564371 -0.016106722546255444 -0.023075650602533859
v 0.062349994162564371 -0.01957167882982478 -0.019359952360346377
v 0.062349994162564371 -0.01578163976732478 -0.022772519499018262
v 0.062349994162564371 -0.019246596050894117 -0.019056790739252594
v 0.062349994162564371 -0.015514136982595777 -0.022417508512690143
v 0.062349994162564371 -0.018873812390005445 -0.018814694791986997
v 0.062349994162564371 -0.015312340450918531 -0.022021481901361994
v 0.062349994162564371 -0.018464651775991773 -0.0186410192548776
v 0.062349994162564371 -0.015182383251821851 -0.021596402555658867
v 0.062349994162564371 -0.018031550121939039 -0.018541043668940105
v 0.062349994162564371 -0.015128212643301343 -0.021155209928705732
v 0.062349994162564371 -0.017587666226065016 -0.018517789274408891
v 0.062349994162564371 -0.015151475620901441 -0.020711331754877604
v 0.062349994162564371 -0.017146485043203687 -0.018571957975580755
v 0.062349994162564371 -0.015251465511953687 -0.020278226286127632
v 0.062349994162564371 -0.016721413326895095 -0.018701901823236999
v 0.062349994162564371 -0.015425142956411696 -0.019869077116205724
v 0.062349994162564371 -0.016325365734732009 -0.018903714567377605
v 0.062349994162564371 -0.015667232227957104 -0.019496274381830769
v 0.062349994162564371 -0.015970376682913161 -0.019171201139643268
v 0.062349994162564371 0.0085693009370209228 -0.0018977026044870171
v 0.062349994162564371 0.0082661564820648674 -0.0015726293622995158
v 0.062349994162564371 0.0089242890351654541 -0.0021652196943307556
v 0.062349994162564371 0.0080240672105194571 -0.0011998571455026363
v 0.062349994162564371 0.0093203366273285401 -0.0023670019208932302
v 0.062349994162564371 0.0078503892892242914 -0.0007906774580025977
v 0.062349994162564371 0.0097454083436371332 -0.0024969762861276057
v 0.062349994162564371 0.0077503998750092047 -0.00035760250683075645
v 0.062349994162564371 0.010186589526498462 -0.0025511449872994696
v 0.062349994162564371 0.007727136897409107 8.6306184575501987e-05
v 0.062349994162564371 0.010630475329721117 -0.002527890592768256
v 0.062349994162564371 0.0077813070290924562 0.00052746829395050598
v 0.062349994162564371 0.011063576983773853 -0.0024278844892526297
v 0.062349994162564371 0.0079112647050262937 0.00095254763965363365
v 0.062349994162564371 0.011472735690438891 -0.0022542089521432329
v 0.062349994162564371 0.00811306123670354 0.0013486047685598579
v 0.062349994162564371 0.01184552030500188 -0.0020121130048776359
v 0.062349994162564371 0.0083805640214325433 0.0017035852373099014
v 0.062349994162564371 0.012170603083932544 -0.0017089819013619834
v 0.062349994162564371 0.0087056468003632072 0.0020067163408254984
v 0.062349994162564371 0.012438105868661547 -0.0013540014326119953
v 0.062349994162564371 0.0090784314149261955 0.002248812288091151
v 0.062349994162564371 0.012639902400338793 -0.00095794430370571559
v 0.062349994162564371 0.0094875901215912342 0.0024224878252004922
v 0.062349994162564371 0.012769859599435473 -0.00053286495800264344
v 0.062349994162564371 0.0099206917756439698 0.0025224939287161185
v 0.062349994162564371 0.012824030207955981 -9.1702848627639444e-05
v 0.062349994162564371 0.010364577578866626 0.0025457483232473876
v 0.062349994162564371 0.012800767230355883 0.00035220584277861899
v 0.062349994162564371 0.010805758761727954 0.0024915796220755237
v 0.062349994162564371 0.012700777339303637 0.00078531131152864697
v 0.062349994162564371 0.011230830478036547 0.0023616357744192795
v 0.062349994162564371 0.01252709989484563 0.0011944604814504989
v 0.062349994162564371 0.011626878070199633 0.0021598230302786181
v 0.062349994162564371 0.012285010623300219 0.0015672326982473783
v 0.062349994162564371 0.011981866168344164 0.0018923364580130109
v 0.062950000266079997 -0.017321768475210525 -0.023591397672846348
v 0.062950000266079997 -0.017765652371084548 -0.023614682584955748
v 0.062950000266079997 -0.016888666821157788 -0.023491422086908853
v 0.062950000266079997 -0.016479506207144116 -0.023317746549799512
v 0.062950000266079997 -0.016106722546255444 -0.023075650602533859
v 0.062950000266079997 -0.01578163976732478 -0.022772519499018262
v 0.062950000266079997 -0.015514136982595777 -0.022417508512690143
v 0.062950000266079997 -0.015312340450918531 -0.022021481901361994
v 0.062950000266079997 -0.015182383251821851 -0.021596402555658867
v 0.062950000266079997 -0.015128212643301343 -0.021155209928705732
v 0.062950000266079997 -0.015151475620901441 -0.020711331754877604
v 0.062950000266079997 -0.015251465511953687 -0.020278226286127632
v 0.062950000266079997 -0.015425142956411696 -0.019869077116205724
v 0.062950000266079997 -0.015667232227957104 -0.019496274381830769
v 0.062950000266079997 -0.015970376682913161 -0.019171201139643268
v 0.062950000266079997 -0.016325365734732009 -0.018903714567377605
v 0.062950000266079997 -0.016721413326895095 -0.018701901823236999
v 0.062950000266079997 -0.017146485043203687 -0.018571957975580755
v 0.062950000266079997 -0.017587666226065016 -0.018517789274408891
v 0.062950000266079997 -0.018031550121939039 -0.018541043668940105
v 0.062950000266079997 -0.018464651775991773 -0.0186410192548776
v 0.062950000266079997 -0.018873812390005445 -0.018814694791986997
v 0.062950000266079997 -0.019246596050894117 -0.019056790739252594
v 0.062950000266079997 -0.01957167882982478 -0.019359952360346377
v 0.062950000266079997 -0.0198391825682281 -0.019714932829096365
v 0.062950000266079997 -0.020040978146231032 -0.020110989958002645
v 0.062950000266079997 -0.020170935345327712 -0.020536038786127642
v 0.062950000266079997 -0.020225105953848219 -0.020977231413080721
v 0.062950000266079997 -0.020201842022573805 -0.021421109586908849
v 0.062950000266079997 -0.020101853085195874 -0.021854215055658877
v 0.062950000266079997 -0.019928175640737868 -0.022263364225580728
v 0.062950000266079997 -0.019686087322866773 -0.022636166959955739
v 0.062950000266079997 -0.019382942867910719 -0.02296124020214324
v 0.062950000266079997 -0.019027952862417555 -0.023228757291986979
v 0.062950000266079997 -0.018631905270254469 -0.023430539518549509
v 0.062950000266079997 -0.018206833553945874 -0.023560483366205753
v 0.062950000266079997 0.010630475329721117 -0.002527890592768256
v 0.062950000266079997 0.010186589526498462 -0.0025511449872994696
v 0.062950000266079997 0.011063576983773853 -0.0024278844892526297
v 0.062950000266079997 0.011472735690438891 -0.0022542089521432329
v 0.062950000266079997 0.01184552030500188 -0.0020121130048776359
v 0.062950000266079997 0.012170603083932544 -0.0017089819013619834
v 0.062950000266079997 0.012438105868661547 -0.0013540014326119953
v 0.062950000266079997 0.012639902400338793 -0.00095794430370571559
v 0.062950000266079997 0.012769859599435473 -0.00053286495800264344
v 0.062950000266079997 0.012824030207955981 -9.1702848627639444e-05
v 0.062950000266079997 0.012800767230355883 0.00035220584277861899
v 0.062950000266079997 0.012700777339303637 0.00078531131152864697
v 0.062950000266079997 0.01252709989484563 0.0011944604814504989
v 0.062950000266079997 0.012285010623300219 0.0015672326982473783
v 0.062950000266079997 0.011981866168344164 0.0018923364580130109
v 0.062950000266079997 0.011626878070199633 0.0021598230302786181
v 0.062950000266079997 0.011230830478036547 0.0023616357744192795
v 0.062950000266079997 0.010805758761727954 0.0024915796220755237
v 0.062950000266079997 0.010364577578866626 0.0025457483232473876
v 0.062950000266079997 0.0099206917756439698 0.0025224939287161185
v 0.062950000266079997 0.0094875901215912342 0.0024224878252004922
v 0.062950000266079997 0.0090784314149261955 0.002248812288091151
v 0.062950000266079997 0.0087056468003632072 0.0020067163408254984
v 0.062950000266079997 0.0083805640214325433 0.0017035852373099014
v 0.062950000266079997 0.00811306123670354 0.0013486047685598579
v 0.062950000266079997 0.0079112647050262937 0.00095254763965363365
v 0.062950000266079997 0.0077813070290924562 0.00052746829395050598
v 0.062950000266079997 0.007727136897409107 8.6306184575501987e-05
v 0.062950000266079997 0.0077503998750092047 -0.00035760250683075645
v 0.062950000266079997 0.0078503892892242914 -0.0007906774580025977
v 0.062950000266079997 0.0080240672105194571 -0.0011998571455026363
v 0.062950000266079997 0.0082661564820648674 -0.0015726293622995158
v 0.062950000266079997 0.0085693009370209228 -0.0018977026044870171
v 0.062950000266079997 0.0089242890351654541 -0.0021652196943307556
v 0.062950000266079997 0.0093203366273285401 -0.0023670019208932302
v 0.062950000266079997 0.0097454083436371332 -0.0024969762861276057
v 0.046800006369595637 -0.074809015942251533 -0.017087796598627636
v 0.046800006369595637 -0.07500000257555231 -0.017999997526361999
v 0.046800006369595637 -0.074707110119497627 -0.017207120329096381
v 0.046800006369595637 -0.074587786389028882 -0.017309018522455755
v 0.046800006369595637 -0.074453989697134348 -0.017391019254877627
v 0.046800006369595637 -0.074891009045278872 -0.016953977018549504
v 0.046800006369595637 -0.074309015942251533 -0.017451047331049518
v 0.046800006369595637 -0.074951060009634349 -0.016809018522455754
v 0.046800006369595637 -0.074156435681021066 -0.017487698942377616
v 0.046800006369595637 -0.074936434460317933 -0.018794766813471364
v 0.046800006369595637 -0.074987688732778876 -0.016656430631830754
v 0.046800006369595637 -0.074000002575552309 -0.017499997526361999
v 0.046800006369595637 -0.071447848034536687 -0.022785794645502622
v 0.046800006369595637 -0.070668741894399964 -0.022955075651362011
v 0.046800006369595637 -0.072190142346060124 -0.022494809538080751
v 0.046800006369595637 -0.072876749706899974 -0.022089536100580731
v 0.046800006369595637 -0.073490206432974187 -0.021580289274408859
v 0.046800006369595637 -0.074014925671255435 -0.020980008512690107
v 0.046800006369595637 -0.074437555981314033 -0.020303922086908843
v 0.046800006369595637 -0.074747347546255435 -0.019569302946283895
v 0.046800006369595637 -0.07500000257555231 -0.016499997526361998
v 0.046800006369595637 -0.060999998760855052 -0.017499997526361999
v 0.046800006369595637 -0.060826349926626541 -0.017484799772455761
v 0.046800006369595637 -0.04782384748522029 -0.017249753385736977
v 0.046800006369595637 -0.060133974743521071 -0.016999997526361998
v 0.046800006369595637 -0.060233954144155839 -0.017142789274408876
v 0.046800006369595637 -0.060357210827505448 -0.017266049772455716
v 0.046800006369595637 -0.047392447186148025 -0.01768114987011199
v 0.046800006369595637 -0.060499998760855059 -0.017366025358393267
v 0.046800006369595637 -0.046892691326773026 -0.018031094938471381
v 0.046800006369595637 -0.060657980633413648 -0.017439694791986982
v 0.046800006369595637 -0.048173781109487869 -0.01674999752636197
v 0.046800006369595637 -0.060060309124624588 -0.016842008024408883
v 0.046800006369595637 -0.046339762402212478 -0.018288937956049467
v 0.046800006369595637 -0.048431612682974197 -0.016197080045893264
v 0.046800006369595637 -0.060015192700064036 -0.016673642545893264
v 0.046800006369595637 -0.045750460339224197 -0.018446835905268244
v 0.046800006369595637 -0.048589518261587479 -0.015607755094721343
v 0.046800006369595637 -0.059999998760855058 -0.016499997526361998
v 0.046800006369595637 -0.045142691326773024 -0.018499997526362
v 0.046800006369595637 -0.048642691326773027 -0.014999997526361997
v 0.046800006369595637 -0.048589518261587479 -0.014392239958002595
v 0.046800006369595637 -0.048431612682974197 -0.013802915006830729
v 0.046800006369595637 -0.057823847485220292 -0.0022497533857370189
v 0.046800006369595637 -0.057392447186148027 -0.0026811498701119763
v 0.046800006369595637 -0.058173781109487871 -0.0017499975263620127
v 0.046800006369595637 -0.056892691326773027 -0.0030310949384713681
v 0.046800006369595637 -0.05633976240221248 -0.0032889379560495091
v 0.046800006369595637 -0.055750460339224199 -0.0034468359052682307
v 0.046800006369595637 -0.055142691326773026 -0.0034999975263619865
v 0.046800006369595637 -0.047392447186148025 -0.012318845182612004
v 0.046800006369595637 -0.046892691326773026 -0.011968900114252612
v 0.046800006369595637 -0.04782384748522029 -0.012750241666987017
v 0.046800006369595637 -0.048173781109487869 -0.013249997526361967
v 0.046800006369595637 -0.046339762402212478 -0.011711087614252602
v 0.046800006369595637 -0.045750460339224197 -0.011553159147455749
v 0.046800006369595637 -0.045142691326773024 -0.011499997526361994
v 0.046800006369595637 -0.07500000257555231 0.019142794221684856
v 0.046800006369595637 -0.07500000257555231 0.016500002473638031
v 0.046800006369595637 -0.074984804821646059 0.016673647493169241
v 0.046800006369595637 -0.074939692211782788 0.016842012971684861
v 0.046800006369595637 -0.074866022778189031 0.017000002473638032
v 0.046800006369595637 -0.074766047192251536 0.017142794221684909
v 0.046800006369595637 -0.074642786694204655 0.017266054719731749
v 0.046800006369595637 -0.07450000257555231 0.017366030305669244
v 0.046800006369595637 -0.074342020702993727 0.017439699739263015
v 0.046800006369595637 -0.074173647595083561 0.017484804719731739
v 0.046800006369595637 -0.074000002575552309 0.017500002473638032
v 0.046800006369595637 -0.074927622509634348 0.019990450471684906
v 0.046800006369595637 -0.074712588024771071 0.020813570588872399
v 0.046800006369595637 -0.074361117077505437 0.021588320344731737
v 0.046800006369595637 -0.073883394909536687 0.02229226931934114
v 0.046800006369595637 -0.073293245983755445 0.022905062288091138
v 0.046800006369595637 -0.072607752514517163 0.023408907502934895
v 0.046800006369595637 -0.071846758556997625 0.023789248079106762
v 0.046800006369595637 -0.071032305431997622 0.024035067170903646
v 0.046800006369595637 -0.057823847485220292 0.012750246614262994
v 0.046800006369595637 -0.058173781109487871 0.0017500024736379904
v 0.046800006369595637 -0.057823847485220292 0.0022497583330129967
v 0.046800006369595637 -0.057392447186148027 0.012318850129887982
v 0.046800006369595637 -0.057392447186148027 0.0026811548173880095
v 0.046800006369595637 -0.014449148846304273 -0.030542477995112005
v 0.046800006369595637 -0.032025419903433182 -0.018499997526362
v 0.046800006369595637 -0.028994330120718337 -0.01674999752636197
v 0.046800006369595637 -0.029344263744985916 -0.017249753385736977
v 0.046800006369595637 -0.029775662136709548 -0.01768114987011199
v 0.046800006369595637 -0.03027541990343318 -0.018031094938471381
v 0.046800006369595637 -0.030828348827993728 -0.018288937956049467
v 0.046800006369595637 -0.031417650890982009 -0.018446835905268244
v 0.046800006369595637 -0.028736494732534743 -0.016197080045893264
v 0.046800006369595637 -0.058173781109487871 0.013250002473638001
v 0.046800006369595637 -0.056892691326773027 0.011968905061528645
v 0.046800006369595637 -0.056892691326773027 0.0030310998857474014
v 0.046800006369595637 -0.05633976240221248 0.011711062043950504
v 0.046800006369595637 -0.05633976240221248 0.0032889123857473557
v 0.046800006369595637 -0.055750460339224199 0.003446840852544264
v 0.046800006369595637 -0.055750460339224199 0.011553164094731783
v 0.046800006369595637 -0.055142691326773026 0.0035000024736380198
v 0.046800006369595637 -0.028578592968618727 -0.015607755094721343
v 0.046800006369595637 -0.013245419216787672 -0.030623349577143244
v 0.046800006369595637 -0.014049244595205641 -0.030587369352533866
v 0.046800006369595637 -0.013647734356558179 -0.030614346891596367
v 0.046800006369595637 -0.055142691326773026 0.011500002473638027
v 0.046800006369595637 -0.059999998760855058 0.016500002473638031
v 0.046800006369595637 -0.058431612682974199 0.013802919954106763
v 0.046800006369595637 -0.058589518261587474 0.014392244905278628
v 0.046800006369595637 -0.058642691326773022 0.01500000247363803
v 0.046800006369595637 -0.060999998760855052 0.017500002473638032
v 0.046800006369595637 -0.058589518261587474 0.015607760041997376
v 0.046800006369595637 -0.058431612682974199 0.016197084993169242
v 0.046800006369595637 -0.060012312603628493 0.016656435579106732
v 0.046800006369595637 -0.058173781109487871 0.016750002473638004
v 0.046800006369595637 -0.060190981579458569 0.017087771028325482
v 0.046800006369595637 -0.060108992291128496 0.016953981965825482
v 0.046800006369595637 -0.060048945141470293 0.016809023469731732
v 0.046800006369595637 -0.057823847485220292 0.01724975833301301
v 0.046800006369595637 -0.060412214947378494 0.017309023469731732
v 0.046800006369595637 -0.060292895031607008 0.017207094758794284
v 0.046800006369595637 -0.057392447186148027 0.017681154817388023
v 0.046800006369595637 -0.060690981579458569 0.017451052278325496
v 0.046800006369595637 -0.060546007824575761 0.017390993684575529
v 0.046800006369595637 -0.056892691326773027 0.018031099885747359
v 0.046800006369595637 -0.060843565655386303 0.017487673372075518
v 0.046800006369595637 -0.05633976240221248 0.018288912385747369
v 0.046800006369595637 -0.055750460339224199 0.018446840852544277
v 0.046800006369595637 -0.055142691326773026 0.018500002473638033
v 0.046800006369595637 -0.02202541990343318 -0.0034999975263619865
v 0.046800006369595637 -0.032025419903433182 -0.011499997526361994
v 0.046800006369595637 -0.031417650890982009 -0.011553159147455749
v 0.046800006369595637 -0.030828348827993728 -0.011711087614252602
v 0.046800006369595637 -0.03027541990343318 -0.011968900114252612
v 0.046800006369595637 -0.029775662136709548 -0.012318845182612004
v 0.046800006369595637 -0.029344263744985916 -0.012750241666987017
v 0.046800006369595637 -0.028994330120718337 -0.013249997526361967
v 0.046800006369595637 -0.028736494732534743 -0.013802915006830729
v 0.046800006369595637 -0.021417650890982007 -0.0034468359052682307
v 0.046800006369595637 -0.028578592968618727 -0.014392239958002595
v 0.046800006369595637 -0.020828348827993726 -0.0032889379560495091
v 0.046800006369595637 -0.028525419903433179 -0.014999997526361997
v 0.046800006369595637 -0.02202541990343318 0.0035000024736380198
v 0.046800006369595637 0.014449148463571216 -0.030542477995112005
v 0.046800006369595637 0.01324541978772893 -0.030623349577143244
v 0.046800006369595637 0.013647733973825122 -0.030614346891596367
v 0.046800006369595637 0.014049245166146898 -0.030587369352533866
v 0.046800006369595637 -0.020275419903433178 -0.0030310949384713681
v 0.046800006369595637 -0.019344263744985914 -0.0022497533857370189
v 0.046800006369595637 -0.019775662136709546 -0.0026811498701119763
v 0.046800006369595637 -0.018994330120718335 -0.0017499975263620127
v 0.046800006369595637 -0.018578592968618725 -0.000607755094721385
v 0.046800006369595637 -0.018736494732534741 -0.0011970800458932507
v 0.046800006369595637 -0.02202541990343318 0.011500002473638027
v 0.046800006369595637 -0.021417650890982007 0.011553164094731783
v 0.046800006369595637 -0.021417650890982007 0.003446840852544264
v 0.046800006369595637 -0.018578592968618725 0.00060776004199736278
v 0.046800006369595637 -0.01852541990343318 2.4736380166423544e-09
v 0.046800006369595637 -0.020828348827993726 0.011711062043950504
v 0.046800006369595637 -0.020828348827993726 0.0032889123857473557
v 0.046800006369595637 -0.020275419903433178 0.0030310998857474014
v 0.046800006369595637 -0.020275419903433178 0.011968905061528645
v 0.046800006369595637 -0.019775662136709546 0.0026811548173880095
v 0.046800006369595637 -0.018994330120718335 0.0017500024736379904
v 0.046800006369595637 -0.018736494732534741 0.001197084993169284
v 0.046800006369595637 -0.019775662136709546 0.012318850129887982
v 0.046800006369595637 -0.019344263744985914 0.0022497583330129967
v 0.046800006369595637 -0.018994330120718335 0.013250002473638001
v 0.046800006369595637 -0.019344263744985914 0.012750246614262994
v 0.046800006369595637 -0.018736494732534741 0.013802919954106763
v 0.046800006369595637 -0.01852541990343318 0.01500000247363803
v 0.046800006369595637 -0.018578592968618725 0.014392244905278628
v 0.046800006369595637 -0.018578592968618725 0.015607760041997376
v 0.046800006369595637 -0.018994330120718335 0.016750002473638004
v 0.046800006369595637 -0.018736494732534741 0.016197084993169242
v 0.046800006369595637 0.029775662707650807 -0.01768114987011199
v 0.046800006369595637 0.029344264315927172 -0.017249753385736977
v 0.046800006369595637 0.03027542047437444 -0.018031094938471381
v 0.046800006369595637 0.028994330691659596 -0.01674999752636197
v 0.046800006369595637 0.028736495303476002 -0.016197080045893264
v 0.046800006369595637 0.030828349398934987 -0.018288937956049467
v 0.046800006369595637 0.031417651461923268 -0.018446835905268244
v 0.046800006369595637 0.028578591632211353 -0.015607755094721343
v 0.046800006369595637 0.028525420474374438 -0.014999997526361997
v 0.046800006369595637 0.032025418567025808 -0.018499997526362
v 0.046800006369595637 -0.018801708889639234 0.035056093782231734
v 0.046800006369595637 -0.02202541990343318 0.018500002473638033
v 0.046800006369595637 -0.021417650890982007 0.018446840852544277
v 0.046800006369595637 -0.020828348827993726 0.018288912385747369
v 0.046800006369595637 -0.018187308025991774 0.035163637727544272
v 0.046800006369595637 0.019344264315927173 -0.0022497533857370189
v 0.046800006369595637 0.019775662707650805 -0.0026811498701119763
v 0.046800006369595637 0.018994330691659594 -0.0017499975263620127
v 0.046800006369595637 0.020275420474374438 -0.0030310949384713681
v 0.046800006369595637 0.018736495303476 -0.0011970800458932507
v 0.046800006369595637 0.020828349398934985 -0.0032889379560495091
v 0.046800006369595637 0.028578591632211353 -0.014392239958002595
v 0.046800006369595637 -0.017566931439077709 0.035228396028325504
v 0.046800006369595637 0.018578591632211351 -0.000607755094721385
v 0.046800006369595637 0.021417651461923266 -0.0034468359052682307
v 0.046800006369595637 0.028736495303476002 -0.013802915006830729
v 0.046800006369595637 -0.016943562222158766 0.03525000247363802
v 0.046800006369595637 -0.020275419903433178 0.018031099885747359
v 0.046800006369595637 -0.019775662136709546 0.017681154817388023
v 0.046800006369595637 -0.019344263744985914 0.01724975833301301
v 0.046800006369595637 0.01852542047437444 2.4736380166423544e-09
v 0.046800006369595637 0.022025420474374439 -0.0034999975263619865
v 0.046800006369595637 0.028994330691659596 -0.013249997526361967
v 0.046800006369595637 0.029344264315927172 -0.012750241666987017
v 0.046800006369595637 0.029775662707650807 -0.012318845182612004
v 0.046800006369595637 0.03027542047437444 -0.011968900114252612
v 0.046800006369595637 0.030828349398934987 -0.011711087614252602
v 0.046800006369595637 0.018578591632211351 0.00060776004199736278
v 0.046800006369595637 0.031417651461923268 -0.011553159147455749
v 0.046800006369595637 0.018736495303476 0.001197084993169284
v 0.046800006369595637 0.032025418567025808 -0.011499997526361994
v 0.046800006369595637 0.018994330691659594 0.0017500024736379904
v 0.046800006369595637 0.019344264315927173 0.0022497583330129967
v 0.046800006369595637 0.019775662707650805 0.0026811548173880095
v 0.046800006369595637 0.04514268999036565 -0.018499997526362
v 0.046800006369595637 0.019775662707650805 0.012318850129887982
v 0.046800006369595637 0.020275420474374438 0.0030310998857474014
v 0.046800006369595637 0.019344264315927173 0.012750246614262994
v 0.046800006369595637 0.020275420474374438 0.011968905061528645
v 0.046800006369595637 0.018994330691659594 0.013250002473638001
v 0.046800006369595637 0.018736495303476 0.013802919954106763
v 0.046800006369595637 0.020828349398934985 0.011711062043950504
v 0.046800006369595637 0.020828349398934985 0.0032889123857473557
v 0.046800006369595637 0.018578591632211351 0.014392244905278628
v 0.046800006369595637 0.021417651461923266 0.011553164094731783
v 0.046800006369595637 0.021417651461923266 0.003446840852544264
v 0.046800006369595637 0.022025420474374439 0.0035000024736380198
v 0.046800006369595637 0.022025420474374439 0.011500002473638027
v 0.046800006369595637 0.01852542047437444 0.01500000247363803
v 0.046800006369595637 0.018578591632211351 0.015607760041997376
v 0.046800006369595637 0.018736495303476 0.016197084993169242
v 0.046800006369595637 0.018994330691659594 0.016750002473638004
v 0.046800006369595637 0.060292893695199634 -0.017207120329096381
v 0.046800006369595637 0.047823846148812917 -0.017249753385736977
v 0.046800006369595637 0.047392445849740651 -0.01768114987011199
v 0.046800006369595637 0.06041221361097112 -0.017309018522455755
v 0.046800006369595637 0.060190984057748462 -0.017087796598627636
v 0.046800006369595637 0.048173779773080495 -0.01674999752636197
v 0.046800006369595637 0.060546010302865653 -0.017391019254877627
v 0.046800006369595637 0.046892689990365652 -0.018031094938471381
v 0.046800006369595637 0.060108994769418382 -0.016953977018549504
v 0.046800006369595637 0.060690984057748462 -0.017451047331049518
v 0.046800006369595637 0.046339761065805105 -0.018288937956049467
v 0.046800006369595637 0.060048943805062913 -0.016809018522455754
v 0.046800006369595637 0.04843161516126409 -0.016197080045893264
v 0.046800006369595637 0.060012311267221119 -0.016656430631830754
v 0.046800006369595637 0.048589516925180105 -0.015607755094721343
v 0.046800006369595637 0.060000001239144944 -0.016499997526361998
v 0.046800006369595637 0.04843161516126409 -0.013802915006830729
v 0.046800006369595637 0.048589516925180105 -0.014392239958002595
v 0.046800006369595637 0.048642689990365647 -0.014999997526361997
v 0.046800006369595637 0.070668736743295352 -0.022955075651362011
v 0.046800006369595637 0.045750459002816823 -0.018446835905268244
v 0.046800006369595637 0.061000001239144945 -0.017499997526361999
v 0.046800006369595637 0.060843564318978929 -0.017487698942377616
v 0.046800006369595637 0.055142689990365652 -0.0034999975263619865
v 0.046800006369595637 0.04514268999036565 -0.011499997526361994
v 0.046800006369595637 0.045750459002816823 -0.011553159147455749
v 0.046800006369595637 0.046339761065805105 -0.011711087614252602
v 0.046800006369595637 0.046892689990365652 -0.011968900114252612
v 0.046800006369595637 0.047392445849740651 -0.012318845182612004
v 0.046800006369595637 0.047823846148812917 -0.012750241666987017
v 0.046800006369595637 0.048173779773080495 -0.013249997526361967
v 0.046800006369595637 0.016943560885751392 0.03525000247363802
v 0.046800006369595637 0.019344264315927173 0.01724975833301301
v 0.046800006369595637 0.019775662707650805 0.017681154817388023
v 0.046800006369595637 0.020275420474374438 0.018031099885747359
v 0.046800006369595637 0.020828349398934985 0.018288912385747369
v 0.046800006369595637 0.055750459002816825 -0.0034468359052682307
v 0.046800006369595637 0.017566932010018969 0.035228396028325504
v 0.046800006369595637 0.056339761065805107 -0.0032889379560495091
v 0.046800006369595637 0.0181873066895844 0.035163637727544272
v 0.046800006369595637 0.018801709460580494 0.035056093782231734
v 0.046800006369595637 0.021417651461923266 0.018446840852544277
v 0.046800006369595637 0.022025420474374439 0.018500002473638033
v 0.046800006369595637 0.056892689990365647 -0.0030310949384713681
v 0.046800006369595637 0.057392445849740653 -0.0026811498701119763
v 0.046800006369595637 0.057823846148812919 -0.0022497533857370189
v 0.046800006369595637 0.058173779773080497 -0.0017499975263620127
v 0.046800006369595637 0.073999997424447683 -0.017499997526361999
v 0.046800006369595637 0.071447850512826594 -0.022785794645502622
v 0.046800006369595637 0.07219014482435003 -0.022494809538080751
v 0.046800006369595637 0.07287675218518988 -0.022089536100580731
v 0.046800006369595637 0.073490208911264093 -0.021580289274408859
v 0.046800006369595637 0.074014928149545342 -0.020980008512690107
v 0.046800006369595637 0.074437550830209406 -0.020303922086908843
v 0.046800006369595637 0.074747350024545342 -0.019569302946283895
v 0.046800006369595637 0.07493642930921332 -0.018794766813471364
v 0.046800006369595637 0.074173650073373468 -0.017484799772455761
v 0.046800006369595637 0.074999997424447684 -0.017999997526361999
v 0.046800006369595637 0.07434202318128362 -0.017439694791986982
v 0.046800006369595637 0.074499997424447684 -0.017366025358393267
v 0.046800006369595637 0.074642789172494561 -0.017266049772455716
v 0.046800006369595637 0.07476604204114691 -0.017142789274408876
v 0.046800006369595637 0.074866025256478938 -0.016999997526361998
v 0.046800006369595637 0.074939694690072695 -0.016842008024408883
v 0.046800006369595637 0.074984807299935965 -0.016673642545893264
v 0.046800006369595637 0.074999997424447684 -0.016499997526361998
v 0.046800006369595637 0.055142689990365652 0.011500002473638027
v 0.046800006369595637 0.055142689990365652 0.0035000024736380198
v 0.046800006369595637 0.055750459002816825 0.003446840852544264
v 0.046800006369595637 0.055750459002816825 0.011553164094731783
v 0.046800006369595637 0.056339761065805107 0.011711062043950504
v 0.046800006369595637 0.056339761065805107 0.0032889123857473557
v 0.046800006369595637 0.056892689990365647 0.0030310998857474014
v 0.046800006369595637 0.056892689990365647 0.011968905061528645
v 0.046800006369595637 0.057392445849740653 0.012318850129887982
v 0.046800006369595637 0.057392445849740653 0.0026811548173880095
v 0.046800006369595637 0.057823846148812919 0.0022497583330129967
v 0.046800006369595637 0.057823846148812919 0.012750246614262994
v 0.046800006369595637 0.058173779773080497 0.013250002473638001
v 0.046800006369595637 0.058173779773080497 0.0017500024736379904
v 0.046800006369595637 0.055142689990365652 0.018500002473638033
v 0.046800006369595637 0.060000001239144944 0.016500002473638031
v 0.046800006369595637 0.058431615161264085 0.016197084993169242
v 0.046800006369595637 0.0585895169251801 0.015607760041997376
v 0.046800006369595637 0.058642689990365648 0.01500000247363803
v 0.046800006369595637 0.0585895169251801 0.014392244905278628
v 0.046800006369595637 0.058431615161264085 0.013802919954106763
v 0.046800006369595637 0.060015191363656663 0.016673647493169241
v 0.046800006369595637 0.058173779773080497 0.016750002473638004
v 0.046800006369595637 0.060060307788217214 0.016842012971684861
v 0.046800006369595637 0.060133973407113697 0.017000002473638032
v 0.046800006369595637 0.057823846148812919 0.01724975833301301
v 0.046800006369595637 0.060233956622445725 0.017142794221684909
v 0.046800006369595637 0.06035721330579534 0.017266054719731749
v 0.046800006369595637 0.057392445849740653 0.017681154817388023
v 0.046800006369595637 0.060500001239144945 0.017366030305669244
v 0.046800006369595637 0.060657979297006274 0.017439699739263015
v 0.046800006369595637 0.056892689990365647 0.018031099885747359
v 0.046800006369595637 0.060826352404916434 0.017484804719731739
v 0.046800006369595637 0.056339761065805107 0.018288912385747369
v 0.046800006369595637 0.061000001239144945 0.017500002473638032
v 0.046800006369595637 0.074999997424447684 0.019142794221684856
v 0.046800006369595637 0.073999997424447683 0.017500002473638032
v 0.046800006369595637 0.074156438159310972 0.017487673372075518
v 0.046800006369595637 0.074309018420541439 0.017451052278325496
v 0.046800006369595637 0.074453992175424255 0.017390993684575529
v 0.046800006369595637 0.074587788867318788 0.017309023469731732
v 0.046800006369595637 0.074707104968393001 0.017207094758794284
v 0.046800006369595637 0.07480901842054144 0.017087771028325482
v 0.046800006369595637 0.074891003894174246 0.016953981965825482
v 0.046800006369595637 0.074951054858529723 0.016809023469731732
v 0.046800006369595637 0.074987691211068783 0.016656435579106732
v 0.046800006369595637 0.074999997424447684 0.016500002473638031
v 0.046800006369595637 0.074927624987924255 0.019990450471684906
v 0.046800006369595637 0.071032307910287529 0.024035067170903646
v 0.046800006369595637 0.055750459002816825 0.018446840852544277
v 0.046800006369595637 0.074712590503060963 0.020813570588872399
v 0.046800006369595637 0.071846761035287532 0.023789248079106762
v 0.046800006369595637 0.074361119555795344 0.021588320344731737
v 0.046800006369595637 0.072607747363412536 0.023408907502934895
v 0.046800006369595637 0.073883397387826594 0.02229226931934114
v 0.046800006369595637 0.073293240832650819 0.022905062288091138
v 0.046800006369595637 -0.058642691326773022 2.4736380166423544e-09
v 0.046800006369595637 -0.058589518261587474 -0.000607755094721385
v 0.046800006369595637 -0.058431612682974199 -0.0011970800458932507
v 0.046800006369595637 -0.058589518261587474 0.00060776004199736278
v 0.046800006369595637 -0.058431612682974199 0.001197084993169284
v 0.046800006369595637 0.058642689990365648 2.4736380166423544e-09
v 0.046800006369595637 0.0585895169251801 0.00060776004199736278
v 0.046800006369595637 0.058431615161264085 0.001197084993169284
v 0.046800006369595637 0.0585895169251801 -0.000607755094721385
v 0.046800006369595637 0.058431615161264085 -0.0011970800458932507
v 0.0099000124731112304 -0.0078336789137481207 0.019753389924809905
v 0.0099000124731112304 -0.010716342640554762 0.018350008577153631
v 0.0099000124731112304 -0.014249999714529371 0.018350008577153631
v 0.0099000124731112304 -0.014249999714529371 0.035149996370122394
v 0.0099000124731112304 -0.0047726919180510986 0.020707094758794231
v 0.0099000124731112304 -0.0016030612713454711 0.021189455598637996
v 0.0099000124731112304 0.0016030612462402834 0.021189455598637996
v 0.0099000124731112304 0.01425000028547063 0.035149996370122394
v 0.0099000124731112304 0.0047726920121552007 0.020707094758794231
v 0.0099000124731112304 0.007833679007852222 0.019753389924809905
v 0.0099000124731112304 0.01425000028547063 0.018350008577153631
v 0.0099000124731112304 0.010716342257821703 0.018350008577153631
v 0.018499988059048733 0.01425000028547063 0.018350008577153631
v 0.043800006369595634 0.01425000028547063 0.035149996370122394
v 0.018499988059048733 0.01425000028547063 0.0075499902666067431
v 0.0099000124731112304 0.01425000028547063 -0.011350003629877592
v 0.0099000124731112304 0.01425000028547063 0.0075499902666067431
v 0.043800006369595634 0.01425000028547063 -0.011350003629877592
v 0.018499988059048733 0.0092500002854706293 0.018350008577153631
v 0.0099000124731112304 0.0092500002854706293 0.018350008577153631
v 0.018499988059048733 0.0092500002854706293 0.0075499902666067431
v 0.0099000124731112304 0.0092500002854706293 0.0075499902666067431
v 0.018499988059048733 -0.0092499997145293715 0.0078500085771536221
v 0.0099000124731112304 -0.0092499997145293715 0.0078500085771536221
v 0.018499988059048733 -0.014249999714529371 0.0078500085771536221
v 0.0099000124731112304 -0.014249999714529371 0.0078500085771536221
v 0.0099000124731112304 -0.0092499997145293715 0.018350008577153631
v 0.018499988059048733 -0.0092499997145293715 0.018350008577153631
v 0.018499988059048733 -0.014249999714529371 0.018350008577153631
v 0.043800006369595634 -0.014249999714529371 0.035149996370122394
v 0.043800006369595634 -0.014249999714529371 -0.011350003629877592
v 0.0099000124731112304 -0.014249999714529371 -0.011350003629877592
v 0.043800006369595634 -0.055142691326773026 0.018500002473638033
v 0.043800006369595634 -0.055750460339224199 0.018446840852544277
v 0.043800006369595634 -0.05633976240221248 0.018288912385747369
v 0.043800006369595634 -0.056892691326773027 0.018031099885747359
v 0.043800006369595634 -0.057392447186148027 0.017681154817388023
v 0.043800006369595634 -0.057823847485220292 0.01724975833301301
v 0.043800006369595634 -0.058173781109487871 0.016750002473638004
v 0.043800006369595634 -0.058431612682974199 0.016197084993169242
v 0.043800006369595634 -0.058589518261587474 0.015607760041997376
v 0.043800006369595634 -0.058642691326773022 0.01500000247363803
v 0.043800006369595634 -0.058589518261587474 0.014392244905278628
v 0.043800006369595634 -0.058431612682974199 0.013802919954106763
v 0.043800006369595634 -0.058173781109487871 0.013250002473638001
v 0.043800006369595634 -0.057823847485220292 0.012750246614262994
v 0.043800006369595634 -0.057392447186148027 0.012318850129887982
v 0.043800006369595634 -0.056892691326773027 0.011968905061528645
v 0.043800006369595634 -0.05633976240221248 0.011711062043950504
v 0.043800006369595634 -0.055750460339224199 0.011553164094731783
v 0.043800006369595634 -0.055142691326773026 0.011500002473638027
v 0.043800006369595634 -0.02202541990343318 0.018500002473638033
v 0.043800006369595634 -0.02202541990343318 0.011500002473638027
v 0.043800006369595634 -0.021417650890982007 0.011553164094731783
v 0.043800006369595634 -0.020828348827993726 0.011711062043950504
v 0.043800006369595634 -0.020275419903433178 0.011968905061528645
v 0.043800006369595634 -0.019775662136709546 0.012318850129887982
v 0.043800006369595634 -0.019344263744985914 0.012750246614262994
v 0.043800006369595634 -0.018994330120718335 0.013250002473638001
v 0.043800006369595634 -0.018736494732534741 0.013802919954106763
v 0.043800006369595634 -0.018578592968618725 0.014392244905278628
v 0.043800006369595634 -0.01852541990343318 0.01500000247363803
v 0.043800006369595634 -0.018578592968618725 0.015607760041997376
v 0.043800006369595634 -0.018736494732534741 0.016197084993169242
v 0.043800006369595634 -0.018994330120718335 0.016750002473638004
v 0.043800006369595634 -0.019344263744985914 0.01724975833301301
v 0.043800006369595634 -0.019775662136709546 0.017681154817388023
v 0.043800006369595634 -0.020275419903433178 0.018031099885747359
v 0.043800006369595634 -0.020828348827993726 0.018288912385747369
v 0.043800006369595634 -0.021417650890982007 0.018446840852544277
v 0.043800006369595634 0.055142689990365652 0.011500002473638027
v 0.043800006369595634 0.055750459002816825 0.011553164094731783
v 0.043800006369595634 0.056339761065805107 0.011711062043950504
v 0.043800006369595634 0.056892689990365647 0.011968905061528645
v 0.043800006369595634 0.057392445849740653 0.012318850129887982
v 0.043800006369595634 0.057823846148812919 0.012750246614262994
v 0.043800006369595634 0.058173779773080497 0.013250002473638001
v 0.043800006369595634 0.058431615161264085 0.013802919954106763
v 0.043800006369595634 0.0585895169251801 0.014392244905278628
v 0.043800006369595634 0.058642689990365648 0.01500000247363803
v 0.043800006369595634 0.0585895169251801 0.015607760041997376
v 0.043800006369595634 0.058431615161264085 0.016197084993169242
v 0.043800006369595634 0.058173779773080497 0.016750002473638004
v 0.043800006369595634 0.057823846148812919 0.01724975833301301
v 0.043800006369595634 0.057392445849740653 0.017681154817388023
v 0.043800006369595634 0.056892689990365647 0.018031099885747359
v 0.043800006369595634 0.056339761065805107 0.018288912385747369
v 0.043800006369595634 0.055750459002816825 0.018446840852544277
v 0.043800006369595634 0.055142689990365652 0.018500002473638033
v 0.043800006369595634 0.022025420474374439 0.011500002473638027
v 0.043800006369595634 0.022025420474374439 0.018500002473638033
v 0.043800006369595634 0.021417651461923266 0.018446840852544277
v 0.043800006369595634 0.020828349398934985 0.018288912385747369
v 0.043800006369595634 0.020275420474374438 0.018031099885747359
v 0.043800006369595634 0.019775662707650805 0.017681154817388023
v 0.043800006369595634 0.019344264315927173 0.01724975833301301
v 0.043800006369595634 0.018994330691659594 0.016750002473638004
v 0.043800006369595634 0.018736495303476 0.016197084993169242
v 0.043800006369595634 0.018578591632211351 0.015607760041997376
v 0.043800006369595634 0.01852542047437444 0.01500000247363803
v 0.043800006369595634 0.018578591632211351 0.014392244905278628
v 0.043800006369595634 0.018736495303476 0.013802919954106763
v 0.043800006369595634 0.018994330691659594 0.013250002473638001
v 0.043800006369595634 0.019344264315927173 0.012750246614262994
v 0.043800006369595634 0.019775662707650805 0.012318850129887982
v 0.043800006369595634 0.020275420474374438 0.011968905061528645
v 0.043800006369595634 0.020828349398934985 0.011711062043950504
v 0.043800006369595634 0.021417651461923266 0.011553164094731783
v 0.043800006369595634 -0.055142691326773026 0.0035000024736380198
v 0.043800006369595634 -0.055750460339224199 0.003446840852544264
v 0.043800006369595634 -0.05633976240221248 0.0032889123857473557
v 0.043800006369595634 -0.056892691326773027 0.0030310998857474014
v 0.043800006369595634 -0.057392447186148027 0.0026811548173880095
v 0.043800006369595634 -0.057823847485220292 0.0022497583330129967
v 0.043800006369595634 -0.058173781109487871 0.0017500024736379904
v 0.043800006369595634 -0.058431612682974199 0.001197084993169284
v 0.043800006369595634 -0.058589518261587474 0.00060776004199736278
v 0.043800006369595634 -0.058642691326773022 2.4736380166423544e-09
v 0.043800006369595634 -0.058589518261587474 -0.000607755094721385
v 0.043800006369595634 -0.058431612682974199 -0.0011970800458932507
v 0.043800006369595634 -0.058173781109487871 -0.0017499975263620127
v 0.043800006369595634 -0.057823847485220292 -0.0022497533857370189
v 0.043800006369595634 -0.057392447186148027 -0.0026811498701119763
v 0.043800006369595634 -0.056892691326773027 -0.0030310949384713681
v 0.043800006369595634 -0.05633976240221248 -0.0032889379560495091
v 0.043800006369595634 -0.055750460339224199 -0.0034468359052682307
v 0.043800006369595634 -0.055142691326773026 -0.0034999975263619865
v 0.043800006369595634 -0.02202541990343318 0.0035000024736380198
v 0.043800006369595634 -0.02202541990343318 -0.0034999975263619865
v 0.043800006369595634 -0.021417650890982007 -0.0034468359052682307
v 0.043800006369595634 -0.020828348827993726 -0.0032889379560495091
v 0.043800006369595634 -0.020275419903433178 -0.0030310949384713681
v 0.043800006369595634 -0.019775662136709546 -0.0026811498701119763
v 0.043800006369595634 -0.019344263744985914 -0.0022497533857370189
v 0.043800006369595634 -0.018994330120718335 -0.0017499975263620127
v 0.043800006369595634 -0.018736494732534741 -0.0011970800458932507
v 0.043800006369595634 -0.018578592968618725 -0.000607755094721385
v 0.043800006369595634 -0.01852541990343318 2.4736380166423544e-09
v 0.043800006369595634 -0.018578592968618725 0.00060776004199736278
v 0.043800006369595634 -0.018736494732534741 0.001197084993169284
v 0.043800006369595634 -0.018994330120718335 0.0017500024736379904
v 0.043800006369595634 -0.019344263744985914 0.0022497583330129967
v 0.043800006369595634 -0.019775662136709546 0.0026811548173880095
v 0.043800006369595634 -0.020275419903433178 0.0030310998857474014
v 0.043800006369595634 -0.020828348827993726 0.0032889123857473557
v 0.043800006369595634 -0.021417650890982007 0.003446840852544264
v 0.043800006369595634 0.055142689990365652 -0.0034999975263619865
v 0.043800006369595634 0.055750459002816825 -0.0034468359052682307
v 0.043800006369595634 0.056339761065805107 -0.0032889379560495091
v 0.043800006369595634 0.056892689990365647 -0.0030310949384713681
v 0.043800006369595634 0.057392445849740653 -0.0026811498701119763
v 0.043800006369595634 0.057823846148812919 -0.0022497533857370189
v 0.043800006369595634 0.058173779773080497 -0.0017499975263620127
v 0.043800006369595634 0.058431615161264085 -0.0011970800458932507
v 0.043800006369595634 0.0585895169251801 -0.000607755094721385
v 0.043800006369595634 0.058642689990365648 2.4736380166423544e-09
v 0.043800006369595634 0.0585895169251801 0.00060776004199736278
v 0.043800006369595634 0.058431615161264085 0.001197084993169284
v 0.043800006369595634 0.058173779773080497 0.0017500024736379904
v 0.043800006369595634 0.057823846148812919 0.0022497583330129967
v 0.043800006369595634 0.057392445849740653 0.0026811548173880095
v 0.043800006369595634 0.056892689990365647 0.0030310998857474014
v 0.043800006369595634 0.056339761065805107 0.0032889123857473557
v 0.043800006369595634 0.055750459002816825 0.003446840852544264
v 0.043800006369595634 0.055142689990365652 0.0035000024736380198
v 0.043800006369595634 0.022025420474374439 -0.0034999975263619865
v 0.043800006369595634 0.022025420474374439 0.0035000024736380198
v 0.043800006369595634 0.021417651461923266 0.003446840852544264
v 0.043800006369595634 0.020828349398934985 0.0032889123857473557
v 0.043800006369595634 0.020275420474374438 0.0030310998857474014
v 0.043800006369595634 0.019775662707650805 0.0026811548173880095
v 0.043800006369595634 0.019344264315927173 0.0022497583330129967
v 0.043800006369595634 0.018994330691659594 0.0017500024736379904
v 0.043800006369595634 0.018736495303476 0.001197084993169284
v 0.043800006369595634 0.018578591632211351 0.00060776004199736278
v 0.043800006369595634 0.01852542047437444 2.4736380166423544e-09
v 0.043800006369595634 0.018578591632211351 -0.000607755094721385
v 0.043800006369595634 0.018736495303476 -0.0011970800458932507
v 0.043800006369595634 0.018994330691659594 -0.0017499975263620127
v 0.043800006369595634 0.019344264315927173 -0.0022497533857370189
v 0.043800006369595634 0.019775662707650805 -0.0026811498701119763
v 0.043800006369595634 0.020275420474374438 -0.0030310949384713681
v 0.043800006369595634 0.020828349398934985 -0.0032889379560495091
v 0.043800006369595634 0.021417651461923266 -0.0034468359052682307
v 0.043800006369595634 0.032025418567025808 -0.011499997526361994
v 0.043800006369595634 0.031417651461923268 -0.011553159147455749
v 0.043800006369595634 0.030828349398934987 -0.011711087614252602
v 0.043800006369595634 0.03027542047437444 -0.011968900114252612
v 0.043800006369595634 0.029775662707650807 -0.012318845182612004
v 0.043800006369595634 0.029344264315927172 -0.012750241666987017
v 0.043800006369595634 0.028994330691659596 -0.013249997526361967
v 0.043800006369595634 0.028736495303476002 -0.013802915006830729
v 0.043800006369595634 0.028578591632211353 -0.014392239958002595
v 0.043800006369595634 0.028525420474374438 -0.014999997526361997
v 0.043800006369595634 0.028578591632211353 -0.015607755094721343
v 0.043800006369595634 0.028736495303476002 -0.016197080045893264
v 0.043800006369595634 0.028994330691659596 -0.01674999752636197
v 0.043800006369595634 0.029344264315927172 -0.017249753385736977
v 0.043800006369595634 0.029775662707650807 -0.01768114987011199
v 0.043800006369595634 0.03027542047437444 -0.018031094938471381
v 0.043800006369595634 0.030828349398934987 -0.018288937956049467
v 0.043800006369595634 0.031417651461923268 -0.018446835905268244
v 0.043800006369595634 0.032025418567025808 -0.018499997526362
v 0.043800006369595634 0.04514268999036565 -0.011499997526361994
v 0.043800006369595634 0.04514268999036565 -0.018499997526362
v 0.043800006369595634 0.045750459002816823 -0.018446835905268244
v 0.043800006369595634 0.046339761065805105 -0.018288937956049467
v 0.043800006369595634 0.046892689990365652 -0.018031094938471381
v 0.043800006369595634 0.047392445849740651 -0.01768114987011199
v 0.043800006369595634 0.047823846148812917 -0.017249753385736977
v 0.043800006369595634 0.048173779773080495 -0.01674999752636197
v 0.043800006369595634 0.04843161516126409 -0.016197080045893264
v 0.043800006369595634 0.048589516925180105 -0.015607755094721343
v 0.043800006369595634 0.048642689990365647 -0.014999997526361997
v 0.043800006369595634 0.048589516925180105 -0.014392239958002595
v 0.043800006369595634 0.04843161516126409 -0.013802915006830729
v 0.043800006369595634 0.048173779773080495 -0.013249997526361967
v 0.043800006369595634 0.047823846148812917 -0.012750241666987017
v 0.043800006369595634 0.047392445849740651 -0.012318845182612004
v 0.043800006369595634 0.046892689990365652 -0.011968900114252612
v 0.043800006369595634 0.046339761065805105 -0.011711087614252602
v 0.043800006369595634 0.045750459002816823 -0.011553159147455749
v 0.043800006369595634 -0.032025419903433182 -0.018499997526362
v 0.043800006369595634 -0.045142691326773024 -0.018499997526362
v 0.043800006369595634 -0.045142691326773024 -0.011499997526361994
v 0.043800006369595634 -0.045750460339224197 -0.011553159147455749
v 0.043800006369595634 -0.046339762402212478 -0.011711087614252602
v 0.043800006369595634 -0.046892691326773026 -0.011968900114252612
v 0.043800006369595634 -0.047392447186148025 -0.012318845182612004
v 0.043800006369595634 -0.04782384748522029 -0.012750241666987017
v 0.043800006369595634 -0.048173781109487869 -0.013249997526361967
v 0.043800006369595634 -0.048431612682974197 -0.013802915006830729
v 0.043800006369595634 -0.048589518261587479 -0.014392239958002595
v 0.043800006369595634 -0.048642691326773027 -0.014999997526361997
v 0.043800006369595634 -0.048589518261587479 -0.015607755094721343
v 0.043800006369595634 -0.048431612682974197 -0.016197080045893264
v 0.043800006369595634 -0.048173781109487869 -0.01674999752636197
v 0.043800006369595634 -0.04782384748522029 -0.017249753385736977
v 0.043800006369595634 -0.047392447186148025 -0.01768114987011199
v 0.043800006369595634 -0.046892691326773026 -0.018031094938471381
v 0.043800006369595634 -0.046339762402212478 -0.018288937956049467
v 0.043800006369595634 -0.045750460339224197 -0.018446835905268244
v 0.043800006369595634 -0.032025419903433182 -0.011499997526361994
v 0.043800006369595634 -0.031417650890982009 -0.018446835905268244
v 0.043800006369595634 -0.030828348827993728 -0.018288937956049467
v 0.043800006369595634 -0.03027541990343318 -0.018031094938471381
v 0.043800006369595634 -0.029775662136709548 -0.01768114987011199
v 0.043800006369595634 -0.029344263744985916 -0.017249753385736977
v 0.043800006369595634 -0.028994330120718337 -0.01674999752636197
v 0.043800006369595634 -0.028736494732534743 -0.016197080045893264
v 0.043800006369595634 -0.028578592968618727 -0.015607755094721343
v 0.043800006369595634 -0.028525419903433179 -0.014999997526361997
v 0.043800006369595634 -0.028578592968618727 -0.014392239958002595
v 0.043800006369595634 -0.028736494732534743 -0.013802915006830729
v 0.043800006369595634 -0.028994330120718337 -0.013249997526361967
v 0.043800006369595634 -0.029344263744985916 -0.012750241666987017
v 0.043800006369595634 -0.029775662136709548 -0.012318845182612004
v 0.043800006369595634 -0.03027541990343318 -0.011968900114252612
v 0.043800006369595634 -0.030828348827993728 -0.011711087614252602
v 0.043800006369595634 -0.031417650890982009 -0.011553159147455749
v 0.043800006369595634 0.074999997424447684 0.019142794221684856
v 0.043800006369595634 0.074927624987924255 0.019990450471684906
v 0.043800006369595634 0.074712590503060963 0.020813570588872399
v 0.043800006369595634 0.074361119555795344 0.021588320344731737
v 0.043800006369595634 0.073883397387826594 0.02229226931934114
v 0.043800006369595634 0.073293240832650819 0.022905062288091138
v 0.043800006369595634 0.072607747363412536 0.023408907502934895
v 0.043800006369595634 0.071846761035287532 0.023789248079106762
v 0.043800006369595634 0.071032307910287529 0.024035067170903646
v 0.043800006369595634 0.018801709460580494 0.035056093782231734
v 0.043800006369595634 0.0181873066895844 0.035163637727544272
v 0.043800006369595634 0.017566932010018969 0.035228396028325504
v 0.043800006369595634 0.016943560885751392 0.03525000247363802
v 0.043800006369595634 -0.016943562222158766 0.03525000247363802
v 0.043800006369595634 -0.017566931439077709 0.035228396028325504
v 0.043800006369595634 -0.018187308025991774 0.035163637727544272
v 0.043800006369595634 -0.018801708889639234 0.035056093782231734
v 0.043800006369595634 -0.071032305431997622 0.024035067170903646
v 0.043800006369595634 -0.071846758556997625 0.023789248079106762
v 0.043800006369595634 -0.072607752514517163 0.023408907502934895
v 0.043800006369595634 -0.073293245983755445 0.022905062288091138
v 0.043800006369595634 -0.073883394909536687 0.02229226931934114
v 0.043800006369595634 -0.074361117077505437 0.021588320344731737
v 0.043800006369595634 -0.074712588024771071 0.020813570588872399
v 0.043800006369595634 -0.074927622509634348 0.019990450471684906
v 0.043800006369595634 -0.07500000257555231 0.019142794221684856
v 0.043800006369595634 -0.07500000257555231 -0.017999997526361999
v 0.043800006369595634 -0.074936434460317933 -0.018794766813471364
v 0.043800006369595634 -0.074747347546255435 -0.019569302946283895
v 0.043800006369595634 -0.074437555981314033 -0.020303922086908843
v 0.043800006369595634 -0.074014925671255435 -0.020980008512690107
v 0.043800006369595634 -0.073490206432974187 -0.021580289274408859
v 0.043800006369595634 -0.072876749706899974 -0.022089536100580731
v 0.043800006369595634 -0.072190142346060124 -0.022494809538080751
v 0.043800006369595634 -0.071447848034536687 -0.022785794645502622
v 0.043800006369595634 -0.070668741894399964 -0.022955075651362011
v 0.043800006369595634 -0.014449148846304273 -0.030542477995112005
v 0.043800006369595634 -0.014049244595205641 -0.030587369352533866
v 0.043800006369595634 -0.013647734356558179 -0.030614346891596367
v 0.043800006369595634 -0.013245419216787672 -0.030623349577143244
v 0.043800006369595634 0.01324541978772893 -0.030623349577143244
v 0.043800006369595634 0.013647733973825122 -0.030614346891596367
v 0.043800006369595634 0.014049245166146898 -0.030587369352533866
v 0.043800006369595634 0.014449148463571216 -0.030542477995112005
v 0.043800006369595634 0.070668736743295352 -0.022955075651362011
v 0.043800006369595634 0.071447850512826594 -0.022785794645502622
v 0.043800006369595634 0.07219014482435003 -0.022494809538080751
v 0.043800006369595634 0.07287675218518988 -0.022089536100580731
v 0.043800006369595634 0.073490208911264093 -0.021580289274408859
v 0.043800006369595634 0.074014928149545342 -0.020980008512690107
v 0.043800006369595634 0.074437550830209406 -0.020303922086908843
v 0.043800006369595634 0.074747350024545342 -0.019569302946283895
v 0.043800006369595634 0.07493642930921332 -0.018794766813471364
v 0.043800006369595634 0.074999997424447684 -0.017999997526361999
v 0.04290001247311126 0.012058712291085865 -0.011350003629877592
v 0.0099000124731112304 0.012058712291085865 -0.011350003629877592
v 0.04290001247311126 -0.012058711720144605 -0.011350003629877592
v 0.0099000124731112304 -0.012058711720144605 -0.011350003629877592
v 0.04290001247311126 0.017349999713266041 -0.01134982052440886
v 0.04290001247311126 0.024349999713266041 -0.014349820524408863
v 0.04290001247311126 0.024349999713266041 -0.01134982052440886
v 0.04290001247311126 0.01531729822095647 -0.012496457487299495
v 0.04290001247311126 0.015496444033944751 -0.012317288786127645
v 0.04290001247311126 0.015110556887948656 -0.012642880827143266
v 0.04290001247311126 0.015642885493600513 -0.012110562711908857
v 0.04290001247311126 0.014882118510568285 -0.01275243893261202
v 0.04290001247311126 0.015752444552743577 -0.011882108122065138
v 0.04290001247311126 0.014638500499093677 -0.012821988493158853
v 0.04290001247311126 0.015821994113290452 -0.011638486295893258
v 0.04290001247311126 0.014386652278268481 -0.012849545866205736
v 0.04290001247311126 0.015849552440011645 -0.011386655241205745
v 0.04290001247311126 0.015834331797921802 -0.011133756071283862
v 0.04290001247311126 0.015776766108834887 -0.010887021452143264
v 0.04290001247311126 0.015678499507272389 -0.010653500944330763
v 0.04290001247311126 0.015542332934701586 -0.010439877897455763
v 0.04290001247311126 0.015372152613961841 -0.010252194791986968
v 0.04290001247311126 0.014561509417855884 -0.0096737646162057267
v 0.04290001247311126 0.014673691081369067 -0.009795316129877607
v 0.04290001247311126 0.014804380702340747 -0.009896756559565123
v 0.04290001247311126 0.014404354380929614 -0.0093839086591744891
v 0.04290001247311126 0.014470903682077076 -0.0095353673994088561
v 0.04290001247311126 0.014363682078683521 -0.0092235693037057698
v 0.04290001247311126 0.013252182292306567 -0.01237215939159636
v 0.04290001247311126 0.01309581499036565 -0.012172818571283883
v 0.04290001247311126 0.012975227641427662 -0.011950009733393219
v 0.04290001247311126 0.01238391141828313 -0.011404355436518243
v 0.04290001247311126 0.012223567294442798 -0.011363675504877602
v 0.04290001247311126 0.012535356807077075 -0.011470914274408883
v 0.04290001247311126 0.012673758792245532 -0.011561520963861982
v 0.04290001247311126 0.012795330333078052 -0.011673703581049466
v 0.04290001247311126 0.012896745013559009 -0.011804379850580748
v 0.04290001247311126 0.01434999971326604 -0.0090587133466745184
v 0.04290001247311126 0.014950000094735766 -0.0099752172529244953
v 0.04290001247311126 0.015172812747323657 -0.010095822721674474
v 0.04290001247311126 0.01434999971326604 0.0079921899736379864
v 0.04290001247311126 0.017349999713266041 0.0079921899736379864
v 0.04290001247311126 -0.013252181721365308 -0.01237215939159636
v 0.04290001247311126 -0.013439866734182692 -0.012542325407221389
v 0.04290001247311126 0.013653516101205493 -0.012678494840815124
v 0.04290001247311126 0.01343986730512395 -0.012542325407221389
v 0.04290001247311126 -0.013095815373098707 -0.012172818571283883
v 0.04290001247311126 -0.013653515530264233 -0.012678494840815124
v 0.04290001247311126 -0.012383911801016187 -0.011404355436518243
v 0.04290001247311126 -0.012223567677175855 -0.011363675504877602
v 0.04290001247311126 -0.012975227070486402 -0.011950009733393219
v 0.04290001247311126 -0.012535357189810133 -0.011470914274408883
v 0.04290001247311126 -0.012896745396292066 -0.011804379850580748
v 0.04290001247311126 -0.013887033177053785 -0.012776761442377604
v 0.04290001247311126 0.013887033747995044 -0.012776761442377604
v 0.04290001247311126 -0.012795330715811109 -0.011673703581049466
v 0.04290001247311126 -0.01267375917497859 -0.011561520963861982
v 0.04290001247311126 -0.014804380131399487 -0.009896756559565123
v 0.04290001247311126 -0.014673691464102126 -0.009795316129877607
v 0.04290001247311126 -0.014561509800588941 -0.0096737646162057267
v 0.04290001247311126 -0.014404354763662672 -0.0093839086591744891
v 0.04290001247311126 -0.014949999523794508 -0.0099752172529244953
v 0.04290001247311126 -0.014470904064810133 -0.0095353673994088561
v 0.04290001247311126 -0.014350000095999097 -0.0090587133466745184
v 0.04290001247311126 -0.015172813130056714 -0.010095822721674474
v 0.04290001247311126 -0.015372152996694899 -0.010252194791986968
v 0.04290001247311126 -0.014363682461416578 -0.0092235693037057698
v 0.04290001247311126 -0.017349999142324782 -0.01134982052440886
v 0.04290001247311126 -0.015542333317434645 -0.010439877897455763
v 0.04290001247311126 -0.015678498936331126 -0.010653500944330763
v 0.04290001247311126 -0.015776766491567944 -0.010887021452143264
v 0.04290001247311126 -0.015834331226980542 -0.011133756071283862
v 0.04290001247311126 -0.015849551869070385 -0.011386655241205745
v 0.04290001247311126 -0.015821994496023513 -0.011638486295893258
v 0.04290001247311126 -0.015752443981802321 -0.011882108122065138
v 0.04290001247311126 -0.01564288587633357 -0.012110562711908857
v 0.04290001247311126 -0.015496444416677808 -0.012317288786127645
v 0.04290001247311126 -0.015317297650015211 -0.012496457487299495
v 0.04290001247311126 -0.024349999142324781 -0.014349820524408863
v 0.04290001247311126 -0.015110556317007398 -0.012642880827143266
v 0.04290001247311126 -0.014882118893301344 -0.01275243893261202
v 0.04290001247311126 -0.014638500881826734 -0.012821988493158853
v 0.04290001247311126 -0.014386652661001538 -0.012849545866205736
v 0.04290001247311126 -0.014133758259451247 -0.012834317594721367
v 0.04290001247311126 -0.024349999142324781 -0.01134982052440886
v 0.04290001247311126 -0.017349999142324782 0.0079921899736379864
v 0.04290001247311126 -0.014350000095999097 0.0079921899736379864
v 0.04290001247311126 0.014133758830392504 -0.012834317594721367
v 0.010900012473111231 0.025349999713266042 -0.014349820524408863
v 0.0099000124731112304 0.015673071193063402 -0.014349820524408863
v 0.0099000124731112304 0.024349999713266041 -0.014349820524408863
v 0.041900012473111259 0.025349999713266042 -0.014349820524408863
v 0.0099000124731112304 -0.015673071575796459 -0.014349820524408863
v 0.010900012473111231 -0.025349999142324782 -0.014349820524408863
v 0.0099000124731112304 -0.024349999142324781 -0.014349820524408863
v 0.041900012473111259 -0.025349999142324782 -0.014349820524408863
v 0.0099000124731112304 -0.013088338566458082 -0.016740903288080755
v 0.0099000124731112304 -0.010144251537954663 -0.018672360807611976
v 0.0099000124731112304 -0.0069216424948333249 -0.02009112301464322
v 0.0099000124731112304 -0.0035089928633330811 -0.020958279997065121
v 0.0099000124731112304 2.3485672906225705e-12 -0.021249997526361974
v 0.0099000124731112304 0.0035089929574371828 -0.020958279997065121
v 0.0099000124731112304 0.006921642588937427 -0.02009112301464322
v 0.0099000124731112304 0.013088338183725024 -0.016740903288080755
v 0.0099000124731112304 0.010144251155221606 -0.018672360807611976
v 0.0099000124731112304 -0.01682028074327693 -0.012986173063471385
v 0.0099000124731112304 -0.017349999142324782 -0.012269467741205742
v 0.0035099978246737606 -0.017349999142324782 -0.012269467741205742
v 0.0099000124731112304 -0.016260977459585522 -0.013680020719721353
v 0.0035099978246737606 -0.014968625736868238 -0.015083188444330764
v 0.0035099978246737606 -0.012136831951773024 -0.017443051725580749
v 0.0035099978246737606 -0.0089398285872100344 -0.019278012663080768
v 0.0035099978246737606 -0.0054738165861724364 -0.020532895475580737
v 0.0035099978246737606 -0.0018430922752974974 -0.021169919401361981
v 0.0035099978246737606 0.0018430923694015993 -0.021169919401361981
v 0.0035099978246737606 0.0054738166802765385 -0.020532895475580737
v 0.0035099978246737606 0.0089398282044769774 -0.019278012663080768
v 0.0035099978246737606 0.012136831569039965 -0.017443051725580749
v 0.0035099978246737606 0.014968626307809497 -0.015083188444330764
v 0.0099000124731112304 0.016260976123178148 -0.013680020719721353
v 0.0035099978246737606 0.017349999713266041 -0.012269467741205742
v 0.0099000124731112304 0.016820281314218189 -0.012986173063471385
v 0.0099000124731112304 0.017349999713266041 -0.012269467741205742
v 0.0035099978246737606 0.0096018755906464113 0.0016930566728567409
v 0.0035099978246737606 0.0097500002854706298 2.4736380166423544e-09
v -1.1940951283317958e-08 0.0097500002854706298 2.4736380166423544e-09
v -1.1940951283317958e-08 0.0096018755906464113 0.0016930566728567409
v 0.0035099978246737606 0.0091620028489471927 0.0033346887529348557
v -1.1940951283317958e-08 0.0091620028489471927 0.0033346887529348557
v 0.0035099978246737606 0.0084437478059174072 0.0048750024736380349
v -1.1940951283317958e-08 0.0084437478059174072 0.0048750024736380349
v 0.0035099978246737606 0.0074689333909393803 0.0062671838701223725
v -1.1940951283317958e-08 0.0074689333909393803 0.0062671838701223725
v 0.0035099978246737606 0.0062671792977692141 0.0074689355791067724
v -1.1940951283317958e-08 0.0062671792977692141 0.0074689355791067724
v 0.0035099978246737606 0.0048749998086334723 0.0084437585771536261
v -1.1940951283317958e-08 0.0048749998086334723 0.0084437585771536261
v 0.0035099978246737606 0.0033346963399292482 0.0091619897783254967
v -1.1940951283317958e-08 0.0033346963399292482 0.0091619897783254967
v 0.0035099978246737606 0.0016930697434784426 0.0096018701494192671
v -1.1940951283317958e-08 0.0016930697434784426 0.0096018701494192671
v 0.0035099978246737606 2.3485672906225705e-12 0.0097500024736379975
v -1.1940951283317958e-08 2.3485672906225705e-12 0.0097500024736379975
v 0.0035099978246737606 -0.0016930697685836303 0.0096018701494192671
v -1.1940951283317958e-08 -0.0016930697685836303 0.0096018701494192671
v 0.0035099978246737606 -0.0033346964842437257 0.0091619897783254967
v -1.1940951283317958e-08 -0.0033346964842437257 0.0091619897783254967
v 0.0035099978246737606 -0.0048750001913665277 0.0084437585771536261
v -1.1940951283317958e-08 -0.0048750001913665277 0.0084437585771536261
v 0.0035099978246737606 -0.006267179203665112 0.0074689355791067724
v -1.1940951283317958e-08 -0.006267179203665112 0.0074689355791067724
v 0.0035099978246737606 -0.0074689332968352782 0.0062671838701223725
v -1.1940951283317958e-08 -0.0074689332968352782 0.0062671838701223725
v 0.0035099978246737606 -0.0084437472349761476 0.0048750024736380349
v -1.1940951283317958e-08 -0.0084437472349761476 0.0048750024736380349
v 0.0035099978246737606 -0.0091620032316802498 0.0033346887529348557
v -1.1940951283317958e-08 -0.0091620032316802498 0.0033346887529348557
v 0.0035099978246737606 -0.0096018759733794683 0.0016930566728567409
v -1.1940951283317958e-08 -0.0096018759733794683 0.0016930566728567409
v 0.0035099978246737606 -0.0097499997145293702 2.4736380166423544e-09
v -1.1940951283317958e-08 -0.0097499997145293702 2.4736380166423544e-09
v 0.0035099978246737606 -0.0096018759733794683 -0.0016930822431588943
v -1.1940951283317958e-08 -0.0096018759733794683 -0.0016930822431588943
v 0.0035099978246737606 -0.0091620032316802498 -0.0033346838056588779
v -1.1940951283317958e-08 -0.0091620032316802498 -0.0033346838056588779
v 0.0035099978246737606 -0.0084437472349761476 -0.0048749975263620016
v -1.1940951283317958e-08 -0.0084437472349761476 -0.0048749975263620016
v 0.0035099978246737606 -0.0074689332968352782 -0.0062671789228463948
v -1.1940951283317958e-08 -0.0074689332968352782 -0.0062671789228463948
v 0.0035099978246737606 -0.006267179203665112 -0.0074689306318307391
v -1.1940951283317958e-08 -0.006267179203665112 -0.0074689306318307391
v 0.0035099978246737606 -0.0048750001913665277 -0.0084437536298775928
v -1.1940951283317958e-08 -0.0048750001913665277 -0.0084437536298775928
v 0.0035099978246737606 -0.0033346964842437257 -0.0091620153486275946
v -1.1940951283317958e-08 -0.0033346964842437257 -0.0091620153486275946
v 0.0035099978246737606 -0.0016930697685836303 -0.0096018652021432338
v -1.1940951283317958e-08 -0.0016930697685836303 -0.0096018652021432338
v 0.0035099978246737606 2.3485672906225705e-12 -0.0097499975263620198
v -1.1940951283317958e-08 2.3485672906225705e-12 -0.0097499975263620198
v 0.0035099978246737606 0.0016930697434784426 -0.0096018652021432338
v -1.1940951283317958e-08 0.0016930697434784426 -0.0096018652021432338
v 0.0035099978246737606 0.0033346963399292482 -0.0091620153486275946
v -1.1940951283317958e-08 0.0033346963399292482 -0.0091620153486275946
v -1.1940951283317958e-08 0.0048749998086334723 -0.0084437536298775928
v 0.0035099978246737606 0.0048749998086334723 -0.0084437536298775928
v 0.0035099978246737606 0.0062671792977692141 -0.0074689306318307391
v -1.1940951283317958e-08 0.0062671792977692141 -0.0074689306318307391
v 0.0035099978246737606 0.0074689333909393803 -0.0062671789228463948
v -1.1940951283317958e-08 0.0074689333909393803 -0.0062671789228463948
v 0.0035099978246737606 0.0084437478059174072 -0.0048749975263620016
v -1.1940951283317958e-08 0.0084437478059174072 -0.0048749975263620016
v -1.1940951283317958e-08 0.0091620028489471927 -0.0033346838056588779
v 0.0035099978246737606 0.0091620028489471927 -0.0033346838056588779
v 0.0035099978246737606 0.0096018755906464113 -0.0016930822431588943
v -1.1940951283317958e-08 0.0096018755906464113 -0.0016930822431588943
v 0.0035099978246737606 -0.020035582256948806 -0.0069405187665963486
v 0.0035099978246737606 -0.019814528179800367 -0.0071602453290963708
v 0.0035099978246737606 -0.019933668804800367 -0.007059049040033849
v 0.0035099978246737606 -0.020178248119985913 -0.0066633886396432196
v 0.0035099978246737606 -0.019681072903311111 -0.0072416357099557294
v 0.0035099978246737606 -0.020117779446279859 -0.0068075536787057245
v 0.0035099978246737606 -0.019536560726797436 -0.0073012365400338952
v 0.0035099978246737606 -0.019228684139883375 -0.0073498205244088566
v 0.0035099978246737606 -0.019384525967275953 -0.0073376134931588677
v 0.0035099978246737606 -0.018349999142324783 -0.0073498205244088566
v 0.0035099978246737606 -0.017349999142324782 -0.0083498205244088575
v 0.0035099978246737606 -0.018007979107534742 -0.0074101232587838739
v 0.0035099978246737606 -0.021020331097280836 -0.0031158117353463632
v 0.0035099978246737606 -0.017849999142324782 -0.0074837926923776443
v 0.0035099978246737606 -0.018176352215444898 -0.0073650182783150941
v 0.0035099978246737606 -0.017365193081533767 -0.0081761755048775919
v 0.0035099978246737606 -0.017410307598745678 -0.0080078100263619723
v 0.0035099978246737606 -0.017483975124990798 -0.007849820524408857
v 0.0035099978246737606 -0.017583956432974196 -0.0077070287763619794
v 0.0035099978246737606 -0.017707213116323804 -0.0075837682783151394
v 0.0035099978246737606 -0.021243550015127517 0.00052353152637235612
v 0.0035099978246737606 -0.020841335964834548 0.0041474328935598992
v 0.0035099978246737606 -0.019825531674063063 0.0076492334306692555
v 0.0035099978246737606 -0.018226040554678295 0.010925844758794268
v 0.0035099978246737606 -0.016089954090750074 0.013880770295903622
v 0.0035099978246737606 -0.013480163288748121 0.016427034944341112
v 0.0035099978246737606 -0.01047349996629939 0.018489687532231736
v 0.0035099978246737606 0.017349999713266041 -0.0083498205244088575
v 0.0035099978246737606 0.017365191745126393 -0.0081761755048775919
v 0.0035099978246737606 0.017410308169686937 -0.0080078100263619723
v 0.0035099978246737606 0.017483973788583424 -0.007849820524408857
v 0.0035099978246737606 0.017583955096566822 -0.0077070287763619794
v 0.0035099978246737606 0.017707211779916431 -0.0075837682783151394
v 0.0035099978246737606 0.017849999713266038 -0.0074837926923776443
v 0.0035099978246737606 0.019228684710824635 -0.0073498205244088566
v 0.0035099978246737606 0.019536561297738696 -0.0073012365400338952
v 0.0035099978246737606 0.019384526538217213 -0.0073376134931588677
v 0.0035099978246737606 0.019681071566903734 -0.0072416357099557294
v 0.0035099978246737606 -0.0071584865576385008 0.020007967561528617
v 0.0035099978246737606 0.019814528750741627 -0.0071602453290963708
v 0.0035099978246737606 0.020035582827890062 -0.0069405187665963486
v 0.0035099978246737606 0.019933669375741626 -0.007059049040033849
v 0.0035099978246737606 0.018349999713266039 -0.0073498205244088566
v 0.0035099978246737606 0.020178248690927172 -0.0066633886396432196
v 0.0035099978246737606 0.020117778109872485 -0.0068075536787057245
v 0.0035099978246737606 -0.0036327187544463622 0.020937197297856758
v 0.0035099978246737606 0.021020329760873462 -0.0031158117353463632
v 0.0035099978246737606 0.018007979678476001 -0.0074101232587838739
v 0.0035099978246737606 0.018176350879037524 -0.0073650182783150941
v 0.0035099978246737606 2.3485672906225705e-12 0.021250002473638008
v 0.0035099978246737606 0.021243550586068773 0.00052353152637235612
v 0.0035099978246737606 0.0036327188485504639 0.020937197297856758
v 0.0035099978246737606 0.020841336535775804 0.0041474328935598992
v 0.0035099978246737606 0.007158486651742603 0.020007967561528617
v 0.0035099978246737606 0.019825530337655689 0.0076492334306692555
v 0.0035099978246737606 0.01047350053724065 0.018489687532231736
v 0.0035099978246737606 0.018226041125619555 0.010925844758794268
v 0.0035099978246737606 0.013480162906015064 0.016427034944341112
v 0.0035099978246737606 0.016089953708017017 0.013880770295903622
v 0.0099000124731112304 0.017349999713266041 -0.0083498205244088575
v 0.0099000124731112304 0.017365191745126393 -0.0081761755048775919
v 0.0099000124731112304 0.017410308169686937 -0.0080078100263619723
v 0.0099000124731112304 0.017483973788583424 -0.007849820524408857
v 0.0099000124731112304 0.017583955096566822 -0.0077070287763619794
v 0.0099000124731112304 0.017707211779916431 -0.0075837682783151394
v 0.0099000124731112304 0.017849999713266038 -0.0074837926923776443
v 0.0099000124731112304 0.018007979678476001 -0.0074101232587838739
v 0.0099000124731112304 0.018176350879037524 -0.0073650182783150941
v 0.0099000124731112304 0.018349999713266039 -0.0073498205244088566
v 0.0099000124731112304 0.017349999713266041 -0.01134982052440886
v 0.041900012473111259 0.017349999713266041 0.0089921899736379873
v 0.0099000124731112304 0.017349999713266041 0.0089921899736379873
v 0.041900012473111259 0.01434999971326604 0.0089921899736379873
v 0.041900012473111259 0.025349999713266042 -0.01134982052440886
v 0.010900012473111231 0.025349999713266042 -0.01134982052440886
v 0.0099000124731112304 0.024349999713266041 -0.01134982052440886
v 0.0099000124731112304 0.020178248690927172 -0.0066633886396432196
v 0.0099000124731112304 0.020117778109872485 -0.0068075536787057245
v 0.0099000124731112304 0.020035582827890062 -0.0069405187665963486
v 0.0099000124731112304 0.019933669375741626 -0.007059049040033849
v 0.0099000124731112304 0.019814528750741627 -0.0071602453290963708
v 0.0099000124731112304 0.019681071566903734 -0.0072416357099557294
v 0.0099000124731112304 0.019536561297738696 -0.0073012365400338952
v 0.0099000124731112304 0.019384526538217213 -0.0073376134931588677
v 0.0099000124731112304 0.019228684710824635 -0.0073498205244088566
v 0.0099000124731112304 0.021015166568124438 -0.0031504491865182449
v 0.0099000124731112304 0.021245160388314869 0.00045349368457553441
v 0.0099000124731112304 0.020861586856210375 0.0040443445146536305
v 0.0099000124731112304 0.019875521945321703 0.0075183740556692413
v 0.0099000124731112304 0.018315446185434008 0.010775301545903615
v 0.0099000124731112304 0.016226414965951588 0.013721010774419284
v 0.0099000124731112304 0.013668757724130298 0.016270449250981756
v 0.0099000124731112304 -0.013668757153189038 0.016270449250981756
v 0.0099000124731112304 -0.016226414395010328 0.013721010774419284
v 0.0099000124731112304 -0.018315445614492751 0.010775301545903615
v 0.0099000124731112304 -0.019875521374380447 0.0075183740556692413
v 0.0099000124731112304 -0.020861586285269119 0.0040443445146536305
v 0.0099000124731112304 -0.021245159817373609 0.00045349368457553441
v 0.0099000124731112304 -0.021015167904531812 -0.0031504491865182449
v 0.0099000124731112304 -0.020178248119985913 -0.0066633886396432196
v 0.0099000124731112304 0.012223567294442798 -0.011363675504877602
v 0.0099000124731112304 0.01238391141828313 -0.011404355436518243
v 0.0099000124731112304 0.012535356807077075 -0.011470914274408883
v 0.0099000124731112304 0.012673758792245532 -0.011561520963861982
v 0.0099000124731112304 0.012795330333078052 -0.011673703581049466
v 0.0099000124731112304 0.012896745013559009 -0.011804379850580748
v 0.0099000124731112304 0.012975227641427662 -0.011950009733393219
v 0.0099000124731112304 0.014950000094735766 -0.0099752172529244953
v 0.0099000124731112304 0.015172812747323657 -0.010095822721674474
v 0.0099000124731112304 0.015372152613961841 -0.010252194791986968
v 0.0099000124731112304 0.015542332934701586 -0.010439877897455763
v 0.0099000124731112304 0.015678499507272389 -0.010653500944330763
v 0.0099000124731112304 0.015776766108834887 -0.010887021452143264
v 0.0099000124731112304 0.015834331797921802 -0.011133756071283862
v 0.0099000124731112304 0.015849552440011645 -0.011386655241205745
v 0.0099000124731112304 0.015821994113290452 -0.011638486295893258
v 0.0099000124731112304 0.015752444552743577 -0.011882108122065138
v 0.0099000124731112304 0.015642885493600513 -0.012110562711908857
v 0.0099000124731112304 0.015496444033944751 -0.012317288786127645
v 0.0099000124731112304 0.01531729822095647 -0.012496457487299495
v 0.0099000124731112304 0.015110556887948656 -0.012642880827143266
v 0.0099000124731112304 0.014882118510568285 -0.01275243893261202
v 0.0099000124731112304 0.014638500499093677 -0.012821988493158853
v 0.0099000124731112304 0.014386652278268481 -0.012849545866205736
v 0.0099000124731112304 0.014133758830392504 -0.012834317594721367
v 0.0099000124731112304 0.013887033747995044 -0.012776761442377604
v 0.0099000124731112304 0.013653516101205493 -0.012678494840815124
v 0.0099000124731112304 0.01343986730512395 -0.012542325407221389
v 0.0099000124731112304 0.013252182292306567 -0.01237215939159636
v 0.0099000124731112304 0.01309581499036565 -0.012172818571283883
v 0.0099000124731112304 0.01434999971326604 -0.0090587133466745184
v 0.0099000124731112304 0.014363682078683521 -0.0092235693037057698
v 0.0099000124731112304 0.014404354380929614 -0.0093839086591744891
v 0.0099000124731112304 0.014470903682077076 -0.0095353673994088561
v 0.0099000124731112304 0.014561509417855884 -0.0096737646162057267
v 0.0099000124731112304 0.014673691081369067 -0.009795316129877607
v 0.0099000124731112304 0.014804380702340747 -0.009896756559565123
v 0.0099000124731112304 0.01434999971326604 0.0089921899736379873
v 0.0099000124731112304 -0.017349999142324782 -0.0083498205244088575
v 0.0099000124731112304 -0.017365193081533767 -0.0081761755048775919
v 0.0099000124731112304 -0.017410307598745678 -0.0080078100263619723
v 0.0099000124731112304 -0.017483975124990798 -0.007849820524408857
v 0.0099000124731112304 -0.017583956432974196 -0.0077070287763619794
v 0.0099000124731112304 -0.017707213116323804 -0.0075837682783151394
v 0.0099000124731112304 -0.017849999142324782 -0.0074837926923776443
v 0.0099000124731112304 -0.018007979107534742 -0.0074101232587838739
v 0.0099000124731112304 -0.018176352215444898 -0.0073650182783150941
v 0.0099000124731112304 -0.018349999142324783 -0.0073498205244088566
v 0.0099000124731112304 -0.017349999142324782 -0.01134982052440886
v 0.041900012473111259 -0.017349999142324782 0.0089921899736379873
v 0.0099000124731112304 -0.017349999142324782 0.0089921899736379873
v 0.041900012473111259 -0.014350000095999097 0.0089921899736379873
v 0.041900012473111259 -0.025349999142324782 -0.01134982052440886
v 0.0099000124731112304 -0.024349999142324781 -0.01134982052440886
v 0.010900012473111231 -0.025349999142324782 -0.01134982052440886
v 0.0099000124731112304 -0.020117779446279859 -0.0068075536787057245
v 0.0099000124731112304 -0.020035582256948806 -0.0069405187665963486
v 0.0099000124731112304 -0.019933668804800367 -0.007059049040033849
v 0.0099000124731112304 -0.019814528179800367 -0.0071602453290963708
v 0.0099000124731112304 -0.019681072903311111 -0.0072416357099557294
v 0.0099000124731112304 -0.019536560726797436 -0.0073012365400338952
v 0.0099000124731112304 -0.019384525967275953 -0.0073376134931588677
v 0.0099000124731112304 -0.019228684139883375 -0.0073498205244088566
v 0.0099000124731112304 -0.012223567677175855 -0.011363675504877602
v 0.0099000124731112304 -0.012383911801016187 -0.011404355436518243
v 0.0099000124731112304 -0.012535357189810133 -0.011470914274408883
v 0.0099000124731112304 -0.01267375917497859 -0.011561520963861982
v 0.0099000124731112304 -0.012795330715811109 -0.011673703581049466
v 0.0099000124731112304 -0.012896745396292066 -0.011804379850580748
v 0.0099000124731112304 -0.012975227070486402 -0.011950009733393219
v 0.0099000124731112304 -0.014949999523794508 -0.0099752172529244953
v 0.0099000124731112304 -0.015172813130056714 -0.010095822721674474
v 0.0099000124731112304 -0.015372152996694899 -0.010252194791986968
v 0.0099000124731112304 -0.015542333317434645 -0.010439877897455763
v 0.0099000124731112304 -0.015678498936331126 -0.010653500944330763
v 0.0099000124731112304 -0.015776766491567944 -0.010887021452143264
v 0.0099000124731112304 -0.015834331226980542 -0.011133756071283862
v 0.0099000124731112304 -0.015849551869070385 -0.011386655241205745
v 0.0099000124731112304 -0.015821994496023513 -0.011638486295893258
v 0.0099000124731112304 -0.015752443981802321 -0.011882108122065138
v 0.0099000124731112304 -0.01564288587633357 -0.012110562711908857
v 0.0099000124731112304 -0.015496444416677808 -0.012317288786127645
v 0.0099000124731112304 -0.015317297650015211 -0.012496457487299495
v 0.0099000124731112304 -0.015110556317007398 -0.012642880827143266
v 0.0099000124731112304 -0.014882118893301344 -0.01275243893261202
v 0.0099000124731112304 -0.014638500881826734 -0.012821988493158853
v 0.0099000124731112304 -0.014386652661001538 -0.012849545866205736
v 0.0099000124731112304 -0.014133758259451247 -0.012834317594721367
v 0.0099000124731112304 -0.013887033177053785 -0.012776761442377604
v 0.0099000124731112304 -0.013653515530264233 -0.012678494840815124
v 0.0099000124731112304 -0.013439866734182692 -0.012542325407221389
v 0.0099000124731112304 -0.013252181721365308 -0.01237215939159636
v 0.0099000124731112304 -0.013095815373098707 -0.012172818571283883
v 0.0099000124731112304 -0.014363682461416578 -0.0092235693037057698
v 0.0099000124731112304 -0.014350000095999097 -0.0090587133466745184
v 0.0099000124731112304 -0.014404354763662672 -0.0093839086591744891
v 0.0099000124731112304 -0.014470904064810133 -0.0095353673994088561
v 0.0099000124731112304 -0.014561509800588941 -0.0096737646162057267
v 0.0099000124731112304 -0.014673691464102126 -0.009795316129877607
v 0.0099000124731112304 -0.014804380131399487 -0.009896756559565123
v 0.0099000124731112304 -0.014350000095999097 0.0089921899736379873
v 0.069099994162564349 -0.07500000257555231 -0.016499997526361998
v 0.069099994162564349 -0.07500000257555231 0.016500002473638031
v 0.069099994162564349 -0.060292895031607008 -0.017207120329096381
v 0.069099994162564349 -0.060546007824575761 -0.017391019254877627
v 0.069099994162564349 -0.060412214947378494 -0.017309018522455755
v 0.069099994162564349 -0.060108992291128496 -0.016953977018549504
v 0.069099994162564349 -0.060048945141470293 -0.016809018522455754
v 0.069099994162564349 -0.060190981579458569 -0.017087796598627636
v 0.069099994162564349 -0.060690981579458569 -0.017451047331049518
v 0.069099994162564349 -0.060843565655386303 -0.017487698942377616
v 0.069099994162564349 -0.060012312603628493 -0.016656430631830754
v 0.069099994162564349 -0.059999998760855058 -0.016499997526361998
v 0.069099994162564349 -0.060999998760855052 -0.017499997526361999
v 0.069099994162564349 -0.074342020702993727 -0.017439694791986982
v 0.069099994162564349 -0.074642786694204655 -0.017266049772455716
v 0.069099994162564349 -0.07450000257555231 -0.017366025358393267
v 0.069099994162564349 -0.074866022778189031 -0.016999997526361998
v 0.069099994162564349 -0.074766047192251536 -0.017142789274408876
v 0.069099994162564349 -0.074173647595083561 -0.017484799772455761
v 0.069099994162564349 -0.074000002575552309 -0.017499997526361999
v 0.069099994162564349 -0.074939692211782788 -0.016842008024408883
v 0.069099994162564349 -0.074984804821646059 -0.016673642545893264
v 0.069099994162564349 -0.059999998760855058 0.016500002473638031
v 0.069099994162564349 -0.060015192700064036 0.016673647493169241
v 0.069099994162564349 -0.060133974743521071 0.017000002473638032
v 0.069099994162564349 -0.060060309124624588 0.016842012971684861
v 0.069099994162564349 -0.060233954144155839 0.017142794221684909
v 0.069099994162564349 -0.060357210827505448 0.017266054719731749
v 0.069099994162564349 -0.060499998760855059 0.017366030305669244
v 0.069099994162564349 -0.060826349926626541 0.017484804719731739
v 0.069099994162564349 -0.060657980633413648 0.017439699739263015
v 0.069099994162564349 -0.060999998760855052 0.017500002473638032
v 0.069099994162564349 -0.074000002575552309 0.017500002473638032
v 0.069099994162564349 -0.074987688732778876 0.016656435579106732
v 0.069099994162564349 -0.074156435681021066 0.017487673372075518
v 0.069099994162564349 -0.074891009045278872 0.016953981965825482
v 0.069099994162564349 -0.074309015942251533 0.017451052278325496
v 0.069099994162564349 -0.074453989697134348 0.017390993684575529
v 0.069099994162564349 -0.074951060009634349 0.016809023469731732
v 0.069099994162564349 -0.074707110119497627 0.017207094758794284
v 0.069099994162564349 -0.074587786389028882 0.017309023469731732
v 0.069099994162564349 -0.074809015942251533 0.017087771028325482
v 0.065400012473111224 0.060000001239144944 0.010149996370122372
v 0.065800006369595598 0.060000001239144944 0.0097500024736379975
v 0.065800006369595598 -0.059999998760855058 0.0097500024736379975
v 0.065400012473111224 -0.059999998760855058 0.010149996370122372
v 0.06692958400631438 0.060000001239144944 0.0097500024736379975
v 0.06692958400631438 -0.059999998760855058 0.0097500024736379975
v 0.067109363059048743 0.060000001239144944 0.0098623376787161376
v 0.06712099025631435 0.060000001239144944 0.0098920007646536301
v 0.06712099025631435 -0.059999998760855058 0.0098920007646536301
v 0.067109363059048743 -0.059999998760855058 0.0098623376787161376
v 0.067093127707486211 0.060000001239144944 0.0098348718584036487
v 0.067093127707486211 -0.059999998760855058 0.0098348718584036487
v 0.067072772482876852 0.060000001239144944 0.0098103662431692773
v 0.067072772482876852 -0.059999998760855058 0.0098103662431692773
v 0.067048755148892469 0.060000001239144944 0.0097893701494192742
v 0.067048755148892469 -0.059999998760855058 0.0097893701494192742
v 0.067021716574673762 0.060000001239144944 0.0097724939287161527
v 0.067021716574673762 -0.059999998760855058 0.0097724939287161527
v 0.066992358664517471 0.060000001239144944 0.0097601037919973765
v 0.066992358664517471 -0.059999998760855058 0.0097601037919973765
v 0.066961383322720613 0.060000001239144944 0.009752535432622389
v 0.066961383322720613 -0.059999998760855058 0.009752535432622389
v 0.067151019553189362 0.060000001239144944 0.0099678979814504798
v 0.067151019553189362 -0.059999998760855058 0.0099678979814504798
v 0.067192981223111237 0.060000001239144944 0.010037905305669281
v 0.067192981223111237 -0.059999998760855058 0.010037905305669281
v 0.067245776633267473 0.060000001239144944 0.010100161165044252
v 0.067245776633267473 -0.059999998760855058 0.010100161165044252
v 0.067308001975064369 0.060000001239144944 0.01015298709277862
v 0.067308001975064369 -0.059999998760855058 0.01015298709277862
v 0.06739104030514248 0.060000001239144944 0.010299410432622391
v 0.06739104030514248 -0.059999998760855058 0.010299410432622391
v 0.067385211447720583 -0.059999998760855058 0.010265200227544236
v 0.067385211447720583 0.060000001239144944 0.010265200227544236
v 0.067373584250454976 -0.059999998760855058 0.010232515901372363
v 0.067373584250454976 0.060000001239144944 0.010232515901372363
v 0.067356463889126861 -0.059999998760855058 0.010202334016606751
v 0.067356463889126861 0.060000001239144944 0.010202334016606751
v 0.067334369162564356 -0.059999998760855058 0.010175539583012982
v 0.067334369162564356 0.060000001239144944 0.010175539583012982
v 0.067400012473111226 0.060000001239144944 0.010408999055669277
v 0.067400012473111226 -0.059999998760855058 0.010408999055669277
v 0.067403033713345606 0.060000001239144944 0.010443728059575497
v 0.067403033713345606 -0.059999998760855058 0.010443728059575497
v 0.067412066916470614 0.060000001239144944 0.010477388948247401
v 0.067412066916470614 -0.059999998760855058 0.010477388948247401
v 0.067426806906704995 0.060000001239144944 0.010509005159184903
v 0.067426806906704995 -0.059999998760855058 0.010509005159184903
v 0.067446795920376834 0.060000001239144944 0.010537569612309894
v 0.067446795920376834 -0.059999998760855058 0.010537569612309894
v 0.067471454123501862 0.060000001239144944 0.010562197297856735
v 0.067471454123501862 -0.059999998760855058 0.010562197297856735
v 0.067499988059048721 0.060000001239144944 0.010582216829106761
v 0.067499988059048721 -0.059999998760855058 0.010582216829106761
v 0.067531604269986223 0.060000001239144944 0.01059692630176301
v 0.067531604269986223 -0.059999998760855058 0.01059692630176301
v 0.067565265158658128 0.060000001239144944 0.010605959504888018
v 0.067565265158658128 -0.059999998760855058 0.010605959504888018
v 0.067599994162564347 0.060000001239144944 0.01060901126270053
v 0.067599994162564347 -0.059999998760855058 0.01060901126270053
v 0.067634723166470623 0.060000001239144944 0.010605959504888018
v 0.067634723166470623 -0.059999998760855058 0.010605959504888018
v 0.067668414572720603 0.060000001239144944 0.01059692630176301
v 0.067668414572720603 -0.059999998760855058 0.01059692630176301
v 0.067700000266079974 0.060000001239144944 0.010582216829106761
v 0.067700000266079974 -0.059999998760855058 0.010582216829106761
v 0.067728564719204964 0.060000001239144944 0.010562197297856735
v 0.067728564719204964 -0.059999998760855058 0.010562197297856735
v 0.067753222922329992 0.060000001239144944 0.010537569612309894
v 0.067753222922329992 -0.059999998760855058 0.010537569612309894
v 0.067773211936001887 0.060000001239144944 0.010509005159184903
v 0.067773211936001887 -0.059999998760855058 0.010509005159184903
v 0.067787951926236212 0.060000001239144944 0.010477388948247401
v 0.067787951926236212 -0.059999998760855058 0.010477388948247401
v 0.067796954611783089 0.060000001239144944 0.010443728059575497
v 0.067796954611783089 -0.059999998760855058 0.010443728059575497
v 0.0678000063695956 0.060000001239144944 0.010408999055669277
v 0.0678000063695956 -0.059999998760855058 0.010408999055669277
v 0.067808978537564346 0.060000001239144944 0.010299410432622391
v 0.067808978537564346 -0.059999998760855058 0.010299410432622391
v 0.067865619162564339 0.060000001239144944 0.010175539583012982
v 0.067891986350064382 0.060000001239144944 0.01015298709277862
v 0.067891986350064382 -0.059999998760855058 0.01015298709277862
v 0.067865619162564339 -0.059999998760855058 0.010175539583012982
v 0.067843554953579965 0.060000001239144944 0.010202334016606751
v 0.067843554953579965 -0.059999998760855058 0.010202334016606751
v 0.06782643459225185 0.060000001239144944 0.010232515901372363
v 0.06782643459225185 -0.059999998760855058 0.010232515901372363
v 0.067814776877408112 0.060000001239144944 0.010265200227544236
v 0.067814776877408112 -0.059999998760855058 0.010265200227544236
v 0.067954211691861222 0.060000001239144944 0.010100161165044252
v 0.067954211691861222 -0.059999998760855058 0.010100161165044252
v 0.068007007102017458 0.060000001239144944 0.010037905305669281
v 0.068007007102017458 -0.059999998760855058 0.010037905305669281
v 0.068048999289517464 0.060000001239144944 0.0099678979814504798
v 0.068048999289517464 -0.059999998760855058 0.0099678979814504798
v 0.068078998068814345 0.060000001239144944 0.0098920007646536301
v 0.068078998068814345 -0.059999998760855058 0.0098920007646536301
v 0.068270404318814371 0.060000001239144944 0.0097500024736379975
v 0.068270404318814371 -0.059999998760855058 0.0097500024736379975
v 0.068238635519986213 -0.059999998760855058 0.009752535432622389
v 0.068238635519986213 0.060000001239144944 0.009752535432622389
v 0.068207660178189355 -0.059999998760855058 0.0097601037919973765
v 0.068207660178189355 0.060000001239144944 0.0097601037919973765
v 0.068178271750454988 -0.059999998760855058 0.0097724939287161527
v 0.068178271750454988 0.060000001239144944 0.0097724939287161527
v 0.068151233176236226 -0.059999998760855058 0.0097893701494192742
v 0.068151233176236226 0.060000001239144944 0.0097893701494192742
v 0.068127246359829974 -0.059999998760855058 0.0098103662431692773
v 0.068127246359829974 0.060000001239144944 0.0098103662431692773
v 0.068106860617642484 -0.059999998760855058 0.0098348718584036487
v 0.068106860617642484 0.060000001239144944 0.0098348718584036487
v 0.068090655783658138 -0.059999998760855058 0.0098623376787161376
v 0.068090655783658138 0.060000001239144944 0.0098623376787161376
v 0.06874998805904875 0.060000001239144944 0.0097500024736379975
v 0.06874998805904875 -0.059999998760855058 0.0097500024736379975
v 0.068999988059048722 0.060000001239144944 0.010000002473638026
v 0.068999988059048722 -0.059999998760855058 0.010000002473638026
v 0.068999988059048722 0.060000001239144944 0.01450000247363803
v 0.068999988059048722 -0.059999998760855058 0.01450000247363803
v 0.06874998805904875 0.060000001239144944 0.014750002473638002
v 0.06874998805904875 -0.059999998760855058 0.014750002473638002
v 0.068270404318814371 0.060000001239144944 0.014750002473638002
v 0.068270404318814371 -0.059999998760855058 0.014750002473638002
v 0.068090655783658138 0.060000001239144944 0.014637667268559862
v 0.068078998068814345 0.060000001239144944 0.014608004182622369
v 0.068078998068814345 -0.059999998760855058 0.014608004182622369
v 0.068090655783658138 -0.059999998760855058 0.014637667268559862
v 0.068106860617642484 0.060000001239144944 0.014665133088872406
v 0.068106860617642484 -0.059999998760855058 0.014665133088872406
v 0.068127246359829974 0.060000001239144944 0.014689638704106778
v 0.068127246359829974 -0.059999998760855058 0.014689638704106778
v 0.068151233176236226 0.060000001239144944 0.014710634797856781
v 0.068151233176236226 -0.059999998760855058 0.014710634797856781
v 0.068178271750454988 0.060000001239144944 0.014727511018559902
v 0.068178271750454988 -0.059999998760855058 0.014727511018559902
v 0.068207660178189355 0.060000001239144944 0.014739901155278623
v 0.068207660178189355 -0.059999998760855058 0.014739901155278623
v 0.068238635519986213 0.060000001239144944 0.014747469514653611
v 0.068238635519986213 -0.059999998760855058 0.014747469514653611
v 0.068048999289517464 -0.059999998760855058 0.01453210696582552
v 0.068048999289517464 0.060000001239144944 0.01453210696582552
v 0.068007007102017458 -0.059999998760855058 0.014462069124028643
v 0.068007007102017458 0.060000001239144944 0.014462069124028643
v 0.067954211691861222 -0.059999998760855058 0.014399843782231747
v 0.067954211691861222 0.060000001239144944 0.014399843782231747
v 0.067891986350064382 -0.059999998760855058 0.014346987336919248
v 0.067891986350064382 0.060000001239144944 0.014346987336919248
v 0.067814776877408112 0.060000001239144944 0.014234804719731764
v 0.067808978537564346 0.060000001239144944 0.014200594514653608
v 0.067808978537564346 -0.059999998760855058 0.014200594514653608
v 0.067814776877408112 -0.059999998760855058 0.014234804719731764
v 0.06782643459225185 0.060000001239144944 0.014267489045903636
v 0.06782643459225185 -0.059999998760855058 0.014267489045903636
v 0.067843554953579965 0.060000001239144944 0.014297670930669248
v 0.067843554953579965 -0.059999998760855058 0.014297670930669248
v 0.067865619162564339 0.060000001239144944 0.014324434846684886
v 0.067865619162564339 -0.059999998760855058 0.014324434846684886
v 0.0678000063695956 0.060000001239144944 0.014091005891606778
v 0.0678000063695956 -0.059999998760855058 0.014091005891606778
v 0.067796954611783089 -0.059999998760855058 0.014056276887700503
v 0.067796954611783089 0.060000001239144944 0.014056276887700503
v 0.067787951926236212 0.060000001239144944 0.014022585481450522
v 0.067787951926236212 -0.059999998760855058 0.014022585481450522
v 0.067773211936001887 0.060000001239144944 0.013990999788091152
v 0.067773211936001887 -0.059999998760855058 0.013990999788091152
v 0.067753222922329992 0.060000001239144944 0.013962435334966106
v 0.067753222922329992 -0.059999998760855058 0.013962435334966106
v 0.067728564719204964 0.060000001239144944 0.013937777131841134
v 0.067728564719204964 -0.059999998760855058 0.013937777131841134
v 0.067700000266079974 0.060000001239144944 0.013917788118169239
v 0.067700000266079974 -0.059999998760855058 0.013917788118169239
v 0.067668414572720603 0.060000001239144944 0.013903048127934858
v 0.067668414572720603 -0.059999998760855058 0.013903048127934858
v 0.067634723166470623 0.060000001239144944 0.013894045442387981
v 0.067634723166470623 -0.059999998760855058 0.013894045442387981
v 0.067599994162564347 0.060000001239144944 0.013890993684575526
v 0.067599994162564347 -0.059999998760855058 0.013890993684575526
v 0.067565265158658128 0.060000001239144944 0.013894045442387981
v 0.067565265158658128 -0.059999998760855058 0.013894045442387981
v 0.067531604269986223 0.060000001239144944 0.013903048127934858
v 0.067531604269986223 -0.059999998760855058 0.013903048127934858
v 0.067499988059048721 0.060000001239144944 0.013917788118169239
v 0.067499988059048721 -0.059999998760855058 0.013917788118169239
v 0.067471454123501862 0.060000001239144944 0.013937777131841134
v 0.067471454123501862 -0.059999998760855058 0.013937777131841134
v 0.067446795920376834 0.060000001239144944 0.013962435334966106
v 0.067446795920376834 -0.059999998760855058 0.013962435334966106
v 0.067426806906704995 0.060000001239144944 0.013990999788091152
v 0.067426806906704995 -0.059999998760855058 0.013990999788091152
v 0.067412066916470614 0.060000001239144944 0.014022585481450522
v 0.067412066916470614 -0.059999998760855058 0.014022585481450522
v 0.067403033713345606 0.060000001239144944 0.014056276887700503
v 0.067403033713345606 -0.059999998760855058 0.014056276887700503
v 0.067400012473111226 0.060000001239144944 0.014091005891606778
v 0.067400012473111226 -0.059999998760855058 0.014091005891606778
v 0.06739104030514248 0.060000001239144944 0.014200594514653608
v 0.06739104030514248 -0.059999998760855058 0.014200594514653608
v 0.067308001975064369 0.060000001239144944 0.014346987336919248
v 0.067308001975064369 -0.059999998760855058 0.014346987336919248
v 0.067334369162564356 -0.059999998760855058 0.014324434846684886
v 0.067334369162564356 0.060000001239144944 0.014324434846684886
v 0.067356463889126861 -0.059999998760855058 0.014297670930669248
v 0.067356463889126861 0.060000001239144944 0.014297670930669248
v 0.067373584250454976 -0.059999998760855058 0.014267489045903636
v 0.067373584250454976 0.060000001239144944 0.014267489045903636
v 0.067385211447720583 0.060000001239144944 0.014234804719731764
v 0.067385211447720583 -0.059999998760855058 0.014234804719731764
v 0.067245776633267473 -0.059999998760855058 0.014399843782231747
v 0.067245776633267473 0.060000001239144944 0.014399843782231747
v 0.067192981223111237 -0.059999998760855058 0.014462069124028643
v 0.067192981223111237 0.060000001239144944 0.014462069124028643
v 0.067151019553189362 -0.059999998760855058 0.01453210696582552
v 0.067151019553189362 0.060000001239144944 0.01453210696582552
v 0.06712099025631435 -0.059999998760855058 0.014608004182622369
v 0.06712099025631435 0.060000001239144944 0.014608004182622369
v 0.066961383322720613 0.060000001239144944 0.014747469514653611
v 0.06692958400631438 0.060000001239144944 0.014750002473638002
v 0.06692958400631438 -0.059999998760855058 0.014750002473638002
v 0.066961383322720613 -0.059999998760855058 0.014747469514653611
v 0.066992358664517471 0.060000001239144944 0.014739901155278623
v 0.066992358664517471 -0.059999998760855058 0.014739901155278623
v 0.067021716574673762 0.060000001239144944 0.014727511018559902
v 0.067021716574673762 -0.059999998760855058 0.014727511018559902
v 0.067048755148892469 0.060000001239144944 0.014710634797856781
v 0.067048755148892469 -0.059999998760855058 0.014710634797856781
v 0.067072772482876852 0.060000001239144944 0.014689638704106778
v 0.067072772482876852 -0.059999998760855058 0.014689638704106778
v 0.067093127707486211 0.060000001239144944 0.014665133088872406
v 0.067093127707486211 -0.059999998760855058 0.014665133088872406
v 0.067109363059048743 0.060000001239144944 0.014637667268559862
v 0.067109363059048743 -0.059999998760855058 0.014637667268559862
v 0.065800006369595598 0.060000001239144944 0.014750002473638002
v 0.065800006369595598 -0.059999998760855058 0.014750002473638002
v 0.065400012473111224 -0.059999998760855058 0.014350008577153628
v 0.065400012473111224 0.060000001239144944 0.014350008577153628
v 0.065400012473111224 0.060000001239144944 -0.010149991422846394
v 0.065400012473111224 0.060000001239144944 -0.014350003629877595
v 0.065400012473111224 -0.059999998760855058 -0.014350003629877595
v 0.065400012473111224 -0.059999998760855058 -0.010149991422846394
v 0.065800006369595598 0.060000001239144944 -0.014749997526361969
v 0.065800006369595598 -0.059999998760855058 -0.014749997526361969
v 0.06692958400631438 0.060000001239144944 -0.014749997526361969
v 0.06692958400631438 -0.059999998760855058 -0.014749997526361969
v 0.06712099025631435 0.060000001239144944 -0.014607999235346392
v 0.06712099025631435 -0.059999998760855058 -0.014607999235346392
v 0.067109363059048743 -0.059999998760855058 -0.014637662321283884
v 0.067109363059048743 0.060000001239144944 -0.014637662321283884
v 0.067093127707486211 -0.059999998760855058 -0.014665128141596373
v 0.067093127707486211 0.060000001239144944 -0.014665128141596373
v 0.067072772482876852 -0.059999998760855058 -0.014689633756830744
v 0.067072772482876852 0.060000001239144944 -0.014689633756830744
v 0.067048755148892469 -0.059999998760855058 -0.014710629850580748
v 0.067048755148892469 0.060000001239144944 -0.014710629850580748
v 0.067021716574673762 -0.059999998760855058 -0.014727506071283869
v 0.067021716574673762 0.060000001239144944 -0.014727506071283869
v 0.066992358664517471 -0.059999998760855058 -0.014739896208002645
v 0.066992358664517471 0.060000001239144944 -0.014739896208002645
v 0.066961383322720613 -0.059999998760855058 -0.014747464567377633
v 0.066961383322720613 0.060000001239144944 -0.014747464567377633
v 0.067151019553189362 -0.059999998760855058 -0.014532102018549486
v 0.067151019553189362 0.060000001239144944 -0.014532102018549486
v 0.067192981223111237 -0.059999998760855058 -0.01446209469433074
v 0.067192981223111237 0.060000001239144944 -0.01446209469433074
v 0.067245776633267473 -0.059999998760855058 -0.014399838834955769
v 0.067245776633267473 0.060000001239144944 -0.014399838834955769
v 0.067308001975064369 -0.059999998760855058 -0.014347012907221346
v 0.067308001975064369 0.060000001239144944 -0.014347012907221346
v 0.06739104030514248 0.060000001239144944 -0.014200589567377631
v 0.06739104030514248 -0.059999998760855058 -0.014200589567377631
v 0.067385211447720583 -0.059999998760855058 -0.014234799772455731
v 0.067385211447720583 0.060000001239144944 -0.014234799772455731
v 0.067373584250454976 0.060000001239144944 -0.014267484098627603
v 0.067373584250454976 -0.059999998760855058 -0.014267484098627603
v 0.067356463889126861 0.060000001239144944 -0.014297665983393271
v 0.067356463889126861 -0.059999998760855058 -0.014297665983393271
v 0.067334369162564356 0.060000001239144944 -0.014324460416986984
v 0.067334369162564356 -0.059999998760855058 -0.014324460416986984
v 0.067400012473111226 0.060000001239144944 -0.014091000944330745
v 0.067400012473111226 -0.059999998760855058 -0.014091000944330745
v 0.067403033713345606 -0.059999998760855058 -0.01405627194042447
v 0.067403033713345606 0.060000001239144944 -0.01405627194042447
v 0.067412066916470614 -0.059999998760855058 -0.01402261105175262
v 0.067412066916470614 0.060000001239144944 -0.01402261105175262
v 0.067426806906704995 -0.059999998760855058 -0.013990994840815119
v 0.067426806906704995 0.060000001239144944 -0.013990994840815119
v 0.067446795920376834 -0.059999998760855058 -0.013962430387690128
v 0.067446795920376834 0.060000001239144944 -0.013962430387690128
v 0.067471454123501862 -0.059999998760855058 -0.013937802702143232
v 0.067471454123501862 0.060000001239144944 -0.013937802702143232
v 0.067499988059048721 -0.059999998760855058 -0.013917783170893261
v 0.067499988059048721 0.060000001239144944 -0.013917783170893261
v 0.067531604269986223 -0.059999998760855058 -0.013903073698237012
v 0.067531604269986223 0.060000001239144944 -0.013903073698237012
v 0.067565265158658128 -0.059999998760855058 -0.013894040495112003
v 0.067565265158658128 0.060000001239144944 -0.013894040495112003
v 0.067599994162564347 -0.059999998760855058 -0.013890988737299492
v 0.067599994162564347 0.060000001239144944 -0.013890988737299492
v 0.067634723166470623 -0.059999998760855058 -0.013894040495112003
v 0.067634723166470623 0.060000001239144944 -0.013894040495112003
v 0.067668414572720603 0.060000001239144944 -0.013903073698237012
v 0.067668414572720603 -0.059999998760855058 -0.013903073698237012
v 0.067700000266079974 0.060000001239144944 -0.013917783170893261
v 0.067700000266079974 -0.059999998760855058 -0.013917783170893261
v 0.067728564719204964 0.060000001239144944 -0.013937802702143232
v 0.067728564719204964 -0.059999998760855058 -0.013937802702143232
v 0.067753222922329992 0.060000001239144944 -0.013962430387690128
v 0.067753222922329992 -0.059999998760855058 -0.013962430387690128
v 0.067773211936001887 0.060000001239144944 -0.013990994840815119
v 0.067773211936001887 -0.059999998760855058 -0.013990994840815119
v 0.067787951926236212 0.060000001239144944 -0.01402261105175262
v 0.067787951926236212 -0.059999998760855058 -0.01402261105175262
v 0.067796954611783089 0.060000001239144944 -0.01405627194042447
v 0.067796954611783089 -0.059999998760855058 -0.01405627194042447
v 0.0678000063695956 0.060000001239144944 -0.014091000944330745
v 0.0678000063695956 -0.059999998760855058 -0.014091000944330745
v 0.067808978537564346 0.060000001239144944 -0.014200589567377631
v 0.067808978537564346 -0.059999998760855058 -0.014200589567377631
v 0.067865619162564339 0.060000001239144944 -0.014324460416986984
v 0.067891986350064382 -0.059999998760855058 -0.014347012907221346
v 0.067865619162564339 -0.059999998760855058 -0.014324460416986984
v 0.067891986350064382 0.060000001239144944 -0.014347012907221346
v 0.067843554953579965 0.060000001239144944 -0.014297665983393271
v 0.067843554953579965 -0.059999998760855058 -0.014297665983393271
v 0.06782643459225185 0.060000001239144944 -0.014267484098627603
v 0.06782643459225185 -0.059999998760855058 -0.014267484098627603
v 0.067814776877408112 0.060000001239144944 -0.014234799772455731
v 0.067814776877408112 -0.059999998760855058 -0.014234799772455731
v 0.067954211691861222 -0.059999998760855058 -0.014399838834955769
v 0.067954211691861222 0.060000001239144944 -0.014399838834955769
v 0.068007007102017458 -0.059999998760855058 -0.01446209469433074
v 0.068007007102017458 0.060000001239144944 -0.01446209469433074
v 0.068048999289517464 0.060000001239144944 -0.014532102018549486
v 0.068048999289517464 -0.059999998760855058 -0.014532102018549486
v 0.068078998068814345 0.060000001239144944 -0.014607999235346392
v 0.068078998068814345 -0.059999998760855058 -0.014607999235346392
v 0.068270404318814371 0.060000001239144944 -0.014749997526361969
v 0.068270404318814371 -0.059999998760855058 -0.014749997526361969
v 0.068238635519986213 -0.059999998760855058 -0.014747464567377633
v 0.068238635519986213 0.060000001239144944 -0.014747464567377633
v 0.068207660178189355 -0.059999998760855058 -0.014739896208002645
v 0.068207660178189355 0.060000001239144944 -0.014739896208002645
v 0.068178271750454988 -0.059999998760855058 -0.014727506071283869
v 0.068178271750454988 0.060000001239144944 -0.014727506071283869
v 0.068151233176236226 -0.059999998760855058 -0.014710629850580748
v 0.068151233176236226 0.060000001239144944 -0.014710629850580748
v 0.068127246359829974 -0.059999998760855058 -0.014689633756830744
v 0.068127246359829974 0.060000001239144944 -0.014689633756830744
v 0.068106860617642484 -0.059999998760855058 -0.014665128141596373
v 0.068106860617642484 0.060000001239144944 -0.014665128141596373
v 0.068090655783658138 -0.059999998760855058 -0.014637662321283884
v 0.068090655783658138 0.060000001239144944 -0.014637662321283884
v 0.06874998805904875 -0.059999998760855058 -0.014749997526361969
v 0.06874998805904875 0.060000001239144944 -0.014749997526361969
v 0.068999988059048722 -0.059999998760855058 -0.014499997526361996
v 0.068999988059048722 0.060000001239144944 -0.014499997526361996
v 0.068999988059048722 0.060000001239144944 -0.0099999975263619922
v 0.068999988059048722 -0.059999998760855058 -0.0099999975263619922
v 0.06874998805904875 -0.059999998760855058 -0.0097499975263620198
v 0.06874998805904875 0.060000001239144944 -0.0097499975263620198
v 0.068270404318814371 -0.059999998760855058 -0.0097499975263620198
v 0.068270404318814371 0.060000001239144944 -0.0097499975263620198
v 0.068078998068814345 0.060000001239144944 -0.0098919958173775968
v 0.068078998068814345 -0.059999998760855058 -0.0098919958173775968
v 0.068090655783658138 -0.059999998760855058 -0.0098623327314401044
v 0.068090655783658138 0.060000001239144944 -0.0098623327314401044
v 0.068106860617642484 -0.059999998760855058 -0.0098348669111276155
v 0.068106860617642484 0.060000001239144944 -0.0098348669111276155
v 0.068127246359829974 -0.059999998760855058 -0.009810361295893244
v 0.068127246359829974 0.060000001239144944 -0.009810361295893244
v 0.068151233176236226 -0.059999998760855058 -0.0097893652021432409
v 0.068151233176236226 0.060000001239144944 -0.0097893652021432409
v 0.068178271750454988 -0.059999998760855058 -0.0097724889814401195
v 0.068178271750454988 0.060000001239144944 -0.0097724889814401195
v 0.068207660178189355 -0.059999998760855058 -0.0097600988447213433
v 0.068207660178189355 0.060000001239144944 -0.0097600988447213433
v 0.068238635519986213 -0.059999998760855058 -0.0097525304853463557
v 0.068238635519986213 0.060000001239144944 -0.0097525304853463557
v 0.068048999289517464 0.060000001239144944 -0.009967893034174502
v 0.068048999289517464 -0.059999998760855058 -0.009967893034174502
v 0.068007007102017458 0.060000001239144944 -0.010037930875971379
v 0.068007007102017458 -0.059999998760855058 -0.010037930875971379
v 0.067954211691861222 0.060000001239144944 -0.010100156217768219
v 0.067954211691861222 -0.059999998760855058 -0.010100156217768219
v 0.067891986350064382 0.060000001239144944 -0.010153012663080718
v 0.067891986350064382 -0.059999998760855058 -0.010153012663080718
v 0.067808978537564346 0.060000001239144944 -0.010299405485346358
v 0.067808978537564346 -0.059999998760855058 -0.010299405485346358
v 0.067814776877408112 -0.059999998760855058 -0.010265195280268258
v 0.067814776877408112 0.060000001239144944 -0.010265195280268258
v 0.06782643459225185 -0.059999998760855058 -0.010232510954096385
v 0.06782643459225185 0.060000001239144944 -0.010232510954096385
v 0.067843554953579965 -0.059999998760855058 -0.010202329069330718
v 0.067843554953579965 0.060000001239144944 -0.010202329069330718
v 0.067865619162564339 -0.059999998760855058 -0.010175565153315136
v 0.067865619162564339 0.060000001239144944 -0.010175565153315136
v 0.0678000063695956 -0.059999998760855058 -0.010408994108393244
v 0.0678000063695956 0.060000001239144944 -0.010408994108393244
v 0.067796954611783089 -0.059999998760855058 -0.010443723112299519
v 0.067796954611783089 0.060000001239144944 -0.010443723112299519
v 0.067787951926236212 -0.059999998760855058 -0.010477414518549499
v 0.067787951926236212 0.060000001239144944 -0.010477414518549499
v 0.067773211936001887 -0.059999998760855058 -0.01050900021190887
v 0.067773211936001887 0.060000001239144944 -0.01050900021190887
v 0.067753222922329992 -0.059999998760855058 -0.010537564665033861
v 0.067753222922329992 0.060000001239144944 -0.010537564665033861
v 0.067728564719204964 -0.059999998760855058 -0.010562222868158888
v 0.067728564719204964 0.060000001239144944 -0.010562222868158888
v 0.067700000266079974 -0.059999998760855058 -0.010582211881830728
v 0.067700000266079974 0.060000001239144944 -0.010582211881830728
v 0.067668414572720603 -0.059999998760855058 -0.010596951872065108
v 0.067668414572720603 0.060000001239144944 -0.010596951872065108
v 0.067634723166470623 -0.059999998760855058 -0.010605954557611985
v 0.067634723166470623 0.060000001239144944 -0.010605954557611985
v 0.067599994162564347 -0.059999998760855058 -0.010609006315424496
v 0.067599994162564347 0.060000001239144944 -0.010609006315424496
v 0.067565265158658128 -0.059999998760855058 -0.010605954557611985
v 0.067565265158658128 0.060000001239144944 -0.010605954557611985
v 0.067531604269986223 -0.059999998760855058 -0.010596951872065108
v 0.067531604269986223 0.060000001239144944 -0.010596951872065108
v 0.067499988059048721 -0.059999998760855058 -0.010582211881830728
v 0.067499988059048721 0.060000001239144944 -0.010582211881830728
v 0.067471454123501862 -0.059999998760855058 -0.010562222868158888
v 0.067471454123501862 0.060000001239144944 -0.010562222868158888
v 0.067446795920376834 -0.059999998760855058 -0.010537564665033861
v 0.067446795920376834 0.060000001239144944 -0.010537564665033861
v 0.067426806906704995 -0.059999998760855058 -0.01050900021190887
v 0.067426806906704995 0.060000001239144944 -0.01050900021190887
v 0.067412066916470614 -0.059999998760855058 -0.010477414518549499
v 0.067412066916470614 0.060000001239144944 -0.010477414518549499
v 0.067403033713345606 -0.059999998760855058 -0.010443723112299519
v 0.067403033713345606 0.060000001239144944 -0.010443723112299519
v 0.067400012473111226 -0.059999998760855058 -0.010408994108393244
v 0.067400012473111226 0.060000001239144944 -0.010408994108393244
v 0.06739104030514248 -0.059999998760855058 -0.010299405485346358
v 0.06739104030514248 0.060000001239144944 -0.010299405485346358
v 0.067308001975064369 0.060000001239144944 -0.010153012663080718
v 0.067308001975064369 -0.059999998760855058 -0.010153012663080718
v 0.067334369162564356 -0.059999998760855058 -0.010175565153315136
v 0.067334369162564356 0.060000001239144944 -0.010175565153315136
v 0.067356463889126861 -0.059999998760855058 -0.010202329069330718
v 0.067356463889126861 0.060000001239144944 -0.010202329069330718
v 0.067373584250454976 -0.059999998760855058 -0.010232510954096385
v 0.067373584250454976 0.060000001239144944 -0.010232510954096385
v 0.067385211447720583 -0.059999998760855058 -0.010265195280268258
v 0.067385211447720583 0.060000001239144944 -0.010265195280268258
v 0.067245776633267473 -0.059999998760855058 -0.010100156217768219
v 0.067245776633267473 0.060000001239144944 -0.010100156217768219
v 0.067192981223111237 -0.059999998760855058 -0.010037930875971379
v 0.067192981223111237 0.060000001239144944 -0.010037930875971379
v 0.067151019553189362 0.060000001239144944 -0.009967893034174502
v 0.067151019553189362 -0.059999998760855058 -0.009967893034174502
v 0.06712099025631435 0.060000001239144944 -0.0098919958173775968
v 0.06712099025631435 -0.059999998760855058 -0.0098919958173775968
v 0.066961383322720613 0.060000001239144944 -0.0097525304853463557
v 0.06692958400631438 -0.059999998760855058 -0.0097499975263620198
v 0.066961383322720613 -0.059999998760855058 -0.0097525304853463557
v 0.06692958400631438 0.060000001239144944 -0.0097499975263620198
v 0.066992358664517471 0.060000001239144944 -0.0097600988447213433
v 0.066992358664517471 -0.059999998760855058 -0.0097600988447213433
v 0.067021716574673762 0.060000001239144944 -0.0097724889814401195
v 0.067021716574673762 -0.059999998760855058 -0.0097724889814401195
v 0.067048755148892469 0.060000001239144944 -0.0097893652021432409
v 0.067048755148892469 -0.059999998760855058 -0.0097893652021432409
v 0.067072772482876852 0.060000001239144944 -0.009810361295893244
v 0.067072772482876852 -0.059999998760855058 -0.009810361295893244
v 0.067093127707486211 0.060000001239144944 -0.0098348669111276155
v 0.067093127707486211 -0.059999998760855058 -0.0098348669111276155
v 0.067109363059048743 0.060000001239144944 -0.0098623327314401044
v 0.067109363059048743 -0.059999998760855058 -0.0098623327314401044
v 0.065800006369595598 -0.059999998760855058 -0.0097499975263620198
v 0.065800006369595598 0.060000001239144944 -0.0097499975263620198
v 0.069099994162564349 0.074642789172494561 -0.017266049772455716
v 0.069099994162564349 0.07434202318128362 -0.017439694791986982
v 0.069099994162564349 0.074499997424447684 -0.017366025358393267
v 0.069099994162564349 0.07476604204114691 -0.017142789274408876
v 0.069099994162564349 0.074866025256478938 -0.016999997526361998
v 0.069099994162564349 0.074939694690072695 -0.016842008024408883
v 0.069099994162564349 0.074984807299935965 -0.016673642545893264
v 0.069099994162564349 0.074173650073373468 -0.017484799772455761
v 0.069099994162564349 0.074999997424447684 -0.016499997526361998
v 0.069099994162564349 0.073999997424447683 -0.017499997526361999
v 0.069099994162564349 0.061000001239144945 -0.017499997526361999
v 0.069099994162564349 0.060843564318978929 -0.017487698942377616
v 0.069099994162564349 0.060546010302865653 -0.017391019254877627
v 0.069099994162564349 0.060690984057748462 -0.017451047331049518
v 0.069099994162564349 0.060292893695199634 -0.017207120329096381
v 0.069099994162564349 0.06041221361097112 -0.017309018522455755
v 0.069099994162564349 0.060108994769418382 -0.016953977018549504
v 0.069099994162564349 0.060190984057748462 -0.017087796598627636
v 0.069099994162564349 0.060048943805062913 -0.016809018522455754
v 0.069099994162564349 0.060000001239144944 -0.016499997526361998
v 0.069099994162564349 0.060012311267221119 -0.016656430631830754
v 0.069099994162564349 0.074984807299935965 0.016673647493169241
v 0.069099994162564349 0.074866025256478938 0.017000002473638032
v 0.069099994162564349 0.074999997424447684 0.016500002473638031
v 0.069099994162564349 0.074939694690072695 0.016842012971684861
v 0.069099994162564349 0.07476604204114691 0.017142794221684909
v 0.069099994162564349 0.074499997424447684 0.017366030305669244
v 0.069099994162564349 0.074642789172494561 0.017266054719731749
v 0.069099994162564349 0.07434202318128362 0.017439699739263015
v 0.069099994162564349 0.074173650073373468 0.017484804719731739
v 0.069099994162564349 0.073999997424447683 0.017500002473638032
v 0.069099994162564349 0.061000001239144945 0.017500002473638032
v 0.069099994162564349 0.060000001239144944 0.016500002473638031
v 0.069099994162564349 0.060060307788217214 0.016842012971684861
v 0.069099994162564349 0.060015191363656663 0.016673647493169241
v 0.069099994162564349 0.060826352404916434 0.017484804719731739
v 0.069099994162564349 0.060500001239144945 0.017366030305669244
v 0.069099994162564349 0.060657979297006274 0.017439699739263015
v 0.069099994162564349 0.060233956622445725 0.017142794221684909
v 0.069099994162564349 0.060133973407113697 0.017000002473638032
v 0.069099994162564349 0.06035721330579534 0.017266054719731749
v 0.0099000124731112304 -0.0089999997145293713 0.0017320581377004984
v 0.0099000124731112304 -0.0095320889479278085 0.0012855859697317729
v 0.0099000124731112304 -0.0092855755812285903 0.001532076448247377
v 0.0099000124731112304 -0.0086840407377837651 0.0018793970048879838
v 0.0099000124731112304 -0.0076527034765838135 0.0019696069658254878
v 0.0099000124731112304 -0.0083472964293120865 0.0019696069658254878
v 0.0099000124731112304 -0.0080000001913665287 0.0020000024736380184
v 0.0099000124731112304 -0.0098793856627105228 -0.000684049040033885
v 0.0099000124731112304 -0.0099696156508086685 -0.00034728756542451444
v 0.0099000124731112304 -0.0099999997145293704 2.4736380166423544e-09
v 0.0099000124731112304 -0.0067144248015044679 0.001532076448247377
v 0.0099000124731112304 -0.0073159596449492914 0.0018793970048879838
v 0.0099000124731112304 -0.0070000001913665278 0.0017320581377004984
v 0.0099000124731112304 -0.0064679109579680906 0.0012855859697317729
v 0.0099000124731112304 -0.0097320506102202883 0.0010000024736380175
v 0.0099000124731112304 -0.0061206147200225337 0.00068405398730986278
v 0.0099000124731112304 -0.00626794929567561 0.0010000024736380175
v 0.0099000124731112304 -0.0086840407377837651 -0.001879392057612006
v 0.0099000124731112304 -0.0089999997145293713 -0.0017320531904244651
v 0.0099000124731112304 -0.0092855755812285903 -0.0015321020185494749
v 0.0099000124731112304 -0.0060303847319243898 0.00034729251270049222
v 0.0099000124731112304 -0.0060000001913665278 2.4736380166423544e-09
v 0.0099000124731112304 -0.0099696156508086685 0.00034729251270049222
v 0.0099000124731112304 -0.0098793856627105228 0.00068405398730986278
v 0.0099000124731112304 -0.0076527034765838135 -0.00196960201854951
v 0.0099000124731112304 -0.0080000001913665287 -0.0019999975263619851
v 0.0099000124731112304 -0.0083472964293120865 -0.00196960201854951
v 0.0099000124731112304 -0.0095320889479278085 -0.0012855810224557396
v 0.0099000124731112304 -0.0061206147200225337 -0.000684049040033885
v 0.0099000124731112304 -0.0060303847319243898 -0.00034728756542451444
v 0.0099000124731112304 -0.0073159596449492914 -0.001879392057612006
v 0.0099000124731112304 -0.00626794929567561 -0.00099999752636198425
v 0.0099000124731112304 -0.0097320506102202883 -0.00099999752636198425
v 0.0099000124731112304 -0.0067144248015044679 -0.0015321020185494749
v 0.0099000124731112304 -0.0064679109579680906 -0.0012855810224557396
v 0.0099000124731112304 -0.0070000001913665278 -0.0017320531904244651
v 0.005999988059048722 -0.0060000001913665278 2.4736380166423544e-09
v 0.005999988059048722 -0.0060303847319243898 0.00034729251270049222
v 0.005999988059048722 -0.0061206147200225337 0.00068405398730986278
v 0.005999988059048722 -0.00626794929567561 0.0010000024736380175
v 0.005999988059048722 -0.0064679109579680906 0.0012855859697317729
v 0.005999988059048722 -0.0067144248015044679 0.001532076448247377
v 0.005999988059048722 -0.0070000001913665278 0.0017320581377004984
v 0.005999988059048722 -0.0073159596449492914 0.0018793970048879838
v 0.005999988059048722 -0.0076527034765838135 0.0019696069658254878
v 0.005999988059048722 -0.0080000001913665287 0.0020000024736380184
v 0.005999988059048722 -0.0083472964293120865 0.0019696069658254878
v 0.005999988059048722 -0.0086840407377837651 0.0018793970048879838
v 0.005999988059048722 -0.0089999997145293713 0.0017320581377004984
v 0.005999988059048722 -0.0092855755812285903 0.001532076448247377
v 0.005999988059048722 -0.0095320889479278085 0.0012855859697317729
v 0.005999988059048722 -0.0097320506102202883 0.0010000024736380175
v 0.005999988059048722 -0.0098793856627105228 0.00068405398730986278
v 0.005999988059048722 -0.0099696156508086685 0.00034729251270049222
v 0.005999988059048722 -0.0099999997145293704 2.4736380166423544e-09
v 0.005999988059048722 -0.0099696156508086685 -0.00034728756542451444
v 0.005999988059048722 -0.0098793856627105228 -0.000684049040033885
v 0.005999988059048722 -0.0097320506102202883 -0.00099999752636198425
v 0.005999988059048722 -0.0095320889479278085 -0.0012855810224557396
v 0.005999988059048722 -0.0092855755812285903 -0.0015321020185494749
v 0.005999988059048722 -0.0089999997145293713 -0.0017320531904244651
v 0.005999988059048722 -0.0086840407377837651 -0.001879392057612006
v 0.005999988059048722 -0.0083472964293120865 -0.00196960201854951
v 0.005999988059048722 -0.0080000001913665287 -0.0019999975263619851
v 0.005999988059048722 -0.0076527034765838135 -0.00196960201854951
v 0.005999988059048722 -0.0073159596449492914 -0.001879392057612006
v 0.005999988059048722 -0.0070000001913665278 -0.0017320531904244651
v 0.005999988059048722 -0.0067144248015044679 -0.0015321020185494749
v 0.005999988059048722 -0.0064679109579680906 -0.0012855810224557396
v 0.005999988059048722 -0.00626794929567561 -0.00099999752636198425
v 0.005999988059048722 -0.0061206147200225337 -0.000684049040033885
v 0.005999988059048722 -0.0060303847319243898 -0.00034728756542451444
v 0.005999988059048722 -0.003687238646185254 0.0060041528642630349
v 0.005999988059048722 -0.0037774691111205566 0.0063408838212942742
v 0.005999988059048722 -0.0036568543440459716 0.0056568628252005038
v 0.005999988059048722 -0.0060041505819915277 0.0036872278154349014
v 0.005999988059048722 -0.0066568543440459716 0.003924807161138022
v 0.005999988059048722 -0.0063408944136260498 0.0037774682939504811
v 0.005999988059048722 -0.0056568543440459716 0.003656862825200502
v 0.005999988059048722 -0.0039248034483550538 0.0066568628252005047
v 0.005999988059048722 -0.0041247655874846918 0.0069424158037161288
v 0.005999988059048722 -0.0069424292570708741 0.0041247583330130122
v 0.005999988059048722 -0.0071889431006072506 0.0043712793291067475
v 0.005999988059048722 -0.0043712789541839108 0.0071889367998098641
v 0.005999988059048722 -0.0046568543440459716 0.0073889184892629856
v 0.005999988059048722 -0.0046568543440459716 0.003924807161138022
v 0.005999988059048722 -0.0049728137976287352 0.0037774682939504811
v 0.005999988059048722 -0.0043712789541839108 0.0041247583330130122
v 0.005999988059048722 -0.0041247655874846918 0.0043712793291067475
v 0.005999988059048722 -0.0039248034483550538 0.0046568628252005029
v 0.005999988059048722 -0.0037774691111205566 0.0049728113115286576
v 0.005999988059048722 -0.003687238646185254 0.0053095727861380282
v 0.005999988059048722 -0.0049728137976287352 0.0075362268388723952
v 0.005999988059048722 -0.0053095581061004147 0.0076264673173880304
v 0.005999988059048722 -0.0056568543440459716 0.0076568628252005055
v 0.005999988059048722 -0.0075362393385528074 0.0049728113115286576
v 0.005999988059048722 -0.0076568543440459717 0.0056568628252005038
v 0.005999988059048722 -0.0076264698034881097 0.0053095727861380282
v 0.005999988059048722 -0.0073889052397368895 0.0046568628252005029
v 0.005999988059048722 -0.0063408944136260498 0.0075362268388723952
v 0.005999988059048722 -0.0066568543440459716 0.0073889184892629856
v 0.005999988059048722 -0.0060041505819915277 0.0076264673173880304
v 0.005999988059048722 -0.0076264698034881097 0.0060041528642630349
v 0.005999988059048722 -0.0073889052397368895 0.0066568628252005047
v 0.005999988059048722 -0.0075362393385528074 0.0063408838212942742
v 0.005999988059048722 -0.0071889431006072506 0.0069424158037161288
v 0.005999988059048722 -0.0069424292570708741 0.0071889367998098641
v 0.005999988059048722 -0.0053095581061004147 0.0036872278154349014
v 0.0099000124731112304 -0.0036568543440459716 0.0056568628252005038
v 0.0099000124731112304 -0.003687238646185254 0.0060041528642630349
v 0.0099000124731112304 -0.0037774691111205566 0.0063408838212942742
v 0.0099000124731112304 -0.0039248034483550538 0.0066568628252005047
v 0.0099000124731112304 -0.0041247655874846918 0.0069424158037161288
v 0.0099000124731112304 -0.0043712789541839108 0.0071889367998098641
v 0.0099000124731112304 -0.0046568543440459716 0.0073889184892629856
v 0.0099000124731112304 -0.0049728137976287352 0.0075362268388723952
v 0.0099000124731112304 -0.0053095581061004147 0.0076264673173880304
v 0.0099000124731112304 -0.0056568543440459716 0.0076568628252005055
v 0.0099000124731112304 -0.0060041505819915277 0.0076264673173880304
v 0.0099000124731112304 -0.0063408944136260498 0.0075362268388723952
v 0.0099000124731112304 -0.0066568543440459716 0.0073889184892629856
v 0.0099000124731112304 -0.0069424292570708741 0.0071889367998098641
v 0.0099000124731112304 -0.0071889431006072506 0.0069424158037161288
v 0.0099000124731112304 -0.0073889052397368895 0.0066568628252005047
v 0.0099000124731112304 -0.0075362393385528074 0.0063408838212942742
v 0.0099000124731112304 -0.0076264698034881097 0.0060041528642630349
v 0.0099000124731112304 -0.0076568543440459717 0.0056568628252005038
v 0.0099000124731112304 -0.0076264698034881097 0.0053095727861380282
v 0.0099000124731112304 -0.0075362393385528074 0.0049728113115286576
v 0.0099000124731112304 -0.0073889052397368895 0.0046568628252005029
v 0.0099000124731112304 -0.0071889431006072506 0.0043712793291067475
v 0.0099000124731112304 -0.0069424292570708741 0.0041247583330130122
v 0.0099000124731112304 -0.0066568543440459716 0.003924807161138022
v 0.0099000124731112304 -0.0063408944136260498 0.0037774682939504811
v 0.0099000124731112304 -0.0060041505819915277 0.0036872278154349014
v 0.0099000124731112304 -0.0056568543440459716 0.003656862825200502
v 0.0099000124731112304 -0.0053095581061004147 0.0036872278154349014
v 0.0099000124731112304 -0.0049728137976287352 0.0037774682939504811
v 0.0099000124731112304 -0.0046568543440459716 0.003924807161138022
v 0.0099000124731112304 -0.0043712789541839108 0.0041247583330130122
v 0.0099000124731112304 -0.0041247655874846918 0.0043712793291067475
v 0.0099000124731112304 -0.0039248034483550538 0.0046568628252005029
v 0.0099000124731112304 -0.0037774691111205566 0.0049728113115286576
v 0.0099000124731112304 -0.003687238646185254 0.0053095727861380282
v 0.0099000124731112304 -0.0073889052397368895 -0.0046568578779244696
v 0.0099000124731112304 -0.0071889431006072506 -0.0043712743818307698
v 0.0099000124731112304 -0.0069424292570708741 -0.0041247533857369789
v 0.0099000124731112304 -0.0053095581061004147 -0.0036872533857369993
v 0.0099000124731112304 -0.0066568543440459716 -0.0039248022138619887
v 0.0099000124731112304 -0.0063408944136260498 -0.0037774633466745033
v 0.0099000124731112304 -0.0060041505819915277 -0.0036872533857369993
v 0.0099000124731112304 -0.0056568543440459716 -0.0036568578779244687
v 0.0099000124731112304 -0.0075362393385528074 -0.0063409093915963721
v 0.0099000124731112304 -0.0076264698034881097 -0.0060041479169870016
v 0.0099000124731112304 -0.0076568543440459717 -0.0056568578779244705
v 0.0099000124731112304 -0.0043712789541839108 -0.0041247533857369789
v 0.0099000124731112304 -0.0049728137976287352 -0.0037774633466745033
v 0.0099000124731112304 -0.0046568543440459716 -0.0039248022138619887
v 0.0099000124731112304 -0.0071889431006072506 -0.0069424413740182267
v 0.0099000124731112304 -0.0073889052397368895 -0.0066568578779244714
v 0.0099000124731112304 -0.0039248034483550538 -0.0046568578779244696
v 0.0099000124731112304 -0.0041247655874846918 -0.0043712743818307698
v 0.0099000124731112304 -0.0066568543440459716 -0.0073889135419870078
v 0.0099000124731112304 -0.0069424292570708741 -0.0071889318525338863
v 0.0099000124731112304 -0.0037774691111205566 -0.0049728063642526243
v 0.0099000124731112304 -0.0076264698034881097 -0.0053095678388619949
v 0.0099000124731112304 -0.0075362393385528074 -0.0049728063642526243
v 0.0099000124731112304 -0.0036568543440459716 -0.0056568578779244705
v 0.0099000124731112304 -0.003687238646185254 -0.0053095678388619949
v 0.0099000124731112304 -0.0053095581061004147 -0.0076264623701119971
v 0.0099000124731112304 -0.0056568543440459716 -0.0076568578779244723
v 0.0099000124731112304 -0.0060041505819915277 -0.0076264623701119971
v 0.0099000124731112304 -0.0063408944136260498 -0.0075362524091744931
v 0.0099000124731112304 -0.0037774691111205566 -0.0063409093915963721
v 0.0099000124731112304 -0.003687238646185254 -0.0060041479169870016
v 0.0099000124731112304 -0.0049728137976287352 -0.0075362524091744931
v 0.0099000124731112304 -0.0039248034483550538 -0.0066568578779244714
v 0.0099000124731112304 -0.0043712789541839108 -0.0071889318525338863
v 0.0099000124731112304 -0.0041247655874846918 -0.0069424413740182267
v 0.0099000124731112304 -0.0046568543440459716 -0.0073889135419870078
v 0.005999988059048722 -0.0036568543440459716 -0.0056568578779244705
v 0.005999988059048722 -0.003687238646185254 -0.0053095678388619949
v 0.005999988059048722 -0.0037774691111205566 -0.0049728063642526243
v 0.005999988059048722 -0.0039248034483550538 -0.0046568578779244696
v 0.005999988059048722 -0.0041247655874846918 -0.0043712743818307698
v 0.005999988059048722 -0.0043712789541839108 -0.0041247533857369789
v 0.005999988059048722 -0.0046568543440459716 -0.0039248022138619887
v 0.005999988059048722 -0.0049728137976287352 -0.0037774633466745033
v 0.005999988059048722 -0.0053095581061004147 -0.0036872533857369993
v 0.005999988059048722 -0.0056568543440459716 -0.0036568578779244687
v 0.005999988059048722 -0.0060041505819915277 -0.0036872533857369993
v 0.005999988059048722 -0.0063408944136260498 -0.0037774633466745033
v 0.005999988059048722 -0.0066568543440459716 -0.0039248022138619887
v 0.005999988059048722 -0.0069424292570708741 -0.0041247533857369789
v 0.005999988059048722 -0.0071889431006072506 -0.0043712743818307698
v 0.005999988059048722 -0.0073889052397368895 -0.0046568578779244696
v 0.005999988059048722 -0.0075362393385528074 -0.0049728063642526243
v 0.005999988059048722 -0.0076264698034881097 -0.0053095678388619949
v 0.005999988059048722 -0.0076568543440459717 -0.0056568578779244705
v 0.005999988059048722 -0.0076264698034881097 -0.0060041479169870016
v 0.005999988059048722 -0.0075362393385528074 -0.0063409093915963721
v 0.005999988059048722 -0.0073889052397368895 -0.0066568578779244714
v 0.005999988059048722 -0.0071889431006072506 -0.0069424413740182267
v 0.005999988059048722 -0.0069424292570708741 -0.0071889318525338863
v 0.005999988059048722 -0.0066568543440459716 -0.0073889135419870078
v 0.005999988059048722 -0.0063408944136260498 -0.0075362524091744931
v 0.005999988059048722 -0.0060041505819915277 -0.0076264623701119971
v 0.005999988059048722 -0.0056568543440459716 -0.0076568578779244723
v 0.005999988059048722 -0.0053095581061004147 -0.0076264623701119971
v 0.005999988059048722 -0.0049728137976287352 -0.0075362524091744931
v 0.005999988059048722 -0.0046568543440459716 -0.0073889135419870078
v 0.005999988059048722 -0.0043712789541839108 -0.0071889318525338863
v 0.005999988059048722 -0.0041247655874846918 -0.0069424413740182267
v 0.005999988059048722 -0.0039248034483550538 -0.0066568578779244714
v 0.005999988059048722 -0.0037774691111205566 -0.0063409093915963721
v 0.005999988059048722 -0.003687238646185254 -0.0060041479169870016
v 0.005999988059048722 0.0053095577233673585 0.0036872278154349014
v 0.005999988059048722 0.0046568544381500737 0.003924807161138022
v 0.005999988059048722 0.0049728138917328373 0.0037774682939504811
v 0.005999988059048722 0.0037774689668060792 0.0063408838212942742
v 0.005999988059048722 0.0036872387402893557 0.0060041528642630349
v 0.005999988059048722 0.0036568541997314941 0.0056568628252005038
v 0.005999988059048722 0.0063408945077301519 0.0037774682939504811
v 0.005999988059048722 0.0056568544381500737 0.003656862825200502
v 0.005999988059048722 0.0060041506760956306 0.0036872278154349014
v 0.005999988059048722 0.004371279048288013 0.0071889367998098641
v 0.005999988059048722 0.0041247652047516365 0.0069424158037161288
v 0.005999988059048722 0.0039248035424591559 0.0066568628252005047
v 0.005999988059048722 0.0071889431947113527 0.0043712793291067475
v 0.005999988059048722 0.0066568544381500738 0.003924807161138022
v 0.005999988059048722 0.0069424293511749762 0.0041247583330130122
v 0.005999988059048722 0.0046568544381500737 0.0073889184892629856
v 0.005999988059048722 0.0075362394326569096 0.0049728113115286576
v 0.005999988059048722 0.0073889048570038333 0.0046568628252005029
v 0.005999988059048722 0.004371279048288013 0.0041247583330130122
v 0.005999988059048722 0.0053095577233673585 0.0076264673173880304
v 0.005999988059048722 0.0049728138917328373 0.0075362268388723952
v 0.005999988059048722 0.0056568544381500737 0.0076568628252005055
v 0.005999988059048722 0.0075362394326569096 0.0063408838212942742
v 0.005999988059048722 0.0076568544381500738 0.0056568628252005038
v 0.005999988059048722 0.0076264698975922127 0.0060041528642630349
v 0.005999988059048722 0.0076264698975922127 0.0053095727861380282
v 0.005999988059048722 0.0066568544381500738 0.0073889184892629856
v 0.005999988059048722 0.0063408945077301519 0.0075362268388723952
v 0.005999988059048722 0.0060041506760956306 0.0076264673173880304
v 0.005999988059048722 0.0073889048570038333 0.0066568628252005047
v 0.005999988059048722 0.0069424293511749762 0.0071889367998098641
v 0.005999988059048722 0.0071889431947113527 0.0069424158037161288
v 0.005999988059048722 0.0041247652047516365 0.0043712793291067475
v 0.005999988059048722 0.0039248035424591559 0.0046568628252005029
v 0.005999988059048722 0.0037774689668060792 0.0049728113115286576
v 0.005999988059048722 0.0036872387402893557 0.0053095727861380282
v 0.0099000124731112304 0.0036568541997314941 0.0056568628252005038
v 0.0099000124731112304 0.0036872387402893557 0.0060041528642630349
v 0.0099000124731112304 0.0037774689668060792 0.0063408838212942742
v 0.0099000124731112304 0.0039248035424591559 0.0066568628252005047
v 0.0099000124731112304 0.0041247652047516365 0.0069424158037161288
v 0.0099000124731112304 0.004371279048288013 0.0071889367998098641
v 0.0099000124731112304 0.0046568544381500737 0.0073889184892629856
v 0.0099000124731112304 0.0049728138917328373 0.0075362268388723952
v 0.0099000124731112304 0.0053095577233673585 0.0076264673173880304
v 0.0099000124731112304 0.0056568544381500737 0.0076568628252005055
v 0.0099000124731112304 0.0060041506760956306 0.0076264673173880304
v 0.0099000124731112304 0.0063408945077301519 0.0075362268388723952
v 0.0099000124731112304 0.0066568544381500738 0.0073889184892629856
v 0.0099000124731112304 0.0069424293511749762 0.0071889367998098641
v 0.0099000124731112304 0.0071889431947113527 0.0069424158037161288
v 0.0099000124731112304 0.0073889048570038333 0.0066568628252005047
v 0.0099000124731112304 0.0075362394326569096 0.0063408838212942742
v 0.0099000124731112304 0.0076264698975922127 0.0060041528642630349
v 0.0099000124731112304 0.0076568544381500738 0.0056568628252005038
v 0.0099000124731112304 0.0076264698975922127 0.0053095727861380282
v 0.0099000124731112304 0.0075362394326569096 0.0049728113115286576
v 0.0099000124731112304 0.0073889048570038333 0.0046568628252005029
v 0.0099000124731112304 0.0071889431947113527 0.0043712793291067475
v 0.0099000124731112304 0.0069424293511749762 0.0041247583330130122
v 0.0099000124731112304 0.0066568544381500738 0.003924807161138022
v 0.0099000124731112304 0.0063408945077301519 0.0037774682939504811
v 0.0099000124731112304 0.0060041506760956306 0.0036872278154349014
v 0.0099000124731112304 0.0056568544381500737 0.003656862825200502
v 0.0099000124731112304 0.0053095577233673585 0.0036872278154349014
v 0.0099000124731112304 0.0049728138917328373 0.0037774682939504811
v 0.0099000124731112304 0.0046568544381500737 0.003924807161138022
v 0.0099000124731112304 0.004371279048288013 0.0041247583330130122
v 0.0099000124731112304 0.0041247652047516365 0.0043712793291067475
v 0.0099000124731112304 0.0039248035424591559 0.0046568628252005029
v 0.0099000124731112304 0.0037774689668060792 0.0049728113115286576
v 0.0099000124731112304 0.0036872387402893557 0.0053095727861380282
v 0.0099000124731112304 -0.001000000012552594 0.0097320581377005055
v 0.0099000124731112304 -0.0015320888287185179 0.00928558596973178
v 0.0099000124731112304 -0.0012855752236007201 0.0095320764482473841
v 0.0099000124731112304 -0.00034729635480627895 0.0099696069658254949
v 0.0099000124731112304 -0.00068404026094660635 0.0098793970048879909
v 0.0099000124731112304 -0.0018793851858733641 0.0073159509599661221
v 0.0099000124731112304 -0.001999999952947949 0.0080000024736380237
v 0.0099000124731112304 -0.0019696155315993774 0.0083472925127004993
v 0.0099000124731112304 -0.0019696155315993774 0.0076527124345754927
v 0.0099000124731112304 0.0010000000470520511 0.0097320581377005055
v 0.0099000124731112304 0.00034729634460225225 0.0099696069658254949
v 0.0099000124731112304 0.00068404029544606336 0.0098793970048879909
v 0.0099000124731112304 -0.0015320888287185179 0.0067144189775442675
v 0.0099000124731112304 -0.001732050848638867 0.0070000024736380229
v 0.0099000124731112304 -0.0012855752236007201 0.0064678979814505322
v 0.0099000124731112304 -0.0018793851858733641 0.0086840539873098699
v 0.0099000124731112304 -0.001732050848638867 0.0090000024736380246
v 0.0099000124731112304 0.0018793852799774663 0.0086840539873098699
v 0.0099000124731112304 0.0015320889228226198 0.00928558596973178
v 0.0099000124731112304 0.0017320508235336794 0.0090000024736380246
v 0.0099000124731112304 -0.00068404026094660635 0.0061206079423880011
v 0.0099000124731112304 -0.001000000012552594 0.0062679468095754864
v 0.0099000124731112304 -0.00034729635480627895 0.0060303979814504971
v 0.0099000124731112304 0.0019696155064941896 0.0076527124345754927
v 0.0099000124731112304 0.0019696155064941896 0.0083472925127004993
v 0.0099000124731112304 0.0020000000470520507 0.0080000024736380237
v 0.0099000124731112304 0.00034729634460225225 0.0060303979814504971
v 0.0099000124731112304 2.3485672906225705e-12 0.010000002473638026
v 0.0099000124731112304 2.3485672906225705e-12 0.006000002473638022
v 0.0099000124731112304 0.0017320508235336794 0.0070000024736380229
v 0.0099000124731112304 0.0012855751984955325 0.0095320764482473841
v 0.0099000124731112304 0.0018793852799774663 0.0073159509599661221
v 0.0099000124731112304 0.0010000000470520511 0.0062679468095754864
v 0.0099000124731112304 0.00068404029544606336 0.0061206079423880011
v 0.0099000124731112304 0.0012855751984955325 0.0064678979814505322
v 0.0099000124731112304 0.0015320889228226198 0.0067144189775442675
v 0.005999988059048722 -0.001999999952947949 0.0080000024736380237
v 0.005999988059048722 -0.0019696155315993774 0.0083472925127004993
v 0.005999988059048722 -0.0018793851858733641 0.0086840539873098699
v 0.005999988059048722 -0.001732050848638867 0.0090000024736380246
v 0.005999988059048722 -0.0015320888287185179 0.00928558596973178
v 0.005999988059048722 -0.0012855752236007201 0.0095320764482473841
v 0.005999988059048722 -0.001000000012552594 0.0097320581377005055
v 0.005999988059048722 -0.00068404026094660635 0.0098793970048879909
v 0.005999988059048722 -0.00034729635480627895 0.0099696069658254949
v 0.005999988059048722 2.3485672906225705e-12 0.010000002473638026
v 0.005999988059048722 0.00034729634460225225 0.0099696069658254949
v 0.005999988059048722 0.00068404029544606336 0.0098793970048879909
v 0.005999988059048722 0.0010000000470520511 0.0097320581377005055
v 0.005999988059048722 0.0012855751984955325 0.0095320764482473841
v 0.005999988059048722 0.0015320889228226198 0.00928558596973178
v 0.005999988059048722 0.0017320508235336794 0.0090000024736380246
v 0.005999988059048722 0.0018793852799774663 0.0086840539873098699
v 0.005999988059048722 0.0019696155064941896 0.0083472925127004993
v 0.005999988059048722 0.0020000000470520507 0.0080000024736380237
v 0.005999988059048722 0.0019696155064941896 0.0076527124345754927
v 0.005999988059048722 0.0018793852799774663 0.0073159509599661221
v 0.005999988059048722 0.0017320508235336794 0.0070000024736380229
v 0.005999988059048722 0.0015320889228226198 0.0067144189775442675
v 0.005999988059048722 0.0012855751984955325 0.0064678979814505322
v 0.005999988059048722 0.0010000000470520511 0.0062679468095754864
v 0.005999988059048722 0.00068404029544606336 0.0061206079423880011
v 0.005999988059048722 0.00034729634460225225 0.0060303979814504971
v 0.005999988059048722 2.3485672906225705e-12 0.006000002473638022
v 0.005999988059048722 -0.00034729635480627895 0.0060303979814504971
v 0.005999988059048722 -0.00068404026094660635 0.0061206079423880011
v 0.005999988059048722 -0.001000000012552594 0.0062679468095754864
v 0.005999988059048722 -0.0012855752236007201 0.0064678979814505322
v 0.005999988059048722 -0.0015320888287185179 0.0067144189775442675
v 0.005999988059048722 -0.001732050848638867 0.0070000024736380229
v 0.005999988059048722 -0.0018793851858733641 0.0073159509599661221
v 0.005999988059048722 -0.0019696155315993774 0.0076527124345754927
v 0.005999988059048722 0.0053095577233673585 -0.0076264623701119971
v 0.005999988059048722 0.0046568544381500737 -0.0073889135419870078
v 0.005999988059048722 0.0049728138917328373 -0.0075362524091744931
v 0.005999988059048722 0.0037774689668060792 -0.0049728063642526243
v 0.005999988059048722 0.0036872387402893557 -0.0053095678388619949
v 0.005999988059048722 0.0036568541997314941 -0.0056568578779244705
v 0.005999988059048722 0.0063408945077301519 -0.0075362524091744931
v 0.005999988059048722 0.0056568544381500737 -0.0076568578779244723
v 0.005999988059048722 0.0060041506760956306 -0.0076264623701119971
v 0.005999988059048722 0.004371279048288013 -0.0041247533857369789
v 0.005999988059048722 0.0041247652047516365 -0.0043712743818307698
v 0.005999988059048722 0.0039248035424591559 -0.0046568578779244696
v 0.005999988059048722 0.0071889431947113527 -0.0069424413740182267
v 0.005999988059048722 0.0066568544381500738 -0.0073889135419870078
v 0.005999988059048722 0.0069424293511749762 -0.0071889318525338863
v 0.005999988059048722 0.0046568544381500737 -0.0039248022138619887
v 0.005999988059048722 0.0075362394326569096 -0.0063409093915963721
v 0.005999988059048722 0.0073889048570038333 -0.0066568578779244714
v 0.005999988059048722 0.004371279048288013 -0.0071889318525338863
v 0.005999988059048722 0.0053095577233673585 -0.0036872533857369993
v 0.005999988059048722 0.0049728138917328373 -0.0037774633466745033
v 0.005999988059048722 0.0056568544381500737 -0.0036568578779244687
v 0.005999988059048722 0.0075362394326569096 -0.0049728063642526243
v 0.005999988059048722 0.0076568544381500738 -0.0056568578779244705
v 0.005999988059048722 0.0076264698975922127 -0.0053095678388619949
v 0.005999988059048722 0.0076264698975922127 -0.0060041479169870016
v 0.005999988059048722 0.0066568544381500738 -0.0039248022138619887
v 0.005999988059048722 0.0063408945077301519 -0.0037774633466745033
v 0.005999988059048722 0.0060041506760956306 -0.0036872533857369993
v 0.005999988059048722 0.0073889048570038333 -0.0046568578779244696
v 0.005999988059048722 0.0069424293511749762 -0.0041247533857369789
v 0.005999988059048722 0.0071889431947113527 -0.0043712743818307698
v 0.005999988059048722 0.0041247652047516365 -0.0069424413740182267
v 0.005999988059048722 0.0039248035424591559 -0.0066568578779244714
v 0.005999988059048722 0.0037774689668060792 -0.0063409093915963721
v 0.005999988059048722 0.0036872387402893557 -0.0060041479169870016
v 0.0099000124731112304 0.0036568541997314941 -0.0056568578779244705
v 0.0099000124731112304 0.0036872387402893557 -0.0053095678388619949
v 0.0099000124731112304 0.0037774689668060792 -0.0049728063642526243
v 0.0099000124731112304 0.0039248035424591559 -0.0046568578779244696
v 0.0099000124731112304 0.0041247652047516365 -0.0043712743818307698
v 0.0099000124731112304 0.004371279048288013 -0.0041247533857369789
v 0.0099000124731112304 0.0046568544381500737 -0.0039248022138619887
v 0.0099000124731112304 0.0049728138917328373 -0.0037774633466745033
v 0.0099000124731112304 0.0053095577233673585 -0.0036872533857369993
v 0.0099000124731112304 0.0056568544381500737 -0.0036568578779244687
v 0.0099000124731112304 0.0060041506760956306 -0.0036872533857369993
v 0.0099000124731112304 0.0063408945077301519 -0.0037774633466745033
v 0.0099000124731112304 0.0066568544381500738 -0.0039248022138619887
v 0.0099000124731112304 0.0069424293511749762 -0.0041247533857369789
v 0.0099000124731112304 0.0071889431947113527 -0.0043712743818307698
v 0.0099000124731112304 0.0073889048570038333 -0.0046568578779244696
v 0.0099000124731112304 0.0075362394326569096 -0.0049728063642526243
v 0.0099000124731112304 0.0076264698975922127 -0.0053095678388619949
v 0.0099000124731112304 0.0076568544381500738 -0.0056568578779244705
v 0.0099000124731112304 0.0076264698975922127 -0.0060041479169870016
v 0.0099000124731112304 0.0075362394326569096 -0.0063409093915963721
v 0.0099000124731112304 0.0073889048570038333 -0.0066568578779244714
v 0.0099000124731112304 0.0071889431947113527 -0.0069424413740182267
v 0.0099000124731112304 0.0069424293511749762 -0.0071889318525338863
v 0.0099000124731112304 0.0066568544381500738 -0.0073889135419870078
v 0.0099000124731112304 0.0063408945077301519 -0.0075362524091744931
v 0.0099000124731112304 0.0060041506760956306 -0.0076264623701119971
v 0.0099000124731112304 0.0056568544381500737 -0.0076568578779244723
v 0.0099000124731112304 0.0053095577233673585 -0.0076264623701119971
v 0.0099000124731112304 0.0049728138917328373 -0.0075362524091744931
v 0.0099000124731112304 0.0046568544381500737 -0.0073889135419870078
v 0.0099000124731112304 0.004371279048288013 -0.0071889318525338863
v 0.0099000124731112304 0.0041247652047516365 -0.0069424413740182267
v 0.0099000124731112304 0.0039248035424591559 -0.0066568578779244714
v 0.0099000124731112304 0.0037774689668060792 -0.0063409093915963721
v 0.0099000124731112304 0.0036872387402893557 -0.0060041479169870016
v 0.0099000124731112304 0.0073159597390533944 0.0018793970048879838
v 0.0099000124731112304 0.00671442489560857 0.001532076448247377
v 0.0099000124731112304 0.0069999998086334725 0.0017320581377004984
v 0.0099000124731112304 0.0061206148141266367 0.00068405398730986278
v 0.0099000124731112304 0.0062679493897797121 0.0010000024736380175
v 0.0099000124731112304 0.0064679110520721927 0.0012855859697317729
v 0.0099000124731112304 0.0086840403550507081 0.0018793970048879838
v 0.0099000124731112304 0.0076527035706879156 0.0019696069658254878
v 0.0099000124731112304 0.0080000002854706299 0.0020000024736380184
v 0.0099000124731112304 0.0083472960465790277 0.0019696069658254878
v 0.0099000124731112304 0.0064679110520721927 -0.0012855810224557396
v 0.0099000124731112304 0.0062679493897797121 -0.00099999752636198425
v 0.0099000124731112304 0.0061206148141266367 -0.000684049040033885
v 0.0099000124731112304 0.0095320885651947514 0.0012855859697317729
v 0.0099000124731112304 0.0090000002854706291 0.0017320581377004984
v 0.0099000124731112304 0.0092855751984955315 0.001532076448247377
v 0.0099000124731112304 0.0097320511811615478 0.0010000024736380175
v 0.0099000124731112304 0.0073159597390533944 -0.001879392057612006
v 0.0099000124731112304 0.0069999998086334725 -0.0017320531904244651
v 0.0099000124731112304 0.00671442489560857 -0.0015321020185494749
v 0.0099000124731112304 0.0099696152680756097 0.00034729251270049222
v 0.0099000124731112304 0.0098793852799774658 0.00068405398730986278
v 0.0099000124731112304 0.0086840403550507081 -0.001879392057612006
v 0.0099000124731112304 0.0083472960465790277 -0.00196960201854951
v 0.0099000124731112304 0.0080000002854706299 -0.0019999975263619851
v 0.0099000124731112304 0.0076527035706879156 -0.00196960201854951
v 0.0099000124731112304 0.0097320511811615478 -0.00099999752636198425
v 0.0099000124731112304 0.01000000028547063 2.4736380166423544e-09
v 0.0099000124731112304 0.0099696152680756097 -0.00034728756542451444
v 0.0099000124731112304 0.0098793852799774658 -0.000684049040033885
v 0.0099000124731112304 0.0095320885651947514 -0.0012855810224557396
v 0.0099000124731112304 0.0059999998086334725 2.4736380166423544e-09
v 0.0099000124731112304 0.0060303843491913336 0.00034729251270049222
v 0.0099000124731112304 0.0060303843491913336 -0.00034728756542451444
v 0.0099000124731112304 0.0092855751984955315 -0.0015321020185494749
v 0.0099000124731112304 0.0090000002854706291 -0.0017320531904244651
v 0.005999988059048722 0.0059999998086334725 2.4736380166423544e-09
v 0.005999988059048722 0.0060303843491913336 0.00034729251270049222
v 0.005999988059048722 0.0061206148141266367 0.00068405398730986278
v 0.005999988059048722 0.0062679493897797121 0.0010000024736380175
v 0.005999988059048722 0.0064679110520721927 0.0012855859697317729
v 0.005999988059048722 0.00671442489560857 0.001532076448247377
v 0.005999988059048722 0.0069999998086334725 0.0017320581377004984
v 0.005999988059048722 0.0073159597390533944 0.0018793970048879838
v 0.005999988059048722 0.0076527035706879156 0.0019696069658254878
v 0.005999988059048722 0.0080000002854706299 0.0020000024736380184
v 0.005999988059048722 0.0083472960465790277 0.0019696069658254878
v 0.005999988059048722 0.0086840403550507081 0.0018793970048879838
v 0.005999988059048722 0.0090000002854706291 0.0017320581377004984
v 0.005999988059048722 0.0092855751984955315 0.001532076448247377
v 0.005999988059048722 0.0095320885651947514 0.0012855859697317729
v 0.005999988059048722 0.0097320511811615478 0.0010000024736380175
v 0.005999988059048722 0.0098793852799774658 0.00068405398730986278
v 0.005999988059048722 0.0099696152680756097 0.00034729251270049222
v 0.005999988059048722 0.01000000028547063 2.4736380166423544e-09
v 0.005999988059048722 0.0099696152680756097 -0.00034728756542451444
v 0.005999988059048722 0.0098793852799774658 -0.000684049040033885
v 0.005999988059048722 0.0097320511811615478 -0.00099999752636198425
v 0.005999988059048722 0.0095320885651947514 -0.0012855810224557396
v 0.005999988059048722 0.0092855751984955315 -0.0015321020185494749
v 0.005999988059048722 0.0090000002854706291 -0.0017320531904244651
v 0.005999988059048722 0.0086840403550507081 -0.001879392057612006
v 0.005999988059048722 0.0083472960465790277 -0.00196960201854951
v 0.005999988059048722 0.0080000002854706299 -0.0019999975263619851
v 0.005999988059048722 0.0076527035706879156 -0.00196960201854951
v 0.005999988059048722 0.0073159597390533944 -0.001879392057612006
v 0.005999988059048722 0.0069999998086334725 -0.0017320531904244651
v 0.005999988059048722 0.00671442489560857 -0.0015321020185494749
v 0.005999988059048722 0.0064679110520721927 -0.0012855810224557396
v 0.005999988059048722 0.0062679493897797121 -0.00099999752636198425
v 0.005999988059048722 0.0061206148141266367 -0.000684049040033885
v 0.005999988059048722 0.0060303843491913336 -0.00034728756542451444
v 0.005999988059048722 0.0010000000470520511 -0.0097320531904244723
v 0.005999988059048722 0.00034729634460225225 -0.0099696020185495171
v 0.005999988059048722 0.00068404029544606336 -0.0098793920576120131
v 0.005999988059048722 -0.0015320888287185179 -0.0067144140302682342
v 0.005999988059048722 -0.001732050848638867 -0.0069999975263619896
v 0.005999988059048722 -0.0018793851858733641 -0.0073159460126901443
v 0.005999988059048722 -0.0019696155315993774 -0.0076527074872995149
v 0.005999988059048722 0.0015320889228226198 -0.0092855810224557467
v 0.005999988059048722 -0.00034729635480627895 -0.0099696020185495171
v 0.005999988059048722 2.3485672906225705e-12 -0.0099999975263619922
v 0.005999988059048722 0.0012855751984955325 -0.009532102018549482
v 0.005999988059048722 -0.001000000012552594 -0.0062679418622995087
v 0.005999988059048722 -0.0012855752236007201 -0.0064679235517526301
v 0.005999988059048722 0.0018793852799774663 -0.0086840490400338921
v 0.005999988059048722 0.0017320508235336794 -0.0089999975263619914
v 0.005999988059048722 -0.00068404026094660635 -0.0061206029951119678
v 0.005999988059048722 0.0019696155064941896 -0.008347287565424466
v 0.005999988059048722 -0.0018793851858733641 -0.0086840490400338921
v 0.005999988059048722 -0.001732050848638867 -0.0089999975263619914
v 0.005999988059048722 -0.0015320888287185179 -0.0092855810224557467
v 0.005999988059048722 -0.0012855752236007201 -0.009532102018549482
v 0.005999988059048722 -0.001000000012552594 -0.0097320531904244723
v 0.005999988059048722 -0.00068404026094660635 -0.0098793920576120131
v 0.005999988059048722 0.0018793852799774663 -0.0073159460126901443
v 0.005999988059048722 -0.001999999952947949 -0.0079999975263619905
v 0.005999988059048722 -0.0019696155315993774 -0.008347287565424466
v 0.005999988059048722 0.0020000000470520507 -0.0079999975263619905
v 0.005999988059048722 0.0019696155064941896 -0.0076527074872995149
v 0.005999988059048722 0.00068404029544606336 -0.0061206029951119678
v 0.005999988059048722 0.00034729634460225225 -0.0060303930341745193
v 0.005999988059048722 2.3485672906225705e-12 -0.0059999975263619887
v 0.005999988059048722 -0.00034729635480627895 -0.0060303930341745193
v 0.005999988059048722 0.0015320889228226198 -0.0067144140302682342
v 0.005999988059048722 0.0017320508235336794 -0.0069999975263619896
v 0.005999988059048722 0.0012855751984955325 -0.0064679235517526301
v 0.005999988059048722 0.0010000000470520511 -0.0062679418622995087
v 0.0099000124731112304 -0.001999999952947949 -0.0079999975263619905
v 0.0099000124731112304 -0.0019696155315993774 -0.0076527074872995149
v 0.0099000124731112304 -0.0018793851858733641 -0.0073159460126901443
v 0.0099000124731112304 -0.001732050848638867 -0.0069999975263619896
v 0.0099000124731112304 -0.0015320888287185179 -0.0067144140302682342
v 0.0099000124731112304 -0.0012855752236007201 -0.0064679235517526301
v 0.0099000124731112304 -0.001000000012552594 -0.0062679418622995087
v 0.0099000124731112304 -0.00068404026094660635 -0.0061206029951119678
v 0.0099000124731112304 -0.00034729635480627895 -0.0060303930341745193
v 0.0099000124731112304 2.3485672906225705e-12 -0.0059999975263619887
v 0.0099000124731112304 0.00034729634460225225 -0.0060303930341745193
v 0.0099000124731112304 0.00068404029544606336 -0.0061206029951119678
v 0.0099000124731112304 0.0010000000470520511 -0.0062679418622995087
v 0.0099000124731112304 0.0012855751984955325 -0.0064679235517526301
v 0.0099000124731112304 0.0015320889228226198 -0.0067144140302682342
v 0.0099000124731112304 0.0017320508235336794 -0.0069999975263619896
v 0.0099000124731112304 0.0018793852799774663 -0.0073159460126901443
v 0.0099000124731112304 0.0019696155064941896 -0.0076527074872995149
v 0.0099000124731112304 0.0020000000470520507 -0.0079999975263619905
v 0.0099000124731112304 0.0019696155064941896 -0.008347287565424466
v 0.0099000124731112304 0.0018793852799774663 -0.0086840490400338921
v 0.0099000124731112304 0.0017320508235336794 -0.0089999975263619914
v 0.0099000124731112304 0.0015320889228226198 -0.0092855810224557467
v 0.0099000124731112304 0.0012855751984955325 -0.009532102018549482
v 0.0099000124731112304 0.0010000000470520511 -0.0097320531904244723
v 0.0099000124731112304 0.00068404029544606336 -0.0098793920576120131
v 0.0099000124731112304 0.00034729634460225225 -0.0099696020185495171
v 0.0099000124731112304 2.3485672906225705e-12 -0.0099999975263619922
v 0.0099000124731112304 -0.00034729635480627895 -0.0099696020185495171
v 0.0099000124731112304 -0.00068404026094660635 -0.0098793920576120131
v 0.0099000124731112304 -0.001000000012552594 -0.0097320531904244723
v 0.0099000124731112304 -0.0012855752236007201 -0.009532102018549482
v 0.0099000124731112304 -0.0015320888287185179 -0.0092855810224557467
v 0.0099000124731112304 -0.001732050848638867 -0.0089999975263619914
v 0.0099000124731112304 -0.0018793851858733641 -0.0086840490400338921
v 0.0099000124731112304 -0.0019696155315993774 -0.008347287565424466
f 1 2 3
f 1 3 4
f 5 4 6
f 5 1 4
f 7 6 8
f 7 5 6
f 9 8 10
f 9 7 8
f 11 10 12
f 11 9 10
f 13 11 12
f 13 12 14
f 15 13 14
f 15 16 17
f 15 14 16
f 18 15 17
f 19 18 17
f 19 17 20
f 21 19 20
f 21 20 22
f 23 21 22
f 23 22 24
f 25 23 24
f 25 26 27
f 25 24 26
f 28 25 27
f 29 28 27
f 29 30 31
f 29 27 30
f 32 29 31
f 33 32 31
f 33 31 34
f 35 33 34
f 35 36 37
f 35 34 36
f 38 35 37
f 39 38 37
f 39 40 41
f 39 37 40
f 42 39 41
f 43 44 45
f 43 41 44
f 43 42 41
f 46 45 47
f 46 43 45
f 48 46 47
f 49 47 50
f 49 48 47
f 51 52 53
f 51 50 52
f 51 49 50
f 54 51 53
f 55 56 57
f 55 53 56
f 55 54 53
f 58 55 57
f 59 57 60
f 59 58 57
f 61 60 62
f 61 59 60
f 63 62 64
f 63 61 62
f 65 63 64
f 65 64 66
f 67 65 66
f 67 66 68
f 69 67 68
f 69 68 70
f 71 69 70
f 71 70 72
f 2 71 72
f 2 72 3
f 73 74 75
f 76 75 77
f 76 73 75
f 78 77 79
f 78 76 77
f 80 79 81
f 80 78 79
f 82 81 83
f 82 80 81
f 84 83 85
f 84 82 83
f 86 84 85
f 86 85 87
f 88 86 87
f 88 87 89
f 90 88 89
f 90 89 91
f 92 90 91
f 92 91 93
f 94 92 93
f 94 93 95
f 96 94 95
f 96 95 97
f 98 96 97
f 98 97 99
f 100 98 99
f 100 99 101
f 102 100 101
f 102 101 103
f 104 102 103
f 104 103 105
f 106 104 105
f 106 105 107
f 108 106 107
f 108 107 109
f 110 108 109
f 110 109 111
f 112 111 113
f 112 110 111
f 114 113 115
f 114 112 113
f 116 114 115
f 117 115 118
f 117 118 119
f 117 116 115
f 120 117 119
f 121 119 122
f 121 122 123
f 121 120 119
f 124 121 123
f 125 123 126
f 125 126 127
f 125 124 123
f 128 125 127
f 129 127 130
f 129 130 131
f 129 128 127
f 132 129 131
f 133 131 134
f 133 132 131
f 135 133 134
f 135 134 136
f 135 136 137
f 138 135 137
f 139 138 137
f 139 137 140
f 139 140 141
f 142 139 141
f 142 141 143
f 144 143 74
f 144 142 143
f 73 144 74
f 145 146 147
f 148 147 149
f 148 145 147
f 150 149 151
f 150 148 149
f 152 151 153
f 152 150 151
f 154 153 155
f 154 152 153
f 156 155 157
f 156 154 155
f 158 156 157
f 158 157 159
f 160 158 159
f 160 159 161
f 162 160 161
f 162 161 163
f 164 162 163
f 164 163 165
f 166 164 165
f 166 165 167
f 168 166 167
f 168 167 169
f 170 168 169
f 170 169 171
f 172 170 171
f 172 171 173
f 174 172 173
f 174 173 175
f 176 174 175
f 176 175 177
f 178 176 177
f 178 177 179
f 180 178 179
f 180 179 181
f 182 180 181
f 182 181 183
f 184 183 185
f 184 182 183
f 186 185 187
f 186 184 185
f 188 186 187
f 189 187 190
f 189 190 191
f 189 188 187
f 192 189 191
f 193 191 194
f 193 194 195
f 193 192 191
f 196 193 195
f 197 195 198
f 197 198 199
f 197 196 195
f 200 197 199
f 201 199 202
f 201 202 203
f 201 200 199
f 204 201 203
f 205 203 206
f 205 204 203
f 207 205 206
f 207 206 208
f 207 208 209
f 210 207 209
f 211 210 209
f 211 209 212
f 211 212 213
f 214 211 213
f 214 213 215
f 216 214 215
f 145 216 215
f 145 215 146
f 217 218 219
f 217 220 218
f 221 219 222
f 221 217 219
f 223 222 224
f 223 224 225
f 223 221 222
f 226 223 225
f 227 225 228
f 227 228 229
f 227 226 225
f 230 227 229
f 231 229 232
f 231 232 233
f 231 230 229
f 234 231 233
f 235 233 236
f 235 234 233
f 237 236 238
f 237 238 239
f 237 235 236
f 240 237 239
f 241 239 242
f 241 240 239
f 243 242 244
f 243 241 242
f 245 244 246
f 245 243 244
f 247 245 246
f 247 246 248
f 249 247 248
f 249 248 250
f 251 249 250
f 251 250 252
f 251 252 253
f 254 251 253
f 218 220 255
f 255 256 257
f 220 256 255
f 257 258 259
f 256 258 257
f 259 260 261
f 258 260 259
f 261 262 263
f 260 262 261
f 263 264 265
f 262 264 263
f 265 266 267
f 264 266 265
f 267 268 269
f 266 268 267
f 269 270 271
f 268 270 269
f 270 272 271
f 271 273 274
f 272 273 271
f 274 275 276
f 276 275 277
f 273 275 274
f 275 278 277
f 277 279 280
f 278 279 277
f 280 281 282
f 279 281 280
f 282 283 284
f 284 283 285
f 281 283 282
f 283 286 285
f 287 288 289
f 287 290 288
f 291 289 292
f 291 287 289
f 293 292 294
f 293 291 292
f 295 294 296
f 295 293 294
f 297 296 298
f 297 298 299
f 297 295 296
f 300 299 301
f 300 297 299
f 302 300 301
f 303 301 304
f 303 302 301
f 305 304 306
f 305 303 304
f 307 306 308
f 307 308 309
f 307 305 306
f 310 307 309
f 311 309 312
f 311 310 309
f 313 312 314
f 313 311 312
f 315 314 316
f 315 313 314
f 317 315 316
f 317 316 318
f 319 317 318
f 319 318 320
f 321 319 320
f 321 320 322
f 321 322 285
f 286 321 285
f 323 253 324
f 323 254 253
f 325 324 326
f 325 323 324
f 327 326 328
f 327 325 326
f 329 328 330
f 329 327 328
f 331 330 332
f 331 332 333
f 331 329 330
f 334 331 333
f 335 333 336
f 335 334 333
f 337 336 338
f 337 338 339
f 337 335 336
f 340 337 339
f 341 339 342
f 341 340 339
f 343 342 344
f 343 341 342
f 345 344 346
f 345 346 347
f 345 343 344
f 348 345 347
f 349 347 350
f 349 348 347
f 351 350 352
f 351 349 350
f 290 351 352
f 290 352 288
f 81 353 83
f 83 354 85
f 353 354 83
f 354 355 85
f 79 356 81
f 81 356 353
f 355 357 85
f 85 357 87
f 79 358 356
f 77 358 79
f 87 359 89
f 357 359 87
f 75 360 77
f 77 360 358
f 359 361 89
f 89 361 91
f 74 362 75
f 75 362 360
f 361 363 91
f 91 363 93
f 74 364 362
f 143 364 74
f 93 365 95
f 363 365 93
f 141 366 143
f 143 366 364
f 141 140 366
f 95 367 97
f 365 367 95
f 140 368 366
f 97 369 99
f 367 369 97
f 140 370 368
f 137 370 140
f 369 101 99
f 371 101 369
f 137 136 370
f 370 136 372
f 371 373 101
f 373 103 101
f 136 134 372
f 372 134 374
f 134 375 374
f 376 105 373
f 373 105 103
f 134 131 375
f 377 107 376
f 376 107 105
f 378 130 379
f 375 130 378
f 131 130 375
f 380 109 377
f 381 109 380
f 377 109 107
f 130 127 379
f 382 111 381
f 381 111 109
f 127 126 379
f 379 126 383
f 382 113 111
f 126 123 383
f 384 123 385
f 383 123 384
f 382 115 113
f 386 115 382
f 387 115 386
f 123 122 385
f 387 118 115
f 388 119 387
f 385 119 388
f 122 119 385
f 387 119 118
f 153 389 155
f 151 390 153
f 153 390 389
f 155 391 157
f 389 391 155
f 151 392 390
f 157 393 159
f 391 393 157
f 149 394 151
f 151 394 392
f 393 395 159
f 159 395 161
f 161 395 163
f 149 396 394
f 146 396 147
f 147 396 149
f 395 397 163
f 146 398 396
f 163 399 165
f 397 399 163
f 215 400 146
f 146 400 398
f 399 401 165
f 165 401 167
f 215 402 400
f 213 402 215
f 401 169 167
f 401 403 169
f 213 404 402
f 212 404 213
f 403 405 169
f 169 405 171
f 209 406 212
f 212 406 404
f 405 173 171
f 407 173 405
f 209 208 406
f 406 208 408
f 409 175 407
f 407 175 173
f 208 206 408
f 408 206 410
f 411 177 409
f 409 177 175
f 206 203 410
f 412 203 413
f 410 203 412
f 414 179 411
f 411 179 177
f 413 202 415
f 203 202 413
f 416 181 414
f 417 181 416
f 414 181 179
f 415 199 418
f 202 199 415
f 417 183 181
f 199 198 418
f 417 185 183
f 419 185 417
f 198 195 418
f 418 195 420
f 421 187 419
f 422 187 421
f 419 187 185
f 195 194 420
f 423 194 424
f 420 194 423
f 424 190 422
f 422 190 187
f 194 191 424
f 424 191 190
f 425 426 323
f 427 254 323
f 427 323 426
f 428 425 323
f 429 254 427
f 430 323 325
f 430 428 323
f 431 251 254
f 431 254 429
f 432 430 325
f 433 249 251
f 433 251 431
f 434 432 325
f 435 247 249
f 435 249 433
f 436 325 327
f 436 434 325
f 437 247 435
f 438 436 327
f 245 247 437
f 439 245 437
f 243 245 439
f 440 243 439
f 241 243 440
f 241 440 441
f 240 241 441
f 240 441 442
f 260 443 438
f 260 327 329
f 260 438 327
f 237 240 442
f 237 442 444
f 262 329 331
f 262 260 329
f 258 445 443
f 258 446 445
f 258 447 446
f 258 443 260
f 264 331 334
f 264 262 331
f 235 444 448
f 235 237 444
f 256 447 258
f 256 449 447
f 256 450 449
f 256 451 450
f 266 264 334
f 234 448 452
f 234 235 448
f 231 452 453
f 231 234 452
f 220 454 451
f 220 455 454
f 220 451 256
f 268 334 335
f 268 335 337
f 268 266 334
f 230 453 456
f 230 231 453
f 217 457 455
f 217 455 220
f 227 456 458
f 227 230 456
f 221 459 457
f 221 457 217
f 226 458 460
f 226 227 458
f 223 460 459
f 223 459 221
f 223 226 460
f 270 268 337
f 272 337 340
f 272 340 341
f 272 270 337
f 273 341 343
f 273 272 341
f 275 273 343
f 278 343 345
f 278 275 343
f 279 278 345
f 348 279 345
f 461 462 281
f 463 281 462
f 463 283 281
f 464 461 281
f 464 281 279
f 464 279 348
f 465 283 463
f 466 464 348
f 466 348 349
f 467 283 465
f 468 466 349
f 469 283 467
f 469 286 283
f 470 468 349
f 471 286 469
f 472 470 349
f 473 286 471
f 473 321 286
f 474 321 473
f 474 319 321
f 351 472 349
f 351 475 472
f 351 476 475
f 477 319 474
f 317 319 477
f 478 476 351
f 479 317 477
f 480 478 351
f 315 317 479
f 481 315 479
f 482 480 351
f 313 315 481
f 483 313 481
f 311 313 483
f 311 483 484
f 290 482 351
f 290 485 482
f 290 486 485
f 310 311 484
f 310 484 487
f 287 488 486
f 287 486 290
f 307 310 487
f 307 487 489
f 291 490 488
f 291 488 287
f 305 307 489
f 305 489 491
f 293 492 490
f 293 490 291
f 303 305 491
f 303 491 493
f 295 494 492
f 295 492 293
f 302 303 493
f 302 493 495
f 297 494 295
f 297 496 494
f 300 302 495
f 300 496 297
f 300 495 496
f 360 362 497
f 360 497 498
f 358 498 499
f 358 360 498
f 356 499 500
f 356 358 499
f 353 500 501
f 353 356 500
f 354 501 502
f 354 353 501
f 355 354 502
f 355 502 503
f 357 355 503
f 357 503 504
f 359 357 504
f 359 504 505
f 361 359 505
f 361 505 506
f 363 361 506
f 363 506 507
f 365 363 507
f 365 507 508
f 367 365 508
f 367 508 509
f 369 367 509
f 369 509 510
f 371 369 510
f 371 510 511
f 373 371 511
f 373 511 512
f 376 373 512
f 376 512 513
f 377 376 513
f 377 513 514
f 380 377 514
f 380 514 515
f 381 515 516
f 381 380 515
f 382 516 517
f 382 381 516
f 386 517 518
f 386 382 517
f 387 518 519
f 387 386 518
f 388 519 520
f 388 387 519
f 385 520 521
f 385 388 520
f 384 521 522
f 384 385 521
f 383 523 524
f 383 522 523
f 383 384 522
f 379 383 524
f 378 524 525
f 378 379 524
f 375 525 526
f 375 378 525
f 374 526 527
f 374 375 526
f 372 527 528
f 372 374 527
f 370 372 528
f 370 528 529
f 368 370 529
f 368 529 530
f 366 368 530
f 366 530 531
f 364 366 531
f 364 531 532
f 362 364 532
f 362 532 497
f 396 398 533
f 396 533 534
f 394 534 535
f 394 396 534
f 392 535 536
f 392 394 535
f 390 536 537
f 390 392 536
f 389 537 538
f 389 390 537
f 391 389 538
f 391 538 539
f 393 391 539
f 393 539 540
f 395 393 540
f 395 540 541
f 397 395 541
f 397 541 542
f 399 397 542
f 399 542 543
f 401 399 543
f 401 543 544
f 403 401 544
f 403 544 545
f 405 403 545
f 405 545 546
f 407 405 546
f 407 546 547
f 409 407 547
f 409 547 548
f 411 409 548
f 411 548 549
f 414 411 549
f 414 549 550
f 416 414 550
f 416 550 551
f 417 551 552
f 417 416 551
f 419 552 553
f 419 417 552
f 421 553 554
f 421 419 553
f 422 554 555
f 422 421 554
f 424 555 556
f 424 422 555
f 423 556 557
f 423 424 556
f 420 557 558
f 420 423 557
f 418 558 559
f 418 420 558
f 415 559 560
f 415 418 559
f 413 560 561
f 413 415 560
f 412 561 562
f 412 413 561
f 410 562 563
f 410 412 562
f 408 563 564
f 408 410 563
f 406 408 564
f 406 564 565
f 404 406 565
f 404 565 566
f 402 404 566
f 402 566 567
f 400 402 567
f 400 568 533
f 400 567 568
f 398 400 533
f 569 461 464
f 570 464 466
f 570 569 464
f 571 466 468
f 571 570 466
f 572 468 470
f 572 571 468
f 573 470 472
f 573 572 470
f 574 472 475
f 574 573 472
f 575 574 475
f 575 475 476
f 576 575 476
f 576 476 478
f 577 576 478
f 577 478 480
f 578 577 480
f 578 480 482
f 579 578 482
f 579 482 485
f 580 579 485
f 580 485 486
f 581 580 486
f 581 486 488
f 582 581 488
f 582 488 490
f 583 582 490
f 583 490 492
f 584 583 492
f 584 492 494
f 585 584 494
f 585 494 496
f 586 585 496
f 587 586 496
f 587 496 495
f 587 495 493
f 588 493 491
f 588 587 493
f 589 491 489
f 589 588 491
f 590 489 487
f 590 589 489
f 591 487 484
f 591 590 487
f 592 484 483
f 592 591 484
f 593 592 483
f 594 483 481
f 594 481 479
f 594 593 483
f 595 479 477
f 595 594 479
f 596 477 474
f 596 595 477
f 597 596 474
f 598 474 473
f 598 597 474
f 599 473 471
f 599 598 473
f 600 599 471
f 600 471 469
f 601 600 469
f 601 469 467
f 601 467 465
f 602 601 465
f 603 602 465
f 603 465 463
f 604 603 463
f 604 463 462
f 604 462 461
f 569 604 461
f 605 425 428
f 606 428 430
f 606 605 428
f 607 430 432
f 607 606 430
f 608 432 434
f 608 607 432
f 609 434 436
f 609 608 434
f 610 436 438
f 610 609 436
f 611 610 438
f 611 438 443
f 612 611 443
f 612 443 445
f 613 612 445
f 613 445 446
f 614 613 446
f 614 446 447
f 615 614 447
f 615 447 449
f 616 615 449
f 616 449 450
f 617 616 450
f 617 450 451
f 618 617 451
f 618 451 454
f 619 618 454
f 619 454 455
f 620 619 455
f 620 455 457
f 621 620 457
f 621 457 459
f 622 621 459
f 622 459 460
f 623 622 460
f 623 460 458
f 624 623 458
f 625 624 458
f 625 458 456
f 625 456 453
f 626 453 452
f 626 625 453
f 627 452 448
f 627 626 452
f 628 627 448
f 629 448 444
f 629 628 448
f 630 444 442
f 630 442 441
f 630 629 444
f 631 630 441
f 632 441 440
f 632 631 441
f 633 440 439
f 633 632 440
f 634 439 437
f 634 437 435
f 634 633 439
f 635 435 433
f 635 634 435
f 636 635 433
f 637 636 433
f 637 433 431
f 637 431 429
f 638 637 429
f 639 638 429
f 639 429 427
f 639 427 426
f 640 639 426
f 640 426 425
f 605 640 425
f 510 509 511
f 513 515 514
f 512 515 513
f 511 515 512
f 508 506 509
f 507 506 508
f 515 517 516
f 505 504 506
f 517 519 518
f 511 519 515
f 509 519 511
f 515 519 517
f 501 500 502
f 520 522 521
f 519 522 520
f 509 522 519
f 503 499 504
f 502 499 503
f 500 499 502
f 523 525 524
f 522 525 523
f 498 532 499
f 497 532 498
f 499 532 504
f 504 526 506
f 506 526 509
f 509 526 522
f 522 526 525
f 526 528 527
f 504 528 526
f 532 528 504
f 532 529 528
f 531 529 532
f 530 529 531
f 543 641 642
f 542 643 641
f 542 641 543
f 544 642 644
f 544 543 642
f 541 645 643
f 541 643 542
f 545 644 646
f 545 544 644
f 540 647 645
f 540 645 541
f 546 646 648
f 546 545 646
f 539 649 647
f 539 647 540
f 547 546 648
f 547 648 650
f 538 651 649
f 538 649 539
f 548 547 650
f 548 650 652
f 537 653 651
f 537 651 538
f 549 548 652
f 549 652 654
f 536 653 537
f 655 653 536
f 550 654 656
f 550 549 654
f 535 655 536
f 657 655 535
f 551 550 656
f 551 656 658
f 534 657 535
f 552 551 658
f 659 552 658
f 660 657 534
f 533 660 534
f 553 552 659
f 661 553 659
f 662 533 568
f 662 660 533
f 554 553 661
f 663 555 554
f 663 554 661
f 664 568 567
f 664 662 568
f 665 556 555
f 665 555 663
f 666 567 566
f 666 664 567
f 667 566 565
f 667 666 566
f 668 557 556
f 668 556 665
f 669 565 564
f 669 667 565
f 670 558 557
f 670 557 668
f 671 564 563
f 671 669 564
f 672 559 558
f 672 558 670
f 673 559 672
f 673 560 559
f 674 563 562
f 674 671 563
f 675 674 562
f 675 562 561
f 676 560 673
f 676 675 561
f 676 561 560
f 601 677 600
f 600 678 599
f 677 678 600
f 602 679 601
f 601 679 677
f 599 680 598
f 678 680 599
f 602 681 679
f 603 681 602
f 598 682 597
f 680 682 598
f 604 683 603
f 603 683 681
f 597 684 596
f 682 684 597
f 569 685 604
f 604 685 683
f 596 686 595
f 684 686 596
f 570 687 569
f 569 687 685
f 595 688 594
f 686 688 595
f 570 689 687
f 571 689 570
f 688 690 594
f 690 593 594
f 571 691 689
f 572 691 571
f 690 692 593
f 692 592 593
f 573 693 572
f 572 693 691
f 692 694 592
f 573 695 693
f 694 591 592
f 696 591 694
f 573 574 695
f 574 697 695
f 696 590 591
f 698 590 696
f 574 575 697
f 575 699 697
f 700 589 698
f 698 589 590
f 699 576 701
f 575 576 699
f 702 588 700
f 700 588 589
f 701 577 703
f 576 577 701
f 704 587 702
f 702 587 588
f 703 578 705
f 577 578 703
f 706 586 704
f 704 586 587
f 705 579 707
f 578 579 705
f 708 585 706
f 706 585 586
f 707 580 709
f 579 580 707
f 710 584 708
f 708 584 585
f 709 581 711
f 580 581 709
f 710 583 584
f 712 583 710
f 581 582 711
f 712 582 583
f 711 582 712
f 637 713 636
f 636 714 635
f 713 714 636
f 638 715 637
f 637 715 713
f 635 716 634
f 714 716 635
f 638 717 715
f 639 717 638
f 634 718 633
f 716 718 634
f 640 719 639
f 639 719 717
f 633 720 632
f 718 720 633
f 605 721 640
f 640 721 719
f 632 722 631
f 720 722 632
f 605 723 721
f 606 723 605
f 631 724 630
f 722 724 631
f 606 725 723
f 607 725 606
f 724 726 630
f 726 629 630
f 607 727 725
f 608 727 607
f 726 728 629
f 728 628 629
f 608 729 727
f 609 729 608
f 728 730 628
f 609 731 729
f 730 627 628
f 732 627 730
f 609 610 731
f 610 733 731
f 732 626 627
f 734 626 732
f 610 611 733
f 611 735 733
f 736 625 734
f 734 625 626
f 735 612 737
f 611 612 735
f 736 624 625
f 738 624 736
f 737 613 739
f 612 613 737
f 740 623 738
f 738 623 624
f 739 614 741
f 613 614 739
f 742 622 740
f 740 622 623
f 614 615 741
f 743 621 742
f 742 621 622
f 615 616 741
f 741 616 744
f 744 616 745
f 746 620 743
f 743 620 621
f 745 617 747
f 616 617 745
f 746 619 620
f 748 619 746
f 617 618 747
f 748 618 619
f 747 618 748
f 749 750 668
f 749 668 665
f 751 665 663
f 751 749 665
f 752 663 661
f 752 751 663
f 753 661 659
f 753 752 661
f 754 659 658
f 754 753 659
f 755 754 658
f 755 656 654
f 755 658 656
f 756 755 654
f 757 756 654
f 757 654 652
f 758 757 652
f 758 652 650
f 759 758 650
f 759 648 646
f 759 650 648
f 760 759 646
f 761 760 646
f 761 644 642
f 761 646 644
f 762 761 642
f 763 762 642
f 763 641 643
f 763 642 641
f 764 763 643
f 765 764 643
f 765 643 645
f 766 765 645
f 766 647 649
f 766 645 647
f 767 766 649
f 768 649 651
f 768 767 649
f 769 651 653
f 769 768 651
f 770 653 655
f 770 769 653
f 771 770 655
f 771 655 657
f 772 657 660
f 772 771 657
f 773 660 662
f 773 772 660
f 774 662 664
f 774 773 662
f 775 664 666
f 775 774 664
f 776 666 667
f 776 775 666
f 777 667 669
f 777 776 667
f 778 669 671
f 778 777 669
f 779 671 674
f 779 778 671
f 780 674 675
f 780 779 674
f 781 780 675
f 781 675 676
f 782 781 676
f 782 676 673
f 783 782 673
f 783 673 672
f 784 783 672
f 784 670 668
f 784 672 670
f 750 784 668
f 785 786 685
f 785 685 687
f 787 687 689
f 787 785 687
f 788 689 691
f 788 787 689
f 789 691 693
f 789 788 691
f 790 693 695
f 790 789 693
f 791 790 695
f 791 695 697
f 792 791 697
f 792 697 699
f 793 792 699
f 793 699 701
f 794 793 701
f 794 701 703
f 795 794 703
f 795 703 705
f 796 795 705
f 796 705 707
f 797 796 707
f 797 707 709
f 797 709 711
f 798 797 711
f 799 798 711
f 799 711 712
f 800 799 712
f 800 712 710
f 801 800 710
f 801 710 708
f 802 801 708
f 802 708 706
f 803 802 706
f 803 706 704
f 804 803 704
f 804 704 702
f 805 804 702
f 805 702 700
f 805 700 698
f 806 805 698
f 807 698 696
f 807 806 698
f 808 696 694
f 808 807 696
f 809 694 692
f 809 692 690
f 809 808 694
f 810 690 688
f 810 809 690
f 811 810 688
f 812 688 686
f 812 811 688
f 813 686 684
f 813 812 686
f 814 684 682
f 814 682 680
f 814 813 684
f 815 814 680
f 816 815 680
f 816 680 678
f 817 816 678
f 817 678 677
f 817 677 679
f 818 817 679
f 819 818 679
f 819 679 681
f 819 681 683
f 820 819 683
f 820 683 685
f 786 820 685
f 821 822 721
f 821 721 723
f 823 723 725
f 823 821 723
f 824 725 727
f 824 823 725
f 825 727 729
f 825 824 727
f 826 729 731
f 826 825 729
f 827 731 733
f 827 826 731
f 828 827 733
f 828 733 735
f 829 828 735
f 829 735 737
f 830 829 737
f 830 737 739
f 831 830 739
f 831 739 741
f 831 741 744
f 832 831 744
f 833 832 744
f 833 744 745
f 834 833 745
f 834 745 747
f 835 834 747
f 835 747 748
f 836 835 748
f 836 748 746
f 837 836 746
f 837 746 743
f 838 837 743
f 838 743 742
f 839 838 742
f 839 742 740
f 840 740 738
f 840 839 740
f 841 738 736
f 841 840 738
f 842 736 734
f 842 734 732
f 842 841 736
f 843 842 732
f 843 732 730
f 844 843 730
f 845 730 728
f 845 728 726
f 845 844 730
f 846 845 726
f 847 726 724
f 847 724 722
f 847 846 726
f 848 847 722
f 849 722 720
f 849 848 722
f 850 720 718
f 850 849 720
f 851 718 716
f 851 850 718
f 852 851 716
f 852 716 714
f 852 714 713
f 853 852 713
f 854 853 713
f 854 713 715
f 855 854 715
f 855 715 717
f 856 855 717
f 856 717 719
f 856 719 721
f 822 856 721
f 857 858 859
f 857 859 860
f 861 860 859
f 862 861 859
f 863 862 859
f 864 863 859
f 865 858 857
f 866 864 859
f 867 866 859
f 868 867 859
f 869 868 859
f 870 871 858
f 870 858 865
f 872 859 873
f 872 869 859
f 874 871 870
f 875 872 873
f 876 875 873
f 877 876 873
f 878 877 873
f 879 873 880
f 879 878 873
f 881 882 871
f 881 871 874
f 883 879 880
f 884 882 881
f 885 882 884
f 886 887 888
f 886 888 889
f 890 891 882
f 890 882 885
f 892 891 890
f 893 891 892
f 894 891 893
f 895 891 894
f 896 897 898
f 766 899 891
f 766 767 899
f 768 899 767
f 900 901 897
f 900 897 896
f 902 898 903
f 902 896 898
f 765 766 891
f 769 899 768
f 904 903 905
f 904 902 903
f 906 901 900
f 906 907 901
f 764 891 895
f 764 765 891
f 764 895 908
f 770 899 769
f 909 905 910
f 909 904 905
f 911 907 906
f 763 764 908
f 763 908 912
f 771 913 899
f 771 899 770
f 914 909 910
f 914 910 915
f 916 907 911
f 762 912 917
f 762 917 918
f 762 763 912
f 772 913 771
f 919 914 915
f 919 915 920
f 921 907 916
f 921 922 907
f 761 762 918
f 761 918 923
f 773 924 913
f 773 913 772
f 925 919 920
f 925 920 926
f 927 922 921
f 760 761 923
f 760 923 928
f 760 928 929
f 774 924 773
f 930 926 931
f 930 925 926
f 932 922 927
f 933 924 774
f 759 760 929
f 759 929 934
f 775 933 774
f 935 931 936
f 935 930 931
f 937 922 932
f 937 938 922
f 939 933 775
f 776 939 775
f 940 935 936
f 941 938 937
f 942 940 936
f 943 940 942
f 944 938 941
f 945 776 777
f 945 939 776
f 946 943 942
f 947 943 946
f 948 945 777
f 948 777 778
f 949 950 947
f 949 947 946
f 951 778 779
f 951 948 778
f 952 953 950
f 952 954 953
f 952 950 949
f 955 956 957
f 955 957 958
f 955 958 959
f 955 959 960
f 961 758 759
f 961 757 758
f 961 934 956
f 961 759 934
f 961 956 955
f 962 779 780
f 962 951 779
f 963 964 965
f 963 965 966
f 963 955 960
f 963 960 967
f 963 967 964
f 968 756 757
f 968 755 756
f 968 754 755
f 968 757 961
f 969 780 781
f 969 962 780
f 970 781 782
f 970 969 781
f 971 966 972
f 971 972 973
f 971 973 974
f 971 974 975
f 971 975 976
f 971 963 966
f 977 754 968
f 977 753 754
f 977 752 753
f 977 751 752
f 978 782 783
f 978 970 782
f 979 749 751
f 979 751 977
f 980 783 784
f 980 978 783
f 981 750 749
f 981 749 979
f 982 784 750
f 982 980 784
f 982 750 981
f 983 984 938
f 985 984 983
f 986 983 938
f 986 938 944
f 987 984 985
f 988 986 944
f 988 944 989
f 990 984 987
f 991 988 989
f 992 984 990
f 992 993 984
f 994 993 992
f 995 883 880
f 995 971 976
f 995 880 996
f 995 976 997
f 995 997 883
f 998 993 994
f 999 1000 954
f 999 1001 1000
f 999 1002 1001
f 999 1003 1002
f 999 954 952
f 999 1004 1003
f 1005 991 989
f 1005 989 1006
f 1007 1005 1006
f 1007 1006 1008
f 1009 1007 1008
f 1010 1009 1008
f 1010 1008 1011
f 1012 1010 1011
f 1012 1011 1013
f 1014 1012 1013
f 1015 993 998
f 1016 996 887
f 1016 887 886
f 1016 995 996
f 1017 1018 1016
f 1019 1016 886
f 1019 1017 1016
f 1020 1021 993
f 1020 993 1015
f 1022 1023 1024
f 1022 1024 1025
f 1022 1025 1026
f 1022 1026 1014
f 1022 1004 999
f 1022 1014 1013
f 1022 1027 1004
f 1022 1013 1027
f 1028 1021 1020
f 1029 1021 1028
f 1030 1021 1029
f 1031 1021 1030
f 1032 1033 1021
f 1032 1021 1031
f 1034 1033 1032
f 1035 1033 1034
f 1036 886 1033
f 1036 1019 886
f 1037 1038 1023
f 1037 1023 1022
f 1037 1039 1038
f 1037 1040 1039
f 1041 1033 1035
f 1041 1035 1042
f 1041 1036 1033
f 1043 1040 1037
f 1043 1044 1040
f 1043 1045 1044
f 1046 1042 1047
f 1046 1047 1048
f 1046 1048 1049
f 1046 1049 1050
f 1046 1050 1051
f 1046 1041 1042
f 1052 1053 1054
f 1052 1045 1043
f 1052 1054 1045
f 1055 1051 1056
f 1055 1053 1052
f 1055 1056 1057
f 1055 1057 1058
f 1055 1058 1059
f 1055 1059 1060
f 1055 1060 1061
f 1055 1061 1062
f 1055 1046 1051
f 1055 1062 1063
f 1055 1063 1064
f 1055 1064 1053
f 787 788 789
f 792 790 791
f 786 785 787
f 795 792 793
f 795 793 794
f 819 820 786
f 816 789 790
f 816 817 818
f 816 818 819
f 816 787 789
f 816 786 787
f 816 819 786
f 814 815 816
f 814 816 790
f 803 801 802
f 812 813 814
f 812 790 792
f 812 814 790
f 810 811 812
f 810 792 795
f 810 812 792
f 806 799 800
f 806 800 801
f 806 803 804
f 806 804 805
f 806 801 803
f 809 795 796
f 809 810 795
f 808 796 797
f 808 797 798
f 808 798 799
f 808 806 807
f 808 799 806
f 808 809 796
f 831 827 828
f 831 828 829
f 831 829 830
f 835 825 826
f 835 826 827
f 835 831 832
f 835 832 833
f 835 833 834
f 835 827 831
f 837 823 824
f 837 824 825
f 837 835 836
f 837 825 835
f 850 851 852
f 838 821 823
f 838 823 837
f 839 822 821
f 839 821 838
f 848 849 850
f 841 839 840
f 841 855 856
f 841 856 822
f 841 822 839
f 845 846 847
f 845 847 848
f 845 848 850
f 843 841 842
f 843 853 854
f 843 854 855
f 843 855 841
f 844 853 843
f 844 845 850
f 844 852 853
f 844 850 852
f 977 1065 1066
f 979 1066 1067
f 979 977 1066
f 981 1067 1068
f 981 979 1067
f 982 1068 1069
f 982 981 1068
f 980 1069 1070
f 980 982 1069
f 978 1070 1071
f 978 980 1070
f 970 978 1071
f 969 1071 1072
f 969 970 1071
f 962 1072 1073
f 962 969 1072
f 951 1073 1074
f 951 962 1073
f 948 1074 1075
f 948 951 1074
f 945 1075 1076
f 945 948 1075
f 939 1076 1077
f 939 945 1076
f 933 1077 1078
f 933 939 1077
f 924 1078 1079
f 924 933 1078
f 913 1079 1080
f 913 924 1079
f 899 913 1080
f 899 1080 1081
f 891 1081 1082
f 891 899 1081
f 882 1082 1083
f 882 891 1082
f 871 1083 1084
f 871 882 1083
f 858 1084 1085
f 858 871 1084
f 859 1085 1086
f 859 858 1085
f 873 1086 1087
f 873 859 1086
f 880 1087 1088
f 880 873 1087
f 996 1088 1089
f 996 880 1088
f 887 1089 1090
f 887 996 1089
f 888 887 1090
f 888 1090 1091
f 889 1091 1092
f 889 888 1091
f 886 1092 1093
f 886 889 1092
f 1094 907 1095
f 1095 922 1096
f 907 922 1095
f 922 938 1096
f 1096 984 1097
f 938 984 1096
f 1097 993 1098
f 984 993 1097
f 1098 1021 1099
f 993 1021 1098
f 1099 1033 1100
f 1021 1033 1099
f 1100 886 1093
f 1033 886 1100
f 907 1094 1101
f 901 1101 1102
f 901 907 1101
f 897 1102 1103
f 897 901 1102
f 898 1103 1104
f 898 897 1103
f 903 1104 1105
f 903 898 1104
f 905 903 1105
f 910 1105 1106
f 910 905 1105
f 915 1106 1107
f 915 910 1106
f 920 1108 1109
f 920 1107 1108
f 920 915 1107
f 926 920 1109
f 931 1109 1110
f 931 926 1109
f 936 1110 1111
f 936 931 1110
f 942 1111 1112
f 942 936 1111
f 946 1112 1113
f 946 942 1112
f 949 1113 1114
f 949 946 1113
f 952 1114 1115
f 952 949 1114
f 999 952 1115
f 999 1115 1116
f 1022 1116 1117
f 1022 999 1116
f 1037 1117 1118
f 1037 1022 1117
f 1043 1118 1119
f 1043 1037 1118
f 1052 1119 1120
f 1052 1043 1119
f 1055 1120 1121
f 1055 1052 1120
f 1046 1121 1122
f 1046 1055 1121
f 1041 1122 1123
f 1041 1046 1122
f 1036 1124 1125
f 1036 1123 1124
f 1036 1041 1123
f 1019 1036 1125
f 1017 1019 1125
f 1017 1125 1126
f 1018 1126 1127
f 1018 1017 1126
f 1016 1127 1128
f 1016 1018 1127
f 1065 977 1129
f 1129 968 1130
f 977 968 1129
f 1130 961 1131
f 968 961 1130
f 961 955 1131
f 1131 963 1132
f 955 963 1131
f 1132 971 1133
f 963 971 1132
f 1133 995 1134
f 971 995 1133
f 1134 1016 1128
f 995 1016 1134
f 1030 1029 1135
f 1135 1029 1136
f 1136 1028 1137
f 1029 1028 1136
f 1137 1020 1138
f 1028 1020 1137
f 1139 1015 1140
f 1138 1015 1139
f 1020 1015 1138
f 1015 998 1140
f 1031 1030 1135
f 1031 1135 1141
f 1032 1141 1142
f 1032 1031 1141
f 1034 1142 1143
f 1034 1032 1142
f 1035 1143 1144
f 1035 1034 1143
f 1042 1144 1145
f 1042 1035 1144
f 1047 1145 1146
f 1047 1042 1145
f 1048 1146 1147
f 1048 1047 1146
f 1049 1147 1148
f 1049 1048 1147
f 1050 1148 1149
f 1050 1049 1148
f 1149 1051 1050
f 1150 1051 1149
f 1056 1051 1150
f 1056 1150 1151
f 1057 1151 1152
f 1057 1056 1151
f 1058 1152 1153
f 1058 1057 1152
f 1059 1153 1154
f 1059 1058 1153
f 1060 1154 1155
f 1060 1059 1154
f 1061 1155 1156
f 1061 1060 1155
f 1062 1156 1157
f 1062 1061 1156
f 1063 1157 1158
f 1063 1062 1157
f 1064 1158 1159
f 1064 1063 1158
f 1053 1159 1160
f 1053 1064 1159
f 1054 1053 1160
f 1054 1160 1161
f 1045 1161 1162
f 1045 1054 1161
f 1044 1162 1163
f 1044 1045 1162
f 1040 1163 1164
f 1040 1044 1163
f 1039 1165 1166
f 1039 1164 1165
f 1039 1040 1164
f 1038 1039 1166
f 1038 1166 1167
f 1023 1167 1168
f 1023 1038 1167
f 1024 1168 1169
f 1024 1023 1168
f 1025 1169 1170
f 1025 1024 1169
f 1026 1170 1171
f 1026 1025 1170
f 1014 1171 1172
f 1014 1026 1171
f 1012 1172 1173
f 1012 1014 1172
f 1010 1012 1173
f 1009 1174 1175
f 1009 1173 1174
f 1009 1010 1173
f 1007 1175 1176
f 1007 1009 1175
f 1005 1007 1176
f 1005 1176 991
f 1176 1177 991
f 991 1177 1178
f 988 1178 1179
f 988 991 1178
f 986 1179 1180
f 986 988 1179
f 983 1180 1181
f 983 986 1180
f 985 1181 1182
f 985 983 1181
f 987 1182 1183
f 987 985 1182
f 990 1183 1184
f 990 987 1183
f 992 1184 1185
f 992 990 1184
f 994 1185 1140
f 994 992 1185
f 998 994 1140
f 1186 974 1187
f 1187 973 1188
f 974 973 1187
f 1188 972 1189
f 973 972 1188
f 1189 966 1190
f 972 966 1189
f 966 965 1190
f 1190 964 1191
f 965 964 1190
f 974 1186 1192
f 975 1192 1193
f 975 974 1192
f 976 1193 1194
f 976 975 1193
f 997 1194 1195
f 997 976 1194
f 883 1195 1196
f 883 997 1195
f 879 1196 1197
f 879 883 1196
f 878 1197 1198
f 878 879 1197
f 877 1198 1199
f 877 878 1198
f 876 1199 1200
f 876 877 1199
f 875 876 1200
f 1201 872 875
f 1200 1201 875
f 869 872 1201
f 869 1201 1202
f 868 1202 1203
f 868 869 1202
f 867 1203 1204
f 867 868 1203
f 866 1204 1205
f 866 867 1204
f 864 1205 1206
f 864 866 1205
f 863 1206 1207
f 863 864 1206
f 862 1207 1208
f 862 863 1207
f 861 1208 1209
f 861 862 1208
f 860 1209 1210
f 860 861 1209
f 857 1210 1211
f 857 860 1210
f 857 1211 1212
f 865 1212 1213
f 865 857 1212
f 870 1213 1214
f 870 865 1213
f 874 1214 1215
f 874 870 1214
f 881 1215 1216
f 881 874 1215
f 884 881 1216
f 885 1216 1217
f 885 884 1216
f 890 885 1217
f 890 1217 1218
f 892 1218 1219
f 892 890 1218
f 893 1219 1220
f 893 892 1219
f 894 1220 1221
f 894 893 1220
f 895 1221 1222
f 895 894 1221
f 908 1222 1223
f 908 895 1222
f 912 1223 1224
f 912 908 1223
f 917 1224 1225
f 917 912 1224
f 918 1225 1226
f 918 917 1225
f 923 1226 1227
f 923 918 1226
f 923 1228 928
f 1227 1228 923
f 929 928 1228
f 929 1228 1229
f 934 1229 1230
f 934 929 1229
f 956 1230 1231
f 956 934 1230
f 957 1231 1232
f 957 956 1231
f 958 1233 1234
f 958 1232 1233
f 958 957 1232
f 959 1234 1235
f 959 958 1234
f 960 1235 1236
f 960 959 1235
f 967 1236 1191
f 967 960 1236
f 964 967 1191
f 1003 1237 1238
f 1002 1003 1238
f 1001 1238 1239
f 1001 1002 1238
f 1000 1240 1241
f 1000 1239 1240
f 1000 1001 1239
f 954 1000 1241
f 953 1242 1243
f 953 1241 1242
f 953 954 1241
f 950 953 1243
f 950 1243 1244
f 947 950 1244
f 943 947 1244
f 943 1245 1246
f 943 1244 1245
f 940 943 1246
f 935 940 1246
f 935 1246 1247
f 930 935 1247
f 930 1247 1248
f 925 930 1248
f 925 1248 1249
f 919 925 1249
f 919 1249 1250
f 914 919 1250
f 914 1250 1251
f 909 914 1251
f 909 1251 1252
f 904 909 1252
f 904 1252 1253
f 902 904 1253
f 902 1253 1254
f 896 902 1254
f 896 1254 1255
f 900 1255 1256
f 900 896 1255
f 906 1256 1257
f 906 900 1256
f 911 1257 1258
f 911 906 1257
f 916 1258 1259
f 916 911 1258
f 921 1259 1260
f 921 916 1259
f 927 1260 1261
f 927 921 1260
f 932 1261 1262
f 932 927 1261
f 937 1262 1263
f 937 932 1262
f 941 1263 1264
f 941 937 1263
f 944 1264 1265
f 944 941 1264
f 989 1265 1266
f 989 944 1265
f 1006 1266 1267
f 1006 989 1266
f 1008 1267 1268
f 1008 1006 1267
f 1011 1008 1268
f 1011 1268 1269
f 1013 1011 1269
f 1013 1269 1270
f 1027 1013 1270
f 1027 1270 1271
f 1004 1027 1271
f 1004 1272 1237
f 1004 1271 1272
f 1003 1004 1237
f 1273 1115 1274
f 1275 1116 1115
f 1275 1115 1273
f 1276 1115 1114
f 1276 1274 1115
f 1277 1114 1113
f 1277 1276 1114
f 1278 1116 1275
f 1279 1113 1112
f 1279 1277 1113
f 1280 1116 1278
f 1281 1112 1111
f 1281 1279 1112
f 1282 1116 1280
f 1283 1111 1110
f 1283 1281 1111
f 1284 1116 1282
f 1285 1110 1109
f 1285 1283 1110
f 1286 1117 1116
f 1286 1116 1284
f 1287 1109 1108
f 1287 1285 1109
f 1288 1117 1286
f 1289 1287 1108
f 1290 1117 1288
f 1291 1117 1290
f 1292 1117 1291
f 1292 1118 1117
f 1107 1289 1108
f 1107 1293 1289
f 1106 1294 1293
f 1106 1293 1107
f 1105 1295 1294
f 1105 1294 1106
f 1104 1296 1295
f 1104 1295 1105
f 1103 1297 1296
f 1103 1296 1104
f 1102 1297 1103
f 1102 1298 1297
f 1101 1298 1102
f 1101 1299 1298
f 1094 1299 1101
f 1094 1300 1299
f 1094 1301 1300
f 1094 1302 1301
f 1095 1302 1094
f 1095 1303 1302
f 1095 1304 1303
f 1095 1305 1304
f 1095 1306 1305
f 1096 1118 1292
f 1096 1306 1095
f 1096 1307 1306
f 1096 1308 1307
f 1096 1292 1308
f 1097 1118 1096
f 19 1121 1120
f 21 1121 19
f 18 19 1120
f 18 1120 1119
f 23 1122 1121
f 23 1121 21
f 15 1119 1118
f 15 1118 1097
f 15 18 1119
f 25 1122 23
f 13 15 1097
f 28 1123 1122
f 28 1122 25
f 1098 13 1097
f 11 13 1098
f 29 1123 28
f 9 11 1098
f 32 1123 29
f 1099 9 1098
f 1124 1123 32
f 7 9 1099
f 33 1124 32
f 1100 7 1099
f 5 7 1100
f 35 1124 33
f 1 5 1100
f 1093 1 1100
f 1125 1124 35
f 1125 35 38
f 1092 1 1093
f 1126 1125 38
f 1091 1 1092
f 2 1 1091
f 2 1091 1090
f 39 1128 1127
f 39 1127 1126
f 39 1126 38
f 71 2 1090
f 1134 39 42
f 1134 1128 39
f 43 1134 42
f 1089 69 71
f 1089 71 1090
f 1133 1134 43
f 67 69 1089
f 46 1133 43
f 1132 46 48
f 1132 1133 46
f 49 1132 48
f 1088 65 67
f 1088 63 65
f 1088 67 1089
f 1131 49 51
f 1131 1132 49
f 1087 61 63
f 1087 59 61
f 1087 63 1088
f 1068 1067 1066
f 1068 1066 1065
f 1086 58 59
f 1086 55 58
f 1086 59 1087
f 1070 1069 1068
f 1072 1071 1070
f 1072 1068 1065
f 1072 1070 1068
f 1085 54 55
f 1085 55 1086
f 1073 1072 1065
f 1084 51 54
f 1084 54 1085
f 1075 1074 1073
f 1076 1075 1073
f 1083 51 1084
f 1083 1130 1131
f 1083 1131 51
f 1079 1076 1073
f 1079 1078 1077
f 1079 1077 1076
f 1079 1073 1065
f 1082 1130 1083
f 1082 1129 1130
f 1080 1079 1065
f 1081 1080 1065
f 1081 1129 1082
f 1081 1065 1129
f 1149 1148 1147
f 1149 1147 1146
f 1149 1146 1145
f 1149 1145 1144
f 1141 1144 1143
f 1141 1143 1142
f 1141 1149 1144
f 1135 1149 1141
f 1152 1151 1150
f 1154 1153 1152
f 1157 1156 1155
f 1158 1155 1154
f 1158 1157 1155
f 1160 1150 1149
f 1160 1159 1158
f 1160 1152 1150
f 1160 1149 1135
f 1160 1154 1152
f 1160 1158 1154
f 1161 1135 1136
f 1161 1160 1135
f 1183 1140 1185
f 1183 1185 1184
f 1181 1140 1183
f 1181 1183 1182
f 1162 1161 1136
f 1162 1136 1137
f 1178 1181 1180
f 1178 1180 1179
f 1177 1140 1181
f 1177 1181 1178
f 1163 1137 1138
f 1163 1162 1137
f 1164 1138 1139
f 1164 1163 1138
f 1174 1176 1175
f 1165 1139 1140
f 1165 1164 1139
f 1170 1172 1171
f 1168 1170 1169
f 1167 1170 1168
f 1166 1140 1177
f 1166 1165 1140
f 1166 1177 1176
f 1166 1174 1173
f 1166 1173 1172
f 1166 1172 1170
f 1166 1176 1174
f 1166 1170 1167
f 1221 1220 1219
f 1221 1219 1218
f 1222 1221 1218
f 1223 1222 1218
f 1226 1225 1224
f 1227 1224 1223
f 1227 1218 1217
f 1227 1223 1218
f 1227 1226 1224
f 1228 1227 1217
f 1230 1229 1228
f 1231 1230 1228
f 1232 1231 1228
f 1233 1232 1228
f 1236 1235 1234
f 1236 1234 1233
f 1236 1233 1228
f 1191 1217 1216
f 1191 1236 1228
f 1191 1228 1217
f 1190 1216 1215
f 1190 1191 1216
f 1189 1215 1214
f 1189 1190 1215
f 1188 1214 1213
f 1188 1189 1214
f 1187 1213 1212
f 1187 1188 1213
f 1206 1210 1209
f 1206 1209 1208
f 1206 1208 1207
f 1204 1211 1210
f 1204 1206 1205
f 1204 1210 1206
f 1201 1204 1203
f 1201 1203 1202
f 1201 1211 1204
f 1186 1212 1211
f 1186 1187 1212
f 1200 1186 1211
f 1200 1211 1201
f 1194 1193 1192
f 1194 1192 1186
f 1195 1194 1186
f 1196 1200 1199
f 1196 1186 1200
f 1196 1195 1186
f 1197 1199 1198
f 1197 1196 1199
f 1309 1251 1250
f 1310 1252 1251
f 1310 1251 1309
f 1311 1250 1249
f 1311 1309 1250
f 1312 1253 1252
f 1312 1252 1310
f 1313 1249 1248
f 1313 1311 1249
f 1314 1254 1253
f 1314 1253 1312
f 1315 1248 1247
f 1315 1313 1248
f 1316 1255 1254
f 1316 1254 1314
f 1317 1315 1247
f 1317 1247 1246
f 1318 1255 1316
f 1318 1256 1255
f 1319 1317 1246
f 1319 1246 1245
f 1320 1257 1256
f 1320 1256 1318
f 1321 1319 1245
f 1321 1245 1244
f 1322 1257 1320
f 1258 1257 1322
f 1323 1321 1244
f 1323 1244 1243
f 1324 1258 1322
f 1325 1323 1243
f 1242 1325 1243
f 1259 1258 1324
f 1326 1259 1324
f 1327 1325 1242
f 1241 1327 1242
f 1260 1259 1326
f 1328 1260 1326
f 1329 1327 1241
f 1240 1329 1241
f 1261 1328 1330
f 1261 1260 1328
f 1331 1329 1240
f 1239 1331 1240
f 1239 1332 1331
f 1262 1330 1333
f 1262 1261 1330
f 1238 1334 1332
f 1238 1332 1239
f 1263 1333 1335
f 1263 1262 1333
f 1237 1336 1334
f 1237 1334 1238
f 1264 1335 1337
f 1264 1263 1335
f 1272 1338 1336
f 1272 1336 1237
f 1265 1337 1339
f 1265 1264 1337
f 1271 1340 1338
f 1271 1338 1272
f 1266 1339 1341
f 1266 1265 1339
f 1270 1340 1271
f 1270 1342 1340
f 1267 1341 1343
f 1267 1266 1341
f 1269 1342 1270
f 1269 1344 1342
f 1268 1267 1343
f 1268 1344 1269
f 1268 1343 1344
f 1297 1345 1296
f 1296 1346 1295
f 1345 1346 1296
f 1295 1347 1294
f 1346 1347 1295
f 1294 1348 1293
f 1347 1348 1294
f 1293 1349 1289
f 1348 1349 1293
f 1289 1350 1287
f 1349 1350 1289
f 1287 1351 1285
f 1350 1351 1287
f 1351 1352 1285
f 1285 1352 1283
f 1352 1353 1283
f 1283 1353 1281
f 1353 1354 1281
f 1281 1354 1279
f 1354 1355 1279
f 1279 1355 1277
f 1355 1356 1277
f 1277 1356 1276
f 1356 1357 1276
f 1276 1357 1274
f 1357 1358 1274
f 1274 1358 1273
f 1358 1359 1273
f 1359 1360 1273
f 1275 1360 1278
f 1273 1360 1275
f 1360 1361 1278
f 1278 1361 1280
f 1361 1362 1280
f 1362 1363 1280
f 1280 1363 1282
f 1284 1364 1286
f 1282 1364 1284
f 1363 1364 1282
f 1364 1365 1286
f 1286 1366 1288
f 1365 1366 1286
f 1288 1367 1290
f 1366 1367 1288
f 1291 1368 1292
f 1290 1368 1291
f 1367 1368 1290
f 1368 1369 1292
f 1292 1370 1308
f 1369 1370 1292
f 1307 1371 1306
f 1308 1371 1307
f 1370 1371 1308
f 1371 1372 1306
f 1305 1373 1304
f 1306 1373 1305
f 1372 1373 1306
f 1304 1374 1303
f 1373 1374 1304
f 1374 1375 1303
f 1375 1376 1303
f 1302 1376 1301
f 1303 1376 1302
f 1376 1377 1301
f 1377 1378 1301
f 1300 1378 1299
f 1301 1378 1300
f 1378 1379 1299
f 1379 1380 1299
f 1299 1380 1298
f 1380 1345 1298
f 1298 1345 1297
f 1381 1382 1325
f 1381 1325 1327
f 1383 1327 1329
f 1383 1381 1327
f 1384 1329 1331
f 1384 1383 1329
f 1385 1331 1332
f 1385 1384 1331
f 1386 1332 1334
f 1386 1385 1332
f 1387 1386 1334
f 1387 1334 1336
f 1388 1387 1336
f 1388 1336 1338
f 1389 1388 1338
f 1389 1338 1340
f 1390 1389 1340
f 1390 1340 1342
f 1391 1390 1342
f 1391 1342 1344
f 1392 1391 1344
f 1392 1344 1343
f 1393 1392 1343
f 1393 1343 1341
f 1394 1393 1341
f 1394 1341 1339
f 1395 1394 1339
f 1395 1339 1337
f 1396 1395 1337
f 1396 1337 1335
f 1397 1396 1335
f 1397 1335 1333
f 1398 1397 1333
f 1398 1333 1330
f 1399 1398 1330
f 1399 1330 1328
f 1400 1328 1326
f 1400 1399 1328
f 1401 1326 1324
f 1401 1400 1326
f 1402 1324 1322
f 1402 1401 1324
f 1403 1322 1320
f 1403 1402 1322
f 1404 1320 1318
f 1404 1403 1320
f 1405 1318 1316
f 1405 1404 1318
f 1406 1316 1314
f 1406 1405 1316
f 1407 1314 1312
f 1407 1406 1314
f 1408 1312 1310
f 1408 1407 1312
f 1409 1310 1309
f 1409 1408 1310
f 1410 1309 1311
f 1410 1409 1309
f 1411 1311 1313
f 1411 1410 1311
f 1412 1313 1315
f 1412 1411 1313
f 1413 1412 1315
f 1413 1315 1317
f 1414 1413 1317
f 1414 1317 1319
f 1415 1414 1319
f 1415 1319 1321
f 1416 1415 1321
f 1416 1323 1325
f 1416 1321 1323
f 1382 1416 1325
f 1372 1374 1373
f 1371 1374 1372
f 1370 1369 1371
f 1375 1377 1376
f 1368 1366 1369
f 1367 1366 1368
f 1369 1366 1371
f 1374 1378 1375
f 1375 1378 1377
f 1371 1379 1374
f 1374 1379 1378
f 1364 1363 1365
f 1379 1345 1380
f 1362 1361 1363
f 1346 1348 1347
f 1345 1348 1346
f 1379 1348 1345
f 1365 1359 1366
f 1360 1359 1361
f 1363 1359 1365
f 1361 1359 1363
f 1348 1350 1349
f 1358 1357 1359
f 1356 1355 1357
f 1350 1352 1351
f 1366 1353 1371
f 1371 1353 1379
f 1359 1353 1366
f 1379 1353 1348
f 1350 1353 1352
f 1357 1353 1359
f 1348 1353 1350
f 1355 1354 1357
f 1357 1354 1353
f 1417 1385 1418
f 1418 1385 1386
f 1418 1387 1419
f 1419 1387 1420
f 1386 1387 1418
f 1421 1384 1417
f 1417 1384 1385
f 1387 1388 1420
f 1422 1383 1421
f 1421 1383 1384
f 1388 1389 1420
f 1420 1389 1423
f 1424 1381 1422
f 1422 1381 1383
f 1389 1390 1423
f 1423 1390 1425
f 1426 1382 1424
f 1424 1382 1381
f 1390 1391 1425
f 1425 1391 1427
f 1426 1416 1382
f 1428 1416 1426
f 1427 1392 1429
f 1391 1392 1427
f 1428 1415 1416
f 1430 1415 1428
f 1429 1393 1431
f 1392 1393 1429
f 1430 1414 1415
f 1432 1414 1430
f 1431 1394 1433
f 1393 1394 1431
f 1432 1413 1414
f 1434 1413 1432
f 1394 1435 1433
f 1395 1435 1394
f 1434 1436 1413
f 1413 1436 1412
f 1436 1411 1412
f 1396 1437 1395
f 1395 1437 1435
f 1436 1438 1411
f 1396 1397 1437
f 1438 1410 1411
f 1397 1439 1437
f 1438 1440 1410
f 1398 1441 1397
f 1397 1441 1439
f 1410 1442 1409
f 1440 1442 1410
f 1399 1443 1398
f 1398 1443 1441
f 1409 1444 1408
f 1442 1444 1409
f 1400 1445 1399
f 1399 1445 1443
f 1408 1446 1407
f 1444 1446 1408
f 1400 1447 1445
f 1401 1447 1400
f 1446 1448 1407
f 1407 1448 1406
f 1402 1449 1401
f 1401 1449 1447
f 1448 1450 1406
f 1406 1450 1405
f 1403 1451 1402
f 1402 1451 1449
f 1450 1452 1405
f 1403 1452 1451
f 1404 1452 1403
f 1405 1452 1404
f 1453 1426 1424
f 1454 1424 1422
f 1454 1453 1424
f 1455 1422 1421
f 1455 1454 1422
f 1456 1421 1417
f 1456 1455 1421
f 1457 1417 1418
f 1457 1456 1417
f 1458 1418 1419
f 1458 1457 1418
f 1459 1458 1419
f 1459 1419 1420
f 1460 1459 1420
f 1460 1420 1423
f 1461 1460 1423
f 1461 1423 1425
f 1462 1461 1425
f 1462 1425 1427
f 1463 1462 1427
f 1464 1463 1427
f 1464 1427 1429
f 1465 1464 1429
f 1465 1429 1431
f 1465 1431 1433
f 1466 1465 1433
f 1467 1466 1433
f 1467 1433 1435
f 1467 1435 1437
f 1468 1467 1437
f 1469 1468 1437
f 1469 1437 1439
f 1469 1439 1441
f 1470 1469 1441
f 1471 1470 1441
f 1471 1441 1443
f 1472 1443 1445
f 1472 1471 1443
f 1473 1445 1447
f 1473 1472 1445
f 1474 1447 1449
f 1474 1473 1447
f 1475 1449 1451
f 1475 1451 1452
f 1475 1474 1449
f 1476 1475 1452
f 1477 1452 1450
f 1477 1450 1448
f 1477 1476 1452
f 1478 1477 1448
f 1479 1448 1446
f 1479 1446 1444
f 1479 1478 1448
f 1480 1479 1444
f 1481 1444 1442
f 1481 1442 1440
f 1481 1480 1444
f 1482 1481 1440
f 1483 1440 1438
f 1483 1482 1440
f 1484 1483 1438
f 1484 1438 1436
f 1485 1484 1436
f 1485 1436 1434
f 1486 1485 1434
f 1486 1434 1432
f 1486 1432 1430
f 1487 1486 1430
f 1488 1487 1430
f 1488 1430 1428
f 1453 1488 1428
f 1453 1428 1426
f 1488 1453 1489
f 1490 1487 1489
f 1489 1487 1488
f 1453 1454 1489
f 1490 1486 1487
f 1489 1455 1491
f 1454 1455 1489
f 1492 1485 1490
f 1490 1485 1486
f 1455 1456 1491
f 1492 1484 1485
f 1493 1484 1492
f 1456 1457 1491
f 1494 1483 1493
f 1493 1483 1484
f 1491 1458 1495
f 1457 1458 1491
f 1494 1482 1483
f 1458 1459 1495
f 1494 1496 1482
f 1496 1481 1482
f 1496 1497 1481
f 1497 1480 1481
f 1497 1498 1480
f 1480 1498 1479
f 1498 1499 1479
f 1479 1499 1478
f 1495 1500 1501
f 1459 1500 1495
f 1460 1500 1459
f 1499 1502 1478
f 1478 1502 1477
f 1500 1503 1501
f 1460 1504 1500
f 1461 1504 1460
f 1462 1504 1461
f 1463 1504 1462
f 1503 1505 1501
f 1501 1505 1506
f 1506 1505 1507
f 1502 1508 1477
f 1477 1508 1476
f 1463 1509 1504
f 1464 1509 1463
f 1465 1509 1464
f 1466 1509 1465
f 1505 1510 1507
f 1508 1511 1476
f 1476 1511 1475
f 1511 1512 1475
f 1475 1512 1474
f 1466 1513 1509
f 1467 1513 1466
f 1468 1513 1467
f 1507 1514 1515
f 1515 1514 1516
f 1510 1514 1507
f 1512 1517 1474
f 1474 1517 1473
f 1468 1518 1513
f 1469 1518 1468
f 1517 1519 1473
f 1473 1519 1472
f 1469 1520 1518
f 1470 1520 1469
f 1519 1521 1472
f 1472 1521 1471
f 1470 1522 1520
f 1521 1522 1471
f 1471 1522 1470
f 1516 1523 1524
f 1514 1523 1516
f 1523 1525 1524
f 1524 1526 1527
f 1525 1526 1524
f 1527 1528 1529
f 1526 1528 1527
f 1529 1530 1531
f 1528 1530 1529
f 1532 1533 1530
f 1530 1533 1531
f 1534 1535 1536
f 1536 1537 1534
f 1538 1537 1536
f 1532 1539 1533
f 1535 1539 1536
f 1536 1539 1532
f 1538 1540 1537
f 1533 1541 1542
f 1539 1541 1533
f 1538 1543 1540
f 1541 1544 1542
f 1538 1545 1543
f 1546 1545 1538
f 1544 1547 1542
f 1546 1548 1545
f 1547 1549 1542
f 1546 1550 1548
f 1551 1550 1546
f 1552 1553 1551
f 1551 1553 1550
f 1549 1554 1542
f 1555 1554 1556
f 1556 1554 1549
f 1552 1557 1553
f 1552 1558 1557
f 1555 1559 1554
f 1558 1560 1557
f 1559 1561 1554
f 1558 1562 1560
f 1562 1563 1560
f 1561 1564 1554
f 1562 1565 1563
f 1565 1566 1563
f 1566 1567 1568
f 1565 1567 1566
f 1569 1570 1571
f 1571 1570 1564
f 1564 1570 1554
f 1568 1572 1573
f 1567 1572 1568
f 1574 1575 1569
f 1569 1575 1570
f 1573 1576 1577
f 1572 1576 1573
f 1578 1579 1574
f 1574 1579 1575
f 1577 1580 1581
f 1576 1580 1577
f 1582 1583 1578
f 1578 1583 1579
f 1580 1584 1581
f 1581 1584 1585
f 1586 1587 1582
f 1582 1587 1583
f 1584 1588 1585
f 1585 1588 1589
f 1586 1590 1587
f 1591 1590 1586
f 1588 1592 1589
f 1591 1592 1590
f 1589 1592 1591
f 1593 1513 1518
f 1593 1594 1513
f 1595 1518 1520
f 1595 1593 1518
f 1596 1520 1522
f 1596 1522 1521
f 1596 1595 1520
f 1597 1596 1521
f 1598 1521 1519
f 1598 1519 1517
f 1598 1597 1521
f 1599 1598 1517
f 1600 1517 1512
f 1600 1512 1511
f 1600 1599 1517
f 1601 1600 1511
f 1602 1511 1508
f 1602 1601 1511
f 1603 1508 1502
f 1603 1502 1499
f 1603 1602 1508
f 1604 1603 1499
f 1605 1499 1498
f 1605 1604 1499
f 1606 1498 1497
f 1606 1605 1498
f 1607 1497 1496
f 1607 1606 1497
f 1608 1607 1496
f 1608 1496 1494
f 1609 1608 1494
f 1609 1494 1493
f 1610 1609 1493
f 1610 1493 1492
f 1610 1492 1490
f 1611 1610 1490
f 1513 1594 1509
f 1509 1612 1504
f 1594 1612 1509
f 1504 1613 1500
f 1612 1613 1504
f 1500 1614 1503
f 1613 1614 1500
f 1503 1615 1505
f 1614 1615 1503
f 1505 1616 1510
f 1615 1616 1505
f 1510 1617 1514
f 1616 1617 1510
f 1514 1618 1523
f 1617 1618 1514
f 1618 1619 1523
f 1523 1620 1525
f 1525 1620 1526
f 1619 1620 1523
f 1620 1621 1526
f 1526 1622 1528
f 1621 1622 1526
f 1528 1623 1530
f 1530 1623 1532
f 1622 1623 1528
f 1623 1624 1532
f 1532 1625 1536
f 1536 1625 1538
f 1624 1625 1532
f 1538 1626 1546
f 1625 1626 1538
f 1626 1627 1546
f 1628 1570 1575
f 1628 1629 1570
f 1630 1575 1579
f 1630 1628 1575
f 1631 1579 1583
f 1631 1583 1587
f 1631 1630 1579
f 1632 1631 1587
f 1633 1587 1590
f 1633 1590 1592
f 1633 1632 1587
f 1634 1633 1592
f 1635 1592 1588
f 1635 1588 1584
f 1635 1634 1592
f 1636 1635 1584
f 1637 1584 1580
f 1637 1636 1584
f 1638 1580 1576
f 1638 1576 1572
f 1638 1637 1580
f 1639 1638 1572
f 1640 1572 1567
f 1640 1639 1572
f 1641 1567 1565
f 1641 1640 1567
f 1642 1565 1562
f 1642 1641 1565
f 1643 1642 1562
f 1643 1562 1558
f 1644 1643 1558
f 1644 1558 1552
f 1645 1644 1552
f 1645 1552 1551
f 1645 1551 1546
f 1627 1645 1546
f 1646 1490 1489
f 1646 1611 1490
f 1647 1489 1491
f 1647 1646 1489
f 1648 1491 1495
f 1648 1647 1491
f 1649 1495 1501
f 1649 1648 1495
f 1650 1501 1506
f 1650 1649 1501
f 1651 1506 1507
f 1651 1650 1506
f 1652 1507 1515
f 1652 1515 1516
f 1652 1651 1507
f 1653 1652 1516
f 1654 1516 1524
f 1654 1653 1516
f 1655 1524 1527
f 1655 1527 1529
f 1655 1654 1524
f 1656 1655 1529
f 1657 1529 1531
f 1657 1656 1529
f 1658 1531 1533
f 1658 1533 1542
f 1658 1657 1531
f 1659 1658 1542
f 1660 1542 1554
f 1660 1554 1570
f 1660 1659 1542
f 1629 1660 1570
f 1535 1661 1662
f 1539 1662 1663
f 1539 1535 1662
f 1541 1663 1664
f 1541 1539 1663
f 1544 1664 1665
f 1544 1541 1664
f 1547 1665 1666
f 1547 1544 1665
f 1549 1666 1667
f 1549 1547 1666
f 1556 1549 1667
f 1556 1667 1668
f 1555 1556 1668
f 1555 1668 1669
f 1559 1555 1669
f 1559 1669 1670
f 1561 1559 1670
f 1561 1670 1671
f 1564 1561 1671
f 1564 1671 1672
f 1571 1564 1672
f 1571 1672 1673
f 1569 1571 1673
f 1569 1673 1674
f 1574 1569 1674
f 1574 1674 1675
f 1578 1574 1675
f 1578 1675 1676
f 1582 1578 1676
f 1582 1676 1677
f 1586 1582 1677
f 1586 1677 1678
f 1591 1586 1678
f 1591 1678 1679
f 1589 1591 1679
f 1589 1679 1680
f 1585 1680 1681
f 1585 1589 1680
f 1581 1681 1682
f 1581 1585 1681
f 1577 1581 1682
f 1573 1682 1683
f 1573 1683 1684
f 1573 1577 1682
f 1568 1573 1684
f 1566 1684 1685
f 1566 1685 1686
f 1566 1568 1684
f 1563 1566 1686
f 1560 1686 1687
f 1560 1687 1688
f 1560 1563 1686
f 1557 1560 1688
f 1553 1688 1689
f 1553 1689 1690
f 1553 1557 1688
f 1550 1553 1690
f 1548 1690 1691
f 1548 1550 1690
f 1545 1548 1691
f 1545 1691 1692
f 1545 1692 1693
f 1543 1545 1693
f 1540 1543 1693
f 1540 1693 1694
f 1540 1694 1695
f 1537 1540 1695
f 1537 1695 1696
f 1534 1696 1661
f 1534 1537 1696
f 1535 1534 1661
f 1697 1698 1646
f 1699 1611 1646
f 1699 1646 1698
f 1700 1697 1646
f 1701 1611 1699
f 1702 1646 1647
f 1702 1700 1646
f 1703 1610 1611
f 1703 1611 1701
f 1704 1702 1647
f 1705 1609 1610
f 1705 1610 1703
f 1706 1704 1647
f 1707 1608 1609
f 1707 1609 1705
f 1708 1647 1648
f 1708 1706 1647
f 1709 1608 1707
f 1710 1708 1648
f 1607 1608 1709
f 1711 1607 1709
f 1606 1607 1711
f 1712 1606 1711
f 1605 1606 1712
f 1605 1712 1713
f 1604 1605 1713
f 1604 1713 1714
f 1614 1710 1648
f 1614 1715 1710
f 1603 1604 1714
f 1603 1714 1716
f 1615 1648 1649
f 1615 1649 1650
f 1615 1614 1648
f 1613 1715 1614
f 1613 1717 1718
f 1613 1718 1719
f 1613 1719 1715
f 1616 1615 1650
f 1616 1650 1651
f 1602 1603 1716
f 1602 1716 1720
f 1612 1717 1613
f 1612 1721 1722
f 1612 1722 1723
f 1612 1723 1717
f 1617 1616 1651
f 1601 1602 1720
f 1601 1720 1724
f 1600 1601 1724
f 1600 1724 1725
f 1594 1721 1612
f 1594 1726 1727
f 1594 1727 1721
f 1618 1617 1651
f 1618 1651 1652
f 1618 1652 1653
f 1599 1600 1725
f 1599 1725 1728
f 1593 1726 1594
f 1593 1729 1726
f 1598 1599 1728
f 1598 1728 1730
f 1595 1729 1593
f 1595 1731 1729
f 1597 1598 1730
f 1597 1730 1732
f 1596 1731 1595
f 1596 1597 1732
f 1596 1732 1731
f 1619 1653 1654
f 1619 1618 1653
f 1620 1654 1655
f 1620 1619 1654
f 1621 1655 1656
f 1621 1620 1655
f 1622 1621 1656
f 1657 1622 1656
f 1623 1622 1657
f 1658 1624 1623
f 1658 1623 1657
f 1733 1734 1625
f 1735 1625 1734
f 1735 1626 1625
f 1736 1624 1658
f 1736 1733 1625
f 1736 1625 1624
f 1737 1626 1735
f 1738 1736 1658
f 1738 1658 1659
f 1739 1626 1737
f 1740 1738 1659
f 1741 1626 1739
f 1741 1627 1626
f 1742 1740 1659
f 1743 1627 1741
f 1744 1742 1659
f 1745 1627 1743
f 1745 1645 1627
f 1746 1645 1745
f 1746 1644 1645
f 1660 1747 1744
f 1660 1748 1747
f 1660 1744 1659
f 1749 1644 1746
f 1643 1644 1749
f 1750 1748 1660
f 1751 1643 1749
f 1752 1750 1660
f 1642 1643 1751
f 1753 1642 1751
f 1754 1752 1660
f 1641 1642 1753
f 1755 1641 1753
f 1640 1755 1756
f 1640 1641 1755
f 1629 1757 1754
f 1629 1758 1757
f 1629 1754 1660
f 1639 1756 1759
f 1639 1640 1756
f 1628 1760 1758
f 1628 1758 1629
f 1638 1759 1761
f 1638 1639 1759
f 1630 1762 1760
f 1630 1760 1628
f 1637 1638 1761
f 1637 1761 1763
f 1631 1764 1762
f 1631 1762 1630
f 1636 1637 1763
f 1636 1763 1765
f 1632 1764 1631
f 1632 1766 1764
f 1635 1636 1765
f 1635 1765 1767
f 1633 1768 1766
f 1633 1766 1632
f 1634 1635 1767
f 1634 1768 1633
f 1634 1767 1768
f 1665 1769 1666
f 1664 1770 1665
f 1665 1770 1769
f 1666 1771 1667
f 1769 1771 1666
f 1664 1772 1770
f 1667 1773 1668
f 1771 1773 1667
f 1662 1774 1663
f 1663 1774 1664
f 1664 1774 1772
f 1773 1775 1668
f 1668 1775 1669
f 1669 1775 1670
f 1662 1776 1774
f 1661 1776 1662
f 1775 1777 1670
f 1661 1778 1776
f 1670 1779 1671
f 1777 1779 1670
f 1671 1779 1672
f 1661 1780 1778
f 1696 1780 1661
f 1779 1781 1672
f 1696 1782 1780
f 1695 1782 1696
f 1781 1673 1672
f 1781 1783 1673
f 1695 1784 1782
f 1694 1784 1695
f 1673 1785 1674
f 1783 1785 1673
f 1693 1786 1694
f 1694 1786 1784
f 1693 1787 1786
f 1785 1675 1674
f 1788 1675 1785
f 1693 1692 1787
f 1692 1789 1787
f 1790 1676 1788
f 1788 1676 1675
f 1692 1691 1789
f 1790 1677 1676
f 1791 1677 1790
f 1691 1690 1789
f 1792 1690 1793
f 1789 1690 1792
f 1794 1678 1791
f 1791 1678 1677
f 1690 1689 1793
f 1795 1679 1794
f 1796 1679 1795
f 1794 1679 1678
f 1793 1688 1797
f 1689 1688 1793
f 1798 1680 1796
f 1796 1680 1679
f 1797 1687 1799
f 1688 1687 1797
f 1798 1681 1680
f 1687 1686 1799
f 1799 1686 1800
f 1798 1682 1681
f 1801 1682 1798
f 1686 1685 1800
f 1800 1685 1802
f 1801 1683 1682
f 1803 1683 1801
f 1685 1684 1802
f 1803 1684 1683
f 1804 1684 1803
f 1802 1684 1804
f 1805 1697 1700
f 1806 1805 1700
f 1807 1700 1702
f 1807 1806 1700
f 1808 1702 1704
f 1808 1807 1702
f 1809 1704 1706
f 1809 1808 1704
f 1810 1706 1708
f 1810 1809 1706
f 1811 1810 1708
f 1811 1710 1715
f 1811 1708 1710
f 1812 1811 1715
f 1813 1812 1715
f 1813 1715 1719
f 1814 1813 1719
f 1814 1719 1718
f 1815 1814 1718
f 1815 1717 1723
f 1815 1718 1717
f 1816 1815 1723
f 1817 1816 1723
f 1817 1723 1722
f 1818 1817 1722
f 1818 1722 1721
f 1819 1818 1721
f 1819 1721 1727
f 1820 1819 1727
f 1820 1727 1726
f 1821 1820 1726
f 1821 1726 1729
f 1822 1821 1729
f 1822 1729 1731
f 1823 1822 1731
f 1823 1731 1732
f 1824 1732 1730
f 1824 1823 1732
f 1825 1728 1725
f 1825 1730 1728
f 1825 1824 1730
f 1826 1825 1725
f 1827 1725 1724
f 1827 1826 1725
f 1828 1724 1720
f 1828 1827 1724
f 1829 1720 1716
f 1829 1828 1720
f 1830 1716 1714
f 1830 1829 1716
f 1831 1714 1713
f 1831 1830 1714
f 1832 1713 1712
f 1832 1831 1713
f 1833 1712 1711
f 1833 1832 1712
f 1834 1711 1709
f 1834 1833 1711
f 1835 1709 1707
f 1835 1834 1709
f 1836 1707 1705
f 1836 1835 1707
f 1837 1836 1705
f 1837 1705 1703
f 1838 1837 1703
f 1838 1703 1701
f 1839 1838 1701
f 1839 1699 1698
f 1839 1701 1699
f 1840 1839 1698
f 1805 1840 1698
f 1805 1698 1697
f 1841 1733 1736
f 1842 1736 1738
f 1842 1841 1736
f 1843 1738 1740
f 1843 1842 1738
f 1844 1740 1742
f 1844 1843 1740
f 1845 1742 1744
f 1845 1844 1742
f 1846 1744 1747
f 1846 1845 1744
f 1847 1846 1747
f 1847 1747 1748
f 1848 1847 1748
f 1848 1748 1750
f 1849 1848 1750
f 1849 1750 1752
f 1850 1849 1752
f 1850 1752 1754
f 1851 1850 1754
f 1851 1754 1757
f 1852 1851 1757
f 1852 1757 1758
f 1853 1852 1758
f 1853 1758 1760
f 1854 1853 1760
f 1854 1760 1762
f 1855 1854 1762
f 1855 1762 1764
f 1856 1855 1764
f 1856 1764 1766
f 1857 1856 1766
f 1857 1766 1768
f 1858 1857 1768
f 1858 1768 1767
f 1859 1858 1767
f 1859 1767 1765
f 1860 1859 1765
f 1861 1860 1765
f 1861 1765 1763
f 1861 1763 1761
f 1862 1761 1759
f 1862 1861 1761
f 1863 1759 1756
f 1863 1862 1759
f 1864 1863 1756
f 1865 1756 1755
f 1865 1864 1756
f 1866 1755 1753
f 1866 1753 1751
f 1866 1865 1755
f 1867 1866 1751
f 1868 1751 1749
f 1868 1867 1751
f 1869 1749 1746
f 1869 1868 1749
f 1870 1746 1745
f 1870 1745 1743
f 1870 1869 1746
f 1871 1743 1741
f 1871 1870 1743
f 1872 1871 1741
f 1873 1872 1741
f 1873 1741 1739
f 1873 1739 1737
f 1874 1873 1737
f 1875 1874 1737
f 1875 1737 1735
f 1875 1735 1734
f 1876 1875 1734
f 1876 1734 1733
f 1841 1876 1733
f 1776 1778 1877
f 1776 1877 1878
f 1774 1878 1879
f 1774 1776 1878
f 1772 1879 1880
f 1772 1774 1879
f 1770 1880 1881
f 1770 1772 1880
f 1769 1881 1882
f 1769 1770 1881
f 1771 1769 1882
f 1771 1882 1883
f 1773 1771 1883
f 1773 1883 1884
f 1775 1773 1884
f 1775 1884 1885
f 1777 1775 1885
f 1777 1885 1886
f 1779 1777 1886
f 1779 1886 1887
f 1781 1779 1887
f 1781 1887 1888
f 1783 1781 1888
f 1783 1888 1889
f 1785 1783 1889
f 1785 1889 1890
f 1788 1785 1890
f 1788 1890 1891
f 1790 1788 1891
f 1790 1891 1892
f 1791 1790 1892
f 1791 1892 1893
f 1794 1791 1893
f 1794 1893 1894
f 1795 1794 1894
f 1795 1894 1895
f 1796 1895 1896
f 1796 1795 1895
f 1798 1896 1897
f 1798 1796 1896
f 1801 1897 1898
f 1801 1798 1897
f 1803 1898 1899
f 1803 1801 1898
f 1804 1899 1900
f 1804 1803 1899
f 1802 1900 1901
f 1802 1804 1900
f 1800 1901 1902
f 1800 1802 1901
f 1799 1902 1903
f 1799 1800 1902
f 1797 1903 1904
f 1797 1799 1903
f 1793 1904 1905
f 1793 1797 1904
f 1792 1906 1907
f 1792 1905 1906
f 1792 1793 1905
f 1789 1792 1907
f 1787 1907 1908
f 1787 1789 1907
f 1786 1787 1908
f 1786 1908 1909
f 1784 1786 1909
f 1784 1909 1910
f 1782 1784 1910
f 1782 1910 1911
f 1780 1782 1911
f 1780 1911 1912
f 1778 1780 1912
f 1778 1912 1877
f 1837 1913 1836
f 1836 1914 1835
f 1913 1914 1836
f 1838 1915 1837
f 1837 1915 1913
f 1835 1916 1834
f 1914 1916 1835
f 1838 1917 1915
f 1839 1917 1838
f 1834 1918 1833
f 1916 1918 1834
f 1840 1919 1839
f 1839 1919 1917
f 1833 1920 1832
f 1918 1920 1833
f 1805 1921 1840
f 1840 1921 1919
f 1832 1922 1831
f 1920 1922 1832
f 1805 1923 1921
f 1806 1923 1805
f 1831 1924 1830
f 1922 1924 1831
f 1806 1925 1923
f 1807 1925 1806
f 1924 1926 1830
f 1926 1829 1830
f 1807 1927 1925
f 1808 1927 1807
f 1926 1928 1829
f 1928 1828 1829
f 1808 1929 1927
f 1809 1929 1808
f 1928 1930 1828
f 1809 1931 1929
f 1930 1827 1828
f 1932 1827 1930
f 1809 1810 1931
f 1810 1933 1931
f 1932 1826 1827
f 1934 1826 1932
f 1810 1811 1933
f 1811 1935 1933
f 1936 1825 1934
f 1934 1825 1826
f 1935 1812 1937
f 1811 1812 1935
f 1938 1824 1936
f 1936 1824 1825
f 1937 1813 1939
f 1812 1813 1937
f 1940 1823 1938
f 1938 1823 1824
f 1939 1814 1941
f 1813 1814 1939
f 1942 1822 1940
f 1940 1822 1823
f 1941 1815 1943
f 1814 1815 1941
f 1944 1821 1942
f 1942 1821 1822
f 1943 1816 1945
f 1815 1816 1943
f 1946 1820 1944
f 1944 1820 1821
f 1945 1817 1947
f 1816 1817 1945
f 1946 1819 1820
f 1948 1819 1946
f 1817 1818 1947
f 1948 1818 1819
f 1947 1818 1948
f 1873 1949 1872
f 1872 1950 1871
f 1949 1950 1872
f 1874 1951 1873
f 1873 1951 1949
f 1871 1952 1870
f 1950 1952 1871
f 1874 1953 1951
f 1875 1953 1874
f 1870 1954 1869
f 1952 1954 1870
f 1876 1955 1875
f 1875 1955 1953
f 1869 1956 1868
f 1954 1956 1869
f 1841 1957 1876
f 1876 1957 1955
f 1868 1958 1867
f 1956 1958 1868
f 1842 1959 1841
f 1841 1959 1957
f 1958 1960 1867
f 1867 1960 1866
f 1842 1961 1959
f 1843 1961 1842
f 1960 1962 1866
f 1962 1865 1866
f 1843 1963 1961
f 1844 1963 1843
f 1962 1964 1865
f 1964 1864 1865
f 1845 1965 1844
f 1844 1965 1963
f 1964 1966 1864
f 1845 1967 1965
f 1966 1863 1864
f 1968 1863 1966
f 1845 1846 1967
f 1846 1969 1967
f 1968 1862 1863
f 1970 1862 1968
f 1846 1847 1969
f 1847 1971 1969
f 1972 1861 1970
f 1970 1861 1862
f 1971 1848 1973
f 1847 1848 1971
f 1972 1860 1861
f 1974 1860 1972
f 1973 1849 1975
f 1848 1849 1973
f 1976 1859 1974
f 1974 1859 1860
f 1975 1850 1977
f 1849 1850 1975
f 1978 1858 1976
f 1976 1858 1859
f 1977 1851 1979
f 1850 1851 1977
f 1980 1857 1978
f 1978 1857 1858
f 1979 1852 1981
f 1851 1852 1979
f 1982 1856 1980
f 1980 1856 1857
f 1981 1853 1983
f 1852 1853 1981
f 1982 1855 1856
f 1984 1855 1982
f 1853 1854 1983
f 1984 1854 1855
f 1983 1854 1984
f 1890 1889 1891
f 1891 1893 1892
f 1888 1887 1889
f 1893 1895 1894
f 1891 1895 1893
f 1886 1885 1887
f 1895 1897 1896
f 1889 1897 1891
f 1891 1897 1895
f 1884 1882 1885
f 1883 1882 1884
f 1898 1900 1899
f 1897 1901 1898
f 1898 1901 1900
f 1881 1880 1882
f 1887 1902 1889
f 1897 1902 1901
f 1889 1902 1897
f 1879 1878 1880
f 1902 1904 1903
f 1878 1877 1880
f 1880 1912 1882
f 1877 1912 1880
f 1905 1907 1906
f 1904 1907 1905
f 1885 1907 1887
f 1882 1907 1885
f 1887 1907 1902
f 1902 1907 1904
f 1911 1909 1912
f 1910 1909 1911
f 1882 1909 1907
f 1907 1909 1908
f 1912 1909 1882
f 1985 1986 1921
f 1985 1921 1923
f 1987 1923 1925
f 1987 1985 1923
f 1988 1925 1927
f 1988 1987 1925
f 1989 1927 1929
f 1989 1988 1927
f 1990 1929 1931
f 1990 1989 1929
f 1991 1990 1931
f 1991 1931 1933
f 1992 1991 1933
f 1992 1933 1935
f 1993 1992 1935
f 1993 1935 1937
f 1994 1993 1937
f 1994 1937 1939
f 1995 1994 1939
f 1995 1939 1941
f 1996 1995 1941
f 1996 1941 1943
f 1997 1996 1943
f 1997 1943 1945
f 1997 1945 1947
f 1998 1997 1947
f 1999 1998 1947
f 1999 1947 1948
f 2000 1999 1948
f 2000 1948 1946
f 2001 2000 1946
f 2001 1946 1944
f 2002 2001 1944
f 2002 1944 1942
f 2003 2002 1942
f 2003 1942 1940
f 2004 2003 1940
f 2004 1940 1938
f 2005 2004 1938
f 2005 1938 1936
f 2005 1936 1934
f 2006 2005 1934
f 2007 1934 1932
f 2007 2006 1934
f 2008 1932 1930
f 2008 2007 1932
f 2009 1930 1928
f 2009 1928 1926
f 2009 2008 1930
f 2010 1926 1924
f 2010 2009 1926
f 2011 2010 1924
f 2012 1924 1922
f 2012 2011 1924
f 2013 1922 1920
f 2013 2012 1922
f 2014 1920 1918
f 2014 1918 1916
f 2014 2013 1920
f 2015 2014 1916
f 2016 2015 1916
f 2016 1916 1914
f 2017 2016 1914
f 2017 1914 1913
f 2017 1913 1915
f 2018 2017 1915
f 2019 2018 1915
f 2019 1915 1917
f 2019 1917 1919
f 2020 2019 1919
f 2020 1919 1921
f 1986 2020 1921
f 2021 2022 1957
f 2021 1957 1959
f 2023 1959 1961
f 2023 2021 1959
f 2024 1961 1963
f 2024 2023 1961
f 2025 1963 1965
f 2025 2024 1963
f 2026 1965 1967
f 2026 2025 1965
f 2027 1967 1969
f 2027 1969 1971
f 2027 2026 1967
f 2028 2027 1971
f 2029 2028 1971
f 2029 1971 1973
f 2030 2029 1973
f 2030 1973 1975
f 2031 2030 1975
f 2031 1975 1977
f 2032 2031 1977
f 2032 1977 1979
f 2032 1979 1981
f 2033 2032 1981
f 2034 2033 1981
f 2034 1981 1983
f 2035 2034 1983
f 2035 1983 1984
f 2036 2035 1984
f 2036 1984 1982
f 2037 2036 1982
f 2037 1982 1980
f 2037 1980 1978
f 2038 2037 1978
f 2039 2038 1978
f 2039 1978 1976
f 2039 1976 1974
f 2040 2039 1974
f 2041 1974 1972
f 2041 1972 1970
f 2041 2040 1974
f 2042 2041 1970
f 2043 1970 1968
f 2043 2042 1970
f 2044 1968 1966
f 2044 1966 1964
f 2044 2043 1968
f 2045 2044 1964
f 2046 1964 1962
f 2046 2045 1964
f 2047 1962 1960
f 2047 2046 1962
f 2048 1960 1958
f 2048 2047 1960
f 2049 1958 1956
f 2049 1956 1954
f 2049 2048 1958
f 2050 2049 1954
f 2051 1954 1952
f 2051 2050 1954
f 2052 2051 1952
f 2052 1952 1950
f 2053 2052 1950
f 2053 1950 1949
f 2053 1949 1951
f 2054 2053 1951
f 2055 2054 1951
f 2055 1951 1953
f 2056 2055 1953
f 2056 1953 1955
f 2056 1955 1957
f 2022 2056 1957
f 1987 1988 1989
f 1986 1985 1987
f 1995 1991 1992
f 1995 1992 1993
f 1995 1993 1994
f 1997 1995 1996
f 2018 2019 2020
f 2018 2020 1986
f 2018 1986 1987
f 1998 1995 1997
f 2016 2017 2018
f 2001 1998 1999
f 2001 1999 2000
f 2001 1995 1998
f 2012 2013 2014
f 2012 2014 2015
f 2012 2015 2016
f 2004 2002 2003
f 2005 1989 1990
f 2005 1990 1991
f 2005 2001 2002
f 2005 1987 1989
f 2005 1991 1995
f 2005 2018 1987
f 2005 1995 2001
f 2005 2002 2004
f 2007 2005 2006
f 2008 2018 2005
f 2008 2005 2007
f 2008 2009 2010
f 2008 2010 2011
f 2008 2011 2012
f 2008 2016 2018
f 2008 2012 2016
f 2023 2024 2025
f 2021 2025 2026
f 2021 2026 2027
f 2021 2023 2025
f 2031 2028 2029
f 2031 2029 2030
f 2055 2056 2022
f 2033 2031 2032
f 2035 2027 2028
f 2035 2033 2034
f 2035 2028 2031
f 2035 2031 2033
f 2052 2053 2054
f 2036 2021 2027
f 2036 2027 2035
f 2038 2036 2037
f 2039 2036 2038
f 2041 2022 2021
f 2041 2039 2040
f 2041 2055 2022
f 2041 2021 2036
f 2041 2036 2039
f 2046 2047 2048
f 2045 2048 2049
f 2045 2049 2050
f 2045 2050 2051
f 2045 2046 2048
f 2043 2041 2042
f 2043 2054 2055
f 2043 2052 2054
f 2043 2055 2041
f 2044 2052 2043
f 2044 2045 2051
f 2044 2051 2052
f 216 145 324
f 253 214 324
f 324 214 216
f 145 148 324
f 253 211 214
f 324 150 326
f 148 150 324
f 252 210 253
f 253 210 211
f 150 152 326
f 250 207 252
f 252 207 210
f 152 154 326
f 248 205 250
f 250 205 207
f 326 156 328
f 154 156 326
f 248 204 205
f 156 158 328
f 248 246 204
f 246 201 204
f 246 244 201
f 244 200 201
f 200 242 197
f 244 242 200
f 242 239 197
f 197 239 196
f 328 259 330
f 160 259 158
f 158 259 328
f 196 238 193
f 239 238 196
f 259 261 330
f 160 257 259
f 166 257 164
f 164 257 162
f 162 257 160
f 330 263 332
f 332 263 333
f 261 263 330
f 193 236 192
f 238 236 193
f 172 255 170
f 170 255 168
f 168 255 166
f 166 255 257
f 333 265 336
f 263 265 333
f 192 233 189
f 236 233 192
f 189 232 188
f 233 232 189
f 172 218 255
f 176 218 174
f 174 218 172
f 265 267 336
f 188 229 186
f 232 229 188
f 176 219 218
f 178 219 176
f 186 228 184
f 229 228 186
f 180 222 178
f 178 222 219
f 184 225 182
f 228 225 184
f 182 224 180
f 180 224 222
f 225 224 182
f 336 269 338
f 267 269 336
f 338 271 339
f 339 271 342
f 269 271 338
f 271 274 342
f 342 276 344
f 274 276 342
f 344 277 346
f 276 277 344
f 280 347 277
f 277 347 346
f 144 73 282
f 282 142 144
f 284 142 282
f 280 76 347
f 73 76 282
f 282 76 280
f 284 139 142
f 347 78 350
f 76 78 347
f 284 138 139
f 78 80 350
f 284 135 138
f 285 135 284
f 80 82 350
f 285 133 135
f 82 84 350
f 285 132 133
f 322 132 285
f 322 129 132
f 320 129 322
f 84 352 350
f 88 352 86
f 86 352 84
f 320 128 129
f 320 318 128
f 88 90 352
f 318 125 128
f 90 92 352
f 318 316 125
f 316 124 125
f 92 94 352
f 316 314 124
f 314 121 124
f 314 312 121
f 121 312 120
f 94 288 352
f 98 288 96
f 96 288 94
f 312 309 120
f 120 309 117
f 98 289 288
f 100 289 98
f 117 308 116
f 309 308 117
f 102 292 100
f 100 292 289
f 308 306 116
f 116 306 114
f 102 294 292
f 104 294 102
f 306 304 114
f 114 304 112
f 104 296 294
f 106 296 104
f 112 301 110
f 304 301 112
f 106 298 296
f 108 298 106
f 301 299 110
f 108 299 298
f 110 299 108
f 2057 2058 2059
f 2060 2059 2058
f 2061 2060 2058
f 2062 2058 2057
f 2063 2061 2058
f 2064 2058 2062
f 2065 2063 2058
f 2065 2058 2066
f 2067 2058 2064
f 2068 2065 2066
f 2068 2069 2070
f 2068 2071 2069
f 2068 2072 2071
f 2068 2073 2072
f 2068 2074 2073
f 2068 2075 2074
f 2068 2076 2075
f 2068 2066 2076
f 2077 2058 2067
f 2078 2068 2070
f 2079 2078 2070
f 2080 2081 2082
f 2080 2082 2083
f 2084 2083 2085
f 2084 2080 2083
f 2086 2085 2087
f 2086 2084 2085
f 2088 2089 2081
f 2088 2081 2080
f 2090 2086 2087
f 2090 2087 2079
f 2090 2079 2070
f 2091 2089 2088
f 2091 2092 2089
f 2093 2090 2070
f 2094 2095 2092
f 2094 2092 2091
f 2096 2093 2070
f 2097 2095 2094
f 2098 2095 2097
f 2099 2095 2098
f 2100 2095 2101
f 2102 2095 2100
f 2103 2101 2095
f 2104 2103 2095
f 2105 2104 2095
f 2106 2105 2095
f 2106 2107 2108
f 2106 2109 2107
f 2106 2110 2109
f 2106 2099 2110
f 2106 2095 2099
f 2111 2106 2108
f 2112 2106 2111
f 2113 2106 2112
f 2114 2115 2116
f 2114 2116 2117
f 2114 2117 2118
f 2114 2118 2119
f 2114 2119 2120
f 2114 2120 2121
f 2114 2121 2122
f 2114 2122 2123
f 2114 2123 2124
f 2125 2114 2124
f 2126 2125 2124
f 2127 2126 2124
f 2128 2127 2124
f 2129 2128 2124
f 2130 2129 2124
f 2131 2130 2124
f 2132 2131 2124
f 2133 2134 2135
f 2136 2135 2137
f 2136 2133 2135
f 2138 2096 2070
f 2138 2139 2096
f 2138 2140 2141
f 2138 2141 2142
f 2138 2142 2143
f 2138 2143 2144
f 2138 2144 2145
f 2138 2145 2139
f 2146 2140 2138
f 2147 2134 2133
f 2148 2136 2137
f 2148 2137 2149
f 2150 2148 2149
f 2150 2149 2151
f 2150 2151 2152
f 2153 2150 2152
f 2153 2152 2154
f 2155 2146 2138
f 2156 2138 2157
f 2156 2157 2158
f 2159 2153 2154
f 2160 2161 2162
f 2160 2162 2163
f 2164 2132 2124
f 2165 2160 2163
f 2166 2167 2160
f 2166 2160 2165
f 2168 2169 2170
f 2168 2170 2171
f 2168 2171 2167
f 2168 2167 2166
f 2172 2173 2174
f 2172 2174 2169
f 2172 2169 2168
f 2175 2176 2177
f 2175 2177 2173
f 2175 2173 2172
f 2178 2179 2176
f 2178 2176 2175
f 2180 2164 2179
f 2180 2132 2164
f 2180 2179 2178
f 2181 2132 2180
f 2182 2132 2181
f 2183 2184 2185
f 2183 2185 2186
f 2183 2186 2187
f 2183 2187 2188
f 2183 2188 2189
f 2183 2189 2190
f 2183 2190 2191
f 2192 2183 2191
f 2192 2191 2193
f 2194 2193 2195
f 2194 2192 2193
f 2196 2159 2154
f 2197 2198 2199
f 2197 2199 2200
f 10 2201 2194
f 10 2194 2195
f 12 2155 2138
f 12 2138 2156
f 12 10 2195
f 12 2195 2155
f 8 2201 10
f 8 2202 2203
f 8 2203 2201
f 14 12 2156
f 6 2202 8
f 6 2204 2202
f 16 14 2156
f 4 2204 6
f 4 2205 2206
f 4 2206 2204
f 17 16 2156
f 2207 2159 2196
f 2208 2207 2196
f 2208 2196 2209
f 3 2205 4
f 3 2210 2211
f 3 2211 2205
f 20 17 2156
f 20 2156 2198
f 2212 2208 2209
f 2212 2209 2213
f 2212 2213 2214
f 2215 2212 2214
f 2215 2214 2216
f 72 2210 3
f 72 2217 2218
f 72 2218 2210
f 22 20 2198
f 2219 2215 2216
f 70 2217 72
f 70 2220 2217
f 24 22 2198
f 68 2221 2222
f 68 2222 2219
f 68 2219 2216
f 68 2220 70
f 68 2216 2220
f 26 24 2198
f 66 2223 2221
f 66 2221 68
f 27 26 2198
f 27 2198 2197
f 64 2224 2225
f 64 2225 2223
f 64 2223 66
f 62 2226 2224
f 62 2224 64
f 60 2226 62
f 60 2227 2228
f 60 2228 2226
f 57 2227 60
f 2229 2230 2197
f 2231 2229 2197
f 2232 2197 2230
f 2233 2197 2232
f 2234 2231 2197
f 2235 2234 2197
f 2236 27 2197
f 2236 2197 2233
f 2237 27 2236
f 2237 30 27
f 2238 2235 2197
f 2239 2132 2182
f 2239 2182 2240
f 2239 2240 2241
f 2239 2241 2242
f 2243 2239 2242
f 2244 34 31
f 2245 2244 31
f 2246 36 34
f 2246 34 2244
f 2247 31 30
f 2247 2245 31
f 2248 36 2246
f 2249 2237 2250
f 2249 30 2237
f 2249 2247 30
f 2251 2243 2242
f 2252 37 36
f 2252 36 2248
f 2253 2250 2254
f 2253 2249 2250
f 2255 2227 57
f 2255 57 56
f 2255 2251 2242
f 2255 2242 2256
f 2255 2256 2257
f 2255 2257 2258
f 2255 2258 2227
f 2259 37 2252
f 2260 2254 2261
f 2260 2261 2262
f 2260 2262 2263
f 2260 2263 2264
f 2260 2253 2254
f 2265 2260 2264
f 2266 40 37
f 2266 37 2259
f 2267 2260 2265
f 2268 40 2266
f 2269 2260 2267
f 2270 40 2268
f 2270 41 40
f 2271 41 2270
f 2271 44 41
f 2272 44 2271
f 2273 2238 2197
f 2274 2272 2275
f 2274 44 2272
f 2276 44 2274
f 2277 2274 2275
f 2278 44 2276
f 2278 45 44
f 2279 45 2278
f 2279 47 45
f 2280 2275 2281
f 2280 2277 2275
f 2282 47 2279
f 2283 2281 2284
f 2283 2280 2281
f 2283 2284 2285
f 2286 2283 2285
f 2287 50 47
f 2287 47 2282
f 2288 52 50
f 2288 50 2287
f 2289 52 2288
f 2290 53 52
f 2290 52 2289
f 2291 2292 2293
f 2294 2291 2293
f 2295 2292 2291
f 2295 2296 2292
f 2297 2294 2293
f 2297 2293 2298
f 2299 2296 2295
f 2300 2297 2298
f 2300 2298 2301
f 2302 2296 2299
f 2302 2303 2296
f 2304 2303 2302
f 2304 2305 2303
f 2306 2305 2304
f 2306 2307 2308
f 2306 2308 2309
f 2306 2309 2305
f 2310 2300 2301
f 2310 2273 2197
f 2310 2301 2311
f 2310 2311 2273
f 2310 2312 2313
f 2310 2313 2300
f 2314 2307 2306
f 2314 2315 2316
f 2314 2316 2317
f 2314 2317 2318
f 2314 2318 2319
f 2314 2319 2320
f 2314 2320 2321
f 2314 2321 2307
f 2322 53 2290
f 2322 2255 56
f 2322 2290 2323
f 2322 2323 2324
f 2322 2324 2325
f 2322 2325 2326
f 2322 56 53
f 2327 2314 2306
f 2328 2322 2326
f 2329 2327 2306
f 2330 2328 2326
f 2331 2330 2326
f 2331 2326 2332
f 2331 2332 2333
f 2334 2329 2306
f 2335 2334 2306
f 2336 2335 2306
f 2337 2336 2306
f 2338 2312 2310
f 2338 2310 2339
f 2338 2339 2340
f 2338 2340 2341
f 2338 2341 2342
f 2338 2342 2343
f 2338 2343 2344
f 2338 2344 2345
f 2338 2345 2346
f 2347 2338 2346
f 2348 2347 2346
f 2348 2349 2347
f 2350 2349 2348
f 2351 2350 2348
f 2352 2351 2348
f 2353 2352 2348
f 2354 2353 2348
f 2355 2354 2348
f 2356 2355 2348
f 2357 2285 2358
f 2357 2286 2285
f 2357 2358 2359
f 2360 2357 2359
f 2361 2360 2359
f 2361 2359 2362
f 2361 2362 2363
f 2364 2361 2363
f 2365 2364 2363
f 2365 2363 2366
f 2365 2366 2367
f 2368 2365 2367
f 2369 2368 2367
f 2369 2367 2370
f 2371 2331 2333
f 2372 2373 2374
f 2372 2374 2375
f 2372 2375 2376
f 2372 2376 2377
f 2378 2379 2373
f 2378 2373 2372
f 2380 2379 2378
f 2381 2382 2379
f 2381 2379 2380
f 2383 2382 2381
f 2384 2385 2382
f 2384 2382 2383
f 2386 2385 2384
f 2387 2388 2385
f 2387 2385 2386
f 2389 2390 2388
f 2389 2388 2387
f 2391 2390 2389
f 2392 2393 2394
f 2392 2394 2395
f 2392 2395 2396
f 2392 2396 2397
f 2392 2397 2398
f 2392 2398 2399
f 2392 2399 2400
f 2392 2400 2401
f 2392 2401 2402
f 2392 2402 2403
f 2404 2393 2392
f 2405 2391 2393
f 2405 2371 2406
f 2405 2406 2390
f 2405 2331 2371
f 2405 2390 2391
f 2407 2393 2404
f 2408 2405 2393
f 2409 2393 2407
f 2410 2408 2393
f 2411 2393 2409
f 2412 2393 2411
f 2412 2410 2393
f 2160 2095 2413
f 2413 2095 2414
f 2414 2095 2415
f 2415 2095 2102
f 2160 2413 2416
f 2160 2416 2417
f 2160 2417 2134
f 2160 2134 2161
f 2161 2134 2147
f 2306 2372 2418
f 2418 2372 2419
f 2419 2372 2420
f 2420 2372 2370
f 2370 2372 2377
f 2370 2377 2369
f 2306 2418 2421
f 2306 2421 2422
f 2306 2422 2337
f 2183 2106 2113
f 2183 2113 2184
f 2314 2260 2269
f 2314 2269 2315
f 2423 2424 2425
f 2423 2425 2426
f 2427 2423 2426
f 2428 2427 2426
f 2429 2426 2430
f 2429 2428 2426
f 2431 2429 2430
f 2432 2431 2430
f 2433 2434 2432
f 2433 2432 2430
f 2435 2433 2430
f 2436 2435 2430
f 2437 2435 2436
f 2438 2439 2437
f 2440 2438 2437
f 2440 2437 2436
f 2441 2434 2435
f 2435 2434 2433
f 2441 2442 2434
f 2441 2443 2442
f 2443 2444 2442
f 2444 2443 2439
f 2439 2443 2437
f 2445 2446 2447
f 2447 2446 2448
f 2449 2445 2450
f 2446 2445 2449
f 2424 2451 2425
f 2449 2450 2424
f 2424 2450 2451
f 2430 2426 2436
f 2436 2426 2452
f 2443 2441 2437
f 2437 2441 2435
f 2450 2445 2451
f 2451 2445 2447
f 2451 2452 2426
f 2425 2451 2426
f 2447 2453 2452
f 2447 2452 2451
f 2454 2447 2448
f 2454 2453 2447
f 2182 2181 2455
f 2455 2181 2456
f 2456 2180 2457
f 2181 2180 2456
f 2457 2178 2458
f 2180 2178 2457
f 2459 2175 2460
f 2458 2175 2459
f 2178 2175 2458
f 2175 2172 2460
f 2461 2168 2462
f 2460 2168 2461
f 2172 2168 2460
f 2462 2166 2463
f 2168 2166 2462
f 2463 2165 2464
f 2166 2165 2463
f 2165 2163 2464
f 2464 2162 2465
f 2163 2162 2464
f 2465 2161 2466
f 2162 2161 2465
f 2466 2147 2467
f 2161 2147 2466
f 2467 2133 2468
f 2147 2133 2467
f 2468 2136 2469
f 2133 2136 2468
f 2136 2148 2469
f 2469 2148 2470
f 2148 2150 2470
f 2470 2150 2471
f 2150 2153 2471
f 2471 2153 2472
f 2153 2159 2472
f 2472 2159 2473
f 2474 2240 2182
f 2474 2182 2455
f 2207 2208 2475
f 2475 2208 2476
f 2476 2212 2477
f 2208 2212 2476
f 2477 2215 2478
f 2212 2215 2477
f 2479 2219 2480
f 2478 2219 2479
f 2215 2219 2478
f 2219 2222 2480
f 2481 2221 2482
f 2480 2221 2481
f 2222 2221 2480
f 2482 2223 2483
f 2221 2223 2482
f 2483 2225 2484
f 2223 2225 2483
f 2225 2224 2484
f 2484 2226 2485
f 2224 2226 2484
f 2485 2228 2486
f 2226 2228 2485
f 2486 2227 2487
f 2228 2227 2486
f 2487 2258 2488
f 2227 2258 2487
f 2488 2257 2489
f 2258 2257 2488
f 2257 2256 2489
f 2489 2256 2490
f 2256 2242 2490
f 2490 2242 2491
f 2242 2241 2491
f 2491 2241 2492
f 2241 2240 2492
f 2492 2240 2474
f 2475 2473 2159
f 2475 2159 2207
f 2357 2360 2493
f 2493 2360 2494
f 2494 2361 2495
f 2360 2361 2494
f 2495 2364 2496
f 2361 2364 2495
f 2497 2365 2498
f 2496 2365 2497
f 2364 2365 2496
f 2365 2368 2498
f 2499 2369 2500
f 2498 2369 2499
f 2368 2369 2498
f 2500 2377 2501
f 2369 2377 2500
f 2501 2376 2502
f 2377 2376 2501
f 2376 2375 2502
f 2502 2374 2503
f 2375 2374 2502
f 2503 2373 2504
f 2374 2373 2503
f 2504 2379 2505
f 2373 2379 2504
f 2505 2382 2506
f 2379 2382 2505
f 2506 2385 2507
f 2382 2385 2506
f 2385 2388 2507
f 2507 2388 2508
f 2388 2390 2508
f 2508 2390 2509
f 2390 2406 2509
f 2509 2406 2510
f 2406 2371 2510
f 2510 2371 2511
f 2493 2512 2286
f 2493 2286 2357
f 2333 2332 2513
f 2513 2332 2514
f 2514 2326 2515
f 2332 2326 2514
f 2515 2325 2516
f 2326 2325 2515
f 2517 2324 2518
f 2516 2324 2517
f 2325 2324 2516
f 2324 2323 2518
f 2519 2290 2520
f 2518 2290 2519
f 2323 2290 2518
f 2520 2289 2521
f 2290 2289 2520
f 2521 2288 2522
f 2289 2288 2521
f 2288 2287 2522
f 2522 2282 2523
f 2287 2282 2522
f 2523 2279 2524
f 2282 2279 2523
f 2524 2278 2525
f 2279 2278 2524
f 2525 2276 2526
f 2278 2276 2525
f 2526 2274 2527
f 2276 2274 2526
f 2274 2277 2527
f 2527 2277 2528
f 2277 2280 2528
f 2528 2280 2529
f 2280 2283 2529
f 2529 2283 2530
f 2283 2286 2530
f 2530 2286 2512
f 2513 2511 2371
f 2513 2371 2333
f 2154 2152 2531
f 2531 2152 2532
f 2532 2151 2533
f 2152 2151 2532
f 2533 2149 2534
f 2151 2149 2533
f 2535 2137 2536
f 2534 2137 2535
f 2149 2137 2534
f 2137 2135 2536
f 2537 2134 2538
f 2536 2134 2537
f 2135 2134 2536
f 2538 2417 2539
f 2134 2417 2538
f 2539 2416 2540
f 2417 2416 2539
f 2416 2413 2540
f 2540 2414 2541
f 2413 2414 2540
f 2541 2415 2542
f 2414 2415 2541
f 2542 2102 2543
f 2415 2102 2542
f 2543 2100 2544
f 2102 2100 2543
f 2544 2101 2545
f 2100 2101 2544
f 2101 2103 2545
f 2545 2103 2546
f 2103 2104 2546
f 2546 2104 2547
f 2104 2105 2547
f 2547 2105 2548
f 2105 2106 2548
f 2548 2106 2549
f 2550 2196 2154
f 2550 2154 2531
f 2183 2192 2551
f 2551 2192 2552
f 2552 2194 2553
f 2192 2194 2552
f 2553 2201 2554
f 2194 2201 2553
f 2555 2203 2556
f 2554 2203 2555
f 2201 2203 2554
f 2203 2202 2556
f 2557 2204 2558
f 2556 2204 2557
f 2202 2204 2556
f 2558 2206 2559
f 2204 2206 2558
f 2559 2205 2560
f 2206 2205 2559
f 2205 2211 2560
f 2560 2210 2561
f 2211 2210 2560
f 2561 2218 2562
f 2210 2218 2561
f 2562 2217 2563
f 2218 2217 2562
f 2563 2220 2564
f 2217 2220 2563
f 2564 2216 2565
f 2220 2216 2564
f 2216 2214 2565
f 2565 2214 2566
f 2214 2213 2566
f 2566 2213 2567
f 2213 2209 2567
f 2567 2209 2568
f 2209 2196 2568
f 2568 2196 2550
f 2551 2549 2106
f 2551 2106 2183
f 2314 2327 2569
f 2569 2327 2570
f 2570 2329 2571
f 2327 2329 2570
f 2571 2334 2572
f 2329 2334 2571
f 2573 2335 2574
f 2572 2335 2573
f 2334 2335 2572
f 2335 2336 2574
f 2575 2337 2576
f 2574 2337 2575
f 2336 2337 2574
f 2576 2422 2577
f 2337 2422 2576
f 2577 2421 2578
f 2422 2421 2577
f 2421 2418 2578
f 2578 2419 2579
f 2418 2419 2578
f 2579 2420 2580
f 2419 2420 2579
f 2580 2370 2581
f 2420 2370 2580
f 2581 2367 2582
f 2370 2367 2581
f 2582 2366 2583
f 2367 2366 2582
f 2366 2363 2583
f 2583 2363 2584
f 2363 2362 2584
f 2584 2362 2585
f 2362 2359 2585
f 2585 2359 2586
f 2359 2358 2586
f 2586 2358 2587
f 2569 2588 2260
f 2569 2260 2314
f 2285 2284 2589
f 2589 2284 2590
f 2590 2281 2591
f 2284 2281 2590
f 2591 2275 2592
f 2281 2275 2591
f 2593 2272 2594
f 2592 2272 2593
f 2275 2272 2592
f 2272 2271 2594
f 2595 2270 2596
f 2594 2270 2595
f 2271 2270 2594
f 2596 2268 2597
f 2270 2268 2596
f 2597 2266 2598
f 2268 2266 2597
f 2266 2259 2598
f 2598 2252 2599
f 2259 2252 2598
f 2599 2248 2600
f 2252 2248 2599
f 2600 2246 2601
f 2248 2246 2600
f 2601 2244 2602
f 2246 2244 2601
f 2602 2245 2603
f 2244 2245 2602
f 2245 2247 2603
f 2603 2247 2604
f 2247 2249 2604
f 2604 2249 2605
f 2249 2253 2605
f 2605 2253 2606
f 2253 2260 2606
f 2606 2260 2588
f 2589 2587 2358
f 2589 2358 2285
f 2607 2269 2608
f 2608 2267 2609
f 2269 2267 2608
f 2609 2265 2610
f 2267 2265 2609
f 2610 2264 2611
f 2265 2264 2610
f 2611 2263 2612
f 2264 2263 2611
f 2612 2262 2613
f 2263 2262 2612
f 2613 2261 2614
f 2262 2261 2613
f 2614 2254 2615
f 2261 2254 2614
f 2615 2250 2616
f 2254 2250 2615
f 2616 2237 2617
f 2250 2237 2616
f 2617 2236 2618
f 2237 2236 2617
f 2618 2233 2619
f 2236 2233 2618
f 2619 2232 2620
f 2233 2232 2619
f 2620 2230 2621
f 2232 2230 2620
f 2621 2229 2622
f 2230 2229 2621
f 2229 2231 2622
f 2622 2231 2623
f 2231 2234 2623
f 2623 2234 2624
f 2234 2235 2624
f 2235 2238 2624
f 2624 2238 2625
f 2607 2626 2315
f 2607 2315 2269
f 2627 2273 2628
f 2628 2311 2629
f 2273 2311 2628
f 2629 2301 2630
f 2311 2301 2629
f 2630 2298 2631
f 2301 2298 2630
f 2631 2293 2632
f 2298 2293 2631
f 2632 2292 2633
f 2293 2292 2632
f 2633 2296 2634
f 2292 2296 2633
f 2634 2303 2635
f 2296 2303 2634
f 2635 2305 2636
f 2303 2305 2635
f 2636 2309 2637
f 2305 2309 2636
f 2637 2308 2638
f 2309 2308 2637
f 2638 2307 2639
f 2308 2307 2638
f 2639 2321 2640
f 2307 2321 2639
f 2640 2320 2641
f 2321 2320 2640
f 2641 2319 2642
f 2320 2319 2641
f 2319 2318 2642
f 2318 2317 2642
f 2642 2317 2643
f 2643 2317 2644
f 2317 2316 2644
f 2316 2315 2644
f 2644 2315 2626
f 2627 2238 2273
f 2627 2625 2238
f 2645 2646 2096
f 2645 2096 2139
f 2113 2112 2647
f 2647 2112 2648
f 2648 2111 2649
f 2112 2111 2648
f 2649 2108 2650
f 2111 2108 2649
f 2650 2107 2651
f 2108 2107 2650
f 2651 2109 2652
f 2107 2109 2651
f 2652 2110 2653
f 2109 2110 2652
f 2653 2099 2654
f 2110 2099 2653
f 2654 2098 2655
f 2099 2098 2654
f 2655 2097 2656
f 2098 2097 2655
f 2656 2094 2657
f 2097 2094 2656
f 2657 2091 2658
f 2094 2091 2657
f 2658 2088 2659
f 2091 2088 2658
f 2659 2080 2660
f 2088 2080 2659
f 2660 2084 2661
f 2080 2084 2660
f 2084 2086 2661
f 2661 2086 2662
f 2086 2090 2662
f 2662 2090 2663
f 2090 2093 2663
f 2663 2093 2664
f 2093 2096 2664
f 2664 2096 2646
f 2647 2665 2184
f 2647 2184 2113
f 2645 2139 2666
f 2666 2145 2667
f 2139 2145 2666
f 2667 2144 2668
f 2145 2144 2667
f 2668 2143 2669
f 2144 2143 2668
f 2669 2142 2670
f 2143 2142 2669
f 2670 2141 2671
f 2142 2141 2670
f 2671 2140 2672
f 2141 2140 2671
f 2672 2146 2673
f 2140 2146 2672
f 2673 2155 2674
f 2146 2155 2673
f 2674 2195 2675
f 2155 2195 2674
f 2675 2193 2676
f 2195 2193 2675
f 2676 2191 2677
f 2193 2191 2676
f 2677 2190 2678
f 2191 2190 2677
f 2678 2189 2679
f 2190 2189 2678
f 2679 2188 2680
f 2189 2188 2679
f 2188 2187 2680
f 2187 2186 2680
f 2680 2186 2681
f 2681 2186 2682
f 2186 2185 2682
f 2185 2184 2682
f 2682 2184 2665
f 2404 2683 2684
f 2404 2392 2683
f 2407 2684 2685
f 2407 2404 2684
f 2409 2685 2686
f 2409 2407 2685
f 2411 2686 2687
f 2411 2409 2686
f 2412 2687 2688
f 2412 2411 2687
f 2410 2688 2689
f 2410 2412 2688
f 2408 2689 2690
f 2408 2410 2689
f 2405 2690 2691
f 2405 2408 2690
f 2692 2331 2405
f 2692 2405 2691
f 2330 2692 2693
f 2330 2331 2692
f 2328 2693 2694
f 2328 2330 2693
f 2322 2694 2695
f 2322 2328 2694
f 2695 2696 2255
f 2695 2255 2322
f 2251 2696 2697
f 2251 2255 2696
f 2243 2697 2698
f 2243 2251 2697
f 2239 2698 2699
f 2239 2243 2698
f 2699 2700 2132
f 2239 2699 2132
f 2131 2700 2701
f 2131 2132 2700
f 2130 2701 2702
f 2130 2131 2701
f 2129 2702 2703
f 2129 2703 2704
f 2129 2130 2702
f 2128 2129 2704
f 2127 2704 2705
f 2127 2705 2706
f 2127 2128 2704
f 2126 2127 2706
f 2125 2706 2707
f 2125 2126 2706
f 2114 2707 2708
f 2114 2125 2707
f 2058 2709 2710
f 2066 2710 2711
f 2066 2058 2710
f 2076 2711 2712
f 2076 2066 2711
f 2075 2712 2713
f 2075 2076 2712
f 2074 2713 2714
f 2074 2075 2713
f 2073 2074 2714
f 2072 2714 2715
f 2072 2715 2716
f 2072 2073 2714
f 2071 2716 2717
f 2071 2072 2716
f 2069 2717 2718
f 2069 2071 2717
f 2070 2069 2718
f 2138 2718 2719
f 2138 2070 2718
f 2157 2719 2720
f 2157 2138 2719
f 2158 2720 2721
f 2158 2157 2720
f 2156 2721 2722
f 2156 2158 2721
f 2723 2198 2156
f 2723 2156 2722
f 2199 2723 2724
f 2199 2198 2723
f 2200 2724 2725
f 2200 2199 2724
f 2197 2725 2726
f 2197 2200 2725
f 2727 2197 2726
f 2310 2197 2727
f 2310 2727 2728
f 2339 2728 2729
f 2339 2310 2728
f 2340 2729 2730
f 2340 2339 2729
f 2341 2730 2731
f 2341 2340 2730
f 2342 2731 2732
f 2342 2341 2731
f 2343 2732 2733
f 2343 2342 2732
f 2344 2733 2734
f 2344 2343 2733
f 2345 2734 2735
f 2345 2344 2734
f 2346 2735 2736
f 2346 2345 2735
f 2348 2346 2736
f 2712 2711 2713
f 2713 2711 2714
f 2714 2711 2715
f 2715 2711 2716
f 2716 2710 2717
f 2711 2710 2716
f 2717 2709 2718
f 2710 2709 2717
f 2660 2661 2718
f 2661 2662 2718
f 2718 2659 2660
f 2662 2663 2718
f 2718 2658 2659
f 2718 2657 2658
f 2663 2664 2718
f 2718 2656 2657
f 2664 2646 2718
f 2544 2545 2709
f 2709 2546 2718
f 2545 2546 2709
f 2709 2543 2544
f 2709 2542 2543
f 2718 2547 2656
f 2546 2547 2718
f 2656 2547 2655
f 2709 2541 2542
f 2547 2548 2655
f 2655 2548 2654
f 2709 2540 2541
f 2548 2549 2654
f 2654 2549 2653
f 2653 2549 2652
f 2652 2549 2651
f 2651 2549 2650
f 2549 2649 2650
f 2549 2648 2649
f 2549 2647 2648
f 2709 2708 2540
f 2540 2708 2539
f 2539 2708 2538
f 2538 2708 2537
f 2706 2705 2707
f 2707 2705 2708
f 2703 2702 2704
f 2704 2701 2705
f 2702 2701 2704
f 2705 2700 2708
f 2701 2700 2705
f 2537 2468 2536
f 2536 2469 2535
f 2468 2469 2536
f 2646 2719 2718
f 2666 2719 2645
f 2667 2719 2666
f 2668 2719 2667
f 2669 2719 2668
f 2670 2719 2669
f 2671 2719 2670
f 2645 2719 2646
f 2671 2672 2719
f 2469 2470 2535
f 2535 2470 2534
f 2708 2467 2537
f 2537 2467 2468
f 2708 2466 2467
f 2470 2471 2534
f 2534 2471 2533
f 2708 2465 2466
f 2471 2472 2533
f 2533 2472 2532
f 2532 2472 2531
f 2720 2722 2721
f 2719 2722 2720
f 2708 2464 2465
f 2472 2473 2531
f 2700 2463 2708
f 2708 2463 2464
f 2700 2462 2463
f 2700 2461 2462
f 2700 2460 2461
f 2700 2459 2460
f 2700 2458 2459
f 2700 2457 2458
f 2700 2456 2457
f 2700 2455 2456
f 2672 2453 2719
f 2719 2453 2722
f 2673 2453 2672
f 2674 2453 2673
f 2675 2453 2674
f 2676 2453 2675
f 2677 2551 2676
f 2678 2551 2677
f 2679 2551 2678
f 2680 2551 2679
f 2681 2551 2680
f 2676 2551 2453
f 2682 2551 2681
f 2665 2551 2682
f 2551 2552 2453
f 2552 2553 2453
f 2553 2554 2453
f 2554 2555 2453
f 2555 2556 2453
f 2556 2557 2453
f 2557 2558 2453
f 2558 2559 2453
f 2559 2560 2453
f 2723 2725 2724
f 2723 2726 2725
f 2531 2475 2550
f 2550 2475 2568
f 2473 2475 2531
f 2475 2476 2568
f 2476 2477 2568
f 2568 2477 2567
f 2567 2477 2566
f 2477 2478 2566
f 2566 2479 2565
f 2565 2479 2564
f 2478 2479 2566
f 2479 2480 2564
f 2564 2480 2563
f 2563 2481 2562
f 2480 2481 2563
f 2481 2482 2562
f 2722 2440 2723
f 2723 2440 2726
f 2453 2440 2722
f 2726 2620 2621
f 2621 2622 2726
f 2726 2619 2620
f 2726 2618 2619
f 2440 2618 2726
f 2622 2623 2726
f 2623 2624 2726
f 2440 2617 2618
f 2624 2625 2726
f 2440 2616 2617
f 2440 2615 2616
f 2440 2614 2615
f 2455 2699 2474
f 2474 2699 2492
f 2492 2699 2491
f 2700 2699 2455
f 2699 2698 2491
f 2602 2603 2440
f 2603 2604 2440
f 2440 2601 2602
f 2440 2600 2601
f 2604 2605 2440
f 2698 2697 2491
f 2605 2606 2440
f 2440 2599 2600
f 2491 2696 2490
f 2697 2696 2491
f 2611 2588 2610
f 2612 2588 2611
f 2613 2588 2612
f 2614 2588 2613
f 2606 2588 2440
f 2440 2588 2614
f 2440 2598 2599
f 2588 2609 2610
f 2588 2608 2609
f 2588 2607 2608
f 2696 2452 2490
f 2490 2452 2489
f 2489 2452 2488
f 2488 2452 2487
f 2487 2452 2486
f 2625 2627 2726
f 2593 2526 2527
f 2594 2526 2593
f 2527 2528 2593
f 2593 2528 2592
f 2594 2525 2526
f 2596 2525 2595
f 2595 2525 2594
f 2528 2529 2592
f 2592 2529 2591
f 2596 2524 2525
f 2591 2530 2590
f 2590 2530 2589
f 2529 2530 2591
f 2530 2512 2589
f 2628 2727 2627
f 2629 2727 2628
f 2630 2727 2629
f 2631 2727 2630
f 2632 2727 2631
f 2633 2727 2632
f 2634 2727 2633
f 2635 2727 2634
f 2636 2727 2635
f 2627 2727 2726
f 2520 2436 2519
f 2519 2436 2518
f 2518 2436 2517
f 2517 2436 2516
f 2727 2729 2728
f 2639 2569 2638
f 2640 2569 2639
f 2641 2569 2640
f 2642 2569 2641
f 2643 2569 2642
f 2644 2569 2643
f 2626 2569 2644
f 2729 2731 2730
f 2727 2731 2729
f 2516 2695 2515
f 2436 2695 2516
f 2638 2570 2637
f 2569 2570 2638
f 2695 2694 2515
f 2727 2732 2731
f 2637 2571 2636
f 2570 2571 2637
f 2636 2571 2727
f 2694 2693 2515
f 2515 2692 2514
f 2514 2692 2513
f 2693 2692 2515
f 2571 2572 2727
f 2732 2734 2733
f 2727 2734 2732
f 2574 2736 2573
f 2573 2736 2572
f 2734 2736 2735
f 2572 2736 2727
f 2727 2736 2734
f 2575 2736 2574
f 2575 2576 2736
f 2576 2577 2736
f 2577 2578 2736
f 2512 2493 2589
f 2589 2493 2587
f 2587 2494 2586
f 2586 2494 2585
f 2493 2494 2587
f 2494 2495 2585
f 2495 2496 2585
f 2585 2496 2584
f 2584 2496 2583
f 2496 2497 2583
f 2583 2497 2582
f 2497 2498 2582
f 2582 2498 2581
f 2498 2499 2581
f 2692 2511 2513
f 2499 2683 2581
f 2503 2683 2502
f 2502 2683 2501
f 2501 2683 2500
f 2500 2683 2499
f 2578 2683 2736
f 2581 2683 2580
f 2580 2683 2579
f 2579 2683 2578
f 2503 2691 2683
f 2511 2691 2510
f 2510 2691 2509
f 2509 2691 2508
f 2508 2691 2507
f 2507 2691 2506
f 2506 2691 2505
f 2505 2691 2504
f 2504 2691 2503
f 2692 2691 2511
f 2684 2686 2685
f 2690 2689 2691
f 2683 2687 2684
f 2684 2687 2686
f 2689 2688 2691
f 2683 2688 2687
f 2691 2688 2683
f 2696 2695 2452
f 2452 2695 2436
f 2549 2551 2665
f 2549 2665 2647
f 2588 2569 2626
f 2588 2626 2607
f 2440 2436 2522
f 2440 2522 2523
f 2440 2523 2524
f 2440 2524 2597
f 2440 2597 2598
f 2522 2436 2521
f 2521 2436 2520
f 2597 2524 2596
f 2452 2453 2560
f 2452 2560 2561
f 2452 2561 2562
f 2452 2562 2483
f 2452 2483 2484
f 2452 2484 2485
f 2452 2485 2486
f 2483 2562 2482
f 2737 2738 2438
f 2737 2438 2440
f 2739 2454 2740
f 2739 2737 2440
f 2453 2454 2739
f 2453 2739 2440
f 2741 2742 2743
f 2744 2742 2741
f 2745 2744 2741
f 2746 2742 2744
f 2747 2745 2741
f 2748 2742 2746
f 2749 2747 2741
f 2750 2742 2748
f 2751 2749 2741
f 2752 2742 2750
f 2753 2751 2741
f 2754 2753 2741
f 2755 2754 2741
f 2756 2755 2741
f 2757 2756 2741
f 2758 2757 2741
f 2759 2760 2761
f 2762 2763 2759
f 2762 2759 2761
f 2764 2762 2761
f 2737 2765 2766
f 2737 2766 2767
f 2737 2768 2769
f 2737 2770 2768
f 2737 2771 2770
f 2737 2772 2771
f 2737 2773 2772
f 2737 2767 2773
f 2774 2761 2775
f 2774 2775 2776
f 2774 2776 2758
f 2774 2758 2741
f 2774 2764 2761
f 2777 2774 2778
f 2779 2737 2739
f 2779 2765 2737
f 2780 2765 2779
f 2780 2781 2782
f 2780 2782 2765
f 2783 2779 2739
f 2784 2781 2780
f 2785 2739 2786
f 2787 2783 2739
f 2788 2739 2785
f 2789 2787 2739
f 2789 2739 2788
f 2790 2791 2781
f 2790 2781 2784
f 2792 2788 2793
f 2792 2789 2788
f 2794 2795 2796
f 2797 2794 2796
f 2797 2798 2794
f 2797 2796 2799
f 2800 2798 2797
f 2800 2801 2798
f 2800 2802 2801
f 2800 2797 2803
f 2804 2802 2800
f 2804 2805 2802
f 2804 2806 2805
f 2804 2807 2806
f 2804 2808 2807
f 2804 2809 2808
f 2804 2810 2809
f 2804 2811 2810
f 2804 2812 2811
f 2804 2813 2812
f 2804 2814 2813
f 2815 2814 2804
f 2815 2816 2814
f 2815 2817 2816
f 2815 2818 2817
f 2815 2819 2818
f 2815 2820 2819
f 2821 2815 2804
f 2822 2800 2823
f 2815 2742 2752
f 2815 2752 2824
f 2815 2824 2791
f 2815 2791 2820
f 2820 2791 2790
f 2741 2778 2774
f 2822 2804 2800
f 2825 2826 2827
f 2825 2828 2826
f 2828 2742 2826
f 2742 2829 2826
f 2829 2830 2831
f 2829 2832 2830
f 2742 2815 2829
f 2829 2815 2832
f 2826 2829 2833
f 2826 2833 2834
f 2826 2834 2835
f 2826 2835 2836
f 2826 2836 2837
f 2826 2837 2838
f 2826 2838 2839
f 2826 2839 2840
f 2840 2839 2841
f 2842 2843 2844
f 2845 2844 2846
f 2845 2842 2844
f 2829 2845 2846
f 2833 2846 2847
f 2833 2829 2846
f 2834 2847 2848
f 2834 2833 2847
f 2835 2848 2849
f 2835 2834 2848
f 2836 2849 2850
f 2836 2835 2849
f 2837 2850 2851
f 2837 2836 2850
f 2838 2851 2852
f 2838 2837 2851
f 2839 2852 2853
f 2839 2838 2852
f 2841 2853 2854
f 2841 2839 2853
f 2840 2854 2855
f 2840 2841 2854
f 2826 2840 2855
f 2856 2855 2857
f 2856 2826 2855
f 2858 2856 2857
f 2859 2858 2857
f 2860 2861 2862
f 2860 2862 2863
f 2864 2863 2865
f 2864 2860 2863
f 2866 2865 2867
f 2866 2864 2865
f 2868 2867 2869
f 2868 2866 2867
f 2870 2869 2871
f 2870 2868 2869
f 2872 2870 2871
f 2872 2871 2873
f 2874 2872 2873
f 2874 2873 2875
f 2876 2874 2875
f 2876 2875 2877
f 2878 2876 2877
f 2878 2877 2879
f 2880 2878 2879
f 2880 2879 2881
f 2882 2880 2881
f 2882 2881 2883
f 2884 2882 2883
f 2884 2883 2885
f 2886 2884 2885
f 2886 2885 2887
f 2888 2886 2887
f 2888 2887 2889
f 2890 2888 2889
f 2890 2889 2891
f 2892 2890 2891
f 2892 2891 2893
f 2894 2892 2893
f 2894 2893 2895
f 2896 2894 2895
f 2896 2895 2897
f 2898 2897 2899
f 2898 2896 2897
f 2900 2899 2901
f 2900 2898 2899
f 2902 2901 2903
f 2902 2900 2901
f 2904 2903 2905
f 2904 2902 2903
f 2906 2905 2907
f 2906 2904 2905
f 2908 2907 2909
f 2908 2906 2907
f 2910 2909 2911
f 2910 2908 2909
f 2912 2911 2913
f 2912 2910 2911
f 2914 2913 2915
f 2914 2912 2913
f 2916 2915 2917
f 2916 2914 2915
f 2918 2919 2920
f 2918 2917 2919
f 2918 2916 2917
f 2921 2918 2920
f 2922 2920 2923
f 2922 2921 2920
f 2924 2922 2923
f 2924 2923 2925
f 2926 2924 2925
f 2926 2927 2928
f 2926 2925 2927
f 2929 2926 2928
f 2930 2929 2928
f 2930 2928 2931
f 2861 2930 2931
f 2861 2931 2862
f 2932 2933 2934
f 2933 2935 2936
f 2937 2935 2932
f 2932 2935 2933
f 2935 2938 2936
f 2938 2939 2940
f 2935 2939 2938
f 2935 2941 2939
f 2844 2942 2846
f 2943 2944 2945
f 2946 2944 2943
f 2941 2944 2946
f 2935 2944 2941
f 2846 2906 2847
f 2846 2904 2906
f 2942 2904 2846
f 2847 2908 2848
f 2906 2908 2847
f 2947 2902 2942
f 2948 2902 2947
f 2942 2902 2904
f 2848 2910 2849
f 2908 2910 2848
f 2949 2900 2948
f 2950 2900 2949
f 2951 2900 2950
f 2948 2900 2902
f 2849 2912 2850
f 2910 2912 2849
f 2945 2898 2951
f 2944 2898 2945
f 2951 2898 2900
f 2850 2914 2851
f 2912 2914 2850
f 2944 2896 2898
f 2952 2896 2944
f 2851 2916 2852
f 2914 2916 2851
f 2953 2894 2952
f 2952 2894 2896
f 2852 2918 2853
f 2916 2918 2852
f 2953 2892 2894
f 2954 2892 2953
f 2853 2921 2854
f 2918 2921 2853
f 2954 2890 2892
f 2955 2890 2954
f 2921 2922 2854
f 2955 2888 2890
f 2956 2888 2955
f 2922 2855 2854
f 2922 2924 2855
f 2956 2886 2888
f 2956 2957 2886
f 2957 2884 2886
f 2957 2958 2884
f 2884 2958 2882
f 2926 2959 2924
f 2855 2959 2857
f 2924 2959 2855
f 2926 2960 2959
f 2929 2961 2926
f 2926 2961 2960
f 2929 2962 2961
f 2929 2963 2962
f 2930 2964 2929
f 2929 2964 2963
f 2930 2965 2964
f 2966 2967 2968
f 2966 2969 2967
f 2958 2970 2882
f 2882 2970 2880
f 2971 2972 2973
f 2974 2975 2966
f 2969 2975 2971
f 2971 2975 2972
f 2972 2975 2976
f 2966 2975 2969
f 2880 2977 2878
f 2970 2977 2880
f 2861 2978 2930
f 2965 2978 2979
f 2979 2978 2980
f 2980 2978 2974
f 2930 2978 2965
f 2974 2978 2975
f 2977 2981 2878
f 2860 2982 2861
f 2861 2982 2978
f 2981 2983 2878
f 2878 2983 2876
f 2860 2984 2982
f 2864 2984 2860
f 2983 2985 2876
f 2876 2985 2874
f 2864 2986 2984
f 2866 2986 2864
f 2985 2987 2874
f 2874 2987 2872
f 2866 2988 2986
f 2868 2988 2866
f 2987 2989 2872
f 2872 2989 2870
f 2868 2990 2988
f 2989 2990 2870
f 2870 2990 2868
f 2959 2960 2991
f 2991 2960 2992
f 2992 2961 2993
f 2960 2961 2992
f 2993 2962 2994
f 2961 2962 2993
f 2994 2963 2995
f 2962 2963 2994
f 2995 2964 2996
f 2963 2964 2995
f 2996 2965 2997
f 2964 2965 2996
f 2997 2979 2998
f 2965 2979 2997
f 2998 2980 2999
f 2979 2980 2998
f 2999 2974 3000
f 2980 2974 2999
f 3001 2859 2857
f 3001 2857 2959
f 2991 3001 2959
f 2741 3001 2991
f 3002 2991 3003
f 3002 2741 2991
f 2778 2741 3002
f 3004 2778 3002
f 2777 2778 3004
f 2743 2742 2828
f 2743 2828 3005
f 3006 3007 3001
f 3005 3001 2741
f 3005 3006 3001
f 2743 3005 2741
f 3005 2828 2825
f 3005 2825 3006
f 3006 2825 2827
f 3006 2827 3007
f 2976 2975 3008
f 2976 3008 3009
f 2972 3009 3010
f 2972 2976 3009
f 2973 3010 3011
f 2973 2972 3010
f 2971 3011 3012
f 2971 2973 3011
f 2969 3012 3013
f 2969 2971 3012
f 2967 3013 3014
f 2967 2969 3013
f 2968 3014 3015
f 2968 2967 3014
f 2966 3015 3016
f 2966 2968 3015
f 3017 3008 2975
f 3017 2975 2978
f 3018 2978 2982
f 3018 3017 2978
f 3019 2982 2984
f 3019 3018 2982
f 3020 2984 2986
f 3020 3019 2984
f 3021 2986 2988
f 3021 3020 2986
f 3022 2988 2990
f 3022 3021 2988
f 3023 2990 2989
f 3023 3022 2990
f 2434 2989 2987
f 2434 3023 2989
f 2432 2987 2985
f 2432 2434 2987
f 2431 2985 2983
f 2431 2432 2985
f 2429 2983 2981
f 2429 2431 2983
f 2428 2981 2977
f 2428 2429 2981
f 2427 2428 2977
f 2427 2977 2970
f 2423 2970 2958
f 2423 2427 2970
f 2424 2423 2958
f 2424 2958 2957
f 3024 2424 2957
f 3024 2957 2956
f 3025 3024 2956
f 3025 2956 2955
f 3026 3025 2955
f 3026 2955 2954
f 3027 3026 2954
f 3027 2954 2953
f 3028 2953 2952
f 3028 3027 2953
f 3029 2952 2944
f 3029 3028 2952
f 3030 2944 2935
f 3030 3029 2944
f 3031 3030 2935
f 2738 2737 2769
f 3032 2769 2768
f 3032 2738 2769
f 3033 2768 2770
f 3033 3032 2768
f 3034 2770 2771
f 3034 3033 2770
f 3035 2771 2772
f 3035 3034 2771
f 3036 2772 2773
f 3036 3035 2772
f 3037 2773 2767
f 3037 3036 2773
f 3038 3037 2767
f 2775 3039 2776
f 2776 3040 2758
f 3039 3040 2776
f 2758 3041 2757
f 3040 3041 2758
f 2757 3042 2756
f 3041 3042 2757
f 2756 3043 2755
f 3042 3043 2756
f 2755 3044 2754
f 3043 3044 2755
f 2754 3045 2753
f 3044 3045 2754
f 2753 3046 2751
f 3045 3046 2753
f 2751 3047 2749
f 3046 3047 2751
f 2749 3048 2747
f 3047 3048 2749
f 2747 3049 2745
f 3048 3049 2747
f 2745 3050 2744
f 3049 3050 2745
f 3050 3051 2744
f 2744 3051 2746
f 3051 3052 2746
f 2746 3052 2748
f 3052 3053 2748
f 2748 3053 2750
f 3053 3054 2750
f 2750 3054 2752
f 3054 3055 2752
f 2752 3055 2824
f 3055 3056 2824
f 2824 3056 2791
f 3056 3057 2791
f 2791 3057 2781
f 3057 3058 2781
f 2781 3058 2782
f 3058 3059 2782
f 2782 3059 2765
f 3059 3060 2765
f 2765 3060 2766
f 3060 3061 2766
f 2766 3061 2767
f 3061 3038 2767
f 2764 2774 3062
f 2764 3062 3063
f 2762 3063 3064
f 2762 2764 3063
f 2763 3064 3065
f 2763 2762 3064
f 2759 3065 3066
f 2759 2763 3065
f 2760 3066 3067
f 2760 2759 3066
f 2761 3067 3068
f 2761 2760 3067
f 2775 3068 3039
f 2775 2761 3068
f 3004 3069 3062
f 2774 2777 3004
f 2774 3004 3062
f 3000 2966 3016
f 2974 2966 3000
f 2859 2827 2858
f 2858 2827 2856
f 2856 2827 2826
f 3001 3007 2859
f 2859 3007 2827
f 3004 3002 3003
f 3004 3003 3069
f 2871 2865 2873
f 2869 2865 2871
f 2867 2865 2869
f 2873 2877 2875
f 2879 2883 2881
f 2877 2883 2879
f 2873 2883 2877
f 2931 2925 2862
f 2928 2925 2931
f 2927 2925 2928
f 2862 2925 2863
f 2883 2887 2885
f 2873 2887 2883
f 2923 2919 2925
f 2920 2919 2923
f 2889 2893 2891
f 2895 2899 2897
f 2893 2899 2895
f 2887 2899 2889
f 2863 2899 2865
f 2865 2899 2873
f 2925 2899 2863
f 2873 2899 2887
f 2889 2899 2893
f 2913 2911 2915
f 2917 2909 2919
f 2915 2909 2917
f 2911 2909 2915
f 2909 2905 2919
f 2907 2905 2909
f 2901 2905 2903
f 2899 2905 2901
f 2919 2905 2925
f 2925 2905 2899
f 2942 3070 2947
f 2947 3071 2948
f 3070 3071 2947
f 2948 3072 2949
f 3071 3072 2948
f 2949 3073 2950
f 3072 3073 2949
f 2950 3074 2951
f 3073 3074 2950
f 2951 3075 2945
f 3074 3075 2951
f 2945 3076 2943
f 3075 3076 2945
f 2943 3077 2946
f 3076 3077 2943
f 2946 3078 2941
f 3077 3078 2946
f 3078 3079 2941
f 2843 3080 2844
f 2844 3080 2942
f 3080 3070 2942
f 3080 2804 3070
f 3070 3081 3082
f 2804 3081 3070
f 2804 2822 3081
f 3081 2823 3083
f 2822 2823 3081
f 2815 3084 2832
f 2815 2821 3084
f 3085 3086 3080
f 3086 2804 3080
f 3086 3084 2804
f 3084 2821 2804
f 2832 3084 2830
f 2830 3084 3086
f 2830 3086 2831
f 2831 3086 3085
f 3087 2935 2937
f 3087 3031 2935
f 3088 2937 2932
f 3088 3087 2937
f 3089 2932 2934
f 3089 3088 2932
f 3090 2934 2933
f 3090 3089 2934
f 3091 2933 2936
f 3091 3090 2933
f 3092 2936 2938
f 3092 3091 2936
f 3093 2938 2940
f 3093 3092 2938
f 3094 2940 2939
f 3094 3093 2940
f 2739 2740 3095
f 2786 3095 3096
f 2786 2739 3095
f 2785 3096 3097
f 2785 2786 3096
f 2788 3097 3098
f 2788 2785 3097
f 2793 3098 3099
f 2793 2788 3098
f 2792 3099 3100
f 2792 2793 3099
f 2789 3100 3101
f 2789 2792 3100
f 2787 2789 3101
f 3102 2798 3103
f 3103 2801 3104
f 2798 2801 3103
f 3104 2802 3105
f 2801 2802 3104
f 3105 2805 3106
f 2802 2805 3105
f 3106 2806 3107
f 2805 2806 3106
f 3107 2807 3108
f 2806 2807 3107
f 3108 2808 3109
f 2807 2808 3108
f 3109 2809 3110
f 2808 2809 3109
f 3110 2810 3111
f 2809 2810 3110
f 3111 2811 3112
f 2810 2811 3111
f 3112 2812 3113
f 2811 2812 3112
f 3113 2813 3114
f 2812 2813 3113
f 2813 2814 3114
f 3114 2814 3115
f 2814 2816 3115
f 3115 2816 3116
f 2816 2817 3116
f 3116 2817 3117
f 2817 2818 3117
f 3117 2818 3118
f 2818 2819 3118
f 3118 2819 3119
f 2819 2820 3119
f 3119 2820 3120
f 2820 2790 3120
f 3120 2790 3121
f 2790 2784 3121
f 3121 2784 3122
f 2784 2780 3122
f 3122 2780 3123
f 2780 2779 3123
f 3123 2779 3124
f 2779 2783 3124
f 3124 2783 3101
f 2783 2787 3101
f 3125 2800 2803
f 3125 3126 2800
f 3127 2803 2797
f 3127 3125 2803
f 3128 2797 2799
f 3128 3127 2797
f 3129 2799 2796
f 3129 3128 2799
f 3130 2796 2795
f 3130 3129 2796
f 3131 2795 2794
f 3131 3130 2795
f 3102 2794 2798
f 3102 3131 2794
f 3132 3083 3126
f 2823 2800 3083
f 3083 2800 3126
f 2939 2941 3079
f 2939 3079 3094
f 2831 2843 2842
f 2831 2842 2845
f 2831 2845 2829
f 3085 3080 2843
f 3085 2843 2831
f 3081 3083 3082
f 3082 3083 3132
f 3031 3087 3088
f 3093 3088 3089
f 3093 3089 3090
f 3093 3090 3091
f 3093 3091 3092
f 3093 3031 3088
f 3094 3031 3093
f 3079 3031 3094
f 2454 3104 3105
f 2454 3105 3106
f 2454 3106 3107
f 2454 3107 3108
f 2454 3108 3109
f 2454 3109 3110
f 2454 3110 3111
f 2454 3111 3112
f 2454 3112 3113
f 2454 3113 3114
f 2454 3114 3115
f 2454 3115 3116
f 2454 3116 3117
f 2454 3117 3118
f 2454 3118 3119
f 2454 3119 3120
f 2454 3120 3121
f 2454 3121 3122
f 2454 3122 3123
f 3103 3104 2454
f 3124 2454 3123
f 3102 3103 2454
f 3101 2454 3124
f 3100 2454 3101
f 3131 3102 2454
f 3099 2454 3100
f 3130 3131 2454
f 3098 2454 3099
f 3129 3130 2454
f 3030 3079 3078
f 3030 3078 3077
f 3030 3077 3076
f 3030 3031 3079
f 3097 2454 3098
f 3128 3129 2454
f 3029 3076 3075
f 3029 3030 3076
f 3026 3027 3082
f 3132 3026 3082
f 3025 3026 3132
f 2446 3132 2448
f 3024 3132 2446
f 3024 3025 3132
f 2449 2424 3024
f 2449 3024 2446
f 2740 2454 3095
f 3095 2454 3096
f 3096 2454 3097
f 2454 2448 3126
f 2454 3126 3125
f 2454 3125 3127
f 2454 3127 3128
f 3070 3082 3071
f 3071 3082 3072
f 3072 3082 3073
f 3073 3082 3074
f 3074 3082 3075
f 3075 3082 3027
f 3075 3027 3028
f 3075 3028 3029
f 3132 3126 2448
f 2438 3034 3035
f 2438 3035 3036
f 2438 3036 3037
f 2438 3037 3038
f 2438 3052 3051
f 2438 3053 3052
f 2438 3054 3053
f 2438 3055 3054
f 2438 3056 3055
f 2438 3057 3056
f 2438 3058 3057
f 2438 3059 3058
f 2438 3060 3059
f 2438 3061 3060
f 2438 3038 3061
f 3050 2438 3051
f 3049 2438 3050
f 3048 2438 3049
f 3047 2438 3048
f 3046 2438 3047
f 3045 2438 3046
f 3066 2438 3067
f 3044 2438 3045
f 3068 3067 2438
f 3065 2438 3066
f 3039 3068 2438
f 3043 2438 3044
f 3040 3039 2438
f 3042 2438 3043
f 3041 3040 2438
f 3041 2438 3042
f 3013 3015 3014
f 3012 3015 3013
f 3010 3012 3011
f 3010 3016 3015
f 3010 3015 3012
f 3009 3016 3010
f 3008 3000 3016
f 3008 3016 3009
f 3017 2999 3000
f 3017 2998 2999
f 3017 2997 2998
f 3017 3000 3008
f 3018 2996 2997
f 3018 2997 3017
f 3069 2444 2439
f 3021 3003 3020
f 3021 3069 3003
f 3023 2444 3069
f 3023 2434 2442
f 3023 2442 2444
f 3022 3023 3069
f 3022 3069 3021
f 2438 2738 3032
f 2438 3032 3033
f 2438 3033 3034
f 3065 3064 2438
f 2438 3064 3063
f 3062 3069 2439
f 3003 2991 2992
f 3003 2992 2993
f 3003 2993 2994
f 3003 2994 2995
f 3003 2995 2996
f 3003 2996 3020
f 3020 2996 3019
f 3019 2996 3018
f 2439 2438 3062
f 3062 2438 3063
f 2058 2077 2709
f 2709 2115 2708
f 2077 2115 2709
f 2115 2114 2708
f 3133 3134 2077
f 2077 3134 2115
f 3135 3136 3137
f 3138 3139 3140
f 3135 3141 3136
f 3140 3142 3135
f 3135 3142 3141
f 3143 3144 3139
f 3140 3144 3142
f 3139 3144 3140
f 3144 3145 3142
f 3146 3147 3148
f 3147 3149 3150
f 3151 3149 3146
f 3146 3149 3147
f 3152 3153 3151
f 3151 3153 3149
f 3145 3133 3152
f 3153 3133 3154
f 3144 3133 3145
f 3152 3133 3153
f 3144 3155 3133
f 3156 3157 3155
f 3158 3157 3156
f 3159 3160 3157
f 3160 3161 3157
f 3157 3161 3155
f 3161 3162 3155
f 3163 3162 3161
f 3162 3164 3155
f 3164 3165 3155
f 3165 3134 3155
f 3155 3134 3133
f 3165 3166 3134
f 3167 3166 3165
f 3167 3168 3166
f 3169 3168 3167
f 3170 3168 3169
f 3166 3168 3171
f 3170 3172 3168
f 3173 3172 3170
f 3168 3172 3174
f 3175 3176 3177
f 3175 3177 3178
f 3176 3179 3180
f 3176 3180 3177
f 3181 3182 3183
f 3181 3183 3184
f 3185 3184 3186
f 3185 3181 3184
f 3187 3186 3188
f 3187 3185 3186
f 3189 3188 3190
f 3189 3187 3188
f 3191 3190 3192
f 3191 3189 3190
f 3193 3192 3194
f 3193 3191 3192
f 3195 3194 3196
f 3195 3193 3194
f 3179 3196 3180
f 3179 3195 3196
f 3182 3197 3183
f 3183 3197 3198
f 3198 3199 3200
f 3197 3199 3198
f 3200 3201 3202
f 3199 3201 3200
f 3202 3203 3204
f 3201 3203 3202
f 3205 3206 3207
f 3208 3207 3209
f 3208 3205 3207
f 3210 3209 3211
f 3210 3208 3209
f 3212 3211 3213
f 3212 3210 3211
f 3214 3213 3204
f 3214 3212 3213
f 3203 3214 3204
f 3215 3216 3206
f 3205 3215 3206
f 3215 3217 3216
f 3216 3217 3218
f 3218 3219 3220
f 3217 3219 3218
f 3220 3221 3222
f 3219 3221 3220
f 3222 3223 3224
f 3221 3223 3222
f 3224 3225 3226
f 3223 3225 3224
f 3226 3227 3228
f 3225 3227 3226
f 3228 3229 3230
f 3227 3229 3228
f 3230 3231 3232
f 3229 3231 3230
f 3232 3233 3234
f 3231 3233 3232
f 3234 3235 3236
f 3233 3235 3234
f 3236 3237 3238
f 3235 3237 3236
f 3238 3239 3240
f 3237 3239 3238
f 3240 3241 3242
f 3239 3241 3240
f 3242 3243 3244
f 3241 3243 3242
f 3243 3245 3244
f 3244 3245 3246
f 3245 3247 3246
f 3246 3247 3248
f 3247 3249 3248
f 3248 3249 3250
f 3249 3251 3250
f 3250 3251 3252
f 3253 3254 3252
f 3251 3253 3252
f 3255 3256 3257
f 3255 3257 3258
f 3259 3258 3260
f 3259 3255 3258
f 3261 3260 3262
f 3261 3259 3260
f 3263 3262 3264
f 3263 3261 3262
f 3253 3264 3254
f 3253 3263 3264
f 3256 3265 3257
f 3257 3265 3266
f 3266 3267 3268
f 3265 3267 3266
f 3268 3269 3270
f 3267 3269 3268
f 3270 3271 3272
f 3269 3271 3270
f 3273 3274 3275
f 3276 3275 3277
f 3276 3273 3275
f 3278 3277 3279
f 3278 3276 3277
f 3280 3279 3281
f 3280 3278 3279
f 3282 3281 3283
f 3282 3280 3281
f 3284 3283 3285
f 3284 3282 3283
f 3286 3285 3287
f 3286 3284 3285
f 3288 3287 3272
f 3288 3286 3287
f 3271 3288 3272
f 3289 3290 3274
f 3273 3289 3274
f 3289 3291 3292
f 3289 3292 3290
f 3293 3294 3292
f 3291 3293 3292
f 3295 3296 3294
f 3293 3295 3294
f 3295 3297 3298
f 3295 3298 3296
f 3299 3300 3301
f 3299 3301 3302
f 3303 3302 3304
f 3303 3299 3302
f 3305 3304 3306
f 3305 3303 3304
f 3307 3306 3308
f 3307 3305 3306
f 3309 3308 3310
f 3309 3307 3308
f 3311 3310 3312
f 3311 3309 3310
f 3313 3312 3314
f 3313 3311 3312
f 3297 3314 3298
f 3297 3313 3314
f 3301 3300 3315
f 3315 3316 3317
f 3300 3316 3315
f 3317 3318 3319
f 3316 3318 3317
f 3319 3320 3321
f 3318 3320 3319
f 3320 3322 3321
f 3323 3324 3325
f 3323 3325 3326
f 3327 3326 3328
f 3327 3323 3326
f 3329 3328 3330
f 3329 3327 3328
f 3331 3330 3332
f 3331 3329 3330
f 3322 3332 3321
f 3322 3331 3332
f 3333 3334 3325
f 3324 3333 3325
f 3334 3333 3335
f 3333 3336 3335
f 3335 3337 3338
f 3336 3337 3335
f 3338 3339 3340
f 3337 3339 3338
f 3340 3341 3342
f 3339 3341 3340
f 3342 3343 3344
f 3341 3343 3342
f 3344 3345 3346
f 3343 3345 3344
f 3346 3347 3348
f 3345 3347 3346
f 3348 3349 3350
f 3347 3349 3348
f 3350 3351 3352
f 3349 3351 3350
f 3352 3353 3354
f 3351 3353 3352
f 3354 3355 3356
f 3353 3355 3354
f 3356 3357 3358
f 3355 3357 3356
f 3358 3359 3360
f 3357 3359 3358
f 3360 3361 3362
f 3359 3361 3360
f 3361 3363 3362
f 3362 3363 3364
f 3363 3365 3364
f 3364 3365 3366
f 3365 3367 3366
f 3366 3367 3368
f 3367 3369 3368
f 3368 3369 3370
f 3371 3372 3370
f 3369 3371 3370
f 3373 3374 3375
f 3376 3375 3377
f 3376 3373 3375
f 3378 3377 3379
f 3378 3376 3377
f 3380 3378 3379
f 3381 3379 3382
f 3381 3380 3379
f 3371 3382 3372
f 3371 3381 3382
f 3374 3373 3383
f 3383 3384 3385
f 3373 3384 3383
f 3385 3386 3387
f 3384 3386 3385
f 3387 3388 3389
f 3386 3388 3387
f 3388 3390 3389
f 3391 3392 3393
f 3391 3393 3394
f 3395 3394 3396
f 3395 3391 3394
f 3397 3396 3398
f 3397 3395 3396
f 3399 3398 3400
f 3399 3397 3398
f 3401 3400 3402
f 3401 3399 3400
f 3403 3402 3404
f 3403 3401 3402
f 3405 3404 3406
f 3405 3403 3404
f 3390 3406 3389
f 3390 3405 3406
f 3392 3407 3408
f 3392 3408 3393
f 3407 3409 3408
f 3407 3410 3409
f 3178 3410 3175
f 3178 3409 3410
f 3411 3412 3413
f 3411 3413 3414
f 3412 3415 3416
f 3412 3416 3413
f 3417 3418 3416
f 3415 3417 3416
f 3419 3420 3421
f 3422 3421 3423
f 3422 3419 3421
f 3424 3423 3425
f 3424 3422 3423
f 3426 3425 3427
f 3426 3424 3425
f 3428 3427 3429
f 3428 3426 3427
f 3430 3429 3431
f 3430 3428 3429
f 3432 3431 3433
f 3432 3430 3431
f 3434 3432 3433
f 3417 3433 3418
f 3417 3434 3433
f 3420 3419 3435
f 3435 3436 3437
f 3419 3436 3435
f 3437 3438 3439
f 3436 3438 3437
f 3439 3440 3441
f 3438 3440 3439
f 3440 3442 3441
f 3443 3444 3445
f 3446 3443 3445
f 3447 3445 3448
f 3447 3446 3445
f 3449 3448 3450
f 3449 3447 3448
f 3451 3450 3452
f 3451 3449 3450
f 3442 3452 3441
f 3442 3451 3452
f 3453 3454 3444
f 3443 3453 3444
f 3454 3453 3455
f 3455 3456 3457
f 3453 3456 3455
f 3457 3458 3459
f 3456 3458 3457
f 3459 3460 3461
f 3458 3460 3459
f 3461 3462 3463
f 3460 3462 3461
f 3463 3464 3465
f 3462 3464 3463
f 3465 3466 3467
f 3464 3466 3465
f 3467 3468 3469
f 3466 3468 3467
f 3469 3470 3471
f 3468 3470 3469
f 3471 3472 3473
f 3470 3472 3471
f 3472 3474 3473
f 3473 3475 3476
f 3474 3475 3473
f 3476 3477 3478
f 3475 3477 3476
f 3478 3479 3480
f 3477 3479 3478
f 3480 3481 3482
f 3479 3481 3480
f 3481 3483 3482
f 3482 3483 3484
f 3483 3485 3484
f 3484 3485 3486
f 3485 3487 3486
f 3486 3487 3488
f 3487 3489 3488
f 3488 3489 3490
f 3491 3492 3490
f 3489 3491 3490
f 3493 3494 3495
f 3493 3496 3494
f 3497 3495 3498
f 3497 3493 3495
f 3499 3498 3500
f 3499 3497 3498
f 3501 3500 3502
f 3501 3499 3500
f 3491 3502 3492
f 3491 3501 3502
f 3494 3496 3503
f 3503 3504 3505
f 3496 3504 3503
f 3504 3506 3505
f 3505 3507 3508
f 3506 3507 3505
f 3508 3509 3510
f 3507 3509 3508
f 3511 3512 3513
f 3514 3513 3515
f 3514 3511 3513
f 3516 3515 3517
f 3516 3514 3515
f 3518 3517 3519
f 3518 3516 3517
f 3520 3519 3521
f 3520 3518 3519
f 3522 3521 3523
f 3522 3520 3521
f 3524 3523 3525
f 3524 3522 3523
f 3526 3525 3510
f 3526 3524 3525
f 3509 3526 3510
f 3511 3527 3512
f 3511 3528 3527
f 3528 3529 3527
f 3528 3530 3529
f 3531 3532 3529
f 3530 3531 3529
f 3531 3533 3532
f 3531 3534 3533
f 3534 3535 3533
f 3534 3536 3535
f 3537 3538 3539
f 3540 3539 3541
f 3540 3537 3539
f 3542 3541 3543
f 3542 3540 3541
f 3544 3543 3545
f 3544 3542 3543
f 3546 3545 3547
f 3546 3544 3545
f 3548 3547 3549
f 3548 3546 3547
f 3550 3549 3551
f 3550 3548 3549
f 3552 3550 3551
f 3536 3551 3535
f 3536 3552 3551
f 3537 3553 3538
f 3538 3553 3554
f 3554 3555 3556
f 3553 3555 3554
f 3556 3557 3558
f 3555 3557 3556
f 3558 3559 3560
f 3557 3559 3558
f 3561 3562 3563
f 3564 3563 3565
f 3564 3561 3563
f 3566 3565 3567
f 3566 3564 3565
f 3568 3567 3569
f 3568 3566 3567
f 3570 3568 3569
f 3559 3569 3560
f 3559 3570 3569
f 3561 3571 3562
f 3561 3572 3571
f 3571 3572 3573
f 3573 3574 3575
f 3572 3574 3573
f 3575 3576 3577
f 3574 3576 3575
f 3577 3578 3579
f 3576 3578 3577
f 3579 3580 3581
f 3578 3580 3579
f 3581 3582 3583
f 3580 3582 3581
f 3583 3584 3585
f 3582 3584 3583
f 3585 3586 3587
f 3584 3586 3585
f 3587 3588 3589
f 3586 3588 3587
f 3589 3590 3591
f 3588 3590 3589
f 3591 3592 3593
f 3590 3592 3591
f 3593 3594 3595
f 3592 3594 3593
f 3595 3596 3597
f 3594 3596 3595
f 3597 3598 3599
f 3596 3598 3597
f 3599 3600 3601
f 3598 3600 3599
f 3600 3602 3601
f 3601 3602 3603
f 3602 3604 3603
f 3603 3604 3605
f 3604 3606 3605
f 3605 3606 3607
f 3606 3608 3607
f 3608 3609 3607
f 3608 3610 3609
f 3611 3612 3613
f 3614 3613 3615
f 3614 3611 3613
f 3616 3615 3617
f 3616 3614 3615
f 3618 3617 3619
f 3618 3616 3617
f 3620 3619 3609
f 3620 3618 3619
f 3610 3620 3609
f 3612 3611 3621
f 3621 3622 3623
f 3611 3622 3621
f 3622 3624 3623
f 3623 3625 3626
f 3624 3625 3623
f 3626 3627 3628
f 3625 3627 3626
f 3629 3630 3631
f 3629 3632 3630
f 3633 3631 3634
f 3633 3629 3631
f 3635 3634 3636
f 3635 3633 3634
f 3637 3636 3638
f 3637 3635 3636
f 3639 3638 3640
f 3639 3637 3638
f 3641 3640 3642
f 3641 3639 3640
f 3643 3642 3644
f 3643 3641 3642
f 3627 3644 3628
f 3627 3643 3644
f 3632 3645 3630
f 3632 3646 3645
f 3646 3414 3645
f 3646 3411 3414
f 3647 3648 3649
f 3650 3648 3647
f 3651 3648 3650
f 3652 3653 3651
f 3651 3653 3648
f 3654 3655 3656
f 3648 3655 3654
f 3653 3655 3648
f 3655 3657 3656
f 3658 3659 3660
f 3657 3659 3658
f 3659 3661 3662
f 3661 3663 3664
f 3657 3663 3659
f 3659 3663 3661
f 3657 3665 3663
f 3665 3666 3667
f 3655 3666 3657
f 3657 3666 3665
f 3668 3669 3670
f 3671 3669 3668
f 3672 3673 3669
f 3674 3673 3672
f 3675 3676 3673
f 3669 3676 3670
f 3673 3676 3669
f 3676 3677 3670
f 3677 3678 3670
f 3678 3679 3670
f 3670 3679 3655
f 3655 3679 3666
f 3679 3680 3681
f 3682 3683 3678
f 3684 3683 3682
f 3678 3683 3679
f 3679 3683 3680
f 3680 3685 3686
f 3683 3687 3680
f 3680 3687 3685
f 3133 2077 2067
f 3154 2067 2064
f 3154 3133 2067
f 3153 2064 2062
f 3153 3154 2064
f 3149 2062 2057
f 3149 3153 2062
f 3150 2057 2059
f 3150 3149 2057
f 3147 2059 2060
f 3147 3150 2059
f 3148 2060 2061
f 3148 3147 2060
f 3146 2061 2063
f 3146 3148 2061
f 3151 2063 2065
f 3151 3146 2063
f 3152 2065 2068
f 3152 3151 2065
f 2078 3152 2068
f 3145 3152 2078
f 2095 3144 3143
f 2092 3143 3139
f 2092 2095 3143
f 2089 3139 3138
f 2089 2092 3139
f 2081 3138 3140
f 2081 2089 3138
f 2082 3140 3135
f 2082 2081 3140
f 2083 3135 3137
f 2083 2082 3135
f 2085 3137 3136
f 2085 2083 3137
f 2087 3136 3141
f 2087 2085 3136
f 2079 3141 3142
f 2079 2087 3141
f 2078 3142 3145
f 2078 2079 3142
f 3408 3409 2160
f 3408 3155 3393
f 3394 3155 3396
f 3393 3155 3394
f 2160 3155 3408
f 3389 3385 3387
f 3385 3374 3383
f 3389 3374 3385
f 3368 3364 3366
f 3400 3308 3402
f 3402 3308 3306
f 3402 3304 3404
f 3306 3304 3402
f 3398 3310 3400
f 3400 3310 3308
f 3404 3302 3406
f 3304 3302 3404
f 3396 3312 3398
f 3155 3312 3396
f 3398 3312 3310
f 3406 3301 3389
f 3389 3301 3374
f 3302 3301 3406
f 3370 3362 3368
f 3368 3362 3364
f 3155 3314 3312
f 3155 3298 3314
f 3375 3321 3332
f 3374 3321 3375
f 3301 3321 3374
f 3332 3330 3375
f 3377 3330 3379
f 3375 3330 3377
f 3301 3319 3321
f 3315 3319 3301
f 3317 3319 3315
f 3330 3328 3379
f 3328 3326 3379
f 3379 3326 3382
f 3326 3325 3382
f 3382 3325 3372
f 3358 3354 3356
f 3360 3354 3358
f 3362 3354 3360
f 3325 3334 3372
f 3372 3334 3370
f 3334 3335 3370
f 3370 3335 3362
f 3352 3348 3350
f 3354 3348 3352
f 3348 3344 3346
f 3354 3344 3348
f 3335 3342 3362
f 3362 3342 3354
f 3338 3342 3335
f 3340 3342 3338
f 3354 3342 3344
f 3155 3296 3298
f 3155 3294 3296
f 3409 3178 2160
f 3226 3228 3224
f 3222 3230 3220
f 3224 3230 3222
f 3228 3230 3224
f 3230 3218 3220
f 3230 3232 3218
f 3232 3216 3218
f 3236 3238 3234
f 3238 3240 3234
f 3204 3200 3202
f 3204 3198 3200
f 3242 3244 3240
f 3204 3183 3198
f 3234 3246 3232
f 3244 3246 3240
f 3232 3246 3216
f 3240 3246 3234
f 3248 3252 3246
f 3250 3252 3248
f 3246 3252 3216
f 3216 3254 3206
f 3206 3254 3207
f 3252 3254 3216
f 3254 3264 3207
f 3209 3262 3211
f 3207 3262 3209
f 3264 3262 3207
f 3262 3260 3211
f 3211 3258 3213
f 3260 3258 3211
f 3258 3257 3213
f 3204 3257 3183
f 3213 3257 3204
f 3266 3268 3257
f 3268 3270 3257
f 3257 3272 3183
f 3183 3272 3184
f 3270 3272 3257
f 3272 3287 3184
f 3184 3285 3186
f 3287 3285 3184
f 3188 3283 3190
f 3186 3283 3188
f 3285 3283 3186
f 3283 3281 3190
f 3192 3279 3194
f 3190 3279 3192
f 3281 3279 3190
f 3279 3277 3194
f 3196 3275 3180
f 3194 3275 3196
f 3277 3275 3194
f 3275 3274 3180
f 3178 2095 2160
f 3177 3414 3178
f 3178 3414 2095
f 3180 3645 3177
f 3177 3645 3414
f 3274 3630 3180
f 3180 3630 3645
f 3628 3623 3626
f 3623 3612 3621
f 3628 3612 3623
f 3640 3545 3543
f 3636 3545 3638
f 3638 3545 3640
f 3543 3541 3640
f 3640 3541 3642
f 3642 3541 3644
f 3636 3547 3545
f 3541 3539 3644
f 3636 3549 3547
f 3631 3549 3634
f 3634 3549 3636
f 3644 3538 3628
f 3539 3538 3644
f 3630 3551 3631
f 3631 3551 3549
f 3630 3535 3551
f 3290 3535 3274
f 3274 3535 3630
f 3603 3597 3601
f 3601 3597 3599
f 3613 3560 3569
f 3628 3560 3612
f 3538 3560 3628
f 3612 3560 3613
f 3554 3560 3538
f 3569 3567 3613
f 3613 3567 3615
f 3556 3558 3554
f 3554 3558 3560
f 3615 3565 3617
f 3617 3565 3619
f 3567 3565 3615
f 3565 3563 3619
f 3605 3595 3603
f 3603 3595 3597
f 3619 3562 3609
f 3563 3562 3619
f 3605 3591 3595
f 3595 3591 3593
f 3605 3589 3591
f 3609 3571 3607
f 3607 3571 3605
f 3562 3571 3609
f 3605 3587 3589
f 3571 3587 3605
f 3573 3575 3571
f 3587 3579 3585
f 3585 3579 3583
f 3583 3579 3581
f 3577 3579 3575
f 3571 3579 3587
f 3575 3579 3571
f 3290 3533 3535
f 3292 3533 3290
f 3292 3532 3533
f 3414 3413 2095
f 3413 3416 2095
f 3463 3457 3461
f 3461 3457 3459
f 3463 3455 3457
f 3467 3455 3465
f 3465 3455 3463
f 3469 3471 3467
f 3455 3473 3454
f 3467 3473 3455
f 3471 3473 3467
f 3473 3476 3454
f 3476 3478 3454
f 3441 3437 3439
f 3478 3482 3454
f 3480 3482 3478
f 3437 3420 3435
f 3441 3420 3437
f 3486 3488 3484
f 3454 3490 3444
f 3482 3490 3454
f 3488 3490 3484
f 3484 3490 3482
f 3444 3492 3445
f 3490 3492 3444
f 3445 3502 3448
f 3492 3502 3445
f 3448 3500 3450
f 3502 3500 3448
f 3450 3498 3452
f 3500 3498 3450
f 3498 3495 3452
f 3452 3494 3441
f 3495 3494 3452
f 3505 3508 3503
f 3503 3508 3494
f 3420 3510 3421
f 3441 3510 3420
f 3494 3510 3441
f 3508 3510 3494
f 3510 3525 3421
f 3421 3523 3423
f 3525 3523 3421
f 3423 3521 3425
f 3425 3521 3427
f 3523 3521 3423
f 3521 3519 3427
f 3427 3517 3429
f 3429 3517 3431
f 3519 3517 3427
f 3517 3515 3431
f 3431 3144 3433
f 3433 3144 3418
f 3418 3144 3416
f 3529 3144 3527
f 3527 3144 3512
f 3512 3144 3513
f 3513 3144 3515
f 3416 3144 2095
f 3515 3144 3431
f 3155 3144 3532
f 3155 3532 3292
f 3155 3292 3294
f 3532 3144 3529
f 3155 2160 2167
f 3156 2167 2171
f 3156 3155 2167
f 3158 2171 2170
f 3158 3156 2171
f 3157 2170 2169
f 3157 3158 2170
f 3159 2169 2174
f 3159 3157 2169
f 3160 2174 2173
f 3160 3159 2174
f 3161 2173 2177
f 3161 3160 2173
f 3163 2177 2176
f 3163 3161 2177
f 3162 2176 2179
f 3162 3163 2176
f 3164 2179 2164
f 3164 3162 2179
f 3164 2164 2124
f 3165 3164 2124
f 2115 3134 3166
f 2116 3166 3171
f 2116 2115 3166
f 2117 3171 3168
f 2117 2116 3171
f 2118 3168 3174
f 2118 2117 3168
f 2119 3174 3172
f 2119 2118 3174
f 2120 3172 3173
f 2120 2119 3172
f 2121 3173 3170
f 2121 2120 3173
f 2122 3170 3169
f 2122 2121 3170
f 2123 3169 3167
f 2123 2122 3169
f 2124 3167 3165
f 2124 2123 3167
f 2392 2403 2683
f 2403 2736 2683
f 3670 2356 2403
f 2403 2356 2736
f 2356 2348 2736
f 3670 3655 2356
f 3670 2403 2402
f 3668 2402 2401
f 3668 3670 2402
f 3671 2401 2400
f 3671 3668 2401
f 3669 2400 2399
f 3669 3671 2400
f 3672 2399 2398
f 3672 3669 2399
f 3674 2398 2397
f 3674 3672 2398
f 3673 2397 2396
f 3673 3674 2397
f 3675 2396 2395
f 3675 3673 2396
f 3676 2395 2394
f 3676 3675 2395
f 3677 2394 2393
f 3677 3676 2394
f 3677 2393 2391
f 3678 3677 2391
f 2372 3679 3681
f 2378 3681 3680
f 2378 2372 3681
f 2380 3680 3686
f 2380 2378 3680
f 2381 3686 3685
f 2381 2380 3686
f 2383 3685 3687
f 2383 2381 3685
f 2384 3687 3683
f 2384 2383 3687
f 2386 3683 3684
f 2386 2384 3683
f 2387 3684 3682
f 2387 2386 3684
f 2389 3682 3678
f 2389 2387 3682
f 2391 2389 3678
f 3415 3412 2306
f 3415 3666 3417
f 3417 3666 3434
f 3434 3666 3432
f 2306 3666 3415
f 3419 3438 3436
f 3438 3442 3440
f 3419 3442 3438
f 3453 3458 3456
f 3453 3460 3458
f 3428 3522 3426
f 3426 3522 3424
f 3428 3520 3522
f 3522 3524 3424
f 3430 3518 3428
f 3428 3518 3520
f 3424 3526 3422
f 3524 3526 3424
f 3432 3516 3430
f 3666 3516 3432
f 3430 3516 3518
f 3526 3509 3422
f 3422 3509 3419
f 3666 3514 3516
f 3666 3511 3514
f 3460 3464 3462
f 3507 3506 3509
f 3442 3496 3451
f 3509 3496 3419
f 3451 3496 3493
f 3419 3496 3442
f 3451 3497 3449
f 3493 3497 3451
f 3506 3504 3509
f 3509 3504 3496
f 3449 3499 3447
f 3497 3499 3449
f 3447 3501 3446
f 3499 3501 3447
f 3460 3466 3464
f 3446 3491 3443
f 3501 3491 3446
f 3460 3468 3466
f 3453 3468 3460
f 3468 3472 3470
f 3443 3489 3453
f 3491 3489 3443
f 3489 3487 3453
f 3472 3475 3474
f 3468 3475 3472
f 3487 3485 3453
f 3485 3483 3453
f 3475 3479 3477
f 3453 3481 3468
f 3468 3481 3475
f 3475 3481 3479
f 3483 3481 3453
f 3666 3528 3511
f 3666 3530 3528
f 3412 3411 2306
f 3600 3604 3602
f 3600 3606 3604
f 3600 3608 3606
f 3592 3608 3594
f 3594 3608 3596
f 3596 3608 3598
f 3598 3608 3600
f 3584 3582 3586
f 3586 3582 3588
f 3611 3625 3622
f 3622 3625 3624
f 3582 3580 3588
f 3611 3627 3625
f 3580 3578 3588
f 3588 3578 3590
f 3578 3574 3590
f 3592 3574 3608
f 3576 3574 3578
f 3590 3574 3592
f 3574 3572 3608
f 3608 3561 3610
f 3572 3561 3608
f 3610 3564 3620
f 3561 3564 3610
f 3620 3566 3618
f 3564 3566 3620
f 3618 3568 3616
f 3566 3568 3618
f 3616 3570 3614
f 3568 3570 3616
f 3614 3559 3611
f 3611 3559 3627
f 3570 3559 3614
f 3627 3537 3643
f 3559 3537 3627
f 3553 3537 3555
f 3555 3537 3557
f 3557 3537 3559
f 3643 3540 3641
f 3537 3540 3643
f 3641 3542 3639
f 3540 3542 3641
f 3542 3544 3639
f 3639 3546 3637
f 3637 3546 3635
f 3544 3546 3639
f 3546 3548 3635
f 3635 3550 3633
f 3548 3550 3635
f 3633 3552 3629
f 3550 3552 3633
f 3629 3536 3632
f 3552 3536 3629
f 3646 3176 3411
f 2306 3175 2372
f 3411 3175 2306
f 3176 3175 3411
f 3632 3179 3646
f 3646 3179 3176
f 3182 3199 3197
f 3182 3203 3199
f 3199 3203 3201
f 3187 3284 3185
f 3187 3282 3284
f 3189 3282 3187
f 3191 3282 3189
f 3284 3286 3185
f 3191 3280 3282
f 3181 3288 3182
f 3185 3288 3181
f 3286 3288 3185
f 3193 3278 3191
f 3195 3278 3193
f 3191 3278 3280
f 3182 3271 3203
f 3288 3271 3182
f 3219 3223 3221
f 3179 3276 3195
f 3195 3276 3278
f 3632 3273 3179
f 3179 3273 3276
f 3536 3273 3632
f 3219 3225 3223
f 3217 3225 3219
f 3271 3256 3203
f 3203 3256 3214
f 3214 3256 3255
f 3214 3259 3212
f 3255 3259 3214
f 3271 3265 3256
f 3269 3265 3271
f 3267 3265 3269
f 3212 3261 3210
f 3259 3261 3212
f 3210 3263 3208
f 3261 3263 3210
f 3208 3253 3205
f 3263 3253 3208
f 3225 3229 3227
f 3225 3231 3229
f 3205 3251 3215
f 3253 3251 3205
f 3231 3235 3233
f 3251 3249 3215
f 3215 3249 3217
f 3249 3247 3217
f 3217 3245 3225
f 3225 3245 3231
f 3247 3245 3217
f 3237 3241 3239
f 3235 3243 3237
f 3231 3243 3235
f 3237 3243 3241
f 3245 3243 3231
f 3531 3289 3534
f 3534 3289 3536
f 3536 3289 3273
f 3531 3291 3289
f 3175 3410 2372
f 3410 3407 2372
f 3359 3363 3361
f 3359 3357 3363
f 3357 3365 3363
f 3357 3355 3365
f 3365 3369 3367
f 3355 3369 3365
f 3353 3351 3355
f 3351 3349 3355
f 3355 3349 3369
f 3349 3347 3369
f 3345 3343 3347
f 3384 3388 3386
f 3373 3388 3384
f 3343 3341 3347
f 3347 3341 3369
f 3373 3390 3388
f 3341 3339 3369
f 3337 3336 3339
f 3339 3336 3369
f 3369 3333 3371
f 3336 3333 3369
f 3333 3324 3371
f 3371 3323 3381
f 3324 3323 3371
f 3381 3327 3380
f 3323 3327 3381
f 3380 3329 3378
f 3327 3329 3380
f 3378 3331 3376
f 3329 3331 3378
f 3376 3322 3373
f 3331 3322 3376
f 3322 3300 3373
f 3390 3300 3405
f 3373 3300 3390
f 3320 3300 3322
f 3318 3300 3320
f 3316 3300 3318
f 3300 3299 3405
f 3403 3303 3401
f 3405 3303 3403
f 3299 3303 3405
f 3401 3305 3399
f 3303 3305 3401
f 3305 3307 3399
f 3397 3309 3395
f 3399 3309 3397
f 3307 3309 3399
f 3309 3311 3395
f 3311 3679 3395
f 3391 3679 3392
f 3395 3679 3391
f 3407 3679 2372
f 3392 3679 3407
f 3293 3679 3295
f 3295 3679 3297
f 3313 3679 3311
f 3297 3679 3313
f 3666 3679 3531
f 3666 3531 3530
f 3531 3679 3291
f 3291 3679 3293
f 3666 2306 2304
f 3667 2304 2302
f 3667 3666 2304
f 3665 2302 2299
f 3665 3667 2302
f 3663 2299 2295
f 3663 3665 2299
f 3664 2295 2291
f 3664 3663 2295
f 3661 2291 2294
f 3661 3664 2291
f 3662 2294 2297
f 3662 3661 2294
f 3659 2297 2300
f 3659 3662 2297
f 3660 2300 2313
f 3660 3659 2300
f 3658 2313 2312
f 3658 3660 2313
f 3657 3658 2312
f 2338 3657 2312
f 3656 3657 2338
f 2355 2356 3655
f 2355 3655 3653
f 2354 3653 3652
f 2354 2355 3653
f 2353 3652 3651
f 2353 2354 3652
f 2352 3651 3650
f 2352 2353 3651
f 2351 3650 3647
f 2351 2352 3650
f 2350 3647 3649
f 2350 2351 3647
f 2349 3649 3648
f 2349 2350 3649
f 2347 3648 3654
f 2347 2349 3648
f 2338 3654 3656
f 2338 2347 3654
f 3688 3689 3690
f 3691 3689 3688
f 3692 3693 3694
f 3695 3696 3697
f 3698 3699 3700
f 3701 3702 3689
f 3701 3691 3693
f 3701 3692 3699
f 3701 3689 3691
f 3701 3693 3692
f 3701 3699 3698
f 3703 3701 3704
f 3705 3706 3707
f 3708 3701 3703
f 3708 3702 3701
f 3709 3710 3711
f 3709 3711 3702
f 3709 3702 3708
f 3712 3713 3714
f 3712 3714 3705
f 3712 3707 3715
f 3712 3705 3707
f 3716 3709 3717
f 3718 3712 3715
f 3719 3720 3695
f 3719 3697 3710
f 3719 3695 3697
f 3719 3710 3709
f 3719 3709 3716
f 3721 3718 3715
f 3721 3719 3722
f 3721 3723 3718
f 3721 3715 3720
f 3721 3720 3719
f 3724 3709 3725
f 3725 3708 3726
f 3709 3708 3725
f 3726 3703 3727
f 3708 3703 3726
f 3727 3704 3728
f 3703 3704 3727
f 3728 3701 3729
f 3704 3701 3728
f 3729 3698 3730
f 3701 3698 3729
f 3698 3700 3730
f 3730 3700 3731
f 3700 3699 3731
f 3731 3699 3732
f 3699 3692 3732
f 3732 3692 3733
f 3692 3694 3733
f 3733 3694 3734
f 3694 3693 3734
f 3734 3693 3735
f 3693 3691 3735
f 3735 3691 3736
f 3691 3688 3736
f 3736 3688 3737
f 3688 3690 3737
f 3737 3690 3738
f 3690 3689 3738
f 3738 3689 3739
f 3689 3702 3739
f 3739 3702 3740
f 3702 3711 3740
f 3740 3711 3741
f 3711 3710 3741
f 3741 3710 3742
f 3710 3697 3742
f 3742 3697 3743
f 3697 3696 3743
f 3696 3695 3743
f 3743 3695 3744
f 3744 3695 3745
f 3695 3720 3745
f 3745 3715 3746
f 3746 3715 3747
f 3720 3715 3745
f 3747 3707 3748
f 3715 3707 3747
f 3748 3706 3749
f 3707 3706 3748
f 3749 3705 3750
f 3706 3705 3749
f 3750 3714 3751
f 3705 3714 3750
f 3751 3713 3752
f 3714 3713 3751
f 3713 3712 3752
f 3752 3718 3753
f 3753 3718 3754
f 3712 3718 3752
f 3718 3723 3754
f 3723 3721 3754
f 3754 3721 3755
f 3721 3722 3755
f 3755 3722 3756
f 3756 3722 3757
f 3722 3719 3757
f 3719 3716 3757
f 3757 3716 3758
f 3758 3716 3759
f 3716 3717 3759
f 3717 3709 3759
f 3759 3709 3724
f 3754 3752 3753
f 3755 3752 3754
f 3751 3749 3750
f 3727 3728 3726
f 3748 3746 3747
f 3749 3746 3748
f 3752 3746 3751
f 3751 3746 3749
f 3725 3730 3724
f 3726 3730 3725
f 3729 3730 3728
f 3728 3730 3726
f 3752 3745 3746
f 3731 3732 3730
f 3744 3742 3743
f 3745 3742 3744
f 3733 3735 3732
f 3734 3735 3733
f 3742 3740 3741
f 3736 3737 3735
f 3735 3737 3732
f 3737 3738 3732
f 3740 3738 3739
f 3756 3738 3755
f 3757 3738 3756
f 3758 3738 3757
f 3759 3738 3758
f 3724 3738 3759
f 3755 3738 3752
f 3732 3738 3730
f 3730 3738 3724
f 3752 3738 3745
f 3745 3738 3742
f 3742 3738 3740
f 3760 3761 3762
f 3763 3764 3765
f 3766 3764 3763
f 3767 3768 3761
f 3761 3768 3762
f 3766 3769 3764
f 3766 3770 3769
f 3771 3772 3768
f 3773 3772 3774
f 3775 3772 3773
f 3776 3772 3775
f 3777 3772 3776
f 3778 3772 3777
f 3779 3772 3778
f 3762 3772 3779
f 3768 3772 3762
f 3780 3781 3772
f 3781 3782 3772
f 3783 3784 3785
f 3786 3784 3783
f 3770 3784 3786
f 3787 3788 3789
f 3790 3791 3792
f 3784 3791 3790
f 3789 3793 3782
f 3794 3793 3788
f 3795 3793 3766
f 3774 3793 3795
f 3772 3793 3774
f 3766 3793 3770
f 3784 3793 3791
f 3770 3793 3784
f 3782 3793 3772
f 3788 3793 3789
f 3762 3796 3760
f 3760 3797 3761
f 3796 3797 3760
f 3761 3798 3767
f 3797 3798 3761
f 3767 3799 3768
f 3798 3799 3767
f 3768 3800 3771
f 3799 3800 3768
f 3771 3801 3772
f 3800 3801 3771
f 3801 3802 3772
f 3772 3802 3780
f 3802 3803 3780
f 3780 3803 3781
f 3803 3804 3781
f 3781 3804 3782
f 3804 3805 3782
f 3782 3805 3789
f 3805 3806 3789
f 3789 3806 3787
f 3806 3807 3787
f 3787 3807 3788
f 3807 3808 3788
f 3788 3808 3794
f 3808 3809 3794
f 3794 3809 3793
f 3809 3810 3793
f 3793 3810 3791
f 3810 3811 3791
f 3791 3811 3792
f 3811 3812 3792
f 3812 3813 3792
f 3792 3813 3790
f 3790 3813 3784
f 3813 3814 3784
f 3814 3815 3784
f 3784 3815 3785
f 3815 3816 3785
f 3785 3816 3783
f 3783 3816 3786
f 3816 3817 3786
f 3786 3818 3770
f 3817 3818 3786
f 3770 3819 3769
f 3769 3819 3764
f 3818 3819 3770
f 3819 3820 3764
f 3764 3821 3765
f 3820 3821 3764
f 3765 3822 3763
f 3763 3822 3766
f 3821 3822 3765
f 3822 3823 3766
f 3766 3824 3795
f 3795 3824 3774
f 3823 3824 3766
f 3774 3825 3773
f 3824 3825 3774
f 3825 3826 3773
f 3826 3827 3773
f 3773 3827 3775
f 3775 3827 3776
f 3827 3828 3776
f 3828 3829 3776
f 3776 3829 3777
f 3829 3830 3777
f 3777 3830 3778
f 3778 3830 3779
f 3830 3831 3779
f 3831 3796 3779
f 3779 3796 3762
f 3808 3810 3809
f 3807 3811 3810
f 3807 3810 3808
f 3816 3815 3814
f 3802 3805 3804
f 3802 3804 3803
f 3817 3814 3813
f 3817 3816 3814
f 3818 3813 3812
f 3818 3812 3811
f 3818 3817 3813
f 3800 3802 3801
f 3820 3819 3818
f 3820 3807 3806
f 3820 3811 3807
f 3820 3818 3811
f 3797 3799 3798
f 3822 3821 3820
f 3796 3799 3797
f 3823 3820 3806
f 3823 3822 3820
f 3824 3806 3805
f 3824 3823 3806
f 3825 3805 3802
f 3825 3824 3805
f 3829 3796 3831
f 3829 3831 3830
f 3829 3799 3796
f 3828 3799 3829
f 3828 3800 3799
f 3827 3825 3802
f 3827 3826 3825
f 3827 3800 3828
f 3827 3802 3800
f 3832 3833 3834
f 3835 3834 3836
f 3835 3836 3837
f 3835 3837 3838
f 3835 3838 3839
f 3840 3841 3842
f 3843 3835 3844
f 3843 3844 3845
f 3843 3834 3835
f 3846 3847 3840
f 3848 3843 3849
f 3850 3851 3846
f 3852 3853 3854
f 3852 3854 3832
f 3852 3832 3834
f 3852 3834 3843
f 3852 3843 3848
f 3855 3852 3856
f 3855 3853 3852
f 3857 3858 3859
f 3857 3859 3860
f 3861 3855 3862
f 3863 3857 3860
f 3864 3842 3853
f 3864 3853 3855
f 3864 3855 3861
f 3865 3863 3860
f 3865 3864 3866
f 3865 3867 3863
f 3865 3860 3850
f 3865 3840 3842
f 3865 3846 3840
f 3865 3850 3846
f 3865 3842 3864
f 3868 3855 3869
f 3869 3856 3870
f 3855 3856 3869
f 3870 3852 3871
f 3856 3852 3870
f 3871 3848 3872
f 3852 3848 3871
f 3872 3849 3873
f 3848 3849 3872
f 3873 3843 3874
f 3849 3843 3873
f 3843 3845 3874
f 3874 3845 3875
f 3845 3844 3875
f 3875 3844 3876
f 3844 3835 3876
f 3876 3835 3877
f 3835 3839 3877
f 3877 3839 3878
f 3839 3838 3878
f 3878 3838 3879
f 3838 3837 3879
f 3879 3837 3880
f 3837 3836 3880
f 3880 3836 3881
f 3836 3834 3881
f 3881 3834 3882
f 3834 3833 3882
f 3882 3833 3883
f 3833 3832 3883
f 3883 3832 3884
f 3832 3854 3884
f 3884 3854 3885
f 3854 3853 3885
f 3885 3853 3886
f 3853 3842 3886
f 3886 3842 3887
f 3842 3841 3887
f 3841 3840 3887
f 3887 3840 3888
f 3888 3840 3889
f 3889 3847 3890
f 3840 3847 3889
f 3847 3846 3890
f 3890 3851 3891
f 3846 3851 3890
f 3891 3850 3892
f 3892 3850 3893
f 3851 3850 3891
f 3850 3860 3893
f 3893 3859 3894
f 3860 3859 3893
f 3894 3858 3895
f 3859 3858 3894
f 3895 3857 3896
f 3896 3857 3897
f 3858 3857 3895
f 3857 3863 3897
f 3897 3867 3898
f 3863 3867 3897
f 3867 3865 3898
f 3898 3865 3899
f 3865 3866 3899
f 3899 3866 3900
f 3900 3866 3901
f 3866 3864 3901
f 3864 3861 3901
f 3901 3861 3902
f 3861 3862 3902
f 3902 3862 3903
f 3862 3855 3903
f 3903 3855 3868
f 3869 3870 3868
f 3894 3892 3893
f 3895 3892 3894
f 3871 3872 3870
f 3870 3872 3868
f 3895 3891 3892
f 3895 3890 3891
f 3873 3874 3872
f 3898 3874 3897
f 3899 3874 3898
f 3900 3874 3899
f 3901 3874 3900
f 3902 3874 3901
f 3903 3874 3902
f 3868 3874 3903
f 3872 3874 3868
f 3875 3876 3874
f 3876 3877 3874
f 3888 3886 3887
f 3889 3886 3888
f 3890 3886 3889
f 3879 3880 3878
f 3885 3883 3884
f 3886 3883 3885
f 3878 3882 3877
f 3881 3882 3880
f 3896 3882 3895
f 3897 3882 3896
f 3874 3882 3897
f 3895 3882 3890
f 3886 3882 3883
f 3890 3882 3886
f 3877 3882 3874
f 3880 3882 3878
f 3904 3905 3906
f 3907 3908 3909
f 3910 3911 3912
f 3913 3914 3915
f 3916 3917 3918
f 3916 3910 3917
f 3916 3911 3910
f 3919 3913 3915
f 3920 3916 3921
f 3920 3904 3911
f 3920 3922 3905
f 3920 3905 3904
f 3920 3911 3916
f 3923 3924 3919
f 3925 3923 3919
f 3926 3927 3928
f 3926 3929 3927
f 3926 3920 3929
f 3930 3931 3932
f 3933 3920 3926
f 3934 3930 3932
f 3934 3932 3925
f 3935 3915 3907
f 3935 3934 3925
f 3935 3936 3922
f 3935 3937 3936
f 3935 3938 3937
f 3935 3939 3938
f 3935 3909 3939
f 3935 3922 3920
f 3935 3907 3909
f 3935 3920 3933
f 3935 3919 3915
f 3935 3925 3919
f 3940 3909 3941
f 3941 3908 3942
f 3909 3908 3941
f 3942 3907 3943
f 3908 3907 3942
f 3943 3915 3944
f 3907 3915 3943
f 3944 3914 3945
f 3915 3914 3944
f 3945 3913 3946
f 3914 3913 3945
f 3913 3919 3946
f 3919 3924 3946
f 3946 3924 3947
f 3947 3924 3948
f 3924 3923 3948
f 3948 3923 3949
f 3923 3925 3949
f 3949 3925 3950
f 3925 3932 3950
f 3932 3931 3950
f 3950 3931 3951
f 3951 3931 3952
f 3931 3930 3952
f 3930 3934 3952
f 3952 3934 3953
f 3934 3935 3953
f 3953 3935 3954
f 3954 3935 3955
f 3935 3933 3955
f 3933 3926 3955
f 3955 3926 3956
f 3956 3926 3957
f 3926 3928 3957
f 3928 3927 3957
f 3957 3927 3958
f 3927 3929 3958
f 3958 3929 3959
f 3959 3929 3960
f 3929 3920 3960
f 3960 3921 3961
f 3920 3921 3960
f 3961 3916 3962
f 3962 3916 3963
f 3921 3916 3961
f 3963 3918 3964
f 3916 3918 3963
f 3918 3917 3964
f 3964 3910 3965
f 3917 3910 3964
f 3965 3912 3966
f 3910 3912 3965
f 3966 3911 3967
f 3912 3911 3966
f 3967 3904 3968
f 3911 3904 3967
f 3968 3906 3969
f 3969 3906 3970
f 3904 3906 3968
f 3906 3905 3970
f 3905 3922 3970
f 3970 3922 3971
f 3922 3936 3971
f 3971 3936 3972
f 3972 3936 3973
f 3936 3937 3973
f 3973 3937 3974
f 3937 3938 3974
f 3938 3939 3974
f 3974 3939 3975
f 3939 3909 3975
f 3975 3909 3940
f 3975 3940 3941
f 3974 3941 3942
f 3974 3975 3941
f 3952 3950 3951
f 3972 3942 3943
f 3972 3943 3944
f 3972 3944 3945
f 3972 3973 3974
f 3972 3974 3942
f 3970 3945 3946
f 3970 3971 3972
f 3970 3972 3945
f 3956 3953 3954
f 3956 3954 3955
f 3969 3946 3947
f 3969 3947 3948
f 3969 3970 3946
f 3958 3956 3957
f 3967 3948 3949
f 3967 3968 3969
f 3967 3969 3948
f 3966 3967 3949
f 3960 3958 3959
f 3965 3949 3950
f 3965 3950 3952
f 3965 3966 3949
f 3961 3956 3958
f 3961 3953 3956
f 3961 3958 3960
f 3963 3953 3961
f 3963 3965 3952
f 3963 3952 3953
f 3963 3961 3962
f 3963 3964 3965
f 3976 3977 3978
f 3979 3976 3980
f 3981 3982 3983
f 3981 3984 3982
f 3985 3986 3987
f 3988 3989 3981
f 3988 3981 3983
f 3990 3983 3991
f 3990 3991 3992
f 3990 3992 3977
f 3990 3988 3983
f 3993 3994 3995
f 3996 3997 3990
f 3996 3977 3976
f 3996 3976 3979
f 3996 3990 3977
f 3998 3996 3979
f 3999 4000 4001
f 4002 3979 4003
f 4002 4003 3986
f 4002 4004 3998
f 4002 3998 3979
f 4005 3985 4006
f 4005 4006 3994
f 4005 3993 4000
f 4005 3999 4007
f 4005 3994 3993
f 4005 4000 3999
f 4008 4009 4002
f 4008 4002 3986
f 4008 3986 3985
f 4010 4008 3985
f 4010 4005 4011
f 4010 3985 4005
f 3982 4012 3983
f 3983 4013 3991
f 4012 4013 3983
f 3991 4014 3992
f 4013 4014 3991
f 3992 4015 3977
f 4014 4015 3992
f 3977 4016 3978
f 4015 4016 3977
f 3978 4017 3976
f 4016 4017 3978
f 4017 4018 3976
f 3976 4018 3980
f 4018 4019 3980
f 3980 4019 3979
f 4019 4020 3979
f 3979 4020 4003
f 4020 4021 4003
f 4003 4021 3986
f 4021 4022 3986
f 3986 4022 3987
f 4022 4023 3987
f 3987 4023 3985
f 4023 4024 3985
f 3985 4024 4006
f 4024 4025 4006
f 4006 4025 3994
f 4025 4026 3994
f 3994 4026 3995
f 4026 4027 3995
f 3995 4027 3993
f 4027 4028 3993
f 3993 4028 4000
f 4028 4029 4000
f 4000 4029 4001
f 4029 4030 4001
f 4001 4030 3999
f 4030 4031 3999
f 3999 4031 4007
f 4007 4032 4005
f 4031 4032 4007
f 4005 4033 4011
f 4032 4033 4005
f 4011 4034 4010
f 4033 4034 4011
f 4034 4035 4010
f 4010 4036 4008
f 4008 4036 4009
f 4035 4036 4010
f 4009 4037 4002
f 4036 4037 4009
f 4002 4038 4004
f 4037 4038 4002
f 4038 4039 4004
f 4004 4040 3998
f 3998 4040 3996
f 4039 4040 4004
f 3996 4041 3997
f 4040 4041 3996
f 4041 4042 3997
f 4042 4043 3997
f 3997 4043 3990
f 3990 4043 3988
f 4043 4044 3988
f 4044 4045 3988
f 3988 4045 3989
f 4045 4046 3989
f 3989 4046 3981
f 3981 4046 3984
f 4046 4047 3984
f 4047 4012 3984
f 3984 4012 3982
f 4046 4045 4044
f 4039 4041 4040
f 4012 4047 4046
f 4012 4044 4043
f 4012 4043 4042
f 4012 4046 4044
f 4037 4039 4038
f 4016 4015 4014
f 4034 4037 4036
f 4034 4036 4035
f 4033 4037 4034
f 4019 4018 4017
f 4031 4042 4041
f 4031 4033 4032
f 4031 4041 4039
f 4031 4039 4037
f 4031 4037 4033
f 4021 4020 4019
f 4023 4022 4021
f 4023 4021 4019
f 4027 4031 4030
f 4027 4030 4029
f 4027 4029 4028
f 4027 4012 4042
f 4027 4042 4031
f 4025 4023 4019
f 4025 4027 4026
f 4025 4024 4023
f 4025 4017 4016
f 4025 4014 4013
f 4025 4013 4012
f 4025 4016 4014
f 4025 4019 4017
f 4025 4012 4027
f 4048 4049 4050
f 4051 4052 4053
f 4054 4055 4056
f 4057 4058 4059
f 4060 4061 4062
f 4060 4054 4061
f 4060 4055 4054
f 4063 4057 4059
f 4064 4060 4065
f 4064 4048 4055
f 4064 4066 4049
f 4064 4049 4048
f 4064 4055 4060
f 4067 4068 4063
f 4069 4067 4063
f 4070 4071 4072
f 4070 4073 4071
f 4070 4064 4073
f 4074 4075 4076
f 4077 4064 4070
f 4078 4074 4076
f 4078 4076 4069
f 4079 4059 4051
f 4079 4078 4069
f 4079 4080 4066
f 4079 4081 4080
f 4079 4082 4081
f 4079 4083 4082
f 4079 4053 4083
f 4079 4066 4064
f 4079 4051 4053
f 4079 4064 4077
f 4079 4063 4059
f 4079 4069 4063
f 4084 4053 4085
f 4085 4052 4086
f 4053 4052 4085
f 4086 4051 4087
f 4052 4051 4086
f 4087 4059 4088
f 4051 4059 4087
f 4088 4058 4089
f 4059 4058 4088
f 4089 4057 4090
f 4058 4057 4089
f 4057 4063 4090
f 4090 4063 4091
f 4063 4068 4091
f 4091 4068 4092
f 4068 4067 4092
f 4092 4067 4093
f 4067 4069 4093
f 4093 4069 4094
f 4069 4076 4094
f 4076 4075 4094
f 4094 4075 4095
f 4075 4074 4095
f 4095 4074 4096
f 4096 4074 4097
f 4074 4078 4097
f 4078 4079 4097
f 4097 4079 4098
f 4079 4077 4098
f 4098 4077 4099
f 4077 4070 4099
f 4099 4070 4100
f 4070 4072 4100
f 4100 4072 4101
f 4072 4071 4101
f 4101 4071 4102
f 4071 4073 4102
f 4102 4073 4103
f 4103 4073 4104
f 4073 4064 4104
f 4104 4065 4105
f 4064 4065 4104
f 4105 4065 4106
f 4065 4060 4106
f 4106 4062 4107
f 4060 4062 4106
f 4107 4061 4108
f 4062 4061 4107
f 4108 4054 4109
f 4061 4054 4108
f 4109 4056 4110
f 4054 4056 4109
f 4110 4055 4111
f 4056 4055 4110
f 4111 4048 4112
f 4055 4048 4111
f 4112 4050 4113
f 4048 4050 4112
f 4113 4049 4114
f 4050 4049 4113
f 4049 4066 4114
f 4114 4066 4115
f 4066 4080 4115
f 4115 4080 4116
f 4116 4080 4117
f 4080 4081 4117
f 4081 4082 4117
f 4117 4082 4118
f 4082 4083 4118
f 4118 4083 4119
f 4083 4053 4119
f 4119 4053 4084
f 4093 4091 4092
f 4096 4094 4095
f 4117 4118 4119
f 4098 4087 4088
f 4098 4088 4089
f 4098 4089 4090
f 4098 4090 4091
f 4098 4093 4094
f 4098 4096 4097
f 4098 4094 4096
f 4098 4091 4093
f 4114 4115 4116
f 4100 4098 4099
f 4101 4098 4100
f 4112 4113 4114
f 4102 4084 4085
f 4102 4085 4086
f 4102 4086 4087
f 4102 4116 4117
f 4102 4119 4084
f 4102 4117 4119
f 4102 4087 4098
f 4102 4098 4101
f 4104 4102 4103
f 4109 4110 4111
f 4106 4104 4105
f 4107 4109 4111
f 4107 4104 4106
f 4107 4108 4109
f 4107 4111 4112
f 4107 4116 4102
f 4107 4112 4114
f 4107 4114 4116
f 4107 4102 4104
f 4120 4121 4122
f 4123 4124 4125
f 4126 4120 4127
f 4126 4127 4128
f 4126 4128 4129
f 4130 4131 4132
f 4133 4134 4135
f 4136 4126 4134
f 4136 4134 4133
f 4137 4138 4139
f 4137 4139 4130
f 4140 4125 4121
f 4140 4136 4141
f 4140 4121 4120
f 4140 4123 4125
f 4140 4120 4126
f 4140 4126 4136
f 4142 4143 4144
f 4142 4144 4145
f 4142 4145 4137
f 4146 4140 4147
f 4146 4147 4148
f 4146 4148 4149
f 4150 4151 4152
f 4150 4152 4123
f 4150 4132 4153
f 4150 4153 4151
f 4150 4130 4132
f 4150 4123 4140
f 4150 4140 4146
f 4154 4155 4142
f 4154 4137 4130
f 4154 4142 4137
f 4154 4130 4150
f 4151 4156 4152
f 4156 4157 4152
f 4152 4158 4123
f 4157 4158 4152
f 4123 4159 4124
f 4158 4159 4123
f 4124 4160 4125
f 4125 4160 4121
f 4159 4160 4124
f 4160 4161 4121
f 4161 4162 4121
f 4121 4162 4122
f 4162 4163 4122
f 4122 4163 4120
f 4163 4164 4120
f 4120 4164 4127
f 4164 4165 4127
f 4127 4165 4128
f 4128 4165 4129
f 4165 4166 4129
f 4166 4167 4129
f 4129 4167 4126
f 4167 4168 4126
f 4126 4168 4134
f 4168 4169 4134
f 4134 4169 4135
f 4169 4170 4135
f 4135 4170 4133
f 4170 4171 4133
f 4133 4171 4136
f 4171 4172 4136
f 4136 4172 4141
f 4172 4173 4141
f 4141 4173 4140
f 4173 4174 4140
f 4140 4174 4147
f 4174 4175 4147
f 4147 4175 4148
f 4175 4176 4148
f 4148 4176 4149
f 4176 4177 4149
f 4149 4177 4146
f 4146 4178 4150
f 4177 4178 4146
f 4150 4179 4154
f 4178 4179 4150
f 4154 4180 4155
f 4179 4180 4154
f 4155 4181 4142
f 4180 4181 4155
f 4142 4182 4143
f 4181 4182 4142
f 4143 4183 4144
f 4182 4183 4143
f 4144 4184 4145
f 4183 4184 4144
f 4145 4185 4137
f 4184 4185 4145
f 4137 4186 4138
f 4185 4186 4137
f 4186 4187 4138
f 4138 4187 4139
f 4187 4188 4139
f 4139 4188 4130
f 4130 4188 4131
f 4188 4189 4131
f 4189 4190 4131
f 4131 4190 4132
f 4190 4191 4132
f 4132 4191 4153
f 4191 4156 4153
f 4153 4156 4151
f 4184 4186 4185
f 4184 4187 4186
f 4158 4157 4156
f 4181 4183 4182
f 4160 4159 4158
f 4162 4161 4160
f 4162 4160 4158
f 4176 4178 4177
f 4176 4179 4178
f 4176 4180 4179
f 4176 4181 4180
f 4176 4184 4183
f 4176 4183 4181
f 4164 4163 4162
f 4174 4176 4175
f 4167 4165 4164
f 4167 4166 4165
f 4171 4173 4172
f 4171 4174 4173
f 4169 4168 4167
f 4169 4167 4164
f 4170 4169 4164
f 4170 4188 4187
f 4170 4189 4188
f 4170 4190 4189
f 4170 4191 4190
f 4170 4156 4191
f 4170 4187 4184
f 4170 4174 4171
f 4170 4176 4174
f 4170 4158 4156
f 4170 4184 4176
f 4170 4162 4158
f 4170 4164 4162
f 4192 4193 4194
f 4195 4196 4197
f 4195 4197 4198
f 4199 4200 4201
f 4199 4201 4193
f 4199 4192 4202
f 4199 4193 4192
f 4203 4204 4195
f 4205 4199 4206
f 4207 4203 4195
f 4208 4209 4210
f 4208 4210 4211
f 4208 4211 4212
f 4208 4212 4213
f 4208 4213 4214
f 4208 4214 4200
f 4208 4200 4199
f 4208 4199 4205
f 4215 4216 4217
f 4215 4217 4209
f 4215 4208 4218
f 4215 4218 4219
f 4215 4198 4216
f 4215 4209 4208
f 4220 4221 4222
f 4220 4222 4223
f 4220 4223 4207
f 4224 4215 4225
f 4224 4198 4215
f 4226 4198 4224
f 4226 4227 4220
f 4226 4220 4207
f 4226 4195 4198
f 4226 4207 4195
f 4228 4216 4229
f 4229 4198 4230
f 4216 4198 4229
f 4230 4197 4231
f 4198 4197 4230
f 4231 4196 4232
f 4197 4196 4231
f 4232 4195 4233
f 4196 4195 4232
f 4233 4204 4234
f 4195 4204 4233
f 4204 4203 4234
f 4234 4203 4235
f 4203 4207 4235
f 4235 4207 4236
f 4207 4223 4236
f 4236 4223 4237
f 4223 4222 4237
f 4237 4222 4238
f 4222 4221 4238
f 4238 4221 4239
f 4221 4220 4239
f 4239 4220 4240
f 4220 4227 4240
f 4240 4227 4241
f 4227 4226 4241
f 4241 4226 4242
f 4226 4224 4242
f 4242 4224 4243
f 4224 4225 4243
f 4243 4225 4244
f 4225 4215 4244
f 4244 4215 4245
f 4215 4219 4245
f 4245 4219 4246
f 4219 4218 4246
f 4246 4218 4247
f 4218 4208 4247
f 4208 4205 4247
f 4247 4205 4248
f 4248 4205 4249
f 4205 4206 4249
f 4249 4199 4250
f 4250 4199 4251
f 4206 4199 4249
f 4251 4202 4252
f 4199 4202 4251
f 4252 4192 4253
f 4202 4192 4252
f 4192 4194 4253
f 4253 4193 4254
f 4254 4193 4255
f 4194 4193 4253
f 4193 4201 4255
f 4255 4200 4256
f 4256 4200 4257
f 4201 4200 4255
f 4257 4214 4258
f 4200 4214 4257
f 4214 4213 4258
f 4213 4212 4258
f 4258 4212 4259
f 4259 4212 4260
f 4212 4211 4260
f 4211 4210 4260
f 4260 4210 4261
f 4210 4209 4261
f 4261 4209 4262
f 4262 4209 4263
f 4209 4217 4263
f 4263 4217 4228
f 4217 4216 4228
f 4234 4232 4233
f 4229 4230 4231
f 4229 4231 4232
f 4240 4237 4238
f 4240 4238 4239
f 4241 4237 4240
f 4260 4261 4262
f 4243 4241 4242
f 4243 4237 4241
f 4258 4228 4229
f 4258 4259 4260
f 4258 4262 4263
f 4258 4263 4228
f 4258 4229 4232
f 4258 4260 4262
f 4244 4237 4243
f 4255 4256 4257
f 4255 4257 4258
f 4254 4234 4235
f 4254 4235 4236
f 4254 4236 4237
f 4254 4232 4234
f 4254 4258 4232
f 4254 4255 4258
f 4249 4245 4246
f 4249 4246 4247
f 4249 4247 4248
f 4252 4253 4254
f 4252 4254 4237
f 4251 4252 4237
f 4251 4244 4245
f 4251 4249 4250
f 4251 4245 4249
f 4251 4237 4244
