# ALOHA supplier-CAD diagnostic collision candidate
# coordinate frame: owning URDF link; unit: metre
v 0.01030000114440918 -0.024199998855590821 0.26269999999999999
v -0.0098999996185302735 -0.024199998855590821 0.2739426452636719
v 0.0013426406383514405 -0.024199998855590821 0.26269999999999999
v 0.010300000190734864 -0.024199998855590821 0.31665001220703126
v -0.0096499996185302733 -0.024199998855590821 0.31665001220703126
v -0.0098999996185302735 -0.024199998855590821 0.31690001220703129
v -0.0098999996185302735 -0.029199998855590822 0.31690001220703129
v -0.0098999996185302735 -0.029199998855590822 0.32065001220703127
v -0.0098999996185302735 -0.020449998855590821 0.32065001220703127
v -0.0098999996185302735 -0.020449998855590821 0.30070000000000002
v -0.0098999996185302735 0.029200000762939455 0.32065001220703127
v -0.0098999996185302735 0.024200000762939454 0.31690001220703129
v -0.0098999996185302735 0.020450000762939454 0.32065001220703127
v -0.0098999996185302735 -0.021199998855590822 0.2697
v -0.0098999996185302735 0.029200000762939455 0.31690001220703129
v -0.0098999996185302735 0.020450000762939454 0.30070000000000002
v -0.0098999996185302735 0.021200000762939455 0.2697
v -0.0098999996185302735 0.024200000762939454 0.2739426452636719
v -0.0096499996185302733 -0.029093093872070312 0.31665001220703126
v 0.010300000190734864 -0.045499999999999999 0.27910356445312501
v 0.010300000190734864 -0.045499999999999999 0.31665001220703126
v 0.010300000190734864 -0.026346445083618164 0.25995000000000001
v 0.010300000190734864 -0.021449998855590822 0.25995000000000001
v -0.0096499996185302733 0.029093093872070312 0.31665001220703126
v -0.0096499996185302733 0.024200000762939454 0.31665001220703126
v 0.01030000114440918 0.024200000762939454 0.26269999999999999
v 0.0013426406383514405 0.024200000762939454 0.26269999999999999
v 0.010300000190734864 0.024200000762939454 0.31665001220703126
v 0.010300000190734864 0.045499999999999999 0.31665001220703126
v 0.010400233268737792 0.048250000000000001 0.31665001220703126
v 0.013050000190734863 0.048250000000000001 0.31665001220703126
v 0.00010000000149011613 0.021200000762939455 0.25969999999999999
v 0.00010000000149011613 -0.021199998855590822 0.25969999999999999
v 0.033450000762939455 -0.045499999999999999 0.32065001220703127
v 0.033450000762939455 -0.048500000000000001 0.31765001220703126
v 0.035450000762939457 -0.044671573638916016 0.31865001220703126
v 0.035450000762939457 -0.0465 0.31682158203124999
v 0.031328680038452149 -0.048500000000000001 0.32065001220703127
v 0.01030000114440918 -0.048500000000000001 0.31690001220703129
v 0.01030000114440918 -0.048500000000000001 0.32065001220703127
v 0.013300000190734863 -0.048500000000000001 0.31690001220703129
v 0.033450000762939455 -0.048500000000000001 0.28175001831054691
v 0.013300000190734863 -0.048500000000000001 0.28175001831054691
v 0.031328680038452149 0.048500000000000001 0.32065001220703127
v 0.013300000190734863 0.048500000000000001 0.31690001220703129
v 0.01030000114440918 0.048500000000000001 0.32065001220703127
v 0.033450000762939455 0.048500000000000001 0.31765001220703126
v 0.01030000114440918 0.048500000000000001 0.31690001220703129
v 0.033450000762939455 0.048500000000000001 0.28175001831054691
v 0.013300000190734863 0.048500000000000001 0.28175001831054691
v 0.033450000762939455 -0.027958189010620117 0.32065001220703127
v 0.012800001144409179 -0.020199998855590821 0.32065001220703127
v 0.02129183006286621 -0.015800019264221192 0.32065001220703127
v -0.0096499996185302733 -0.020199998855590821 0.32065001220703127
v 0.02129183006286621 0.015800021171569825 0.32065001220703127
v 0.012800001144409179 0.020200000762939454 0.32065001220703127
v 0.033450000762939455 0.02795819091796875 0.32065001220703127
v 0.033450000762939455 0.045499999999999999 0.32065001220703127
v -0.0096499996185302733 0.020200000762939454 0.32065001220703127
v 0.012800001144409179 -0.020199998855590821 0.30170000000000002
v -0.0096499996185302733 -0.020199998855590821 0.30170000000000002
v -0.0088999996185302743 -0.01944999885559082 0.30170000000000002
v 0.012800001144409179 0.020200000762939454 0.30170000000000002
v -0.0088999996185302743 0.020200000762939454 0.30170000000000002
v -0.0096499996185302733 0.020200000762939454 0.30095
v 0.01 -0.02 0.063700000000000007
v 0.015446588516235352 -0.024500000000000001 0.063700000000000007
v 0.01575 -0.020555648803710937 0.063700000000000007
v -0.01 -0.02 0.063700000000000007
v -0.015446588516235352 -0.024500000000000001 0.063700000000000007
v -0.01575 -0.020555648803710937 0.063700000000000007
v 0.01 0.02 0.063700000000000007
v 0.01575 0.020555650711059571 0.063700000000000007
v 0.015446588516235352 0.024500001907348634 0.063700000000000007
v -0.01 0.02 0.063700000000000007
v -0.01575 0.020555650711059571 0.063700000000000007
v -0.015446588516235352 0.024500001907348634 0.063700000000000007
v 0.01575 -0.020555648803710937 0.030257479858398439
v 0.015254371643066407 -0.026998821258544921 0.030069628906250007
v 0.014756476402282715 -0.033471450805664063 0.029887789916992202
v 0.01375 -0.046555648803710936 0.037013446044921877
v 0.013754134178161622 -0.046499984741210941 0.029542071533203124
v 0.01375 -0.046555648803710936 0.029536151123046889
v 0.01375 -0.050349998474121097 0.032422427368164058
v 0.01375 -0.046599998474121093 0.029536151123046889
v 0.01375 -0.050349998474121097 -0.00029999999999999472
v 0.01375 -0.046599998474121093 -0.00029999999999999472
v 0.013499997138977052 -0.050600002288818363 0.031869921875000012
v 0.013659265518188477 -0.050440734863281253 0.032312640380859375
v 0.013499997138977052 -0.050600002288818363 -0.00029999999999999472
v -0.013659265518188477 -0.050440734863281253 0.032312640380859375
v -0.013499997138977052 -0.050600002288818363 0.031869921875000012
v -0.01375 -0.046555648803710936 0.037013446044921877
v -0.01375 -0.050349998474121097 0.032422427368164058
v 0.011687498092651367 -0.050600002288818363 -0.0034393432617187414
v 0.012205102920532227 -0.050600002288818363 -0.0030769088745117162
v 0.012651908874511718 -0.050600002288818363 -0.0026301010131835889
v 0.013281382560729981 -0.050600002288818363 -0.0015398223876953165
v 0.013014339447021484 -0.050600002288818363 -0.0021124999999999894
v 0.010504474639892578 -0.050600002288818363 -0.0038699234008788969
v 0.011114822387695313 -0.050600002288818363 -0.0037063796997070242
v 0.013444925308227539 -0.050600002288818363 -0.00092947082519531654
v 0.0092455263137817389 -0.050600002288818363 -0.0038699234008788969
v 0.0098750000000000001 -0.050600002288818363 -0.0039249999999999979
v 0.0080625019073486334 -0.050600002288818363 -0.0034393432617187414
v 0.0086351776123046869 -0.050600002288818363 -0.0037063796997070242
v 0.0070980911254882812 -0.050600002288818363 -0.0026301010131835889
v 0.0075448970794677736 -0.050600002288818363 -0.0030769088745117162
v 0.0062500028610229493 -0.050600002288818363 -0.00029999999999999472
v 0.0067356605529785155 -0.050600002288818363 -0.0021124999999999894
v 0.0064686169624328617 -0.050600002288818363 -0.0015398223876953165
v 0.0063050746917724613 -0.050600002288818363 -0.00092947082519531654
v 0.0061647610664367679 -0.050600002288818363 0.00072871704101562518
v 0.0059113607406616215 -0.050600002288818363 0.0017293731689453085
v 0.0054967136383056638 -0.050600002288818363 0.0026746704101562602
v 0.0049321308135986328 -0.050600002288818363 0.0035388366699218854
v 0.0042330117225646974 -0.050600002288818363 0.0042982818603515827
v -0.0086351776123046869 -0.050600002288818363 -0.0037063796997070242
v -0.0080625019073486334 -0.050600002288818363 -0.0034393432617187414
v -0.0075448970794677736 -0.050600002288818363 -0.0030769088745117162
v -0.0070980911254882812 -0.050600002288818363 -0.0026301010131835889
v -0.0067356605529785155 -0.050600002288818363 -0.0021124999999999894
v -0.0062500028610229493 -0.050600002288818363 -0.00029999999999999472
v -0.0064686169624328617 -0.050600002288818363 -0.0015398223876953165
v -0.0063050746917724613 -0.050600002288818363 -0.00092947082519531654
v -0.010504474639892578 -0.050600002288818363 -0.0038699234008788969
v -0.0098750000000000001 -0.050600002288818363 -0.0039249999999999979
v -0.0092455263137817389 -0.050600002288818363 -0.0038699234008788969
v -0.011687498092651367 -0.050600002288818363 -0.0034393432617187414
v -0.011114822387695313 -0.050600002288818363 -0.0037063796997070242
v -0.012205102920532227 -0.050600002288818363 -0.0030769088745117162
v -0.013281382560729981 -0.050600002288818363 -0.0015398223876953165
v -0.013014339447021484 -0.050600002288818363 -0.0021124999999999894
v -0.012651908874511718 -0.050600002288818363 -0.0026301010131835889
v -0.013499997138977052 -0.050600002288818363 -0.00029999999999999472
v -0.013444925308227539 -0.050600002288818363 -0.00092947082519531654
v -0.0049321308135986328 -0.050600002288818363 0.0035388366699218854
v -0.0042330117225646974 -0.050600002288818363 0.0042982818603515827
v -0.0054967136383056638 -0.050600002288818363 0.0026746704101562602
v -0.0059113607406616215 -0.050600002288818363 0.0017293731689453085
v -0.0061647610664367679 -0.050600002288818363 0.00072871704101562518
v 0.0034184277057647708 -0.050600002288818363 0.0049322998046875122
v 0.0025105977058410647 -0.050600002288818363 0.0054235870361328264
v 0.0015342850685119628 -0.050600002288818363 0.0057587615966797068
v 0.00051612114906311041 -0.050600002288818363 0.005928652954101582
v -0.00051612114906311041 -0.050600002288818363 0.005928652954101582
v -0.0015342850685119628 -0.050600002288818363 0.0057587615966797068
v -0.0025105977058410647 -0.050600002288818363 0.0054235870361328264
v -0.0034184277057647708 -0.050600002288818363 0.0049322998046875122
v -0.013754134178161622 -0.046499984741210941 0.029542071533203124
v -0.01375 -0.046555648803710936 0.029536151123046889
v -0.014256413459777833 -0.039972270965576172 0.02971199340820313
v -0.014756476402282715 -0.033471450805664063 0.029887789916992202
v -0.01575 -0.020555648803710937 0.030257479858398439
v -0.01375 -0.050349998474121097 -0.00029999999999999472
v -0.01375 -0.046599998474121093 0.029536151123046889
v -0.01375 -0.046599998474121093 -0.00029999999999999472
v -0.01575 -0.020538862228393556 0.030256167602539075
v -0.01575 0.020538864135742189 0.030256167602539075
v -0.01575 0.020555650711059571 0.030257479858398439
v -0.013754134178161622 0.046499988555908207 0.029542071533203124
v -0.01375 0.046555652618408203 0.037013446044921877
v -0.01375 0.046555652618408203 0.029536151123046889
v -0.014756476402282715 0.033471454620361329 0.029887789916992202
v -0.015254371643066407 0.026998823165893554 0.030069628906250007
v -0.013659265518188477 0.050440734863281253 0.032312640380859375
v -0.01375 0.050350002288818363 0.032422427368164058
v 0.01375 0.046555652618408203 0.037013446044921877
v 0.013659265518188477 0.050440734863281253 0.032312640380859375
v 0.01375 0.050350002288818363 0.032422427368164058
v -0.01375 0.046599998474121093 0.029536151123046889
v -0.01375 0.050350002288818363 -0.00029999999999999472
v -0.01375 0.046599998474121093 -0.00029999999999999472
v -0.013499997138977052 0.050600002288818363 0.031869921875000012
v -0.013499997138977052 0.050600002288818363 -0.00029999999999999472
v 0.012330143928527833 0.050600002288818363 -0.0029669998168945222
v 0.013063089370727539 0.050600002288818363 -0.0020253112792968653
v 0.012735631942749024 0.050600002288818363 -0.0025265167236328129
v 0.011857685089111329 0.050600002288818363 -0.0033347290039062449
v 0.011331144332885743 0.050600002288818363 -0.0036196792602539024
v 0.013450556755065918 0.050600002288818363 -0.00089665679931638653
v 0.013303585052490234 0.050600002288818363 -0.0014770324707031324
v 0.010764883995056153 0.050600002288818363 -0.0038140762329101491
v 0.010174349784851074 0.050600002288818363 -0.0039126174926757684
v 0.0095756502151489262 0.050600002288818363 -0.0039126174926757684
v 0.008985116004943847 0.050600002288818363 -0.0038140762329101491
v 0.0084188556671142573 0.050600002288818363 -0.0036196792602539024
v 0.0078923144340515144 0.050600002288818363 -0.0033347290039062449
v 0.0074198565483093266 0.050600002288818363 -0.0029669998168945222
v 0.0070143680572509765 0.050600002288818363 -0.0025265167236328129
v 0.006686910152435303 0.050600002288818363 -0.0020253112792968653
v 0.0064464154243469235 0.050600002288818363 -0.0014770324707031324
v 0.0062994432449340818 0.050600002288818363 -0.00089665679931638653
v 0.0062500028610229493 0.050600002288818363 -0.00029999999999999472
v 0.013499997138977052 0.050600002288818363 -0.00029999999999999472
v 0.0061550512313842771 0.050600002288818363 0.0007853042602539162
v 0.0058730816841125492 0.050600002288818363 0.0018376342773437637
v 0.0054126615524291996 0.050600002288818363 0.0028249999999999942
v 0.0047877802848815916 0.050600002288818363 0.0037174255371093812
v 0.0040174245834350584 0.050600002288818363 0.0044877807617187682
v -0.0074198565483093266 0.050600002288818363 -0.0029669998168945222
v -0.0078923144340515144 0.050600002288818363 -0.0033347290039062449
v -0.0070143680572509765 0.050600002288818363 -0.0025265167236328129
v -0.0062500028610229493 0.050600002288818363 -0.00029999999999999472
v -0.006686910152435303 0.050600002288818363 -0.0020253112792968653
v -0.0064464154243469235 0.050600002288818363 -0.0014770324707031324
v -0.0062994432449340818 0.050600002288818363 -0.00089665679931638653
v -0.010174349784851074 0.050600002288818363 -0.0039126174926757684
v -0.010764883995056153 0.050600002288818363 -0.0038140762329101491
v -0.0095756502151489262 0.050600002288818363 -0.0039126174926757684
v -0.008985116004943847 0.050600002288818363 -0.0038140762329101491
v -0.0084188556671142573 0.050600002288818363 -0.0036196792602539024
v -0.011331144332885743 0.050600002288818363 -0.0036196792602539024
v -0.011857685089111329 0.050600002288818363 -0.0033347290039062449
v -0.012330143928527833 0.050600002288818363 -0.0029669998168945222
v -0.012735631942749024 0.050600002288818363 -0.0025265167236328129
v -0.013063089370727539 0.050600002288818363 -0.0020253112792968653
v -0.013303585052490234 0.050600002288818363 -0.0014770324707031324
v -0.013450556755065918 0.050600002288818363 -0.00089665679931638653
v -0.0047877802848815916 0.050600002288818363 0.0037174255371093812
v -0.0040174245834350584 0.050600002288818363 0.0044877807617187682
v -0.0054126615524291996 0.050600002288818363 0.0028249999999999942
v -0.0058730816841125492 0.050600002288818363 0.0018376342773437637
v -0.0061550512313842771 0.050600002288818363 0.0007853042602539162
v 0.013499997138977052 0.050600002288818363 0.031869921875000012
v 0.0031250014305114746 0.050600002288818363 0.0051126586914062577
v 0.0021376268863677978 0.050600002288818363 0.0055730773925781185
v 0.0010853016376495361 0.050600002288818363 0.005855044555664074
v 1.4555754171419188e-14 0.050600002288818363 0.0059500000000000108
v -0.0010853016376495361 0.050600002288818363 0.005855044555664074
v -0.0021376268863677978 0.050600002288818363 0.0055730773925781185
v -0.0031250014305114746 0.050600002288818363 0.0051126586914062577
v 0.013754134178161622 0.046499988555908207 0.029542071533203124
v 0.014256413459777833 0.039972274780273438 0.02971199340820313
v 0.014756476402282715 0.033471454620361329 0.029887789916992202
v 0.01375 0.046555652618408203 0.029536151123046889
v 0.01575 0.020555650711059571 0.030257479858398439
v 0.01375 0.050350002288818363 -0.00029999999999999472
v 0.01375 0.046599998474121093 0.029536151123046889
v 0.01375 0.046599998474121093 -0.00029999999999999472
v 0.01575 -0.020538862228393556 0.030256167602539075
v 0.01575 0.020538864135742189 0.030256167602539075
v -0.00034999999403953551 0.02 0.25969999999999999
v -0.00034999999403953551 -0.02 0.25969999999999999
v 0.00010000000149011613 0.02 0.25969999999999999
v 0.00010000000149011613 -0.02 0.25969999999999999
v -0.01 0.02 0.26935002441406253
v -0.01 -0.02 0.26935002441406253
v 0.01 0.02 0.25969999999999999
v 0.01 -0.02 0.25969999999999999
v -0.0059181680679321292 0.050350002288818363 0.0006875640869140609
v -0.0060000000000000001 0.050350002288818363 -0.00029999999999999472
v -0.0056749033927917482 0.050350002288818363 0.0016481964111328129
v -0.0052768425941467287 0.050350002288818363 0.0025556823730468747
v -0.0047348432540893553 0.050350002288818363 0.0033852722167968807
v -0.0040636897087097164 0.050350002288818363 0.0041143371582031407
v -0.0032816889286041259 0.050350002288818363 0.0047229949951171912
v -0.0024101727008819579 0.050350002288818363 0.005194644165039064
v -0.0014729129076004029 0.050350002288818363 0.0055164062499999944
v -0.00049547606706619267 0.050350002288818363 0.0056795074462890616
v 0.00049547606706619267 0.050350002288818363 0.0056795074462890616
v 0.0014729129076004029 0.050350002288818363 0.0055164062499999944
v 0.0024101727008819579 0.050350002288818363 0.005194644165039064
v 0.0032816889286041259 0.050350002288818363 0.0047229949951171912
v 0.0040636897087097164 0.050350002288818363 0.0041143371582031407
v 0.0047348432540893553 0.050350002288818363 0.0033852722167968807
v 0.0052768425941467287 0.050350002288818363 0.0025556823730468747
v 0.0056749033927917482 0.050350002288818363 0.0016481964111328129
v 0.0059181680679321292 0.050350002288818363 0.0006875640869140609
v 0.0060000000000000001 0.050350002288818363 -0.00029999999999999472
v -0.013691129684448243 0.050350002288818363 -0.00097288970947265185
v -0.013516308784484864 0.050350002288818363 -0.001625325012207024
v -0.013230848312377931 0.050350002288818363 -0.0022374999999999895
v -0.012843421936035156 0.050350002288818363 -0.0027907989501953084
v -0.012365801811218262 0.050350002288818363 -0.0032684219360351457
v -0.0118125 0.050350002288818363 -0.0036558502197265585
v -0.011200327873229981 0.050350002288818363 -0.0039413116455078029
v -0.010547886848449707 0.050350002288818363 -0.0041161315917968705
v -0.0098750000000000001 0.050350002288818363 -0.0041749999999999982
v -0.0092021131515502928 0.050350002288818363 -0.0041161315917968705
v -0.0085496721267700193 0.050350002288818363 -0.0039413116455078029
v -0.0079375000000000001 0.050350002288818363 -0.0036558502197265585
v -0.0073841981887817383 0.050350002288818363 -0.0032684219360351457
v -0.0069065780639648439 0.050350002288818363 -0.0027907989501953084
v -0.0065191516876220703 0.050350002288818363 -0.0022374999999999895
v -0.0062336912155151365 0.050350002288818363 -0.001625325012207024
v -0.0060588698387146001 0.050350002288818363 -0.00097288970947265185
v 0.011301150321960449 -0.046599998474121093 0.026272998046874996
v -0.011301150321960449 -0.046599998474121093 0.026272998046874996
v 0.011300929069519043 -0.046499988555908207 0.026273120117187521
v -0.011300929069519043 -0.046499988555908207 0.026273120117187521
v -0.012915675163269044 -0.020432264328002929 0.026272998046874996
v 0.012915675163269044 -0.020432264328002929 0.026272998046874996
v -0.012915675163269044 0.020432266235351562 0.026272998046874996
v 0.012915675163269044 0.020432266235351562 0.026272998046874996
v -0.011300929069519043 0.046499992370605467 0.026273120117187521
v 0.011300929069519043 0.046499992370605467 0.026273120117187521
v -0.011301150321960449 0.046599998474121093 0.026272998046874996
v 0.011301150321960449 0.046599998474121093 0.026272998046874996
v -0.014138084411621094 0.029121383666992188 0.028695040893554707
v -0.013460326194763185 0.037867729187011721 0.028469622802734379
v -0.01211739730834961 0.0465 0.027360720825195306
v -0.012933687210083008 0.0465 0.028448443603515644
v -0.013749797821044922 0.046499988555908207 0.029536303710937517
v -0.013751240730285644 0.046499988555908207 0.029538226318359395
v -0.013752683639526368 0.046499988555908207 0.029540164184570311
v 0.013752683639526368 0.046499988555908207 0.029540164184570311
v 0.013751240730285644 0.046499988555908207 0.029538226318359395
v 0.013749797821044922 0.046499988555908207 0.029536303710937517
v 0.012933687210083008 0.0465 0.028448443603515644
v 0.01211739730834961 0.0465 0.027360720825195306
v 0.014138084411621094 0.029121383666992188 0.028695040893554707
v 0.013460326194763185 0.037867729187011721 0.028469622802734379
v 0.0060588698387146001 0.050350002288818363 -0.00097288970947265185
v 0.0062336912155151365 0.050350002288818363 -0.001625325012207024
v 0.0065191516876220703 0.050350002288818363 -0.0022374999999999895
v 0.0069065780639648439 0.050350002288818363 -0.0027907989501953084
v 0.0073841981887817383 0.050350002288818363 -0.0032684219360351457
v 0.0079375000000000001 0.050350002288818363 -0.0036558502197265585
v 0.0085496721267700193 0.050350002288818363 -0.0039413116455078029
v 0.0092021131515502928 0.050350002288818363 -0.0041161315917968705
v 0.0098750000000000001 0.050350002288818363 -0.0041749999999999982
v 0.010547886848449707 0.050350002288818363 -0.0041161315917968705
v 0.011200327873229981 0.050350002288818363 -0.0039413116455078029
v 0.0118125 0.050350002288818363 -0.0036558502197265585
v 0.012365801811218262 0.050350002288818363 -0.0032684219360351457
v 0.012843421936035156 0.050350002288818363 -0.0027907989501953084
v 0.013230848312377931 0.050350002288818363 -0.0022374999999999895
v 0.013516308784484864 0.050350002288818363 -0.001625325012207024
v 0.013691129684448243 0.050350002288818363 -0.00097288970947265185
v -0.013691129684448243 0.046599998474121093 -0.00097288970947265185
v -0.013516308784484864 0.046599998474121093 -0.001625325012207024
v -0.013230848312377931 0.046599998474121093 -0.0022374999999999895
v -0.012843421936035156 0.046599998474121093 -0.0027907989501953084
v -0.012365801811218262 0.046599998474121093 -0.0032684219360351457
v -0.0118125 0.046599998474121093 -0.0036558502197265585
v -0.011200327873229981 0.046599998474121093 -0.0039413116455078029
v -0.010547886848449707 0.046599998474121093 -0.0041161315917968705
v -0.0098750000000000001 0.046599998474121093 -0.0041749999999999982
v -0.0092021131515502928 0.046599998474121093 -0.0041161315917968705
v -0.0085496721267700193 0.046599998474121093 -0.0039413116455078029
v -0.0079375000000000001 0.046599998474121093 -0.0036558502197265585
v -0.0073841981887817383 0.046599998474121093 -0.0032684219360351457
v -0.0069065780639648439 0.046599998474121093 -0.0027907989501953084
v -0.0065191516876220703 0.046599998474121093 -0.0022374999999999895
v -0.0062336912155151365 0.046599998474121093 -0.001625325012207024
v -0.0060588698387146001 0.046599998474121093 -0.00097288970947265185
v -0.0060000000000000001 0.046599998474121093 -0.00029999999999999472
v -0.0059088463783264159 0.046599998474121093 0.00074188537597658089
v -0.0056381559371948241 0.046599998474121093 0.0017521240234374957
v -0.0051961526870727536 0.046599998474121093 0.0027000000000000079
v -0.004596266746520996 0.046599998474121093 0.0035567199707031427
v -0.0038567256927490236 0.046599998474121093 0.0042962677001953109
v -0.0030000000000000001 0.046599998474121093 0.0048961517333984406
v -0.0020521209239959719 0.046599998474121093 0.0053381530761718865
v -0.0010418890714645385 0.046599998474121093 0.0056088439941406332
v 1.9058107522673673e-14 0.046599998474121093 0.0057000000000000106
v 0.0010418890714645385 0.046599998474121093 0.0056088439941406332
v 0.0020521209239959719 0.046599998474121093 0.0053381530761718865
v 0.0030000000000000001 0.046599998474121093 0.0048961517333984406
v 0.0038567256927490236 0.046599998474121093 0.0042962677001953109
v 0.004596266746520996 0.046599998474121093 0.0035567199707031427
v 0.0051961526870727536 0.046599998474121093 0.0027000000000000079
v 0.0056381559371948241 0.046599998474121093 0.0017521240234374957
v 0.0059088463783264159 0.046599998474121093 0.00074188537597658089
v 0.0060000000000000001 0.046599998474121093 -0.00029999999999999472
v 0.013691129684448243 0.046599998474121093 -0.00097288970947265185
v 0.013516308784484864 0.046599998474121093 -0.001625325012207024
v 0.013230848312377931 0.046599998474121093 -0.0022374999999999895
v 0.012843421936035156 0.046599998474121093 -0.0027907989501953084
v 0.012365801811218262 0.046599998474121093 -0.0032684219360351457
v 0.0118125 0.046599998474121093 -0.0036558502197265585
v 0.011200327873229981 0.046599998474121093 -0.0039413116455078029
v 0.010547886848449707 0.046599998474121093 -0.0041161315917968705
v 0.0098750000000000001 0.046599998474121093 -0.0041749999999999982
v 0.0092021131515502928 0.046599998474121093 -0.0041161315917968705
v 0.0085496721267700193 0.046599998474121093 -0.0039413116455078029
v 0.0079375000000000001 0.046599998474121093 -0.0036558502197265585
v 0.0073841981887817383 0.046599998474121093 -0.0032684219360351457
v 0.0069065780639648439 0.046599998474121093 -0.0027907989501953084
v 0.0065191516876220703 0.046599998474121093 -0.0022374999999999895
v 0.0062336912155151365 0.046599998474121093 -0.001625325012207024
v 0.0060588698387146001 0.046599998474121093 -0.00097288970947265185
v 0.0060000000000000001 -0.050349998474121097 -0.00029999999999999472
v 0.0059088463783264159 -0.050349998474121097 0.00074188537597658089
v 0.0056381559371948241 -0.050349998474121097 0.0017521240234374957
v 0.0051961526870727536 -0.050349998474121097 0.0027000000000000079
v 0.004596266746520996 -0.050349998474121097 0.0035567199707031427
v 0.0038567256927490236 -0.050349998474121097 0.0042962677001953109
v 0.0030000000000000001 -0.050349998474121097 0.0048961517333984406
v 0.0020521209239959719 -0.050349998474121097 0.0053381530761718865
v 0.0010418890714645385 -0.050349998474121097 0.0056088439941406332
v 1.9042566135052396e-14 -0.050349998474121097 0.0057000000000000106
v -0.0010418890714645385 -0.050349998474121097 0.0056088439941406332
v -0.0020521209239959719 -0.050349998474121097 0.0053381530761718865
v -0.0030000000000000001 -0.050349998474121097 0.0048961517333984406
v -0.0038567256927490236 -0.050349998474121097 0.0042962677001953109
v -0.004596266746520996 -0.050349998474121097 0.0035567199707031427
v -0.0051961526870727536 -0.050349998474121097 0.0027000000000000079
v -0.0056381559371948241 -0.050349998474121097 0.0017521240234374957
v -0.0059088463783264159 -0.050349998474121097 0.00074188537597658089
v -0.0060000000000000001 -0.050349998474121097 -0.00029999999999999472
v -0.0060528502464294431 -0.050349998474121097 -0.000937802124023418
v -0.0062099580764770511 -0.050349998474121097 -0.0015582092285156279
v -0.006467039108276367 -0.050349998474121097 -0.0021442993164062368
v -0.0068170804977416991 -0.050349998474121097 -0.0026800735473632709
v -0.0072505340576171874 -0.050349998474121097 -0.0031509292602538985
v -0.0077555761337280279 -0.050349998474121097 -0.0035440185546875003
v -0.0083184299468994135 -0.050349998474121097 -0.003848622131347651
v -0.0089237442016601564 -0.050349998474121097 -0.0040564239501953009
v -0.0095550050735473627 -0.050349998474121097 -0.004161763000488275
v -0.010194994926452637 -0.050349998474121097 -0.004161763000488275
v -0.01082625675201416 -0.050349998474121097 -0.0040564239501953009
v -0.011431570053100587 -0.050349998474121097 -0.003848622131347651
v -0.011994423866271973 -0.050349998474121097 -0.0035440185546875003
v -0.012499465942382812 -0.050349998474121097 -0.0031509292602538985
v -0.0129329195022583 -0.050349998474121097 -0.0026800735473632709
v -0.013282960891723632 -0.050349998474121097 -0.0021442993164062368
v -0.01354004192352295 -0.050349998474121097 -0.0015582092285156279
v -0.013697150230407715 -0.050349998474121097 -0.000937802124023418
v -0.013752683639526368 -0.046499988555908207 0.029540164184570311
v -0.013751240730285644 -0.046499988555908207 0.029538226318359395
v -0.013749797821044922 -0.046499988555908207 0.029536303710937517
v -0.012933687210083008 -0.046499996185302733 0.028448443603515644
v -0.01211739730834961 -0.046499996185302733 0.027360720825195306
v -0.014138084411621094 -0.029121381759643555 0.028695040893554707
v -0.013460326194763185 -0.037867725372314455 0.028469622802734379
v 0.014138084411621094 -0.029121381759643555 0.028695040893554707
v 0.013460326194763185 -0.037867725372314455 0.028469622802734379
v 0.01211739730834961 -0.046499996185302733 0.027360720825195306
v 0.012933687210083008 -0.046499996185302733 0.028448443603515644
v 0.013749797821044922 -0.046499988555908207 0.029536303710937517
v 0.013751240730285644 -0.046499988555908207 0.029538226318359395
v 0.013752683639526368 -0.046499988555908207 0.029540164184570311
v 0.013691129684448243 -0.050349998474121097 -0.00097288970947265185
v 0.013516308784484864 -0.050349998474121097 -0.001625325012207024
v 0.013230848312377931 -0.050349998474121097 -0.0022374999999999895
v 0.012843421936035156 -0.050349998474121097 -0.0027907989501953084
v 0.012365801811218262 -0.050349998474121097 -0.0032684219360351457
v 0.0118125 -0.050349998474121097 -0.0036558502197265585
v 0.011200327873229981 -0.050349998474121097 -0.0039413116455078029
v 0.010547886848449707 -0.050349998474121097 -0.0041161315917968705
v 0.0098750000000000001 -0.050349998474121097 -0.0041749999999999982
v 0.0092021131515502928 -0.050349998474121097 -0.0041161315917968705
v 0.0085496721267700193 -0.050349998474121097 -0.0039413116455078029
v 0.0079375000000000001 -0.050349998474121097 -0.0036558502197265585
v 0.0073841981887817383 -0.050349998474121097 -0.0032684219360351457
v 0.0069065780639648439 -0.050349998474121097 -0.0027907989501953084
v 0.0065191516876220703 -0.050349998474121097 -0.0022374999999999895
v 0.0062336912155151365 -0.050349998474121097 -0.001625325012207024
v 0.0060588698387146001 -0.050349998474121097 -0.00097288970947265185
v -0.013697150230407715 -0.046599998474121093 -0.000937802124023418
v -0.01354004192352295 -0.046599998474121093 -0.0015582092285156279
v -0.013282960891723632 -0.046599998474121093 -0.0021442993164062368
v -0.0129329195022583 -0.046599998474121093 -0.0026800735473632709
v -0.012499465942382812 -0.046599998474121093 -0.0031509292602538985
v -0.011994423866271973 -0.046599998474121093 -0.0035440185546875003
v -0.011431570053100587 -0.046599998474121093 -0.003848622131347651
v -0.01082625675201416 -0.046599998474121093 -0.0040564239501953009
v -0.010194994926452637 -0.046599998474121093 -0.004161763000488275
v -0.0095550050735473627 -0.046599998474121093 -0.004161763000488275
v -0.0089237442016601564 -0.046599998474121093 -0.0040564239501953009
v -0.0083184299468994135 -0.046599998474121093 -0.003848622131347651
v -0.0077555761337280279 -0.046599998474121093 -0.0035440185546875003
v -0.0072505340576171874 -0.046599998474121093 -0.0031509292602538985
v -0.0068170804977416991 -0.046599998474121093 -0.0026800735473632709
v -0.006467039108276367 -0.046599998474121093 -0.0021442993164062368
v -0.0062099580764770511 -0.046599998474121093 -0.0015582092285156279
v -0.0060528502464294431 -0.046599998474121093 -0.000937802124023418
v -0.0060000000000000001 -0.046599998474121093 -0.00029999999999999472
v -0.0059088463783264159 -0.046599998474121093 0.00074188537597658089
v -0.0056381559371948241 -0.046599998474121093 0.0017521240234374957
v -0.0051961526870727536 -0.046599998474121093 0.0027000000000000079
v -0.004596266746520996 -0.046599998474121093 0.0035567199707031427
v -0.0038567256927490236 -0.046599998474121093 0.0042962677001953109
v -0.0030000000000000001 -0.046599998474121093 0.0048961517333984406
v -0.0020521209239959719 -0.046599998474121093 0.0053381530761718865
v -0.0010418890714645385 -0.046599998474121093 0.0056088439941406332
v 9.0474346764457536e-15 -0.046599998474121093 0.0057000000000000106
v 0.0010418890714645385 -0.046599998474121093 0.0056088439941406332
v 0.0020521209239959719 -0.046599998474121093 0.0053381530761718865
v 0.0030000000000000001 -0.046599998474121093 0.0048961517333984406
v 0.0038567256927490236 -0.046599998474121093 0.0042962677001953109
v 0.004596266746520996 -0.046599998474121093 0.0035567199707031427
v 0.0051961526870727536 -0.046599998474121093 0.0027000000000000079
v 0.0056381559371948241 -0.046599998474121093 0.0017521240234374957
v 0.0059088463783264159 -0.046599998474121093 0.00074188537597658089
v 0.0060000000000000001 -0.046599998474121093 -0.00029999999999999472
v 0.013691129684448243 -0.046599998474121093 -0.00097288970947265185
v 0.013516308784484864 -0.046599998474121093 -0.001625325012207024
v 0.013230848312377931 -0.046599998474121093 -0.0022374999999999895
v 0.012843421936035156 -0.046599998474121093 -0.0027907989501953084
v 0.012365801811218262 -0.046599998474121093 -0.0032684219360351457
v 0.0118125 -0.046599998474121093 -0.0036558502197265585
v 0.011200327873229981 -0.046599998474121093 -0.0039413116455078029
v 0.010547886848449707 -0.046599998474121093 -0.0041161315917968705
v 0.0098750000000000001 -0.046599998474121093 -0.0041749999999999982
v 0.0092021131515502928 -0.046599998474121093 -0.0041161315917968705
v 0.0085496721267700193 -0.046599998474121093 -0.0039413116455078029
v 0.0079375000000000001 -0.046599998474121093 -0.0036558502197265585
v 0.0073841981887817383 -0.046599998474121093 -0.0032684219360351457
v 0.0069065780639648439 -0.046599998474121093 -0.0027907989501953084
v 0.0065191516876220703 -0.046599998474121093 -0.0022374999999999895
v 0.0062336912155151365 -0.046599998474121093 -0.001625325012207024
v 0.0060588698387146001 -0.046599998474121093 -0.00097288970947265185
v 0.035450000762939457 0.025958150863647462 0.31645003051757814
v 0.071749992370605475 0.043699996948242191 0.31645003051757814
v 0.035450000762939457 0.043699993133544925 0.31645003051757814
v 0.023291851043701173 0.01380000114440918 0.31645003051757814
v 0.023291851043701173 -0.013800000190734863 0.31645003051757814
v 0.035450000762939457 -0.025958148956298829 0.31645003051757814
v 0.035450000762939457 -0.043699989318847658 0.31645003051757814
v 0.071749992370605475 -0.043699993133544925 0.31645003051757814
v 0.05004141998291016 0.044099998474121098 0.29134376831054687
v 0.051643760681152347 0.044099998474121098 0.28974144287109377
v 0.035450000762939457 0.044100002288818357 0.28335002441406248
v 0.053499999999999999 0.044099998474121098 0.28844166870117188
v 0.048741668701171879 0.044099998474121098 0.29320000000000002
v 0.055553737640380858 0.044099998474121098 0.28748399658203128
v 0.047783996582031252 0.044099998474121098 0.29525374145507816
v 0.05774257278442383 0.044099998474121098 0.286897509765625
v 0.047197498321533207 0.044099998474121098 0.29744258422851566
v 0.047 0.044099998474121098 0.29970000000000002
v 0.035450000762939457 0.044100002288818357 0.31605000610351563
v 0.047197498321533207 0.044099998474121098 0.30195744628906251
v 0.047783996582031252 0.044099998474121098 0.30414625854492189
v 0.071584312438964848 0.044100002288818357 0.28335002441406248
v 0.059999999999999998 0.044099998474121098 0.28670000000000001
v 0.062257427215576172 0.044099998474121098 0.286897509765625
v 0.064446258544921878 0.044099998474121098 0.28748399658203128
v 0.066500000000000004 0.044099998474121098 0.28844166870117188
v 0.048741668701171879 0.044099998474121098 0.30620000000000003
v 0.068356239318847656 0.044099998474121098 0.28974144287109377
v 0.05004141998291016 0.044099998474121098 0.30805626220703125
v 0.073349998474121089 0.044100002288818357 0.28511567993164066
v 0.06995858001708985 0.044099998474121098 0.29134376831054687
v 0.051643760681152347 0.044099998474121098 0.30965858764648441
v 0.071258331298828123 0.044099998474121098 0.29320000000000002
v 0.053499999999999999 0.044099998474121098 0.31095833129882816
v 0.072216003417968758 0.044099998474121098 0.29525374145507816
v 0.055553737640380858 0.044099998474121098 0.31191600341796877
v 0.072802497863769536 0.044099998474121098 0.29744258422851566
v 0.05774257278442383 0.044099998474121098 0.31250252075195312
v 0.071584312438964848 0.044100002288818357 0.31605000610351563
v 0.068356239318847656 0.044099998474121098 0.30965858764648441
v 0.066500000000000004 0.044099998474121098 0.31095833129882816
v 0.064446258544921878 0.044099998474121098 0.31191600341796877
v 0.062257427215576172 0.044099998474121098 0.31250252075195312
v 0.059999999999999998 0.044099998474121098 0.31270000000000003
v 0.073349998474121089 0.044100002288818357 0.31428432006835938
v 0.072802497863769536 0.044099998474121098 0.30195744628906251
v 0.072216003417968758 0.044099998474121098 0.30414625854492189
v 0.071258331298828123 0.044099998474121098 0.30620000000000003
v 0.06995858001708985 0.044099998474121098 0.30805626220703125
v 0.072999999999999995 0.044099998474121098 0.29970000000000002
v 0.057748332977294925 0.051900001525878904 0.29840001220703127
v 0.058328750610351567 0.051900001525878904 0.29770830078124999
v 0.058008285522460935 0.051900001525878904 0.29802876586914062
v 0.059110748291015626 0.051900001525878904 0.29725682373046874
v 0.058700000762939457 0.051900001525878904 0.29744835205078124
v 0.061299999237060546 0.051900001525878904 0.29744835205078124
v 0.060889251708984377 0.051900001525878904 0.29725682373046874
v 0.060451484680175784 0.051900001525878904 0.29713951416015627
v 0.057748332977294925 0.051900001525878904 0.3010000183105469
v 0.057439498901367188 0.051900001525878904 0.3001515075683594
v 0.05755679702758789 0.051900001525878904 0.30058925170898437
v 0.058008285522460935 0.051900001525878904 0.3013712646484375
v 0.057399997711181643 0.051900001525878904 0.29970000000000002
v 0.061991714477539067 0.051900001525878904 0.29802876586914062
v 0.061671245574951176 0.051900001525878904 0.29770830078124999
v 0.059999999999999998 0.051900001525878904 0.29710002441406252
v 0.059548515319824219 0.051900001525878904 0.29713951416015627
v 0.058328750610351567 0.051900001525878904 0.30169172973632813
v 0.057439498901367188 0.051900001525878904 0.29924852294921878
v 0.059110748291015626 0.051900001525878904 0.30214320678710938
v 0.058700000762939457 0.051900001525878904 0.30195167846679688
v 0.062560501098632815 0.051900001525878904 0.29924852294921878
v 0.062443199157714846 0.051900001525878904 0.29881074829101562
v 0.062251667022705078 0.051900001525878904 0.29840001220703127
v 0.059548515319824219 0.051900001525878904 0.3022605163574219
v 0.060451484680175784 0.051900001525878904 0.3022605163574219
v 0.05755679702758789 0.051900001525878904 0.29881074829101562
v 0.059999999999999998 0.051900001525878904 0.30230000610351565
v 0.062443199157714846 0.051900001525878904 0.30058925170898437
v 0.062599998474121094 0.051900001525878904 0.29970000000000002
v 0.062560501098632815 0.051900001525878904 0.3001515075683594
v 0.061299999237060546 0.051900001525878904 0.30195167846679688
v 0.060889251708984377 0.051900001525878904 0.30214320678710938
v 0.061991714477539067 0.051900001525878904 0.3013712646484375
v 0.062251667022705078 0.051900001525878904 0.3010000183105469
v 0.061671245574951176 0.051900001525878904 0.30169172973632813
v 0.062711143493652338 0.051750000000000004 0.30016066284179688
v 0.06275 0.051750000000000004 0.29970000000000002
v 0.062595680236816414 0.051750000000000004 0.30060826416015624
v 0.062406864166259769 0.051750000000000004 0.30103023071289065
v 0.062150035858154297 0.051750000000000004 0.301414599609375
v 0.061832450866699223 0.051750000000000004 0.30175053710937499
v 0.061463088989257814 0.051750000000000004 0.3020284912109375
v 0.061052379608154302 0.051750000000000004 0.30224067993164061
v 0.060611930847167969 0.051750000000000004 0.30238106079101562
v 0.060154193878173827 0.051750000000000004 0.30244569702148438
v 0.059692096710205082 0.051750000000000004 0.30243272705078128
v 0.059238700866699218 0.051750000000000004 0.30234251708984378
v 0.058806819915771483 0.051750000000000004 0.30217766113281253
v 0.058408653259277347 0.051750000000000004 0.30194279785156253
v 0.058055454254150395 0.051750000000000004 0.30164454956054687
v 0.057757205963134765 0.051750000000000004 0.30129136962890624
v 0.057522335052490235 0.051750000000000004 0.30089317626953127
v 0.057357475280761717 0.051750000000000004 0.3004613220214844
v 0.057267292022705078 0.051750000000000004 0.30000792236328128
v 0.057254325866699221 0.051750000000000004 0.29954582519531253
v 0.057318946838378911 0.051750000000000004 0.29908809204101566
v 0.057459331512451174 0.051750000000000004 0.29864763183593751
v 0.057671508789062499 0.051750000000000004 0.29823692626953124
v 0.05794948196411133 0.051750000000000004 0.29786754150390626
v 0.058285404205322265 0.051750000000000004 0.29754997558593749
v 0.058669773101806641 0.051750000000000004 0.29729313964843751
v 0.059091732025146483 0.051750000000000004 0.29710432739257814
v 0.059539356231689454 0.051750000000000004 0.29698887939453128
v 0.059999999999999998 0.051750000000000004 0.29694999999999999
v 0.060477531433105469 0.051750000000000004 0.29699177856445313
v 0.060940555572509769 0.051750000000000004 0.29711586303710941
v 0.061374999999999999 0.051750000000000004 0.29731843872070313
v 0.061767665863037113 0.051750000000000004 0.29759340209960938
v 0.062106620788574221 0.051750000000000004 0.29793233032226563
v 0.062381568908691405 0.051750000000000004 0.29832500000000001
v 0.062584156036376959 0.051750000000000004 0.29875944824218753
v 0.062708221435546871 0.051750000000000004 0.29922249145507812
v 0.059999999999999998 0.048900001525878908 0.29694999999999999
v 0.059522468566894533 0.048900001525878908 0.29699177856445313
v 0.059059444427490233 0.048900001525878908 0.29711586303710941
v 0.058625000000000003 0.048900001525878908 0.29731843872070313
v 0.058232334136962889 0.048900001525878908 0.29759340209960938
v 0.057893379211425781 0.048900001525878908 0.29793233032226563
v 0.057618431091308597 0.048900001525878908 0.29832500000000001
v 0.057415843963623051 0.048900001525878908 0.29875944824218753
v 0.057291778564453125 0.048900001525878908 0.29922249145507812
v 0.057250000000000002 0.048900001525878908 0.29970000000000002
v 0.057291778564453125 0.048900001525878908 0.3001775390625
v 0.057415843963623051 0.048900001525878908 0.30064055175781251
v 0.057618431091308597 0.048900001525878908 0.30107500000000004
v 0.057893379211425781 0.048900001525878908 0.30146766967773436
v 0.058232334136962889 0.048900001525878908 0.30180662841796874
v 0.058625000000000003 0.048900001525878908 0.30208159179687499
v 0.059059444427490233 0.048900001525878908 0.30228416748046877
v 0.059522468566894533 0.048900001525878908 0.30240822143554691
v 0.059999999999999998 0.048900001525878908 0.30245
v 0.060477531433105469 0.048900001525878908 0.30240822143554691
v 0.060940555572509769 0.048900001525878908 0.30228416748046877
v 0.061374999999999999 0.048900001525878908 0.30208159179687499
v 0.061767665863037113 0.048900001525878908 0.30180662841796874
v 0.062106620788574221 0.048900001525878908 0.30146766967773436
v 0.062381568908691405 0.048900001525878908 0.30107500000000004
v 0.062584156036376959 0.048900001525878908 0.30064055175781251
v 0.062708221435546871 0.048900001525878908 0.3001775390625
v 0.06275 0.048900001525878908 0.29970000000000002
v 0.062708221435546871 0.048900001525878908 0.29922249145507812
v 0.062584156036376959 0.048900001525878908 0.29875944824218753
v 0.062381568908691405 0.048900001525878908 0.29832500000000001
v 0.062106620788574221 0.048900001525878908 0.29793233032226563
v 0.061767665863037113 0.048900001525878908 0.29759340209960938
v 0.061374999999999999 0.048900001525878908 0.29731843872070313
v 0.060940555572509769 0.048900001525878908 0.29711586303710941
v 0.060477531433105469 0.048900001525878908 0.29699177856445313
v 0.063085380554199225 0.048900001525878908 0.29602299804687499
v 0.063677013397216792 0.048900001525878908 0.29661464233398438
v 0.06239999771118164 0.048900001525878908 0.29554307861328127
v 0.064156921386718746 0.048900001525878908 0.29730000610351565
v 0.061641696929931641 0.048900001525878908 0.29518947143554691
v 0.064510520935058602 0.048900001525878908 0.29805830688476564
v 0.060833511352539067 0.048900001525878908 0.29497291870117187
v 0.064727073669433602 0.048900001525878908 0.29886650390625003
v 0.059999999999999998 0.048900001525878908 0.29490001220703127
v 0.064800003051757815 0.048900001525878908 0.29970000000000002
v 0.059166488647460935 0.048900001525878908 0.29497291870117187
v 0.064727073669433602 0.048900001525878908 0.30053352661132815
v 0.058358303070068361 0.048900001525878908 0.29518947143554691
v 0.064510520935058602 0.048900001525878908 0.3013416931152344
v 0.057599998474121096 0.048900001525878908 0.29554307861328127
v 0.064156921386718746 0.048900001525878908 0.30210002441406253
v 0.056914619445800785 0.048900001525878908 0.29602299804687499
v 0.063677013397216792 0.048900001525878908 0.30278538818359374
v 0.063085380554199225 0.048900001525878908 0.30337703247070313
v 0.056322986602783204 0.048900001525878908 0.29661464233398438
v 0.06239999771118164 0.048900001525878908 0.30385692138671877
v 0.05584307861328125 0.048900001525878908 0.29730000610351565
v 0.061641696929931641 0.048900001525878908 0.30421052856445313
v 0.055489475250244141 0.048900001525878908 0.29805830688476564
v 0.060833511352539067 0.048900001525878908 0.30442708129882812
v 0.055272922515869141 0.048900001525878908 0.29886650390625003
v 0.059999999999999998 0.048900001525878908 0.3045000183105469
v 0.055200000762939454 0.048900001525878908 0.29970000000000002
v 0.059166488647460935 0.048900001525878908 0.30442708129882812
v 0.055272922515869141 0.048900001525878908 0.30053352661132815
v 0.058358303070068361 0.048900001525878908 0.30421052856445313
v 0.055489475250244141 0.048900001525878908 0.3013416931152344
v 0.057599998474121096 0.048900001525878908 0.30385692138671877
v 0.05584307861328125 0.048900001525878908 0.30210002441406253
v 0.056914619445800785 0.048900001525878908 0.30337703247070313
v 0.056322986602783204 0.048900001525878908 0.30278538818359374
v 0.064924041748046876 0.048700000762939455 0.30056825561523437
v 0.065000000000000002 0.048700000762939455 0.29970000000000002
v 0.064698463439941414 0.048700000762939455 0.30141011352539065
v 0.064330123901367192 0.048700000762939455 0.30220000000000002
v 0.06383022308349609 0.048700000762939455 0.30291395874023441
v 0.063213935852050776 0.048700000762939455 0.30353023071289065
v 0.0625 0.048700000762939455 0.30403013916015625
v 0.061710102081298832 0.048700000762939455 0.304398486328125
v 0.060868240356445315 0.048700000762939455 0.30462404174804691
v 0.059999999999999998 0.048700000762939455 0.30470000000000003
v 0.059131759643554688 0.048700000762939455 0.30462404174804691
v 0.058289897918701171 0.048700000762939455 0.304398486328125
v 0.057500000000000002 0.048700000762939455 0.30403013916015625
v 0.056786060333251953 0.048700000762939455 0.30353023071289065
v 0.056169776916503905 0.048700000762939455 0.30291395874023441
v 0.055669872283935551 0.048700000762939455 0.30220000000000002
v 0.055301536560058595 0.048700000762939455 0.30141011352539065
v 0.055075962066650393 0.048700000762939455 0.30056825561523437
v 0.055 0.048700000762939455 0.29970000000000002
v 0.055075962066650393 0.048700000762939455 0.29883177490234375
v 0.055301536560058595 0.048700000762939455 0.29798991699218752
v 0.055669872283935551 0.048700000762939455 0.29720000000000002
v 0.056169776916503905 0.048700000762939455 0.29648607177734376
v 0.056786060333251953 0.048700000762939455 0.29586979980468753
v 0.057500000000000002 0.048700000762939455 0.29536989135742187
v 0.058289897918701171 0.048700000762939455 0.29500154418945312
v 0.059131759643554688 0.048700000762939455 0.29477595825195313
v 0.059999999999999998 0.048700000762939455 0.29470000000000002
v 0.060868240356445315 0.048700000762939455 0.29477595825195313
v 0.061710102081298832 0.048700000762939455 0.29500154418945312
v 0.0625 0.048700000762939455 0.29536989135742187
v 0.063213935852050776 0.048700000762939455 0.29586979980468753
v 0.06383022308349609 0.048700000762939455 0.29648607177734376
v 0.064330123901367192 0.048700000762939455 0.29720000000000002
v 0.064698463439941414 0.048700000762939455 0.29798991699218752
v 0.064924041748046876 0.048700000762939455 0.29883177490234375
v 0.065000000000000002 0.04660000228881836 0.29970000000000002
v 0.064924041748046876 0.04660000228881836 0.30056825561523437
v 0.064698463439941414 0.04660000228881836 0.30141011352539065
v 0.064330123901367192 0.04660000228881836 0.30220000000000002
v 0.06383022308349609 0.04660000228881836 0.30291395874023441
v 0.063213935852050776 0.04660000228881836 0.30353023071289065
v 0.0625 0.04660000228881836 0.30403013916015625
v 0.061710102081298832 0.04660000228881836 0.304398486328125
v 0.060868240356445315 0.04660000228881836 0.30462404174804691
v 0.059999999999999998 0.04660000228881836 0.30470000000000003
v 0.059131759643554688 0.04660000228881836 0.30462404174804691
v 0.058289897918701171 0.04660000228881836 0.304398486328125
v 0.057500000000000002 0.04660000228881836 0.30403013916015625
v 0.056786060333251953 0.04660000228881836 0.30353023071289065
v 0.056169776916503905 0.04660000228881836 0.30291395874023441
v 0.055669872283935551 0.04660000228881836 0.30220000000000002
v 0.055301536560058595 0.04660000228881836 0.30141011352539065
v 0.055075962066650393 0.04660000228881836 0.30056825561523437
v 0.055 0.04660000228881836 0.29970000000000002
v 0.055075962066650393 0.04660000228881836 0.29883177490234375
v 0.055301536560058595 0.04660000228881836 0.29798991699218752
v 0.055669872283935551 0.04660000228881836 0.29720000000000002
v 0.056169776916503905 0.04660000228881836 0.29648607177734376
v 0.056786060333251953 0.04660000228881836 0.29586979980468753
v 0.057500000000000002 0.04660000228881836 0.29536989135742187
v 0.058289897918701171 0.04660000228881836 0.29500154418945312
v 0.059131759643554688 0.04660000228881836 0.29477595825195313
v 0.059999999999999998 0.04660000228881836 0.29470000000000002
v 0.060868240356445315 0.04660000228881836 0.29477595825195313
v 0.061710102081298832 0.04660000228881836 0.29500154418945312
v 0.0625 0.04660000228881836 0.29536989135742187
v 0.063213935852050776 0.04660000228881836 0.29586979980468753
v 0.06383022308349609 0.04660000228881836 0.29648607177734376
v 0.064330123901367192 0.04660000228881836 0.29720000000000002
v 0.064698463439941414 0.04660000228881836 0.29798991699218752
v 0.064924041748046876 0.04660000228881836 0.29883177490234375
v 0.068227684020996091 0.04660000228881836 0.28989464111328128
v 0.069805366516113285 0.04660000228881836 0.29147233886718749
v 0.06640000152587891 0.04660000228881836 0.28861488647460937
v 0.071085121154785158 0.04660000228881836 0.29330000610351564
v 0.06437786102294922 0.04660000228881836 0.28767195434570314
v 0.072028068542480464 0.04660000228881836 0.29532216186523441
v 0.062222694396972658 0.04660000228881836 0.28709447021484374
v 0.07260553741455078 0.04660000228881836 0.29747731323242188
v 0.059999999999999998 0.04660000228881836 0.28690001220703126
v 0.072800003051757808 0.04660000228881836 0.29970000000000002
v 0.057777301788330078 0.04660000228881836 0.28709447021484374
v 0.07260553741455078 0.04660000228881836 0.30192271728515624
v 0.055622142791748048 0.04660000228881836 0.28767195434570314
v 0.072028068542480464 0.04660000228881836 0.30407786865234376
v 0.053599998474121092 0.04660000228881836 0.28861488647460937
v 0.071085121154785158 0.04660000228881836 0.30610002441406253
v 0.051772319793701171 0.04660000228881836 0.28989464111328128
v 0.069805366516113285 0.04660000228881836 0.30792769165039063
v 0.068227684020996091 0.04660000228881836 0.30950538940429689
v 0.050194629669189451 0.04660000228881836 0.29147233886718749
v 0.06640000152587891 0.04660000228881836 0.31078514404296875
v 0.048914875030517578 0.04660000228881836 0.29330000610351564
v 0.06437786102294922 0.04660000228881836 0.31172807617187503
v 0.047971935272216798 0.04660000228881836 0.29532216186523441
v 0.062222694396972658 0.04660000228881836 0.31230556030273438
v 0.047394458770751956 0.04660000228881836 0.29747731323242188
v 0.059999999999999998 0.04660000228881836 0.31250001831054691
v 0.047200000762939454 0.04660000228881836 0.29970000000000002
v 0.057777301788330078 0.04660000228881836 0.31230556030273438
v 0.047394458770751956 0.04660000228881836 0.30192271728515624
v 0.055622142791748048 0.04660000228881836 0.31172807617187503
v 0.047971935272216798 0.04660000228881836 0.30407786865234376
v 0.053599998474121092 0.04660000228881836 0.31078514404296875
v 0.048914875030517578 0.04660000228881836 0.30610002441406253
v 0.051772319793701171 0.04660000228881836 0.30950538940429689
v 0.050194629669189451 0.04660000228881836 0.30792769165039063
v 0.072802497863769536 0.046400001525878906 0.30195744628906251
v 0.072999999999999995 0.046400001525878906 0.29970000000000002
v 0.072216003417968758 0.046400001525878906 0.30414625854492189
v 0.071258331298828123 0.046400001525878906 0.30620000000000003
v 0.06995858001708985 0.046400001525878906 0.30805626220703125
v 0.068356239318847656 0.046400001525878906 0.30965858764648441
v 0.066500000000000004 0.046400001525878906 0.31095833129882816
v 0.064446258544921878 0.046400001525878906 0.31191600341796877
v 0.062257427215576172 0.046400001525878906 0.31250252075195312
v 0.059999999999999998 0.046400001525878906 0.31270000000000003
v 0.05774257278442383 0.046400001525878906 0.31250252075195312
v 0.055553737640380858 0.046400001525878906 0.31191600341796877
v 0.053499999999999999 0.046400001525878906 0.31095833129882816
v 0.051643760681152347 0.046400001525878906 0.30965858764648441
v 0.05004141998291016 0.046400001525878906 0.30805626220703125
v 0.048741668701171879 0.046400001525878906 0.30620000000000003
v 0.047783996582031252 0.046400001525878906 0.30414625854492189
v 0.047197498321533207 0.046400001525878906 0.30195744628906251
v 0.047 0.046400001525878906 0.29970000000000002
v 0.047197498321533207 0.046400001525878906 0.29744258422851566
v 0.047783996582031252 0.046400001525878906 0.29525374145507816
v 0.048741668701171879 0.046400001525878906 0.29320000000000002
v 0.05004141998291016 0.046400001525878906 0.29134376831054687
v 0.051643760681152347 0.046400001525878906 0.28974144287109377
v 0.053499999999999999 0.046400001525878906 0.28844166870117188
v 0.055553737640380858 0.046400001525878906 0.28748399658203128
v 0.05774257278442383 0.046400001525878906 0.286897509765625
v 0.059999999999999998 0.046400001525878906 0.28670000000000001
v 0.062257427215576172 0.046400001525878906 0.286897509765625
v 0.064446258544921878 0.046400001525878906 0.28748399658203128
v 0.066500000000000004 0.046400001525878906 0.28844166870117188
v 0.068356239318847656 0.046400001525878906 0.28974144287109377
v 0.06995858001708985 0.046400001525878906 0.29134376831054687
v 0.071258331298828123 0.046400001525878906 0.29320000000000002
v 0.072216003417968758 0.046400001525878906 0.29525374145507816
v 0.072802497863769536 0.046400001525878906 0.29744258422851566
v 0.073749999999999996 0.043700000762939457 0.31445000000000001
v 0.071750000000000008 -0.043700000762939457 0.28295000000000003
v 0.071750000000000008 0.043700000762939457 0.28295000000000003
v 0.073749999999999996 0.043700000762939457 0.28495000000000004
v 0.073749999999999996 -0.043700000762939457 0.28495000000000004
v 0.035450000762939457 0.043700000762939457 0.28295000000000003
v 0.061299999237060546 -0.051899997711181645 0.29744835205078124
v 0.061671245574951176 -0.051899997711181645 0.29770830078124999
v 0.061991714477539067 -0.051899997711181645 0.29802876586914062
v 0.060451484680175784 -0.051899997711181645 0.29713951416015627
v 0.060889251708984377 -0.051899997711181645 0.29725682373046874
v 0.062599998474121094 -0.051899997711181645 0.29970000000000002
v 0.062251667022705078 -0.051899997711181645 0.29840001220703127
v 0.062443199157714846 -0.051899997711181645 0.29881074829101562
v 0.062560501098632815 -0.051899997711181645 0.29924852294921878
v 0.059548515319824219 -0.051899997711181645 0.29713951416015627
v 0.059999999999999998 -0.051899997711181645 0.29710002441406252
v 0.062251667022705078 -0.051899997711181645 0.3010000183105469
v 0.062560501098632815 -0.051899997711181645 0.3001515075683594
v 0.062443199157714846 -0.051899997711181645 0.30058925170898437
v 0.058328750610351567 -0.051899997711181645 0.29770830078124999
v 0.058700000762939457 -0.051899997711181645 0.29744835205078124
v 0.059110748291015626 -0.051899997711181645 0.29725682373046874
v 0.061671245574951176 -0.051899997711181645 0.30169172973632813
v 0.061991714477539067 -0.051899997711181645 0.3013712646484375
v 0.058008285522460935 -0.051899997711181645 0.29802876586914062
v 0.057748332977294925 -0.051899997711181645 0.29840001220703127
v 0.060451484680175784 -0.051899997711181645 0.3022605163574219
v 0.061299999237060546 -0.051899997711181645 0.30195167846679688
v 0.060889251708984377 -0.051899997711181645 0.30214320678710938
v 0.05755679702758789 -0.051899997711181645 0.29881074829101562
v 0.057399997711181643 -0.051899997711181645 0.29970000000000002
v 0.057439498901367188 -0.051899997711181645 0.29924852294921878
v 0.059110748291015626 -0.051899997711181645 0.30214320678710938
v 0.059999999999999998 -0.051899997711181645 0.30230000610351565
v 0.059548515319824219 -0.051899997711181645 0.3022605163574219
v 0.057748332977294925 -0.051899997711181645 0.3010000183105469
v 0.05755679702758789 -0.051899997711181645 0.30058925170898437
v 0.057439498901367188 -0.051899997711181645 0.3001515075683594
v 0.058008285522460935 -0.051899997711181645 0.3013712646484375
v 0.058700000762939457 -0.051899997711181645 0.30195167846679688
v 0.058328750610351567 -0.051899997711181645 0.30169172973632813
v 0.06275 -0.051750000000000004 0.29970000000000002
v 0.062708221435546871 -0.051750000000000004 0.29922249145507812
v 0.062584156036376959 -0.051750000000000004 0.29875944824218753
v 0.062381568908691405 -0.051750000000000004 0.29832500000000001
v 0.062106620788574221 -0.051750000000000004 0.29793233032226563
v 0.061767665863037113 -0.051750000000000004 0.29759340209960938
v 0.061374999999999999 -0.051750000000000004 0.29731843872070313
v 0.060940555572509769 -0.051750000000000004 0.29711586303710941
v 0.060477531433105469 -0.051750000000000004 0.29699177856445313
v 0.059999999999999998 -0.051750000000000004 0.29694999999999999
v 0.059522468566894533 -0.051750000000000004 0.29699177856445313
v 0.059059444427490233 -0.051750000000000004 0.29711586303710941
v 0.058625000000000003 -0.051750000000000004 0.29731843872070313
v 0.058232334136962889 -0.051750000000000004 0.29759340209960938
v 0.057893379211425781 -0.051750000000000004 0.29793233032226563
v 0.057618431091308597 -0.051750000000000004 0.29832500000000001
v 0.057415843963623051 -0.051750000000000004 0.29875944824218753
v 0.057291778564453125 -0.051750000000000004 0.29922249145507812
v 0.057250000000000002 -0.051750000000000004 0.29970000000000002
v 0.057291778564453125 -0.051750000000000004 0.3001775390625
v 0.057415843963623051 -0.051750000000000004 0.30064055175781251
v 0.057618431091308597 -0.051750000000000004 0.30107500000000004
v 0.057893379211425781 -0.051750000000000004 0.30146766967773436
v 0.058232334136962889 -0.051750000000000004 0.30180662841796874
v 0.058625000000000003 -0.051750000000000004 0.30208159179687499
v 0.059059444427490233 -0.051750000000000004 0.30228416748046877
v 0.059522468566894533 -0.051750000000000004 0.30240822143554691
v 0.059999999999999998 -0.051750000000000004 0.30245
v 0.06043019485473633 -0.051750000000000004 0.30241615600585936
v 0.060849796295166014 -0.051750000000000004 0.30231541748046875
v 0.06124847412109375 -0.051750000000000004 0.30215028686523437
v 0.061616409301757817 -0.051750000000000004 0.30192479248046877
v 0.061944541931152348 -0.051750000000000004 0.30164454956054687
v 0.062224796295166016 -0.051750000000000004 0.30131642456054691
v 0.062450267791748046 -0.051750000000000004 0.30094847412109377
v 0.062615406036376955 -0.051750000000000004 0.30054979248046876
v 0.062716140747070312 -0.051750000000000004 0.30013020629882814
v 0.059999999999999998 -0.048899997711181642 0.30245
v 0.059522468566894533 -0.048899997711181642 0.30240822143554691
v 0.059059444427490233 -0.048899997711181642 0.30228416748046877
v 0.058625000000000003 -0.048899997711181642 0.30208159179687499
v 0.058232334136962889 -0.048899997711181642 0.30180662841796874
v 0.057893379211425781 -0.048899997711181642 0.30146766967773436
v 0.057618431091308597 -0.048899997711181642 0.30107500000000004
v 0.057415843963623051 -0.048899997711181642 0.30064055175781251
v 0.057291778564453125 -0.048899997711181642 0.3001775390625
v 0.057250000000000002 -0.048899997711181642 0.29970000000000002
v 0.057291778564453125 -0.048899997711181642 0.29922249145507812
v 0.057415843963623051 -0.048899997711181642 0.29875944824218753
v 0.057618431091308597 -0.048899997711181642 0.29832500000000001
v 0.057893379211425781 -0.048899997711181642 0.29793233032226563
v 0.058232334136962889 -0.048899997711181642 0.29759340209960938
v 0.058625000000000003 -0.048899997711181642 0.29731843872070313
v 0.059059444427490233 -0.048899997711181642 0.29711586303710941
v 0.059522468566894533 -0.048899997711181642 0.29699177856445313
v 0.059999999999999998 -0.048899997711181642 0.29694999999999999
v 0.060477531433105469 -0.048899997711181642 0.29699177856445313
v 0.060940555572509769 -0.048899997711181642 0.29711586303710941
v 0.061374999999999999 -0.048899997711181642 0.29731843872070313
v 0.061767665863037113 -0.048899997711181642 0.29759340209960938
v 0.062106620788574221 -0.048899997711181642 0.29793233032226563
v 0.062381568908691405 -0.048899997711181642 0.29832500000000001
v 0.062584156036376959 -0.048899997711181642 0.29875944824218753
v 0.062708221435546871 -0.048899997711181642 0.29922249145507812
v 0.06275 -0.048899997711181642 0.29970000000000002
v 0.062708221435546871 -0.048899997711181642 0.3001775390625
v 0.062584156036376959 -0.048899997711181642 0.30064055175781251
v 0.062381568908691405 -0.048899997711181642 0.30107500000000004
v 0.062106620788574221 -0.048899997711181642 0.30146766967773436
v 0.061767665863037113 -0.048899997711181642 0.30180662841796874
v 0.061374999999999999 -0.048899997711181642 0.30208159179687499
v 0.060940555572509769 -0.048899997711181642 0.30228416748046877
v 0.060477531433105469 -0.048899997711181642 0.30240822143554691
v 0.056914619445800785 -0.048899997711181642 0.29602299804687499
v 0.056322986602783204 -0.048899997711181642 0.29661464233398438
v 0.057599998474121096 -0.048899997711181642 0.29554307861328127
v 0.05584307861328125 -0.048899997711181642 0.29730000610351565
v 0.058358303070068361 -0.048899997711181642 0.29518947143554691
v 0.055489475250244141 -0.048899997711181642 0.29805830688476564
v 0.059166488647460935 -0.048899997711181642 0.29497291870117187
v 0.055272922515869141 -0.048899997711181642 0.29886650390625003
v 0.059999999999999998 -0.048899997711181642 0.29490001220703127
v 0.055200000762939454 -0.048899997711181642 0.29970000000000002
v 0.060833511352539067 -0.048899997711181642 0.29497291870117187
v 0.055272922515869141 -0.048899997711181642 0.30053352661132815
v 0.061641696929931641 -0.048899997711181642 0.29518947143554691
v 0.055489475250244141 -0.048899997711181642 0.3013416931152344
v 0.06239999771118164 -0.048899997711181642 0.29554307861328127
v 0.05584307861328125 -0.048899997711181642 0.30210002441406253
v 0.063085380554199225 -0.048899997711181642 0.29602299804687499
v 0.056322986602783204 -0.048899997711181642 0.30278538818359374
v 0.063677013397216792 -0.048899997711181642 0.29661464233398438
v 0.056914619445800785 -0.048899997711181642 0.30337703247070313
v 0.064156921386718746 -0.048899997711181642 0.29730000610351565
v 0.057599998474121096 -0.048899997711181642 0.30385692138671877
v 0.064510520935058602 -0.048899997711181642 0.29805830688476564
v 0.058358303070068361 -0.048899997711181642 0.30421052856445313
v 0.064727073669433602 -0.048899997711181642 0.29886650390625003
v 0.059166488647460935 -0.048899997711181642 0.30442708129882812
v 0.064800003051757815 -0.048899997711181642 0.29970000000000002
v 0.059999999999999998 -0.048899997711181642 0.3045000183105469
v 0.064727073669433602 -0.048899997711181642 0.30053352661132815
v 0.060833511352539067 -0.048899997711181642 0.30442708129882812
v 0.064510520935058602 -0.048899997711181642 0.3013416931152344
v 0.061641696929931641 -0.048899997711181642 0.30421052856445313
v 0.064156921386718746 -0.048899997711181642 0.30210002441406253
v 0.06239999771118164 -0.048899997711181642 0.30385692138671877
v 0.063677013397216792 -0.048899997711181642 0.30278538818359374
v 0.063085380554199225 -0.048899997711181642 0.30337703247070313
v 0.065000000000000002 -0.048700000762939455 0.29970000000000002
v 0.064924041748046876 -0.048700000762939455 0.29883177490234375
v 0.064698463439941414 -0.048700000762939455 0.29798991699218752
v 0.064330123901367192 -0.048700000762939455 0.29720000000000002
v 0.06383022308349609 -0.048700000762939455 0.29648607177734376
v 0.063213935852050776 -0.048700000762939455 0.29586979980468753
v 0.0625 -0.048700000762939455 0.29536989135742187
v 0.061710102081298832 -0.048700000762939455 0.29500154418945312
v 0.060868240356445315 -0.048700000762939455 0.29477595825195313
v 0.059999999999999998 -0.048700000762939455 0.29470000000000002
v 0.059131759643554688 -0.048700000762939455 0.29477595825195313
v 0.058289897918701171 -0.048700000762939455 0.29500154418945312
v 0.057500000000000002 -0.048700000762939455 0.29536989135742187
v 0.056786060333251953 -0.048700000762939455 0.29586979980468753
v 0.056169776916503905 -0.048700000762939455 0.29648607177734376
v 0.055669872283935551 -0.048700000762939455 0.29720000000000002
v 0.055301536560058595 -0.048700000762939455 0.29798991699218752
v 0.055075962066650393 -0.048700000762939455 0.29883177490234375
v 0.055 -0.048700000762939455 0.29970000000000002
v 0.055075962066650393 -0.048700000762939455 0.30056825561523437
v 0.055301536560058595 -0.048700000762939455 0.30141011352539065
v 0.055669872283935551 -0.048700000762939455 0.30220000000000002
v 0.056169776916503905 -0.048700000762939455 0.30291395874023441
v 0.056786060333251953 -0.048700000762939455 0.30353023071289065
v 0.057500000000000002 -0.048700000762939455 0.30403013916015625
v 0.058289897918701171 -0.048700000762939455 0.304398486328125
v 0.059131759643554688 -0.048700000762939455 0.30462404174804691
v 0.059999999999999998 -0.048700000762939455 0.30470000000000003
v 0.060868240356445315 -0.048700000762939455 0.30462404174804691
v 0.061710102081298832 -0.048700000762939455 0.304398486328125
v 0.0625 -0.048700000762939455 0.30403013916015625
v 0.063213935852050776 -0.048700000762939455 0.30353023071289065
v 0.06383022308349609 -0.048700000762939455 0.30291395874023441
v 0.064330123901367192 -0.048700000762939455 0.30220000000000002
v 0.064698463439941414 -0.048700000762939455 0.30141011352539065
v 0.064924041748046876 -0.048700000762939455 0.30056825561523437
v 0.064924041748046876 -0.046599998474121093 0.29883177490234375
v 0.065000000000000002 -0.046599998474121093 0.29970000000000002
v 0.064698463439941414 -0.046599998474121093 0.29798991699218752
v 0.064330123901367192 -0.046599998474121093 0.29720000000000002
v 0.06383022308349609 -0.046599998474121093 0.29648607177734376
v 0.063213935852050776 -0.046599998474121093 0.29586979980468753
v 0.0625 -0.046599998474121093 0.29536989135742187
v 0.061710102081298832 -0.046599998474121093 0.29500154418945312
v 0.060868240356445315 -0.046599998474121093 0.29477595825195313
v 0.059999999999999998 -0.046599998474121093 0.29470000000000002
v 0.059131759643554688 -0.046599998474121093 0.29477595825195313
v 0.058289897918701171 -0.046599998474121093 0.29500154418945312
v 0.057500000000000002 -0.046599998474121093 0.29536989135742187
v 0.056786060333251953 -0.046599998474121093 0.29586979980468753
v 0.056169776916503905 -0.046599998474121093 0.29648607177734376
v 0.055669872283935551 -0.046599998474121093 0.29720000000000002
v 0.055301536560058595 -0.046599998474121093 0.29798991699218752
v 0.055075962066650393 -0.046599998474121093 0.29883177490234375
v 0.055 -0.046599998474121093 0.29970000000000002
v 0.055075962066650393 -0.046599998474121093 0.30056825561523437
v 0.055301536560058595 -0.046599998474121093 0.30141011352539065
v 0.055669872283935551 -0.046599998474121093 0.30220000000000002
v 0.056169776916503905 -0.046599998474121093 0.30291395874023441
v 0.056786060333251953 -0.046599998474121093 0.30353023071289065
v 0.057500000000000002 -0.046599998474121093 0.30403013916015625
v 0.058289897918701171 -0.046599998474121093 0.304398486328125
v 0.059131759643554688 -0.046599998474121093 0.30462404174804691
v 0.059999999999999998 -0.046599998474121093 0.30470000000000003
v 0.060868240356445315 -0.046599998474121093 0.30462404174804691
v 0.061710102081298832 -0.046599998474121093 0.304398486328125
v 0.0625 -0.046599998474121093 0.30403013916015625
v 0.063213935852050776 -0.046599998474121093 0.30353023071289065
v 0.06383022308349609 -0.046599998474121093 0.30291395874023441
v 0.064330123901367192 -0.046599998474121093 0.30220000000000002
v 0.064698463439941414 -0.046599998474121093 0.30141011352539065
v 0.064924041748046876 -0.046599998474121093 0.30056825561523437
v 0.051772319793701171 -0.046599998474121093 0.28989464111328128
v 0.050194629669189451 -0.046599998474121093 0.29147233886718749
v 0.048914875030517578 -0.046599998474121093 0.29330000610351564
v 0.053599998474121092 -0.046599998474121093 0.28861488647460937
v 0.047971935272216798 -0.046599998474121093 0.29532216186523441
v 0.055622142791748048 -0.046599998474121093 0.28767195434570314
v 0.047394458770751956 -0.046599998474121093 0.29747731323242188
v 0.057777301788330078 -0.046599998474121093 0.28709447021484374
v 0.047200000762939454 -0.046599998474121093 0.29970000000000002
v 0.059999999999999998 -0.046599998474121093 0.28690001220703126
v 0.047394458770751956 -0.046599998474121093 0.30192271728515624
v 0.062222694396972658 -0.046599998474121093 0.28709447021484374
v 0.047971935272216798 -0.046599998474121093 0.30407786865234376
v 0.06437786102294922 -0.046599998474121093 0.28767195434570314
v 0.048914875030517578 -0.046599998474121093 0.30610002441406253
v 0.06640000152587891 -0.046599998474121093 0.28861488647460937
v 0.050194629669189451 -0.046599998474121093 0.30792769165039063
v 0.068227684020996091 -0.046599998474121093 0.28989464111328128
v 0.069805366516113285 -0.046599998474121093 0.29147233886718749
v 0.051772319793701171 -0.046599998474121093 0.30950538940429689
v 0.071085121154785158 -0.046599998474121093 0.29330000610351564
v 0.053599998474121092 -0.046599998474121093 0.31078514404296875
v 0.072028068542480464 -0.046599998474121093 0.29532216186523441
v 0.055622142791748048 -0.046599998474121093 0.31172807617187503
v 0.07260553741455078 -0.046599998474121093 0.29747731323242188
v 0.057777301788330078 -0.046599998474121093 0.31230556030273438
v 0.072800003051757808 -0.046599998474121093 0.29970000000000002
v 0.059999999999999998 -0.046599998474121093 0.31250001831054691
v 0.07260553741455078 -0.046599998474121093 0.30192271728515624
v 0.062222694396972658 -0.046599998474121093 0.31230556030273438
v 0.072028068542480464 -0.046599998474121093 0.30407786865234376
v 0.06437786102294922 -0.046599998474121093 0.31172807617187503
v 0.071085121154785158 -0.046599998474121093 0.30610002441406253
v 0.06640000152587891 -0.046599998474121093 0.31078514404296875
v 0.069805366516113285 -0.046599998474121093 0.30792769165039063
v 0.068227684020996091 -0.046599998474121093 0.30950538940429689
v 0.072802497863769536 -0.04639999771118164 0.29744258422851566
v 0.072999999999999995 -0.04639999771118164 0.29970000000000002
v 0.072216003417968758 -0.04639999771118164 0.29525374145507816
v 0.071258331298828123 -0.04639999771118164 0.29320000000000002
v 0.06995858001708985 -0.04639999771118164 0.29134376831054687
v 0.068356239318847656 -0.04639999771118164 0.28974144287109377
v 0.066500000000000004 -0.04639999771118164 0.28844166870117188
v 0.064446258544921878 -0.04639999771118164 0.28748399658203128
v 0.062257427215576172 -0.04639999771118164 0.286897509765625
v 0.059999999999999998 -0.04639999771118164 0.28670000000000001
v 0.05774257278442383 -0.04639999771118164 0.286897509765625
v 0.055553737640380858 -0.04639999771118164 0.28748399658203128
v 0.053499999999999999 -0.04639999771118164 0.28844166870117188
v 0.051643760681152347 -0.04639999771118164 0.28974144287109377
v 0.05004141998291016 -0.04639999771118164 0.29134376831054687
v 0.048741668701171879 -0.04639999771118164 0.29320000000000002
v 0.047783996582031252 -0.04639999771118164 0.29525374145507816
v 0.047197498321533207 -0.04639999771118164 0.29744258422851566
v 0.047 -0.04639999771118164 0.29970000000000002
v 0.047197498321533207 -0.04639999771118164 0.30195744628906251
v 0.047783996582031252 -0.04639999771118164 0.30414625854492189
v 0.048741668701171879 -0.04639999771118164 0.30620000000000003
v 0.05004141998291016 -0.04639999771118164 0.30805626220703125
v 0.051643760681152347 -0.04639999771118164 0.30965858764648441
v 0.053499999999999999 -0.04639999771118164 0.31095833129882816
v 0.055553737640380858 -0.04639999771118164 0.31191600341796877
v 0.05774257278442383 -0.04639999771118164 0.31250252075195312
v 0.059999999999999998 -0.04639999771118164 0.31270000000000003
v 0.062257427215576172 -0.04639999771118164 0.31250252075195312
v 0.064446258544921878 -0.04639999771118164 0.31191600341796877
v 0.066500000000000004 -0.04639999771118164 0.31095833129882816
v 0.068356239318847656 -0.04639999771118164 0.30965858764648441
v 0.06995858001708985 -0.04639999771118164 0.30805626220703125
v 0.071258331298828123 -0.04639999771118164 0.30620000000000003
v 0.072216003417968758 -0.04639999771118164 0.30414625854492189
v 0.072802497863769536 -0.04639999771118164 0.30195744628906251
v 0.072802497863769536 -0.044099998474121098 0.29744258422851566
v 0.072999999999999995 -0.044099998474121098 0.29970000000000002
v 0.072216003417968758 -0.044099998474121098 0.29525374145507816
v 0.071258331298828123 -0.044099998474121098 0.29320000000000002
v 0.06995858001708985 -0.044099998474121098 0.29134376831054687
v 0.068356239318847656 -0.044099998474121098 0.28974144287109377
v 0.066500000000000004 -0.044099998474121098 0.28844166870117188
v 0.064446258544921878 -0.044099998474121098 0.28748399658203128
v 0.062257427215576172 -0.044099998474121098 0.286897509765625
v 0.059999999999999998 -0.044099998474121098 0.28670000000000001
v 0.05774257278442383 -0.044099998474121098 0.286897509765625
v 0.055553737640380858 -0.044099998474121098 0.28748399658203128
v 0.053499999999999999 -0.044099998474121098 0.28844166870117188
v 0.051643760681152347 -0.044099998474121098 0.28974144287109377
v 0.05004141998291016 -0.044099998474121098 0.29134376831054687
v 0.048741668701171879 -0.044099998474121098 0.29320000000000002
v 0.047783996582031252 -0.044099998474121098 0.29525374145507816
v 0.047197498321533207 -0.044099998474121098 0.29744258422851566
v 0.047 -0.044099998474121098 0.29970000000000002
v 0.047197498321533207 -0.044099998474121098 0.30195744628906251
v 0.047783996582031252 -0.044099998474121098 0.30414625854492189
v 0.048741668701171879 -0.044099998474121098 0.30620000000000003
v 0.05004141998291016 -0.044099998474121098 0.30805626220703125
v 0.051643760681152347 -0.044099998474121098 0.30965858764648441
v 0.053499999999999999 -0.044099998474121098 0.31095833129882816
v 0.055553737640380858 -0.044099998474121098 0.31191600341796877
v 0.05774257278442383 -0.044099998474121098 0.31250252075195312
v 0.059999999999999998 -0.044099998474121098 0.31270000000000003
v 0.062257427215576172 -0.044099998474121098 0.31250252075195312
v 0.064446258544921878 -0.044099998474121098 0.31191600341796877
v 0.066500000000000004 -0.044099998474121098 0.31095833129882816
v 0.068356239318847656 -0.044099998474121098 0.30965858764648441
v 0.06995858001708985 -0.044099998474121098 0.30805626220703125
v 0.071258331298828123 -0.044099998474121098 0.30620000000000003
v 0.072216003417968758 -0.044099998474121098 0.30414625854492189
v 0.072802497863769536 -0.044099998474121098 0.30195744628906251
v 0.073349998474121089 -0.044099998474121098 0.28511567993164066
v 0.071584312438964848 -0.044099998474121098 0.28335002441406248
v 0.073749999999999996 -0.043700000762939457 0.31445000000000001
v 0.073349998474121089 -0.044099998474121098 0.31428432006835938
v 0.071584312438964848 -0.044099998474121098 0.31605000610351563
v 0.035450000762939457 0.025958150863647462 0.28295000000000003
v 0.023291851043701173 -0.013800000190734863 0.28295000000000003
v 0.023291851043701173 0.01380000114440918 0.28295000000000003
v 0.035450000762939457 -0.025958148956298829 0.28295000000000003
v 0.035450000762939457 -0.043700000762939457 0.28295000000000003
v 0.015300003051757813 0.025207359313964846 0.26269999999999999
v 0.015300003051757813 -0.03825735855102539 0.27575001831054691
v 0.015300003051757813 -0.025207359313964846 0.26269999999999999
v 0.015300003051757813 0.03825735855102539 0.27575001831054691
v 0.018299999237060546 0.037014728546142579 0.27875001831054691
v 0.018299999237060546 -0.037014728546142579 0.27875001831054691
v 0.012300000190734864 -0.026449998855590819 0.25969999999999999
v 0.012300000190734864 0.026450000762939452 0.25969999999999999
v 0.035450000762939457 0.0465 0.28257844848632813
v 0.035450000762939457 0.0465 0.31682158203124999
v 0.035450000762939457 0.044671573638916016 0.31865001220703126
v 0.035450004577636716 0.025958162307739258 0.31865001220703126
v 0.023291851043701173 0.01380000114440918 0.31864998168945313
v 0.033450000762939455 0.045499999999999999 0.27875001831054691
v 0.035450000762939457 0.044671573638916016 0.28075001831054691
v 0.033450000762939455 0.02795819091796875 0.27875001831054691
v 0.035450004577636716 0.025958162307739258 0.28075001831054691
v 0.02129183006286621 0.015800021171569825 0.27875001831054691
v 0.023291851043701173 0.01380000114440918 0.28075001831054691
v 0.012300000190734864 0.045499999999999999 0.27875001831054691
v 0.010550000190734864 0.045749999999999999 0.27900001831054688
v 0.010550000190734864 0.026450000762939452 0.25969999999999999
v 0.010300000190734864 0.026346446990966797 0.25995000000000001
v 0.010300000190734864 0.045499999999999999 0.27910356445312501
v 0.010300000190734864 0.021450000762939455 0.25995000000000001
v 0.010550000190734864 0.021200000762939455 0.25969999999999999
v 0.035200000762939457 0.044319248199462889 0.31368583984375004
v 0.035200000762939457 0.044299999237060544 0.31344630737304691
v 0.035450000762939457 0.044549999237060545 0.31344630737304691
v 0.035450000762939457 0.044566040039062498 0.31364592285156251
v 0.035200000762939457 0.044376499176025389 0.31391920776367188
v 0.035450000762939457 0.044613750457763675 0.31384041137695312
v 0.035200000762939457 0.044470283508300783 0.31414046020507813
v 0.035450000762939457 0.044691902160644531 0.31402476806640628
v 0.035200000762939457 0.044598194122314451 0.31434389038085941
v 0.035450000762939457 0.044798496246337895 0.31419429321289066
v 0.035200000762939457 0.044756946563720701 0.31452427978515624
v 0.035450000762939457 0.044930789947509764 0.3143446228027344
v 0.035200000762939457 0.044942470550537107 0.31467702026367189
v 0.035450000762939457 0.045085391998291015 0.31447191162109378
v 0.035200000762939457 0.045150001525878905 0.31479814453124999
v 0.035450000762939457 0.045258335113525394 0.31457286376953125
v 0.035200000762939457 0.044299999237060544 0.28595372314453127
v 0.035450000762939457 0.044549999237060545 0.28595372314453127
v 0.035200000762939457 0.044942470550537107 0.28472301025390628
v 0.035200000762939457 0.045150001525878905 0.28460185546875
v 0.035450000762939457 0.045258335113525394 0.28482716674804687
v 0.035450000762939457 0.045085391998291015 0.28492811889648439
v 0.035200000762939457 0.044756946563720701 0.28487572021484375
v 0.035450000762939457 0.044930789947509764 0.28505540771484378
v 0.035200000762939457 0.044598194122314451 0.28505614013671876
v 0.035450000762939457 0.044798496246337895 0.28520573730468751
v 0.035200000762939457 0.044470283508300783 0.28525957031249999
v 0.035450000762939457 0.044691902160644531 0.2853752624511719
v 0.035200000762939457 0.044376499176025389 0.28548079223632816
v 0.035450000762939457 0.044613750457763675 0.285559619140625
v 0.035200000762939457 0.044319248199462889 0.28571419067382814
v 0.035450000762939457 0.044566040039062498 0.28575410766601561
v 0.012300000190734864 -0.045499999999999999 0.27875001831054691
v 0.033450000762939455 -0.045499999999999999 0.27875001831054691
v 0.033450000762939455 -0.027958189010620117 0.27875001831054691
v 0.02129183006286621 -0.015800019264221192 0.27875001831054691
v 0.023291851043701173 -0.013800000190734863 0.28075001831054691
v 0.023291851043701173 -0.013800000190734863 0.31864998168945313
v 0.010550000190734864 -0.021199998855590822 0.25969999999999999
v 0.010550000190734864 -0.026449998855590819 0.25969999999999999
v 0.035450000762939457 -0.0465 0.28257844848632813
v 0.035450004577636716 -0.025958160400390624 0.31865001220703126
v 0.035450000762939457 -0.044671573638916016 0.28075001831054691
v 0.035450004577636716 -0.025958160400390624 0.28075001831054691
v 0.010550000190734864 -0.045749999999999999 0.27900001831054688
v 0.013050000190734863 -0.048250000000000001 0.31665001220703126
v 0.010400233268737792 -0.048250000000000001 0.31665001220703126
v 0.035450000762939457 -0.045187416076660158 0.31775935668945315
v 0.035450000762939457 -0.045440280914306644 0.31762593383789062
v 0.035387947082519529 -0.045380825042724608 0.31758955688476564
v 0.035321224212646482 -0.045540294647216796 0.31739320678710936
v 0.035450000762939457 -0.045668048858642576 0.31745314331054691
v 0.035261409759521488 -0.045647575378417966 0.3172087890625
v 0.035450000762939457 -0.045864643096923827 0.31724556274414062
v 0.035231166839599613 -0.045690227508544921 0.31711320800781251
v 0.035200000762939457 -0.045726650238037111 0.31701332397460941
v 0.035450000762939457 -0.046024814605712894 0.31700874633789061
v 0.035200000762939457 -0.045857326507568359 0.31678850097656253
v 0.035450000762939457 -0.046144287109375001 0.31674901123046878
v 0.035200000762939457 -0.045947204589843749 0.31654445190429686
v 0.035450000762939457 -0.046219879150390629 0.31647328491210941
v 0.035200000762939457 -0.045993583679199222 0.31628859252929686
v 0.035450000762939457 -0.04624956512451172 0.31618895263671876
v 0.035200000762939457 -0.045995071411132814 0.31602852172851564
v 0.035450000762939457 -0.046232559204101562 0.31590355224609379
v 0.035200000762939457 -0.045951622009277347 0.31577211303710939
v 0.035450000762939457 -0.046169307708740233 0.31562474365234378
v 0.035200000762939457 -0.045864536285400388 0.31552708740234375
v 0.035450000762939457 -0.046061508178710936 0.31535994262695316
v 0.035200000762939457 -0.045736438751220701 0.31530076904296878
v 0.035450000762939457 -0.045912029266357422 0.31511625976562502
v 0.035200000762939457 -0.045571178436279301 0.31509996337890628
v 0.035450000762939457 -0.045724864959716796 0.31490013427734376
v 0.035200000762939457 -0.045373718261718751 0.31493074340820315
v 0.035450000762939457 -0.045505012512207031 0.31471736450195315
v 0.035200000762939457 -0.045149997711181639 0.31479814453124999
v 0.035450000762939457 -0.045258331298828128 0.31457286376953125
v 0.035450000762939457 -0.045085391998291015 0.31447191162109378
v 0.035200000762939457 -0.044942466735839848 0.31467702026367189
v 0.035450000762939457 -0.044930786132812504 0.3143446228027344
v 0.035200000762939457 -0.044756946563720701 0.31452427978515624
v 0.035450000762939457 -0.044798492431640628 0.31419429321289066
v 0.035200000762939457 -0.044598190307617191 0.31434389038085941
v 0.035450000762939457 -0.044691902160644531 0.31402476806640628
v 0.035200000762939457 -0.044470283508300783 0.31414046020507813
v 0.035450000762939457 -0.044613746643066408 0.31384041137695312
v 0.035200000762939457 -0.044376499176025389 0.31391920776367188
v 0.035450000762939457 -0.044566040039062498 0.31364592285156251
v 0.035200000762939457 -0.044319248199462889 0.31368583984375004
v 0.035450000762939457 -0.044549999237060545 0.31344630737304691
v 0.035200000762939457 -0.044299999237060544 0.31344630737304691
v 0.035450000762939457 -0.045258331298828128 0.28482716674804687
v 0.035450000762939457 -0.045514568328857426 0.28467589111328129
v 0.035200000762939457 -0.045149997711181639 0.28460185546875
v 0.035200000762939457 -0.045373718261718751 0.28446928710937502
v 0.035450000762939457 -0.045741470336914065 0.28448338623046876
v 0.035200000762939457 -0.045571178436279301 0.28430003662109377
v 0.035450000762939457 -0.045932479858398441 0.28425523681640624
v 0.035200000762939457 -0.045736438751220701 0.2840992614746094
v 0.035450000762939457 -0.046082077026367185 0.28399803466796875
v 0.035200000762939457 -0.045864536285400388 0.28387294311523437
v 0.035450000762939457 -0.046185932159423827 0.28371919555664066
v 0.035200000762939457 -0.045951622009277347 0.28362788696289065
v 0.035450000762939457 -0.046241046905517579 0.2834267761230469
v 0.035200000762939457 -0.045995071411132814 0.2833714782714844
v 0.035450000762939457 -0.046245830535888675 0.28312926025390628
v 0.035200000762939457 -0.045993583679199222 0.28311143798828126
v 0.035450000762939457 -0.046200134277343749 0.2828352233886719
v 0.035200000762939457 -0.045947204589843749 0.28285554809570312
v 0.035450000762939457 -0.046105289459228517 0.28255321044921877
v 0.035200000762939457 -0.045857326507568359 0.28261152954101565
v 0.035450000762939457 -0.045964035034179687 0.28229130859375001
v 0.035200000762939457 -0.045726650238037111 0.28238667602539064
v 0.035273769378662112 -0.045627994537353514 0.28215257568359375
v 0.035450000762939457 -0.045780452728271484 0.28205714721679687
v 0.03534310531616211 -0.045493125915527344 0.28194114990234376
v 0.035450000762939457 -0.045559852600097657 0.28185744018554687
v 0.035409408569335936 -0.045319805145263674 0.28175001831054691
v 0.035450000762939457 -0.045308612823486326 0.28169801635742187
v 0.035322620391845701 -0.045118789672851566 0.28175001831054691
v 0.035450000762939457 -0.045033992767333983 0.28158348388671878
v 0.035260753631591799 -0.04493122482299805 0.28175001831054691
v 0.035450000762939457 -0.044743934631347654 0.28151710815429687
v 0.035214332580566408 -0.044707874298095703 0.28175001831054691
v 0.035450000762939457 -0.04444682312011719 0.28150081176757813
v 0.035200359344482422 -0.044467124938964847 0.28175001831054691
v 0.035230152130126952 -0.04419772720336914 0.28175001831054691
v 0.035450000762939457 -0.044151252746582034 0.28153511352539062
v 0.035310585021972658 -0.043913490295410154 0.28175001831054691
v 0.035450000762939457 -0.043865760803222659 0.28161897583007811
v 0.035450000762939457 -0.043598609924316405 0.28175001831054691
v 0.035200000762939457 -0.044299999237060544 0.28595372314453127
v 0.035450000762939457 -0.044549999237060545 0.28595372314453127
v 0.035450000762939457 -0.044566040039062498 0.28575410766601561
v 0.035200000762939457 -0.044319248199462889 0.28571419067382814
v 0.035450000762939457 -0.044613746643066408 0.285559619140625
v 0.035200000762939457 -0.044376499176025389 0.28548079223632816
v 0.035450000762939457 -0.044691902160644531 0.2853752624511719
v 0.035200000762939457 -0.044470283508300783 0.28525957031249999
v 0.035450000762939457 -0.044798492431640628 0.28520573730468751
v 0.035200000762939457 -0.044598190307617191 0.28505614013671876
v 0.035450000762939457 -0.044930786132812504 0.28505540771484378
v 0.035200000762939457 -0.044756946563720701 0.28487572021484375
v 0.035450000762939457 -0.045085391998291015 0.28492811889648439
v 0.035200000762939457 -0.044942466735839848 0.28472301025390628
v 0.035410755157470705 -0.042357879638671873 0.28262669677734376
v 0.035450000762939457 -0.042493774414062498 0.28255955810546879
v 0.035450000762939457 -0.04238991165161133 0.28258198852539063
v 0.035450000762939457 -0.04228451919555664 0.28259550781250004
v 0.035385101318359376 -0.042269180297851566 0.28266176147460936
v 0.035450000762939457 -0.042178363800048829 0.28260002441406251
v 0.035358860015869138 -0.042178363800048829 0.28269114990234379
v 0.035358860015869138 0.042178363800048829 0.28269114990234379
v 0.035326255798339846 0.04204171371459961 0.28272374267578126
v 0.035450000762939457 0.042178363800048829 0.28260002441406251
v 0.035450000762939457 0.041762283325195312 0.28260002441406251
v 0.035306579589843748 0.04190261459350586 0.2827434265136719
v 0.03529999923706055 0.041762283325195312 0.28275001831054691
v 0.035450000762939457 0.042284523010253906 0.28259550781250004
v 0.035400577545166019 0.042322700500488281 0.28264137573242187
v 0.035450000762939457 0.04238991165161133 0.28258198852539063
v 0.035425765991210938 0.042409812927246097 0.28260304565429689
v 0.035450000762939457 0.042493774414062498 0.28255955810546879
v 0.035340675354003905 0.043835308074951174 0.28175001831054691
v 0.035450000762939457 0.043865764617919925 0.28161897583007811
v 0.035265274047851562 0.04405268478393555 0.28175001831054691
v 0.035450000762939457 0.043598609924316405 0.28175001831054691
v 0.035450000762939457 0.044151252746582034 0.28153511352539062
v 0.035216518402099613 0.044276767730712895 0.28175001831054691
v 0.035450000762939457 0.044446826934814457 0.28150081176757813
v 0.035200012207031249 0.044493770599365233 0.28175001831054691
v 0.035450000762939457 0.044743934631347654 0.28151710815429687
v 0.035218288421630863 0.044734951019287109 0.28175001831054691
v 0.035285682678222657 0.045014198303222661 0.28175001831054691
v 0.035450000762939457 0.045033992767333983 0.28158348388671878
v 0.035450000762939457 0.045308612823486326 0.28169801635742187
v 0.035409408569335936 0.045319805145263674 0.28175001831054691
v 0.035450000762939457 0.045559856414794923 0.28185744018554687
v 0.03534310531616211 0.04549312973022461 0.28194114990234376
v 0.035299865722656254 0.045582344055175784 0.28207185668945312
v 0.035450000762939457 0.04578045654296875 0.28205714721679687
v 0.035251285552978517 0.045662666320800779 0.28222304077148441
v 0.035450000762939457 0.045964038848876954 0.28229130859375001
v 0.035200000762939457 0.045726650238037111 0.28238667602539064
v 0.035200000762939457 0.045857326507568359 0.28261152954101565
v 0.035450000762939457 0.046105293273925783 0.28255321044921877
v 0.035200000762939457 0.045947208404541015 0.28285554809570312
v 0.035450000762939457 0.046200138092041015 0.2828352233886719
v 0.035200000762939457 0.045993587493896489 0.28311143798828126
v 0.035450000762939457 0.046245830535888675 0.28312926025390628
v 0.035200000762939457 0.045995071411132814 0.2833714782714844
v 0.035450000762939457 0.046241050720214845 0.2834267761230469
v 0.035200000762939457 0.045951622009277347 0.28362788696289065
v 0.035450000762939457 0.046185935974121094 0.28371919555664066
v 0.035200000762939457 0.045864540100097655 0.28387294311523437
v 0.035450000762939457 0.046082077026367185 0.28399803466796875
v 0.035200000762939457 0.045736442565917967 0.2840992614746094
v 0.035450000762939457 0.045932479858398441 0.28425523681640624
v 0.035200000762939457 0.045571178436279301 0.28430003662109377
v 0.035450000762939457 0.045741470336914065 0.28448338623046876
v 0.035200000762939457 0.045373722076416018 0.28446928710937502
v 0.035450000762939457 0.045514568328857426 0.28467589111328129
v 0.035450000762939457 0.045505012512207031 0.31471736450195315
v 0.035200000762939457 0.045373722076416018 0.31493074340820315
v 0.035450000762939457 0.045724868774414062 0.31490013427734376
v 0.035200000762939457 0.045571178436279301 0.31509996337890628
v 0.035450000762939457 0.045912033081054689 0.31511625976562502
v 0.035200000762939457 0.045736442565917967 0.31530076904296878
v 0.035450000762939457 0.046061508178710936 0.31535994262695316
v 0.035200000762939457 0.045864540100097655 0.31552708740234375
v 0.035450000762939457 0.046169311523437499 0.31562474365234378
v 0.035200000762939457 0.045951622009277347 0.31577211303710939
v 0.035450000762939457 0.046232559204101562 0.31590355224609379
v 0.035200000762939457 0.045995071411132814 0.31602852172851564
v 0.035450000762939457 0.046249568939208986 0.31618895263671876
v 0.035200000762939457 0.045993587493896489 0.31628859252929686
v 0.035450000762939457 0.046219879150390629 0.31647328491210941
v 0.035200000762939457 0.045947208404541015 0.31654445190429686
v 0.035450000762939457 0.046144290924072268 0.31674901123046878
v 0.035200000762939457 0.045857326507568359 0.31678850097656253
v 0.035450000762939457 0.046024814605712894 0.31700874633789061
v 0.035200000762939457 0.045726650238037111 0.31701332397460941
v 0.035450000762939457 0.045864643096923827 0.31724556274414062
v 0.035272872924804688 0.04562946319580078 0.3172446472167969
v 0.035450000762939457 0.045668048858642576 0.31745314331054691
v 0.03534133529663086 0.045496891021728519 0.31745357055664064
v 0.035450000762939457 0.045440280914306644 0.31762593383789062
v 0.035397487640380858 0.045354225158691405 0.31761659545898441
v 0.035450000762939457 0.045187419891357425 0.31775935668945315
v 0.035450000762939457 -0.044099998474121098 0.28335002441406248
v 0.035450000762939457 -0.044099998474121098 0.31605000610351563
v 0.035450000762939457 0.045319805145263674 0.28175001831054691
v 0.035450000762939457 0.045490959167480471 0.28193806762695311
v 0.035450000762939457 0.045627887725830082 0.28215236206054689
v 0.035450000762939457 0.045726650238037111 0.28238667602539064
v 0.035450000762939457 0.045857326507568359 0.28261152954101565
v 0.035450000762939457 0.045947208404541015 0.28285554809570312
v 0.035450000762939457 0.045993587493896489 0.28311143798828126
v 0.035450000762939457 0.045995071411132814 0.2833714782714844
v 0.035450000762939457 0.045951622009277347 0.28362788696289065
v 0.035450000762939457 0.045864540100097655 0.28387294311523437
v 0.035450000762939457 0.045736442565917967 0.2840992614746094
v 0.035450000762939457 0.045571178436279301 0.28430003662109377
v 0.035450000762939457 0.045373722076416018 0.28446928710937502
v 0.035450000762939457 0.045150001525878905 0.28460185546875
v 0.035450000762939457 0.044299999237060544 0.28595372314453127
v 0.035450000762939457 0.044319248199462889 0.28571419067382814
v 0.035450000762939457 0.044376499176025389 0.28548079223632816
v 0.035450000762939457 0.044470283508300783 0.28525957031249999
v 0.035450000762939457 0.044598194122314451 0.28505614013671876
v 0.035450000762939457 0.044756946563720701 0.28487572021484375
v 0.035450000762939457 0.044942470550537107 0.28472301025390628
v 0.035450000762939457 0.044299999237060544 0.31344630737304691
v 0.035450000762939457 0.045150001525878905 0.31479814453124999
v 0.035450000762939457 0.044942470550537107 0.31467702026367189
v 0.035450000762939457 0.044756946563720701 0.31452427978515624
v 0.035450000762939457 0.044598194122314451 0.31434389038085941
v 0.035450000762939457 0.044470283508300783 0.31414046020507813
v 0.035450000762939457 0.044376499176025389 0.31391920776367188
v 0.035450000762939457 0.044319248199462889 0.31368583984375004
v 0.035450000762939457 0.045373722076416018 0.31493074340820315
v 0.035450000762939457 0.045571178436279301 0.31509996337890628
v 0.035450000762939457 0.045736442565917967 0.31530076904296878
v 0.035450000762939457 0.045864540100097655 0.31552708740234375
v 0.035450000762939457 0.045951622009277347 0.31577211303710939
v 0.035450000762939457 0.045995071411132814 0.31602852172851564
v 0.035450000762939457 0.045993587493896489 0.31628859252929686
v 0.035450000762939457 0.045947208404541015 0.31654445190429686
v 0.035450000762939457 0.045857326507568359 0.31678850097656253
v 0.035450000762939457 0.045726650238037111 0.31701332397460941
v 0.03529999923706055 -0.041762283325195312 0.28275001831054691
v 0.035450000762939457 -0.041762283325195312 0.28275001831054691
v 0.035306579589843748 -0.04190261459350586 0.2827434265136719
v 0.035326255798339846 -0.04204171371459961 0.28272374267578126
v 0.035450000762939457 -0.04201576614379883 0.28272844238281253
v 0.035450000762939457 -0.042261955261230472 0.28266432495117189
v 0.035450000762939457 -0.045319805145263674 0.28175001831054691
v 0.035450000762939457 0.042261955261230472 0.28266432495117189
v 0.035450000762939457 0.04201576614379883 0.28272844238281253
v 0.035450000762939457 0.041762283325195312 0.28275001831054691
v 0.035450000762939457 -0.045726650238037111 0.28238667602539064
v 0.035450000762939457 -0.045627883911132816 0.28215236206054689
v 0.035450000762939457 -0.045490959167480471 0.28193806762695311
v 0.035450000762939457 -0.045373718261718751 0.28446928710937502
v 0.035450000762939457 -0.045149997711181639 0.28460185546875
v 0.035450000762939457 -0.045571178436279301 0.28430003662109377
v 0.035450000762939457 -0.045736438751220701 0.2840992614746094
v 0.035450000762939457 -0.045864536285400388 0.28387294311523437
v 0.035450000762939457 -0.045951622009277347 0.28362788696289065
v 0.035450000762939457 -0.045995071411132814 0.2833714782714844
v 0.035450000762939457 -0.045993583679199222 0.28311143798828126
v 0.035450000762939457 -0.045947204589843749 0.28285554809570312
v 0.035450000762939457 -0.045857326507568359 0.28261152954101565
v 0.035450000762939457 -0.044942466735839848 0.28472301025390628
v 0.035450000762939457 -0.044756946563720701 0.28487572021484375
v 0.035450000762939457 -0.044598190307617191 0.28505614013671876
v 0.035450000762939457 -0.044470283508300783 0.28525957031249999
v 0.035450000762939457 -0.044376499176025389 0.28548079223632816
v 0.035450000762939457 -0.044319248199462889 0.28571419067382814
v 0.035450000762939457 -0.044299999237060544 0.28595372314453127
v 0.035450000762939457 -0.044299999237060544 0.31344630737304691
v 0.035450000762939457 -0.044319248199462889 0.31368583984375004
v 0.035450000762939457 -0.044376499176025389 0.31391920776367188
v 0.035450000762939457 -0.044470283508300783 0.31414046020507813
v 0.035450000762939457 -0.044598190307617191 0.31434389038085941
v 0.035450000762939457 -0.044756946563720701 0.31452427978515624
v 0.035450000762939457 -0.044942466735839848 0.31467702026367189
v 0.035450000762939457 -0.045149997711181639 0.31479814453124999
v 0.035450000762939457 -0.045726650238037111 0.31701332397460941
v 0.035450000762939457 -0.045857326507568359 0.31678850097656253
v 0.035450000762939457 -0.045947204589843749 0.31654445190429686
v 0.035450000762939457 -0.045993583679199222 0.31628859252929686
v 0.035450000762939457 -0.045995071411132814 0.31602852172851564
v 0.035450000762939457 -0.045951622009277347 0.31577211303710939
v 0.035450000762939457 -0.045864536285400388 0.31552708740234375
v 0.035450000762939457 -0.045736438751220701 0.31530076904296878
v 0.035450000762939457 -0.045571178436279301 0.31509996337890628
v 0.035450000762939457 -0.045373718261718751 0.31493074340820315
v 0.035450000762939457 -0.045364459991455081 0.31760686035156249
v 0.035450000762939457 -0.045515670776367187 0.31742872924804688
v 0.035450000762939457 -0.045637386322021488 0.31722926635742188
v 0.035450000762939457 0.045637386322021488 0.31722926635742188
v 0.035450000762939457 0.045515674591064453 0.31742872924804688
v 0.035450000762939457 0.045364459991455081 0.31760686035156249
v 0.035450000762939457 -0.041762283325195312 0.28260002441406251
v 0.035450000762939457 0.041762283325195312 0.31680000610351566
v 0.035450000762939457 0.041762283325195312 0.31665001220703126
v 0.035450000762939457 0.04228451919555664 0.31680452270507814
v 0.035450000762939457 0.042493770599365238 0.31684044189453126
v 0.035450000762939457 0.042178363800048829 0.31680000610351566
v 0.035450000762939457 0.04238991165161133 0.31681804199218749
v 0.035450000762939457 0.042261955261230472 0.31673567504882816
v 0.035450000762939457 0.04201576614379883 0.31667158813476565
v 0.035450000762939457 -0.042493770599365238 0.31684044189453126
v 0.035450000762939457 -0.042389907836914063 0.31681804199218749
v 0.035450000762939457 -0.04228451919555664 0.31680452270507814
v 0.035450000762939457 -0.042261951446533205 0.31673567504882816
v 0.035450000762939457 -0.042178363800048829 0.31680000610351566
v 0.035450000762939457 -0.041762283325195312 0.31680000610351566
v 0.035450000762939457 -0.041762283325195312 0.31665001220703126
v 0.035450000762939457 -0.042015762329101564 0.31667158813476565
v 0.03529999923706055 0.041762283325195312 0.31665001220703126
v 0.035306579589843748 0.04190261459350586 0.31665657348632814
v 0.035326255798339846 0.04204171371459961 0.31667625732421878
v 0.035358860015869138 0.042178363800048829 0.31670888061523439
v 0.035385421752929691 0.042270278930664061 0.31673866577148441
v 0.035411136627197269 0.042359195709228518 0.31677394409179688
v 0.03529999923706055 -0.041762283325195312 0.31665001220703126
v 0.035400962829589842 -0.042324012756347659 0.3167592041015625
v 0.035358860015869138 -0.042178363800048829 0.31670888061523439
v 0.035426067352294921 -0.042410846710205077 0.3167975036621094
v 0.035326255798339846 -0.04204171371459961 0.31667625732421878
v 0.035306579589843748 -0.04190261459350586 0.31665657348632814
v 0.012300000190734864 -0.018599998474121093 0.26499562377929686
v 0.012300000190734864 -0.020099998474121094 0.26649562377929686
v 0.012300000190734864 -0.020081531524658202 0.26626097412109379
v 0.012300000190734864 -0.020026582717895508 0.26603209228515629
v 0.012300000190734864 -0.019936508178710937 0.26581462402343753
v 0.012300000190734864 -0.019813524246215821 0.2656139404296875
v 0.012300000190734864 -0.019660657882690429 0.26543495483398438
v 0.012300000190734864 -0.01948167610168457 0.26528209228515626
v 0.012300000190734864 -0.01928098487854004 0.26515910644531249
v 0.012300000190734864 -0.01906352424621582 0.26506901855468751
v 0.012300000190734864 -0.018834650039672853 0.26501408691406253
v 0.012300000190734864 -0.016014358520507813 0.26649562377929686
v 0.012300000190734864 -0.015688816070556642 0.26614067382812501
v 0.012300000190734864 -0.015313693046569824 0.26583864135742191
v 0.012300000190734864 -0.014897486686706544 0.26559630126953127
v 0.012300000190734864 -0.014449624061584473 0.26541914672851563
v 0.012300000190734864 -0.013980250358581543 0.26531126708984376
v 0.012300000190734864 -0.013499999046325683 0.26527501220703126
v 0.012300000190734864 0.018600000381469726 0.26499562377929686
v 0.012300000190734864 0.020100000381469727 0.26649562377929686
v 0.012300000190734864 0.016014360427856447 0.26649562377929686
v 0.012300000190734864 0.013980252265930176 0.26531126708984376
v 0.012300000190734864 0.0135 0.26527501220703126
v 0.012300000190734864 0.01444962501525879 0.26541914672851563
v 0.012300000190734864 0.01489748764038086 0.26559630126953127
v 0.012300000190734864 0.015313694953918457 0.26583864135742191
v 0.012300000190734864 0.015688817977905275 0.26614067382812501
v 0.012300000190734864 0.018860471725463866 0.26501838989257814
v 0.012300000190734864 0.019113029479980469 0.26508607788085936
v 0.012300000190734864 0.020009538650512696 0.2659825927734375
v 0.012300000190734864 0.020077211380004883 0.26623515624999999
v 0.012300000190734864 0.019350000381469726 0.26519658203125002
v 0.012300000190734864 0.019899038314819335 0.26574562377929689
v 0.012300000190734864 0.01956418228149414 0.26534654541015629
v 0.012300000190734864 0.019749067306518556 0.26553142089843751
v 0.012800000190734864 -0.013499999046325683 0.26527501220703126
v 0.012800000190734864 -0.013980250358581543 0.26531126708984376
v 0.012800000190734864 -0.014449624061584473 0.26541914672851563
v 0.012800000190734864 -0.014897486686706544 0.26559630126953127
v 0.012800000190734864 -0.015313693046569824 0.26583864135742191
v 0.012800000190734864 -0.015688816070556642 0.26614067382812501
v 0.012800000190734864 -0.016014358520507813 0.26649562377929686
v 0.012800000190734864 0.0135 0.26527501220703126
v 0.012800000190734864 0.016014360427856447 0.26649562377929686
v 0.012800000190734864 0.015688817977905275 0.26614067382812501
v 0.012800000190734864 0.015313694953918457 0.26583864135742191
v 0.012800000190734864 0.01489748764038086 0.26559630126953127
v 0.012800000190734864 0.01444962501525879 0.26541914672851563
v 0.012800000190734864 0.013980252265930176 0.26531126708984376
v 0.012800000190734864 0.020100000381469727 0.26649562377929686
v 0.012800000190734864 -0.020099998474121094 0.26649562377929686
v 0.012800000190734864 0.018860471725463866 0.26501838989257814
v 0.012800000190734864 0.018600000381469726 0.26499562377929686
v 0.012800000190734864 0.019113029479980469 0.26508607788085936
v 0.012800000190734864 0.019350000381469726 0.26519658203125002
v 0.012800000190734864 0.01956418228149414 0.26534654541015629
v 0.012800000190734864 0.019749067306518556 0.26553142089843751
v 0.012800000190734864 0.019899038314819335 0.26574562377929689
v 0.012800000190734864 0.020009538650512696 0.2659825927734375
v 0.012800000190734864 0.020077211380004883 0.26623515624999999
v 0.012800000190734864 -0.020009536743164063 0.2659825927734375
v 0.012800000190734864 -0.02007720947265625 0.26623515624999999
v 0.012800000190734864 -0.019899036407470705 0.26574562377929689
v 0.012800000190734864 -0.019749065399169922 0.26553142089843751
v 0.012800000190734864 -0.018599998474121093 0.26499562377929686
v 0.012800000190734864 -0.019564180374145507 0.26534654541015629
v 0.012800000190734864 -0.019349998474121093 0.26519658203125002
v 0.012800000190734864 -0.019113029479980469 0.26508607788085936
v 0.012800000190734864 -0.018860471725463866 0.26501838989257814
v 0.012800000190734864 0.012714360237121582 0.29050001831054689
v 0.012800000190734864 0.013071540832519532 0.2909256774902344
v 0.012800000190734864 0.012874329566955566 0.29072847290039061
v 0.012800000190734864 0.013552768707275391 0.29120350952148438
v 0.012800000190734864 0.01330000114440918 0.29108565063476566
v 0.012800000190734864 0.014100000381469727 0.29130000610351564
v 0.012800000190734864 0.013822163581848144 0.29127571411132813
v 0.012800000190734864 0.012500000953674317 0.28970000000000001
v 0.012800000190734864 0.012596492767333985 0.29024724121093753
v 0.012800000190734864 0.012524308204650879 0.28997783203124999
v 0.012800000190734864 0.012524308204650879 0.28942216796875003
v 0.012800000190734864 0.014900000572204589 0.29108565063476566
v 0.012800000190734864 0.014377838134765626 0.29127571411132813
v 0.012800000190734864 0.01464723300933838 0.29120350952148438
v 0.012800000190734864 0.012874329566955566 0.28867155761718749
v 0.012800000190734864 0.012596492767333985 0.28915278930664062
v 0.012800000190734864 0.012714360237121582 0.28890001220703126
v 0.012800000190734864 0.015485641479492189 0.29050001831054689
v 0.012800000190734864 0.015128460884094239 0.2909256774902344
v 0.012800000190734864 0.015325672149658203 0.29072847290039061
v 0.012800000190734864 0.01567569351196289 0.28997783203124999
v 0.012800000190734864 0.015603508949279785 0.29024724121093753
v 0.012800000190734864 0.014100000381469727 0.28810002441406252
v 0.012800000190734864 0.013552768707275391 0.28819649047851564
v 0.012800000190734864 0.013822163581848144 0.28812431640625003
v 0.012800000190734864 0.01330000114440918 0.2883143798828125
v 0.012800000190734864 0.013071540832519532 0.28847435302734376
v 0.012800000190734864 0.01567569351196289 0.28942216796875003
v 0.012800000190734864 0.015700000762939453 0.28970000000000001
v 0.012800000190734864 0.014377838134765626 0.28812431640625003
v 0.012800000190734864 0.01464723300933838 0.28819649047851564
v 0.012800000190734864 0.015485641479492189 0.28890001220703126
v 0.012800000190734864 0.015603508949279785 0.28915278930664062
v 0.012800000190734864 0.015128460884094239 0.28847435302734376
v 0.012800000190734864 0.015325672149658203 0.28867155761718749
v 0.012800000190734864 0.014900000572204589 0.2883143798828125
v 0.01525 0.01342500114440918 0.29086915893554688
v 0.01525 0.013865575790405274 0.29102949829101565
v 0.01525 0.013232237815856933 0.29073417968750004
v 0.01525 0.013638273239135742 0.29096858520507812
v 0.01525 0.012930866241455079 0.29037501831054691
v 0.01525 0.01277051067352295 0.28993443603515628
v 0.01525 0.012831415176391602 0.29016173095703124
v 0.01525 0.013065840721130371 0.29056776733398437
v 0.01525 0.014334425926208497 0.29102949829101565
v 0.01525 0.014100000381469727 0.29105000610351561
v 0.01525 0.01277051067352295 0.28946559448242187
v 0.01525 0.012750000953674318 0.28970000000000001
v 0.01525 0.012831415176391602 0.28923826904296879
v 0.01525 0.013065840721130371 0.28883223266601565
v 0.01525 0.012930866241455079 0.28902501220703125
v 0.01525 0.01456172752380371 0.29096858520507812
v 0.01525 0.0151341609954834 0.29056776733398437
v 0.01525 0.014775000572204591 0.29086915893554688
v 0.01525 0.014967763900756836 0.29073417968750004
v 0.01525 0.01342500114440918 0.28853087158203128
v 0.01525 0.013232237815856933 0.28866585083007812
v 0.01525 0.015269134521484375 0.29037501831054691
v 0.01525 0.015368585586547853 0.29016173095703124
v 0.01525 0.015429491043090821 0.28993443603515628
v 0.01525 0.015450000762939453 0.28970000000000001
v 0.01525 0.013638273239135742 0.2884314147949219
v 0.01525 0.014100000381469727 0.28835002441406249
v 0.01525 0.013865575790405274 0.2883705322265625
v 0.01525 0.014334425926208497 0.2883705322265625
v 0.01525 0.015429491043090821 0.28946559448242187
v 0.01525 0.015368585586547853 0.28923826904296879
v 0.01525 0.014775000572204591 0.28853087158203128
v 0.01525 0.01456172752380371 0.2884314147949219
v 0.01525 0.014967763900756836 0.28866585083007812
v 0.01525 0.015269134521484375 0.28902501220703125
v 0.01525 0.0151341609954834 0.28883223266601565
v 0.013050000190734863 0.012750000953674318 0.28970000000000001
v 0.013050000190734863 0.01277051067352295 0.28993443603515628
v 0.013050000190734863 0.012831415176391602 0.29016173095703124
v 0.013050000190734863 0.012930866241455079 0.29037501831054691
v 0.013050000190734863 0.013065840721130371 0.29056776733398437
v 0.013050000190734863 0.013232237815856933 0.29073417968750004
v 0.013050000190734863 0.01342500114440918 0.29086915893554688
v 0.013050000190734863 0.013638273239135742 0.29096858520507812
v 0.013050000190734863 0.013865575790405274 0.29102949829101565
v 0.013050000190734863 0.014100000381469727 0.29105000610351561
v 0.013050000190734863 0.014334425926208497 0.29102949829101565
v 0.013050000190734863 0.01456172752380371 0.29096858520507812
v 0.013050000190734863 0.014775000572204591 0.29086915893554688
v 0.013050000190734863 0.014967763900756836 0.29073417968750004
v 0.013050000190734863 0.0151341609954834 0.29056776733398437
v 0.013050000190734863 0.015269134521484375 0.29037501831054691
v 0.013050000190734863 0.015368585586547853 0.29016173095703124
v 0.013050000190734863 0.015429491043090821 0.28993443603515628
v 0.013050000190734863 0.015450000762939453 0.28970000000000001
v 0.013050000190734863 0.015429491043090821 0.28946559448242187
v 0.013050000190734863 0.015368585586547853 0.28923826904296879
v 0.013050000190734863 0.015269134521484375 0.28902501220703125
v 0.013050000190734863 0.0151341609954834 0.28883223266601565
v 0.013050000190734863 0.014967763900756836 0.28866585083007812
v 0.013050000190734863 0.014775000572204591 0.28853087158203128
v 0.013050000190734863 0.01456172752380371 0.2884314147949219
v 0.013050000190734863 0.014334425926208497 0.2883705322265625
v 0.013050000190734863 0.014100000381469727 0.28835002441406249
v 0.013050000190734863 0.013865575790405274 0.2883705322265625
v 0.013050000190734863 0.013638273239135742 0.2884314147949219
v 0.013050000190734863 0.01342500114440918 0.28853087158203128
v 0.013050000190734863 0.013232237815856933 0.28866585083007812
v 0.013050000190734863 0.013065840721130371 0.28883223266601565
v 0.013050000190734863 0.012930866241455079 0.28902501220703125
v 0.013050000190734863 0.012831415176391602 0.28923826904296879
v 0.013050000190734863 0.01277051067352295 0.28946559448242187
v 0.013050000190734863 -0.012749999046325684 0.28970000000000001
v 0.012800000190734864 -0.012499999046325684 0.28970000000000001
v 0.013050000190734863 -0.012770508766174317 0.28946559448242187
v 0.012800000190734864 -0.012524307250976563 0.28942216796875003
v 0.013050000190734863 -0.012831414222717285 0.28923826904296879
v 0.012800000190734864 -0.012596490859985352 0.28915278930664062
v 0.013050000190734863 -0.012930865287780762 0.28902501220703125
v 0.012800000190734864 -0.012714358329772949 0.28890001220703126
v 0.013050000190734863 -0.013065839767456055 0.28883223266601565
v 0.012800000190734864 -0.01287432861328125 0.28867155761718749
v 0.013050000190734863 -0.013232235908508302 0.28866585083007812
v 0.012800000190734864 -0.013071538925170899 0.28847435302734376
v 0.013050000190734863 -0.013424999237060547 0.28853087158203128
v 0.012800000190734864 -0.013299999237060546 0.2883143798828125
v 0.013050000190734863 -0.013638272285461425 0.2884314147949219
v 0.012800000190734864 -0.013552766799926758 0.28819649047851564
v 0.013050000190734863 -0.013865573883056641 0.2883705322265625
v 0.012800000190734864 -0.013822162628173828 0.28812431640625003
v 0.013050000190734863 -0.01409999942779541 0.28835002441406249
v 0.012800000190734864 -0.01409999942779541 0.28810002441406252
v 0.013050000190734863 -0.014334424018859863 0.2883705322265625
v 0.012800000190734864 -0.014377836227416993 0.28812431640625003
v 0.013050000190734863 -0.014561726570129396 0.2884314147949219
v 0.012800000190734864 -0.014647231101989747 0.28819649047851564
v 0.013050000190734863 -0.014774999618530274 0.28853087158203128
v 0.012800000190734864 -0.014899999618530274 0.2883143798828125
v 0.013050000190734863 -0.014967762947082519 0.28866585083007812
v 0.012800000190734864 -0.015128459930419922 0.28847435302734376
v 0.013050000190734863 -0.015134159088134766 0.28883223266601565
v 0.012800000190734864 -0.015325670242309571 0.28867155761718749
v 0.013050000190734863 -0.015269133567810058 0.28902501220703125
v 0.012800000190734864 -0.015485639572143555 0.28890001220703126
v 0.013050000190734863 -0.015368584632873536 0.28923826904296879
v 0.012800000190734864 -0.015603507041931152 0.28915278930664062
v 0.012800000190734864 -0.015675691604614257 0.28942216796875003
v 0.013050000190734863 -0.015429490089416504 0.28946559448242187
v 0.013050000190734863 -0.01544999885559082 0.28970000000000001
v 0.012800000190734864 -0.01569999885559082 0.28970000000000001
v 0.013050000190734863 -0.015429490089416504 0.28993443603515628
v 0.012800000190734864 -0.015675691604614257 0.28997783203124999
v 0.013050000190734863 -0.015368584632873536 0.29016173095703124
v 0.012800000190734864 -0.015603507041931152 0.29024724121093753
v 0.013050000190734863 -0.015269133567810058 0.29037501831054691
v 0.012800000190734864 -0.015485639572143555 0.29050001831054689
v 0.013050000190734863 -0.015134159088134766 0.29056776733398437
v 0.012800000190734864 -0.015325670242309571 0.29072847290039061
v 0.013050000190734863 -0.014967762947082519 0.29073417968750004
v 0.012800000190734864 -0.015128459930419922 0.2909256774902344
v 0.013050000190734863 -0.014774999618530274 0.29086915893554688
v 0.012800000190734864 -0.014899999618530274 0.29108565063476566
v 0.013050000190734863 -0.014561726570129396 0.29096858520507812
v 0.012800000190734864 -0.014647231101989747 0.29120350952148438
v 0.012800000190734864 -0.014377836227416993 0.29127571411132813
v 0.013050000190734863 -0.014334424018859863 0.29102949829101565
v 0.013050000190734863 -0.01409999942779541 0.29105000610351561
v 0.012800000190734864 -0.01409999942779541 0.29130000610351564
v 0.013050000190734863 -0.013865573883056641 0.29102949829101565
v 0.012800000190734864 -0.013822162628173828 0.29127571411132813
v 0.013050000190734863 -0.013638272285461425 0.29096858520507812
v 0.012800000190734864 -0.013552766799926758 0.29120350952148438
v 0.012800000190734864 -0.013299999237060546 0.29108565063476566
v 0.013050000190734863 -0.013424999237060547 0.29086915893554688
v 0.013050000190734863 -0.013232235908508302 0.29073417968750004
v 0.012800000190734864 -0.013071538925170899 0.2909256774902344
v 0.013050000190734863 -0.013065839767456055 0.29056776733398437
v 0.012800000190734864 -0.01287432861328125 0.29072847290039061
v 0.013050000190734863 -0.012930865287780762 0.29037501831054691
v 0.012800000190734864 -0.012714358329772949 0.29050001831054689
v 0.012800000190734864 -0.012596490859985352 0.29024724121093753
v 0.013050000190734863 -0.012831414222717285 0.29016173095703124
v 0.013050000190734863 -0.012770508766174317 0.28993443603515628
v 0.012800000190734864 -0.012524307250976563 0.28997783203124999
v 0.01525 -0.012749999046325684 0.28970000000000001
v 0.01525 -0.012770508766174317 0.28993443603515628
v 0.01525 -0.012831414222717285 0.29016173095703124
v 0.01525 -0.012930865287780762 0.29037501831054691
v 0.01525 -0.013065839767456055 0.29056776733398437
v 0.01525 -0.013232235908508302 0.29073417968750004
v 0.01525 -0.013424999237060547 0.29086915893554688
v 0.01525 -0.013638272285461425 0.29096858520507812
v 0.01525 -0.013865573883056641 0.29102949829101565
v 0.01525 -0.01409999942779541 0.29105000610351561
v 0.01525 -0.014334424018859863 0.29102949829101565
v 0.01525 -0.014561726570129396 0.29096858520507812
v 0.01525 -0.014774999618530274 0.29086915893554688
v 0.01525 -0.014967762947082519 0.29073417968750004
v 0.01525 -0.015134159088134766 0.29056776733398437
v 0.01525 -0.015269133567810058 0.29037501831054691
v 0.01525 -0.015368584632873536 0.29016173095703124
v 0.01525 -0.015429490089416504 0.28993443603515628
v 0.01525 -0.01544999885559082 0.28970000000000001
v 0.01525 -0.015429490089416504 0.28946559448242187
v 0.01525 -0.015368584632873536 0.28923826904296879
v 0.01525 -0.015269133567810058 0.28902501220703125
v 0.01525 -0.015134159088134766 0.28883223266601565
v 0.01525 -0.014967762947082519 0.28866585083007812
v 0.01525 -0.014774999618530274 0.28853087158203128
v 0.01525 -0.014561726570129396 0.2884314147949219
v 0.01525 -0.014334424018859863 0.2883705322265625
v 0.01525 -0.01409999942779541 0.28835002441406249
v 0.01525 -0.013865573883056641 0.2883705322265625
v 0.01525 -0.013638272285461425 0.2884314147949219
v 0.01525 -0.013424999237060547 0.28853087158203128
v 0.01525 -0.013232235908508302 0.28866585083007812
v 0.01525 -0.013065839767456055 0.28883223266601565
v 0.01525 -0.012930865287780762 0.28902501220703125
v 0.01525 -0.012831414222717285 0.28923826904296879
v 0.01525 -0.012770508766174317 0.28946559448242187
f 1 2 3
f 1 4 2
f 4 5 2
f 5 6 2
f 6 7 8
f 9 6 8
f 10 6 9
f 11 12 13
f 14 2 10
f 15 12 11
f 16 13 12
f 16 14 10
f 17 14 16
f 17 16 18
f 12 18 16
f 2 6 10
f 19 6 5
f 7 6 19
f 4 20 21
f 4 1 20
f 1 22 20
f 1 23 22
f 24 12 15
f 24 25 12
f 18 26 27
f 28 26 18
f 25 28 18
f 12 25 18
f 29 30 31
f 24 29 28
f 24 30 29
f 25 24 28
f 27 17 18
f 32 17 27
f 14 3 2
f 14 33 3
f 34 35 36
f 36 35 37
f 34 38 35
f 8 39 40
f 8 7 39
f 41 35 38
f 41 38 40
f 39 41 40
f 42 35 41
f 43 42 41
f 44 45 46
f 47 45 44
f 45 48 46
f 47 49 45
f 49 50 45
f 48 11 46
f 48 15 11
f 40 38 34
f 40 34 51
f 52 51 53
f 52 40 51
f 8 40 52
f 54 8 52
f 9 8 54
f 55 52 53
f 56 55 57
f 56 52 55
f 46 57 58
f 46 58 44
f 46 56 57
f 11 13 59
f 11 59 56
f 11 56 46
f 60 54 52
f 60 61 54
f 61 9 54
f 10 61 62
f 10 9 61
f 56 63 52
f 52 63 60
f 64 63 56
f 64 56 59
f 65 64 59
f 13 65 59
f 13 16 65
f 62 61 60
f 63 62 60
f 64 62 63
f 65 10 62
f 65 62 64
f 16 10 65
f 66 67 68
f 69 67 66
f 70 67 69
f 71 70 69
f 72 68 73
f 72 73 74
f 72 66 68
f 75 71 69
f 75 72 74
f 76 71 75
f 77 75 74
f 77 76 75
f 78 68 67
f 79 78 67
f 80 79 67
f 81 80 67
f 82 80 81
f 83 82 81
f 84 85 81
f 85 83 81
f 84 86 85
f 86 87 85
f 88 84 89
f 90 86 88
f 86 84 88
f 91 88 89
f 92 88 91
f 70 93 67
f 94 91 93
f 93 81 67
f 91 81 93
f 81 89 84
f 91 89 81
f 95 96 97
f 98 97 99
f 100 101 95
f 100 95 97
f 100 97 98
f 90 98 102
f 103 104 100
f 105 106 103
f 105 103 100
f 107 108 105
f 109 110 107
f 109 111 110
f 109 112 111
f 109 100 98
f 109 98 90
f 109 105 100
f 109 107 105
f 113 109 90
f 114 113 90
f 115 114 90
f 116 115 90
f 117 116 90
f 118 119 120
f 118 120 121
f 118 121 122
f 123 122 124
f 123 124 125
f 123 118 122
f 126 127 128
f 129 130 126
f 129 126 128
f 131 129 128
f 132 133 134
f 132 134 131
f 132 128 118
f 132 131 128
f 132 118 123
f 135 136 132
f 135 137 138
f 135 139 137
f 135 140 139
f 135 141 140
f 135 123 141
f 135 132 123
f 88 117 90
f 88 142 117
f 88 143 142
f 88 144 143
f 88 145 144
f 88 146 145
f 92 147 146
f 92 148 147
f 92 149 148
f 92 138 149
f 92 146 88
f 92 135 138
f 93 150 151
f 93 152 150
f 70 153 93
f 93 153 152
f 71 154 70
f 70 154 153
f 94 92 91
f 92 155 135
f 94 155 92
f 156 94 93
f 151 156 93
f 155 94 156
f 157 155 156
f 158 154 71
f 76 158 71
f 159 158 76
f 160 159 76
f 161 162 163
f 164 77 162
f 164 162 161
f 165 77 164
f 160 76 77
f 160 77 165
f 162 77 74
f 166 167 162
f 168 162 74
f 168 166 162
f 169 168 170
f 169 166 168
f 162 171 163
f 162 167 171
f 171 172 173
f 167 172 171
f 174 167 166
f 172 174 175
f 172 167 174
f 176 177 178
f 179 180 176
f 177 181 182
f 176 181 177
f 183 184 180
f 180 184 176
f 176 184 181
f 185 186 184
f 187 188 186
f 186 188 184
f 189 190 188
f 191 192 190
f 192 193 190
f 181 194 195
f 184 194 181
f 188 194 184
f 190 194 188
f 193 194 190
f 194 196 195
f 196 197 195
f 197 198 195
f 198 199 195
f 199 200 195
f 201 202 203
f 203 204 205
f 205 204 206
f 206 204 207
f 202 204 203
f 208 209 210
f 210 209 211
f 211 209 212
f 212 209 202
f 213 214 209
f 215 216 214
f 216 217 214
f 218 219 217
f 202 175 204
f 209 175 202
f 220 175 221
f 222 175 220
f 223 175 222
f 224 175 223
f 204 175 224
f 219 175 217
f 214 175 209
f 217 175 214
f 200 225 195
f 226 225 200
f 227 225 226
f 228 225 227
f 229 225 228
f 230 174 229
f 231 174 230
f 232 174 231
f 221 174 232
f 229 174 225
f 175 174 221
f 174 166 225
f 225 166 169
f 233 168 234
f 234 168 235
f 236 168 233
f 235 74 237
f 237 74 73
f 168 74 235
f 195 225 238
f 225 170 238
f 225 169 170
f 239 168 236
f 170 168 239
f 238 239 240
f 238 170 239
f 78 241 68
f 241 73 68
f 241 242 73
f 242 237 73
f 243 244 245
f 245 244 246
f 247 244 243
f 247 248 244
f 66 249 250
f 72 249 66
f 245 249 72
f 245 72 75
f 243 245 75
f 247 243 75
f 204 251 252
f 204 224 251
f 224 253 251
f 224 223 253
f 223 254 253
f 223 222 254
f 222 255 254
f 222 220 255
f 220 256 255
f 220 221 256
f 221 257 256
f 221 232 257
f 232 258 257
f 232 231 258
f 231 259 258
f 231 230 259
f 230 260 259
f 230 229 260
f 229 261 260
f 229 228 261
f 228 262 261
f 228 227 262
f 227 263 262
f 263 226 264
f 227 226 263
f 264 200 265
f 226 200 264
f 265 199 266
f 200 199 265
f 266 198 267
f 199 198 266
f 198 197 267
f 267 197 268
f 197 196 268
f 268 196 269
f 196 194 269
f 269 194 270
f 219 172 175
f 271 172 219
f 218 271 219
f 272 271 218
f 217 272 218
f 273 272 217
f 216 273 217
f 274 273 216
f 215 274 216
f 275 274 215
f 214 275 215
f 276 275 214
f 213 276 214
f 277 276 213
f 209 277 213
f 278 209 208
f 278 277 209
f 279 208 210
f 279 278 208
f 280 210 211
f 280 279 210
f 281 211 212
f 281 280 211
f 282 212 202
f 282 281 212
f 283 202 201
f 283 282 202
f 284 201 203
f 284 283 201
f 285 203 205
f 285 284 203
f 286 285 205
f 286 205 206
f 287 286 206
f 287 206 207
f 252 287 207
f 252 207 204
f 288 289 290
f 289 291 290
f 290 292 293
f 291 292 290
f 293 294 295
f 292 294 293
f 295 296 297
f 294 296 295
f 297 298 299
f 296 298 297
f 160 294 159
f 160 165 294
f 164 300 165
f 165 300 294
f 296 301 302
f 302 301 303
f 303 301 304
f 304 301 305
f 305 301 306
f 306 301 161
f 161 301 164
f 294 301 296
f 300 301 294
f 164 301 300
f 294 158 159
f 294 292 158
f 242 241 293
f 295 242 293
f 295 237 242
f 307 233 234
f 308 307 234
f 309 308 234
f 310 309 234
f 311 310 234
f 297 311 234
f 312 235 237
f 312 237 295
f 313 234 235
f 313 295 297
f 313 312 295
f 313 235 312
f 313 297 234
f 193 270 194
f 314 270 193
f 192 314 193
f 315 314 192
f 191 315 192
f 316 315 191
f 190 316 191
f 317 316 190
f 189 317 190
f 318 317 189
f 188 318 189
f 319 318 188
f 187 319 188
f 320 319 187
f 186 320 187
f 321 186 185
f 321 320 186
f 322 185 184
f 322 321 185
f 323 184 183
f 323 322 184
f 324 183 180
f 324 323 183
f 325 180 179
f 325 324 180
f 326 179 176
f 326 325 179
f 327 176 178
f 327 326 176
f 328 178 177
f 328 327 178
f 329 177 182
f 329 328 177
f 330 182 181
f 330 329 182
f 238 181 195
f 238 330 181
f 331 173 172
f 331 172 271
f 332 271 272
f 332 331 271
f 333 272 273
f 333 332 272
f 334 273 274
f 334 333 273
f 335 274 275
f 335 334 274
f 336 275 276
f 336 335 275
f 337 276 277
f 337 336 276
f 338 277 278
f 338 337 277
f 339 278 279
f 339 338 278
f 340 279 280
f 340 339 279
f 341 280 281
f 341 340 280
f 342 281 282
f 342 341 281
f 343 282 283
f 343 342 282
f 344 283 284
f 344 343 283
f 345 344 284
f 345 284 285
f 346 345 285
f 346 285 286
f 347 346 286
f 347 287 252
f 347 286 287
f 348 347 252
f 252 251 348
f 348 251 349
f 349 253 350
f 251 253 349
f 350 254 351
f 253 254 350
f 351 255 352
f 254 255 351
f 352 256 353
f 255 256 352
f 353 257 354
f 256 257 353
f 354 258 355
f 257 258 354
f 355 259 356
f 258 259 355
f 356 260 357
f 259 260 356
f 357 261 358
f 260 261 357
f 358 262 359
f 261 262 358
f 359 263 360
f 262 263 359
f 360 264 361
f 263 264 360
f 361 265 362
f 264 265 361
f 265 266 362
f 362 266 363
f 266 267 363
f 363 267 364
f 267 268 364
f 364 268 365
f 268 269 365
f 365 269 366
f 269 270 366
f 238 240 367
f 330 367 368
f 330 238 367
f 329 368 369
f 329 330 368
f 328 369 370
f 328 329 369
f 327 370 371
f 327 328 370
f 326 371 372
f 326 327 371
f 325 372 373
f 325 326 372
f 324 373 374
f 324 325 373
f 323 374 375
f 323 324 374
f 322 375 376
f 322 323 375
f 321 376 377
f 321 322 376
f 320 377 378
f 320 321 377
f 319 378 379
f 319 320 378
f 318 379 380
f 318 319 379
f 317 380 381
f 317 318 380
f 316 317 381
f 316 381 382
f 315 316 382
f 315 382 383
f 314 383 366
f 314 315 383
f 270 314 366
f 305 163 304
f 306 163 305
f 161 163 306
f 171 303 163
f 163 303 304
f 302 298 296
f 171 298 303
f 303 298 302
f 299 311 297
f 310 236 309
f 307 236 233
f 308 236 307
f 309 236 308
f 310 239 236
f 299 239 310
f 299 310 311
f 336 333 335
f 335 333 334
f 337 338 336
f 338 339 336
f 341 342 340
f 340 342 339
f 344 345 343
f 343 345 342
f 336 345 333
f 342 345 339
f 339 345 336
f 347 348 346
f 346 348 345
f 333 348 332
f 332 348 331
f 331 348 173
f 345 348 333
f 348 349 173
f 349 350 173
f 350 351 173
f 351 352 173
f 367 240 368
f 368 240 369
f 369 240 370
f 370 240 371
f 371 240 372
f 372 240 373
f 373 240 374
f 374 240 375
f 375 240 376
f 376 240 377
f 377 240 378
f 378 240 379
f 379 240 380
f 380 240 381
f 381 240 382
f 382 240 383
f 383 240 366
f 366 240 365
f 365 240 364
f 364 240 363
f 363 240 362
f 352 298 173
f 357 298 356
f 356 298 355
f 355 298 354
f 354 298 353
f 353 298 352
f 298 171 173
f 357 299 298
f 362 299 361
f 361 299 360
f 360 299 359
f 359 299 358
f 358 299 357
f 240 299 362
f 240 239 299
f 109 113 384
f 384 113 385
f 385 114 386
f 113 114 385
f 386 115 387
f 114 115 386
f 387 116 388
f 115 116 387
f 388 117 389
f 116 117 388
f 389 142 390
f 117 142 389
f 142 143 390
f 143 391 390
f 143 144 391
f 144 392 391
f 144 145 392
f 145 393 392
f 145 146 393
f 146 394 393
f 146 147 394
f 147 395 394
f 147 148 395
f 148 396 395
f 148 149 396
f 149 397 396
f 149 138 397
f 138 398 397
f 138 137 398
f 137 399 398
f 137 139 399
f 139 400 399
f 139 140 400
f 140 401 400
f 140 141 401
f 141 402 401
f 141 123 402
f 403 402 123
f 403 123 125
f 404 125 124
f 404 403 125
f 405 124 122
f 405 404 124
f 406 122 121
f 406 405 122
f 407 121 120
f 407 406 121
f 408 120 119
f 408 407 120
f 409 119 118
f 409 408 119
f 410 118 128
f 410 409 118
f 411 128 127
f 411 410 128
f 412 127 126
f 412 411 127
f 413 412 126
f 130 413 126
f 414 413 130
f 129 414 130
f 415 414 129
f 131 415 129
f 416 415 131
f 134 416 131
f 417 416 134
f 133 417 134
f 418 417 133
f 132 418 133
f 419 418 132
f 136 419 132
f 420 419 136
f 135 420 136
f 155 420 135
f 292 154 158
f 421 150 152
f 422 421 152
f 423 422 152
f 424 423 152
f 425 424 152
f 291 425 152
f 426 153 154
f 426 154 292
f 427 152 153
f 427 292 291
f 427 426 292
f 427 153 426
f 427 291 152
f 78 293 241
f 78 79 293
f 80 428 79
f 79 428 293
f 290 429 430
f 430 429 431
f 431 429 432
f 432 429 433
f 433 429 434
f 434 429 82
f 82 429 80
f 293 429 290
f 428 429 293
f 80 429 428
f 102 86 90
f 435 86 102
f 98 435 102
f 436 435 98
f 99 436 98
f 437 436 99
f 97 437 99
f 438 437 97
f 96 438 97
f 439 438 96
f 95 439 96
f 440 439 95
f 101 440 95
f 441 440 101
f 100 441 101
f 442 441 100
f 104 442 100
f 443 442 104
f 103 443 104
f 444 443 103
f 106 444 103
f 445 444 106
f 105 445 106
f 446 445 105
f 108 446 105
f 447 446 108
f 107 447 108
f 448 447 107
f 110 448 107
f 449 448 110
f 111 449 110
f 450 449 111
f 112 450 111
f 451 450 112
f 109 451 112
f 384 451 109
f 155 157 452
f 420 155 452
f 419 452 453
f 419 420 452
f 418 453 454
f 418 419 453
f 417 454 455
f 417 418 454
f 416 455 456
f 416 417 455
f 415 456 457
f 415 416 456
f 414 457 458
f 414 415 457
f 413 458 459
f 413 414 458
f 412 459 460
f 412 413 459
f 411 460 461
f 411 412 460
f 410 461 462
f 410 411 461
f 409 462 463
f 409 410 462
f 408 463 464
f 408 409 463
f 407 408 464
f 407 464 465
f 406 465 466
f 406 407 465
f 405 406 466
f 405 466 467
f 404 467 468
f 404 405 467
f 403 469 470
f 403 468 469
f 403 404 468
f 402 403 470
f 402 470 401
f 401 471 400
f 470 471 401
f 400 472 399
f 471 472 400
f 399 473 398
f 472 473 399
f 398 474 397
f 473 474 398
f 397 475 396
f 474 475 397
f 396 476 395
f 475 476 396
f 395 477 394
f 476 477 395
f 394 478 393
f 477 478 394
f 393 479 392
f 478 479 393
f 392 480 391
f 479 480 392
f 391 481 390
f 480 481 391
f 390 482 389
f 481 482 390
f 389 483 388
f 482 483 389
f 388 484 387
f 483 484 388
f 484 485 387
f 387 485 386
f 485 486 386
f 386 486 385
f 486 487 385
f 487 488 385
f 385 488 384
f 489 87 86
f 489 86 435
f 490 435 436
f 490 489 435
f 491 436 437
f 491 490 436
f 492 437 438
f 492 491 437
f 493 438 439
f 493 492 438
f 494 439 440
f 494 493 439
f 495 440 441
f 495 494 440
f 496 441 442
f 496 495 441
f 497 442 443
f 497 496 442
f 498 443 444
f 498 497 443
f 499 444 445
f 499 498 444
f 500 445 446
f 500 499 445
f 501 446 447
f 501 500 446
f 502 447 448
f 502 501 447
f 503 502 448
f 503 448 449
f 504 503 449
f 504 449 450
f 505 504 450
f 505 451 384
f 505 450 451
f 488 505 384
f 425 291 289
f 424 425 289
f 156 424 289
f 151 424 156
f 423 424 151
f 422 423 151
f 421 422 151
f 150 421 151
f 434 82 83
f 433 434 83
f 432 433 83
f 431 83 85
f 431 432 83
f 288 430 431
f 288 431 85
f 290 430 288
f 457 456 455
f 453 455 454
f 453 457 455
f 459 458 457
f 461 460 459
f 464 463 462
f 464 462 461
f 467 466 465
f 467 465 464
f 467 461 459
f 467 459 457
f 467 464 461
f 469 468 467
f 470 453 452
f 470 452 157
f 470 457 453
f 470 467 457
f 470 469 467
f 471 470 157
f 472 471 157
f 473 472 157
f 474 473 157
f 503 501 502
f 499 500 501
f 498 499 501
f 498 501 503
f 488 503 504
f 488 504 505
f 488 498 503
f 496 497 498
f 495 496 498
f 492 493 494
f 491 494 495
f 491 492 494
f 490 491 495
f 489 490 495
f 87 498 488
f 87 488 487
f 87 487 486
f 87 486 485
f 87 485 484
f 87 495 498
f 87 489 495
f 289 479 478
f 289 478 477
f 289 477 476
f 289 476 475
f 289 475 474
f 289 474 157
f 156 289 157
f 288 484 483
f 288 483 482
f 288 482 481
f 288 481 480
f 288 480 479
f 288 479 289
f 288 87 484
f 85 87 288
f 75 248 247
f 75 69 248
f 246 69 66
f 246 66 250
f 244 69 246
f 248 69 244
f 506 507 508
f 509 510 506
f 506 511 507
f 510 511 506
f 512 513 511
f 511 513 507
f 514 515 516
f 517 516 515
f 518 514 516
f 519 516 517
f 520 518 516
f 521 516 519
f 522 520 516
f 523 522 516
f 524 525 523
f 524 523 516
f 526 525 524
f 527 521 528
f 527 528 529
f 527 529 530
f 527 516 521
f 531 527 530
f 532 526 524
f 533 527 531
f 534 532 524
f 535 527 533
f 536 535 533
f 537 534 524
f 538 535 536
f 539 537 524
f 540 535 538
f 541 539 524
f 542 535 540
f 543 541 524
f 544 545 546
f 544 546 547
f 544 547 548
f 544 548 549
f 544 549 543
f 544 543 524
f 550 551 552
f 550 552 553
f 550 553 554
f 550 554 545
f 550 545 544
f 550 535 555
f 555 535 542
f 550 555 551
f 556 557 558
f 559 560 557
f 561 562 563
f 564 565 566
f 567 568 565
f 567 565 564
f 569 570 561
f 569 563 571
f 569 571 572
f 569 572 559
f 569 559 557
f 569 561 563
f 573 574 568
f 573 568 567
f 575 573 576
f 577 578 579
f 577 579 569
f 580 573 575
f 581 582 574
f 581 580 583
f 581 574 573
f 581 573 580
f 584 585 577
f 584 586 585
f 587 581 588
f 589 590 584
f 589 557 556
f 589 569 557
f 589 577 569
f 589 584 577
f 591 581 587
f 591 589 556
f 591 556 582
f 591 582 581
f 592 593 585
f 592 585 586
f 594 586 584
f 594 592 586
f 595 584 590
f 595 594 584
f 596 590 589
f 596 595 590
f 597 589 591
f 597 596 589
f 598 597 591
f 598 591 587
f 599 598 587
f 599 587 588
f 600 599 588
f 600 588 581
f 601 600 581
f 601 581 583
f 602 601 583
f 602 583 580
f 603 602 580
f 603 580 575
f 604 603 575
f 604 575 576
f 605 604 576
f 573 605 576
f 606 605 573
f 567 606 573
f 607 606 567
f 564 607 567
f 608 607 564
f 566 608 564
f 609 608 566
f 565 609 566
f 610 609 565
f 568 610 565
f 611 610 568
f 574 611 568
f 612 611 574
f 582 612 574
f 613 612 582
f 556 613 582
f 614 613 556
f 558 614 556
f 615 614 558
f 557 615 558
f 616 615 557
f 560 616 557
f 617 616 560
f 559 617 560
f 618 617 559
f 572 618 559
f 619 618 572
f 571 619 572
f 620 619 571
f 563 620 571
f 621 620 563
f 562 621 563
f 622 621 562
f 561 622 562
f 623 622 561
f 570 623 561
f 624 623 570
f 569 624 570
f 625 624 569
f 579 625 569
f 626 625 579
f 578 626 579
f 627 626 578
f 577 627 578
f 628 627 577
f 593 628 577
f 593 577 585
f 619 620 629
f 619 629 630
f 618 630 631
f 618 619 630
f 617 631 632
f 617 618 631
f 616 632 633
f 616 617 632
f 615 633 634
f 615 616 633
f 614 615 634
f 614 634 635
f 613 614 635
f 613 635 636
f 612 613 636
f 612 636 637
f 611 612 637
f 611 637 638
f 610 611 638
f 610 638 639
f 609 610 639
f 609 639 640
f 608 609 640
f 608 640 641
f 607 608 641
f 607 641 642
f 606 607 642
f 606 642 643
f 605 606 643
f 605 643 644
f 604 605 644
f 604 644 645
f 603 645 646
f 603 604 645
f 602 646 647
f 602 603 646
f 601 647 648
f 601 602 647
f 600 648 649
f 600 601 648
f 599 649 650
f 599 600 649
f 598 650 651
f 598 599 650
f 597 651 652
f 597 598 651
f 596 652 653
f 596 597 652
f 595 653 654
f 595 596 653
f 594 654 655
f 594 595 654
f 592 655 656
f 592 594 655
f 593 656 657
f 593 592 656
f 628 657 658
f 628 593 657
f 627 658 659
f 627 628 658
f 626 659 660
f 626 627 659
f 625 626 660
f 625 660 661
f 624 625 661
f 624 661 662
f 623 624 662
f 623 662 663
f 622 623 663
f 622 663 664
f 621 622 664
f 620 621 664
f 620 664 629
f 665 660 666
f 667 661 665
f 665 661 660
f 666 659 668
f 660 659 666
f 669 662 667
f 667 662 661
f 668 658 670
f 659 658 668
f 669 663 662
f 671 663 669
f 658 657 670
f 670 657 672
f 673 664 671
f 671 664 663
f 672 656 674
f 657 656 672
f 675 629 673
f 673 629 664
f 674 655 676
f 656 655 674
f 675 630 629
f 677 630 675
f 655 654 676
f 676 654 678
f 677 631 630
f 679 631 677
f 678 653 680
f 654 653 678
f 679 632 631
f 679 681 632
f 680 652 682
f 653 652 680
f 681 633 632
f 652 651 682
f 651 683 682
f 681 684 633
f 633 684 634
f 651 650 683
f 649 685 650
f 650 685 683
f 634 686 635
f 684 686 634
f 648 687 649
f 649 687 685
f 686 688 635
f 635 688 636
f 647 689 648
f 648 689 687
f 636 690 637
f 688 690 636
f 647 691 689
f 646 691 647
f 637 692 638
f 690 692 637
f 645 693 646
f 646 693 691
f 638 694 639
f 692 694 638
f 644 695 645
f 645 695 693
f 639 696 640
f 694 696 639
f 644 697 695
f 643 697 644
f 640 698 641
f 696 698 640
f 643 699 697
f 642 699 643
f 698 700 641
f 642 700 699
f 641 700 642
f 701 702 674
f 701 674 676
f 703 676 678
f 703 701 676
f 704 678 680
f 704 703 678
f 705 680 682
f 705 704 680
f 683 705 682
f 706 705 683
f 707 706 683
f 707 683 685
f 687 707 685
f 708 707 687
f 709 708 687
f 709 687 689
f 691 709 689
f 710 709 691
f 711 710 691
f 711 691 693
f 712 711 693
f 712 693 695
f 713 712 695
f 713 695 697
f 714 713 697
f 714 697 699
f 715 714 699
f 715 699 700
f 698 715 700
f 716 715 698
f 717 716 698
f 717 698 696
f 718 717 696
f 718 696 694
f 692 718 694
f 719 718 692
f 720 719 692
f 720 692 690
f 721 690 688
f 721 720 690
f 722 688 686
f 722 721 688
f 684 722 686
f 723 722 684
f 724 684 681
f 724 723 684
f 725 681 679
f 725 724 681
f 726 679 677
f 726 725 679
f 675 726 677
f 727 726 675
f 728 675 673
f 728 727 675
f 671 728 673
f 729 728 671
f 730 671 669
f 730 729 671
f 731 669 667
f 731 730 669
f 732 667 665
f 732 731 667
f 733 732 665
f 733 665 666
f 734 733 666
f 734 666 668
f 735 734 668
f 735 668 670
f 736 735 670
f 736 670 672
f 702 736 672
f 702 672 674
f 737 702 701
f 738 701 703
f 738 737 701
f 739 703 704
f 739 738 703
f 740 704 705
f 740 739 704
f 741 705 706
f 741 740 705
f 742 706 707
f 742 741 706
f 743 707 708
f 743 742 707
f 744 743 708
f 744 708 709
f 745 744 709
f 745 709 710
f 746 745 710
f 746 710 711
f 747 746 711
f 747 711 712
f 748 747 712
f 748 712 713
f 749 748 713
f 749 713 714
f 750 749 714
f 750 714 715
f 751 750 715
f 751 715 716
f 752 751 716
f 752 716 717
f 753 752 717
f 753 717 718
f 754 753 718
f 755 754 718
f 755 718 719
f 756 720 721
f 756 719 720
f 756 755 719
f 757 756 721
f 758 722 723
f 758 721 722
f 758 757 721
f 759 758 723
f 760 724 725
f 760 723 724
f 760 759 723
f 761 725 726
f 761 760 725
f 762 726 727
f 762 761 726
f 763 727 728
f 763 762 727
f 764 728 729
f 764 763 728
f 765 729 730
f 765 764 729
f 766 730 731
f 766 765 730
f 767 731 732
f 767 766 731
f 768 767 732
f 769 733 734
f 769 732 733
f 769 768 732
f 770 769 734
f 771 770 734
f 771 735 736
f 771 734 735
f 772 771 736
f 772 736 702
f 737 772 702
f 773 769 774
f 775 768 773
f 773 768 769
f 774 770 776
f 769 770 774
f 775 767 768
f 777 767 775
f 776 771 778
f 770 771 776
f 777 766 767
f 779 766 777
f 778 772 780
f 771 772 778
f 781 765 779
f 779 765 766
f 780 737 782
f 772 737 780
f 783 764 781
f 781 764 765
f 737 738 782
f 782 738 784
f 785 763 783
f 783 763 764
f 738 739 784
f 784 739 786
f 787 762 785
f 785 762 763
f 786 740 788
f 739 740 786
f 787 761 762
f 787 789 761
f 740 741 788
f 788 741 790
f 789 760 761
f 741 742 790
f 742 791 790
f 789 792 760
f 760 792 759
f 742 743 791
f 744 793 743
f 743 793 791
f 792 794 759
f 759 794 758
f 745 795 744
f 744 795 793
f 758 796 757
f 794 796 758
f 746 797 745
f 745 797 795
f 757 798 756
f 796 798 757
f 747 799 746
f 746 799 797
f 756 800 755
f 798 800 756
f 748 801 747
f 747 801 799
f 755 802 754
f 800 802 755
f 749 803 748
f 748 803 801
f 802 804 754
f 754 804 753
f 750 805 749
f 749 805 803
f 804 806 753
f 753 806 752
f 750 807 805
f 751 807 750
f 806 808 752
f 751 808 807
f 752 808 751
f 809 810 782
f 809 782 784
f 811 784 786
f 811 809 784
f 812 786 788
f 812 811 786
f 813 788 790
f 813 812 788
f 814 790 791
f 814 813 790
f 793 814 791
f 815 814 793
f 816 815 793
f 816 793 795
f 797 816 795
f 817 816 797
f 818 817 797
f 818 797 799
f 819 818 799
f 819 799 801
f 820 819 801
f 820 801 803
f 805 820 803
f 821 820 805
f 807 821 805
f 822 821 807
f 823 822 807
f 823 807 808
f 824 823 808
f 824 808 806
f 804 824 806
f 825 824 804
f 826 825 804
f 826 804 802
f 800 826 802
f 827 826 800
f 828 827 800
f 828 800 798
f 829 798 796
f 829 828 798
f 794 829 796
f 830 829 794
f 831 794 792
f 831 830 794
f 832 792 789
f 832 831 792
f 787 832 789
f 833 832 787
f 834 787 785
f 834 833 787
f 835 785 783
f 835 834 785
f 836 783 781
f 836 835 783
f 837 781 779
f 837 836 781
f 838 779 777
f 838 837 779
f 839 777 775
f 839 838 777
f 773 839 775
f 840 839 773
f 774 840 773
f 841 840 774
f 842 841 774
f 842 774 776
f 778 842 776
f 843 842 778
f 780 843 778
f 844 843 780
f 810 844 780
f 810 780 782
f 551 555 810
f 551 810 809
f 552 809 811
f 552 551 809
f 553 811 812
f 553 552 811
f 554 812 813
f 554 553 812
f 545 813 814
f 545 554 813
f 546 545 814
f 546 814 815
f 547 546 815
f 547 815 816
f 548 547 816
f 548 816 817
f 549 548 817
f 549 817 818
f 543 549 818
f 543 818 819
f 541 543 819
f 541 819 820
f 539 541 820
f 539 820 821
f 537 539 821
f 537 821 822
f 534 537 822
f 534 822 823
f 532 534 823
f 532 823 824
f 526 532 824
f 526 824 825
f 525 526 825
f 525 825 826
f 523 525 826
f 523 826 827
f 522 827 828
f 522 523 827
f 520 828 829
f 520 522 828
f 518 829 830
f 518 520 829
f 514 830 831
f 514 518 830
f 515 831 832
f 515 514 831
f 517 832 833
f 517 515 832
f 519 833 834
f 519 517 833
f 521 835 836
f 521 834 835
f 521 519 834
f 528 521 836
f 529 836 837
f 529 528 836
f 530 837 838
f 530 529 837
f 531 838 839
f 531 530 838
f 533 839 840
f 533 531 839
f 536 533 840
f 536 840 841
f 538 536 841
f 538 841 842
f 540 538 842
f 540 843 844
f 540 842 843
f 542 540 844
f 542 844 810
f 555 542 810
f 845 544 507
f 550 544 845
f 544 524 508
f 544 508 507
f 846 847 848
f 849 846 848
f 848 550 845
f 535 550 848
f 527 535 848
f 527 848 847
f 527 850 516
f 847 850 527
f 851 852 853
f 854 855 851
f 856 857 858
f 856 858 859
f 860 861 854
f 860 854 851
f 862 856 863
f 862 863 864
f 865 866 867
f 868 862 869
f 868 856 862
f 870 865 867
f 871 867 860
f 871 870 867
f 872 868 873
f 872 873 874
f 872 875 871
f 872 853 857
f 872 851 853
f 872 857 856
f 872 856 868
f 872 860 851
f 872 871 860
f 876 877 875
f 878 872 879
f 878 879 880
f 881 882 883
f 881 883 876
f 881 876 875
f 884 881 875
f 884 878 885
f 884 885 886
f 884 872 878
f 884 875 872
f 859 887 856
f 888 887 859
f 858 888 859
f 889 888 858
f 857 889 858
f 890 889 857
f 853 890 857
f 891 890 853
f 852 891 853
f 892 891 852
f 851 892 852
f 893 892 851
f 855 893 851
f 894 893 855
f 854 894 855
f 895 894 854
f 861 895 854
f 896 895 861
f 860 896 861
f 897 896 860
f 867 897 860
f 898 897 867
f 866 898 867
f 899 898 866
f 865 899 866
f 900 899 865
f 870 900 865
f 901 900 870
f 871 901 870
f 902 901 871
f 875 902 871
f 903 902 875
f 877 903 875
f 904 903 877
f 876 904 877
f 905 904 876
f 883 905 876
f 906 905 883
f 882 906 883
f 907 906 882
f 881 907 882
f 908 907 881
f 884 908 881
f 909 908 884
f 886 909 884
f 910 909 886
f 885 910 886
f 911 910 885
f 878 911 885
f 912 911 878
f 880 912 878
f 913 912 880
f 914 880 879
f 914 913 880
f 915 879 872
f 915 914 879
f 916 872 874
f 916 915 872
f 917 874 873
f 917 916 874
f 918 873 868
f 918 917 873
f 919 918 868
f 869 919 868
f 920 919 869
f 862 920 869
f 921 920 862
f 864 921 862
f 922 921 864
f 863 922 864
f 923 922 863
f 856 923 863
f 887 923 856
f 913 914 924
f 913 924 925
f 912 925 926
f 912 913 925
f 911 926 927
f 911 912 926
f 910 927 928
f 910 911 927
f 909 928 929
f 909 910 928
f 908 909 929
f 908 929 930
f 907 908 930
f 907 930 931
f 906 907 931
f 906 931 932
f 905 906 932
f 905 932 933
f 904 905 933
f 904 933 934
f 903 904 934
f 903 934 935
f 902 903 935
f 902 935 936
f 901 902 936
f 901 936 937
f 900 901 937
f 900 937 938
f 899 900 938
f 899 938 939
f 898 939 940
f 898 899 939
f 897 898 940
f 897 940 941
f 896 941 942
f 896 897 941
f 895 942 943
f 895 896 942
f 894 943 944
f 894 895 943
f 893 944 945
f 893 894 944
f 892 945 946
f 892 893 945
f 891 946 947
f 891 892 946
f 890 947 948
f 890 891 947
f 889 948 949
f 889 890 948
f 888 949 950
f 888 889 949
f 887 950 951
f 887 888 950
f 923 951 952
f 923 887 951
f 922 952 953
f 922 923 952
f 921 953 954
f 921 922 953
f 920 921 954
f 920 954 955
f 919 920 955
f 919 955 956
f 918 919 956
f 918 956 957
f 917 918 957
f 917 957 958
f 916 917 958
f 916 958 959
f 915 916 959
f 915 959 924
f 914 915 924
f 960 937 961
f 962 938 960
f 960 938 937
f 961 936 963
f 937 936 961
f 962 939 938
f 964 939 962
f 936 935 963
f 963 935 965
f 966 940 964
f 964 940 939
f 935 934 965
f 965 934 967
f 966 941 940
f 968 941 966
f 934 933 967
f 967 933 969
f 968 942 941
f 970 942 968
f 969 932 971
f 933 932 969
f 970 943 942
f 972 943 970
f 971 931 973
f 932 931 971
f 972 944 943
f 974 944 972
f 973 930 975
f 931 930 973
f 974 945 944
f 974 976 945
f 930 929 975
f 975 929 977
f 976 946 945
f 929 928 977
f 976 978 946
f 946 978 947
f 928 979 977
f 928 927 979
f 978 980 947
f 947 980 948
f 926 981 927
f 927 981 979
f 948 982 949
f 980 982 948
f 925 983 926
f 926 983 981
f 949 984 950
f 982 984 949
f 924 985 925
f 925 985 983
f 950 986 951
f 984 986 950
f 959 987 924
f 924 987 985
f 951 988 952
f 986 988 951
f 959 989 987
f 958 989 959
f 952 990 953
f 988 990 952
f 957 991 958
f 958 991 989
f 953 992 954
f 990 992 953
f 956 993 957
f 957 993 991
f 954 994 955
f 992 994 954
f 956 995 993
f 994 995 955
f 955 995 956
f 984 996 986
f 997 996 984
f 998 984 982
f 998 997 984
f 999 982 980
f 999 998 982
f 1000 980 978
f 1000 999 980
f 1001 978 976
f 1001 1000 978
f 1002 976 974
f 1002 1001 976
f 1003 1002 974
f 1003 974 972
f 970 1003 972
f 1004 1003 970
f 1005 1004 970
f 1005 970 968
f 966 1005 968
f 1006 1005 966
f 1007 1006 966
f 1007 966 964
f 1008 1007 964
f 1008 964 962
f 1009 1008 962
f 1009 962 960
f 1010 1009 960
f 1010 960 961
f 1011 1010 961
f 1011 961 963
f 1012 1011 963
f 1012 963 965
f 967 1012 965
f 1013 1012 967
f 969 1013 967
f 1014 1013 969
f 1015 1014 969
f 1015 969 971
f 973 1015 971
f 1016 1015 973
f 1017 973 975
f 1017 1016 973
f 977 1017 975
f 1018 1017 977
f 1019 977 979
f 1019 1018 977
f 981 1019 979
f 1020 1019 981
f 1021 981 983
f 1021 1020 981
f 1022 983 985
f 1022 1021 983
f 987 1022 985
f 1023 1022 987
f 1024 987 989
f 1024 1023 987
f 1025 989 991
f 1025 1024 989
f 1026 991 993
f 1026 1025 991
f 1027 993 995
f 1027 1026 993
f 1028 1027 995
f 1028 995 994
f 1029 1028 994
f 1029 994 992
f 1030 1029 992
f 1030 992 990
f 1031 1030 990
f 1031 990 988
f 996 1031 988
f 996 988 986
f 1032 1033 996
f 1032 996 997
f 1034 997 998
f 1034 1032 997
f 1035 998 999
f 1035 1034 998
f 1036 999 1000
f 1036 1035 999
f 1037 1000 1001
f 1037 1036 1000
f 1038 1037 1001
f 1038 1001 1002
f 1039 1038 1002
f 1039 1002 1003
f 1040 1039 1003
f 1040 1003 1004
f 1041 1040 1004
f 1041 1004 1005
f 1042 1041 1005
f 1042 1005 1006
f 1043 1042 1006
f 1043 1006 1007
f 1044 1043 1007
f 1044 1007 1008
f 1045 1044 1008
f 1045 1008 1009
f 1046 1045 1009
f 1046 1009 1010
f 1047 1046 1010
f 1047 1010 1011
f 1048 1047 1011
f 1048 1011 1012
f 1049 1048 1012
f 1049 1012 1013
f 1050 1049 1013
f 1050 1013 1014
f 1051 1014 1015
f 1051 1050 1014
f 1052 1015 1016
f 1052 1051 1015
f 1053 1016 1017
f 1053 1052 1016
f 1054 1017 1018
f 1054 1053 1017
f 1055 1018 1019
f 1055 1054 1018
f 1056 1019 1020
f 1056 1055 1019
f 1057 1020 1021
f 1057 1056 1020
f 1058 1021 1022
f 1058 1057 1021
f 1059 1022 1023
f 1059 1058 1022
f 1060 1023 1024
f 1060 1059 1023
f 1061 1024 1025
f 1061 1060 1024
f 1062 1025 1026
f 1062 1061 1025
f 1063 1026 1027
f 1063 1062 1026
f 1064 1063 1027
f 1064 1027 1028
f 1065 1064 1028
f 1065 1028 1029
f 1066 1065 1029
f 1066 1029 1030
f 1067 1066 1030
f 1067 1031 996
f 1067 1030 1031
f 1033 1067 996
f 1068 1045 1069
f 1069 1046 1070
f 1045 1046 1069
f 1071 1044 1068
f 1068 1044 1045
f 1046 1047 1070
f 1070 1047 1072
f 1071 1043 1044
f 1073 1043 1071
f 1047 1048 1072
f 1072 1048 1074
f 1075 1042 1073
f 1073 1042 1043
f 1074 1049 1076
f 1048 1049 1074
f 1075 1041 1042
f 1077 1041 1075
f 1076 1050 1078
f 1049 1050 1076
f 1077 1040 1041
f 1079 1040 1077
f 1050 1051 1078
f 1078 1051 1080
f 1079 1039 1040
f 1081 1039 1079
f 1080 1052 1082
f 1051 1052 1080
f 1083 1038 1081
f 1081 1038 1039
f 1052 1053 1082
f 1053 1084 1082
f 1085 1037 1083
f 1083 1037 1038
f 1053 1054 1084
f 1085 1036 1037
f 1085 1086 1036
f 1054 1087 1084
f 1055 1087 1054
f 1086 1035 1036
f 1035 1088 1034
f 1086 1088 1035
f 1055 1089 1087
f 1056 1089 1055
f 1034 1090 1032
f 1088 1090 1034
f 1056 1091 1089
f 1057 1091 1056
f 1032 1092 1033
f 1090 1092 1032
f 1058 1093 1057
f 1057 1093 1091
f 1033 1094 1067
f 1092 1094 1033
f 1059 1095 1058
f 1058 1095 1093
f 1067 1096 1066
f 1094 1096 1067
f 1060 1097 1059
f 1059 1097 1095
f 1096 1098 1066
f 1066 1098 1065
f 1061 1099 1060
f 1060 1099 1097
f 1098 1100 1065
f 1065 1100 1064
f 1061 1101 1099
f 1062 1101 1061
f 1100 1102 1064
f 1064 1102 1063
f 1062 1103 1101
f 1102 1103 1063
f 1063 1103 1062
f 1104 1105 1094
f 1104 1094 1092
f 1106 1092 1090
f 1106 1104 1092
f 1088 1106 1090
f 1107 1106 1088
f 1108 1088 1086
f 1108 1107 1088
f 1109 1086 1085
f 1109 1108 1086
f 1110 1085 1083
f 1110 1109 1085
f 1111 1110 1083
f 1111 1083 1081
f 1112 1111 1081
f 1112 1081 1079
f 1077 1112 1079
f 1113 1112 1077
f 1114 1113 1077
f 1114 1077 1075
f 1073 1114 1075
f 1115 1114 1073
f 1116 1115 1073
f 1116 1073 1071
f 1068 1116 1071
f 1117 1116 1068
f 1118 1117 1068
f 1118 1068 1069
f 1119 1118 1069
f 1119 1069 1070
f 1120 1119 1070
f 1120 1070 1072
f 1074 1120 1072
f 1121 1120 1074
f 1076 1121 1074
f 1122 1121 1076
f 1123 1122 1076
f 1123 1076 1078
f 1080 1123 1078
f 1124 1123 1080
f 1125 1080 1082
f 1125 1124 1080
f 1084 1125 1082
f 1126 1125 1084
f 1087 1126 1084
f 1127 1126 1087
f 1128 1087 1089
f 1128 1127 1087
f 1091 1128 1089
f 1129 1128 1091
f 1093 1129 1091
f 1130 1129 1093
f 1131 1093 1095
f 1131 1130 1093
f 1132 1095 1097
f 1132 1131 1095
f 1133 1097 1099
f 1133 1132 1097
f 1134 1099 1101
f 1134 1133 1099
f 1135 1101 1103
f 1135 1134 1101
f 1102 1135 1103
f 1136 1135 1102
f 1137 1136 1102
f 1137 1102 1100
f 1098 1137 1100
f 1138 1137 1098
f 1139 1138 1098
f 1139 1098 1096
f 1105 1139 1096
f 1105 1096 1094
f 1140 1141 1105
f 1140 1105 1104
f 1142 1104 1106
f 1142 1140 1104
f 1143 1106 1107
f 1143 1142 1106
f 1144 1107 1108
f 1144 1143 1107
f 1145 1108 1109
f 1145 1144 1108
f 1146 1145 1109
f 1146 1109 1110
f 1147 1146 1110
f 1147 1110 1111
f 1148 1147 1111
f 1148 1111 1112
f 1149 1148 1112
f 1149 1112 1113
f 1150 1149 1113
f 1150 1113 1114
f 1151 1150 1114
f 1151 1114 1115
f 1152 1151 1115
f 1152 1115 1116
f 1153 1152 1116
f 1153 1116 1117
f 1154 1153 1117
f 1154 1117 1118
f 1155 1154 1118
f 1155 1118 1119
f 1156 1155 1119
f 1156 1119 1120
f 1157 1156 1120
f 1157 1120 1121
f 1158 1157 1121
f 1158 1121 1122
f 1159 1122 1123
f 1159 1158 1122
f 1160 1123 1124
f 1160 1159 1123
f 1161 1124 1125
f 1161 1160 1124
f 1162 1125 1126
f 1162 1161 1125
f 1163 1126 1127
f 1163 1162 1126
f 1164 1127 1128
f 1164 1163 1127
f 1165 1128 1129
f 1165 1164 1128
f 1166 1129 1130
f 1166 1165 1129
f 1167 1130 1131
f 1167 1166 1130
f 1168 1131 1132
f 1168 1167 1131
f 1169 1132 1133
f 1169 1168 1132
f 1170 1133 1134
f 1170 1169 1133
f 1171 1134 1135
f 1171 1170 1134
f 1172 1171 1135
f 1172 1135 1136
f 1173 1172 1136
f 1173 1137 1138
f 1173 1136 1137
f 1174 1173 1138
f 1175 1174 1138
f 1175 1139 1105
f 1175 1138 1139
f 1141 1175 1105
f 1176 846 849
f 1177 846 1176
f 1178 845 507
f 1178 507 513
f 849 845 1178
f 849 848 845
f 849 1178 1179
f 1176 849 1179
f 1180 1178 513
f 1179 1178 1180
f 847 1181 850
f 1182 1183 1181
f 1184 1182 1181
f 846 1185 1184
f 846 1181 847
f 846 1184 1181
f 1186 1187 1188
f 1189 1187 1186
f 1190 1191 1187
f 1189 1190 1187
f 1192 1193 1186
f 1188 1192 1186
f 1194 47 1195
f 49 47 1194
f 47 44 58
f 47 58 1196
f 47 1196 1195
f 57 1196 58
f 1197 1196 57
f 55 1197 57
f 1198 1197 55
f 1199 1194 1200
f 1199 49 1194
f 1201 1200 1202
f 1201 1199 1200
f 1203 1202 1204
f 1203 1201 1202
f 1205 1206 50
f 1199 50 49
f 1199 1205 50
f 1207 1206 1205
f 1193 1207 1205
f 1206 1208 1209
f 1206 1207 1208
f 1207 1210 1208
f 1207 1211 1210
f 50 29 31
f 50 31 45
f 1209 50 1206
f 1209 29 50
f 1193 1189 1186
f 1189 1205 1190
f 1193 1205 1189
f 1210 32 27
f 1210 27 26
f 1211 32 1210
f 31 48 45
f 31 30 48
f 30 24 48
f 48 24 15
f 1212 1213 1214
f 1212 1214 1215
f 1216 1215 1217
f 1216 1212 1215
f 1218 1217 1219
f 1218 1216 1217
f 1220 1219 1221
f 1220 1218 1219
f 1222 1221 1223
f 1222 1220 1221
f 1224 1223 1225
f 1224 1222 1223
f 1226 1225 1227
f 1226 1224 1225
f 1213 1228 1214
f 1214 1228 1229
f 1230 1231 1232
f 1230 1232 1233
f 1234 1233 1235
f 1234 1230 1233
f 1236 1235 1237
f 1236 1234 1235
f 1238 1237 1239
f 1238 1236 1237
f 1240 1239 1241
f 1240 1238 1239
f 1242 1241 1243
f 1242 1240 1241
f 1228 1243 1229
f 1228 1242 1243
f 1183 1204 1181
f 1181 1204 1202
f 1209 28 29
f 1209 26 28
f 1208 1210 26
f 1208 26 1209
f 1244 1191 1245
f 1245 1191 1246
f 1191 1247 1246
f 1203 1190 1201
f 1201 1190 1199
f 1190 1205 1199
f 1191 1190 1247
f 1247 1190 1203
f 1247 1203 1204
f 1248 1247 1204
f 1204 1183 1182
f 1204 1182 1248
f 55 53 1198
f 1198 53 1249
f 1211 1207 1193
f 32 1211 249
f 245 32 249
f 1250 250 249
f 1250 249 1211
f 1192 1211 1193
f 1192 1250 1211
f 1251 1250 1192
f 33 246 250
f 33 250 1250
f 35 1252 37
f 35 42 1252
f 51 36 1253
f 51 34 36
f 1253 53 51
f 1249 53 1253
f 42 1254 1252
f 1245 1254 42
f 1254 1245 1246
f 1254 1246 1255
f 1255 1246 1247
f 1255 1247 1248
f 1256 1244 43
f 43 1245 42
f 1244 1245 43
f 1256 1251 1244
f 1251 1192 1244
f 1256 22 1251
f 20 22 1256
f 1251 23 1250
f 22 23 1251
f 21 43 1257
f 1257 43 41
f 43 20 1256
f 21 20 43
f 1244 1187 1191
f 1192 1188 1187
f 1192 1187 1244
f 1258 21 1257
f 21 19 4
f 1258 19 21
f 19 5 4
f 33 23 3
f 3 23 1
f 33 1250 23
f 39 1258 1257
f 39 1257 41
f 19 1258 39
f 7 19 39
f 1259 1260 1261
f 1260 1262 1261
f 1262 1263 1264
f 1260 1263 1262
f 1264 1265 1266
f 1266 1265 1267
f 1263 1265 1264
f 1267 1268 1269
f 1265 1268 1267
f 1269 1270 1271
f 1268 1270 1269
f 1271 1272 1273
f 1270 1272 1271
f 1273 1274 1275
f 1272 1274 1273
f 1275 1276 1277
f 1274 1276 1275
f 1277 1278 1279
f 1276 1278 1277
f 1279 1280 1281
f 1278 1280 1279
f 1281 1282 1283
f 1280 1282 1281
f 1283 1284 1285
f 1282 1284 1283
f 1285 1286 1287
f 1284 1286 1285
f 1286 1288 1287
f 1287 1288 1289
f 1290 1289 1291
f 1290 1287 1289
f 1292 1291 1293
f 1292 1290 1291
f 1294 1293 1295
f 1294 1292 1293
f 1296 1295 1297
f 1296 1294 1295
f 1298 1297 1299
f 1298 1296 1297
f 1300 1299 1301
f 1300 1298 1299
f 1302 1300 1301
f 1303 1304 1305
f 1305 1304 1306
f 1306 1307 1308
f 1304 1307 1306
f 1308 1309 1310
f 1307 1309 1308
f 1310 1311 1312
f 1309 1311 1310
f 1312 1313 1314
f 1311 1313 1312
f 1314 1315 1316
f 1313 1315 1314
f 1316 1317 1318
f 1315 1317 1316
f 1318 1319 1320
f 1317 1319 1318
f 1320 1321 1322
f 1319 1321 1320
f 1322 1323 1324
f 1321 1323 1322
f 1323 1325 1324
f 1323 1326 1325
f 1326 1327 1325
f 1326 1328 1327
f 1328 1329 1327
f 1329 1330 1331
f 1328 1330 1329
f 1331 1332 1333
f 1330 1332 1331
f 1332 1334 1333
f 1333 1334 1335
f 1334 1336 1335
f 1337 1336 1338
f 1335 1336 1337
f 1336 1339 1338
f 1339 1340 1338
f 1339 1341 1340
f 1341 1342 1340
f 1343 1302 1301
f 1343 1301 1344
f 1343 1344 1345
f 1346 1345 1347
f 1346 1343 1345
f 1348 1347 1349
f 1348 1346 1347
f 1350 1349 1351
f 1350 1348 1349
f 1352 1351 1353
f 1352 1350 1351
f 1354 1353 1355
f 1354 1352 1353
f 1356 1355 1303
f 1356 1354 1355
f 1305 1356 1303
f 1248 1182 1184
f 1248 1184 1255
f 1357 1358 1359
f 1360 1357 1359
f 1361 1360 1362
f 1361 1357 1360
f 1363 1361 1362
f 1364 1365 1366
f 1365 1367 1366
f 1365 1368 1367
f 1368 1369 1367
f 1364 1366 1370
f 1371 1364 1370
f 1372 1371 1370
f 1373 1371 1372
f 1374 1373 1372
f 1375 1376 1377
f 1378 1376 1375
f 1377 1379 1380
f 1376 1379 1377
f 1380 1381 1382
f 1379 1381 1380
f 1382 1383 1384
f 1381 1383 1382
f 1383 1385 1384
f 1383 1386 1385
f 1385 1387 1388
f 1386 1387 1385
f 1388 1389 1390
f 1390 1389 1391
f 1387 1389 1388
f 1391 1392 1393
f 1389 1392 1391
f 1393 1394 1395
f 1395 1394 1396
f 1392 1394 1393
f 1396 1397 1398
f 1394 1397 1396
f 1398 1399 1400
f 1397 1399 1398
f 1400 1401 1402
f 1399 1401 1400
f 1402 1403 1404
f 1401 1403 1402
f 1404 1405 1406
f 1403 1405 1404
f 1405 1407 1406
f 1406 1407 1408
f 1407 1409 1408
f 1408 1409 1410
f 1409 1411 1410
f 1410 1411 1412
f 1411 1413 1412
f 1412 1413 1231
f 1413 1232 1231
f 1227 1414 1226
f 1226 1414 1415
f 1415 1416 1417
f 1414 1416 1415
f 1417 1418 1419
f 1416 1418 1417
f 1419 1420 1421
f 1418 1420 1419
f 1421 1422 1423
f 1420 1422 1421
f 1423 1424 1425
f 1422 1424 1423
f 1425 1426 1427
f 1424 1426 1425
f 1427 1428 1429
f 1426 1428 1427
f 1429 1430 1431
f 1428 1430 1429
f 1431 1432 1433
f 1430 1432 1431
f 1433 1434 1435
f 1432 1434 1433
f 1435 1436 1437
f 1434 1436 1435
f 1437 1438 1439
f 1436 1438 1437
f 1438 1440 1439
f 1185 846 1177
f 1441 1185 1177
f 1145 1177 1176
f 1145 1176 1144
f 1143 1144 1176
f 1146 1177 1145
f 1142 1143 1176
f 1147 1177 1146
f 1140 1142 1176
f 1148 1177 1147
f 1141 1140 1176
f 1149 1177 1148
f 1150 1177 1149
f 1179 1172 1173
f 1179 1173 1174
f 1179 1174 1175
f 1179 1175 1141
f 1171 1172 1179
f 1180 1170 1171
f 1180 1171 1179
f 1169 1170 1180
f 1441 1150 1151
f 1441 1151 1152
f 1441 1152 1153
f 1441 1153 1154
f 1441 1154 1155
f 1441 1155 1156
f 1441 1177 1150
f 1168 1169 1180
f 1157 1441 1156
f 1167 1168 1180
f 1158 1441 1157
f 1166 1167 1180
f 1442 1441 1158
f 1442 1158 1159
f 1442 1159 1160
f 1442 1160 1161
f 1442 1161 1162
f 1442 1162 1163
f 1442 1163 1164
f 1442 1164 1165
f 1442 1165 1166
f 1442 1166 1180
f 1176 1179 1141
f 512 1180 513
f 1442 1180 512
f 1385 1388 1443
f 1384 1385 1443
f 1382 1384 1443
f 1380 1382 1443
f 1377 1380 1443
f 1375 1377 1443
f 1378 1375 1443
f 1444 1443 1388
f 1444 1388 1390
f 1445 1390 1391
f 1445 1391 1393
f 1445 1444 1390
f 1446 1393 1395
f 1446 1445 1393
f 1446 1395 1396
f 1447 1396 1398
f 1447 1446 1396
f 1448 1398 1400
f 1448 1447 1398
f 1449 1400 1402
f 1449 1448 1400
f 1450 1449 1402
f 1451 1402 1404
f 1451 1450 1402
f 1452 1404 1406
f 1452 1451 1404
f 1453 1406 1408
f 1453 1452 1406
f 1454 1408 1410
f 1454 1453 1408
f 1455 1410 1412
f 1455 1454 1410
f 1456 1412 1231
f 1456 1455 1412
f 1228 1457 1242
f 1242 1458 1240
f 1457 1458 1242
f 1240 1459 1238
f 1458 1459 1240
f 1238 1460 1236
f 1459 1460 1238
f 1236 1461 1234
f 1460 1461 1236
f 1234 1462 1230
f 1461 1462 1234
f 1462 1463 1230
f 1230 1456 1231
f 1463 1456 1230
f 1213 1464 1457
f 1213 1457 1228
f 1465 1466 1226
f 1226 1466 1224
f 1224 1467 1222
f 1466 1467 1224
f 1222 1468 1220
f 1467 1468 1222
f 1220 1469 1218
f 1468 1469 1220
f 1218 1470 1216
f 1469 1470 1218
f 1216 1471 1212
f 1470 1471 1216
f 1212 1464 1213
f 1471 1464 1212
f 1472 1465 1226
f 1472 1226 1415
f 1472 1415 1417
f 1473 1417 1419
f 1473 1472 1417
f 1474 1419 1421
f 1474 1473 1419
f 1475 1421 1423
f 1475 1474 1421
f 1476 1423 1425
f 1476 1475 1423
f 1477 1476 1425
f 1478 1425 1427
f 1478 1477 1425
f 1479 1427 1429
f 1479 1478 1427
f 1480 1429 1431
f 1480 1431 1433
f 1480 1479 1429
f 1481 1480 1433
f 1482 1483 1484
f 1484 1483 1485
f 1485 1486 1363
f 1483 1486 1485
f 1486 1361 1363
f 1361 1487 1357
f 1486 1487 1361
f 1487 1358 1357
f 1488 1340 1342
f 1488 1338 1340
f 1488 1337 1338
f 1488 1335 1337
f 1488 1333 1335
f 1488 1331 1333
f 1329 1331 1488
f 1371 1489 1364
f 1373 1489 1371
f 1374 1489 1373
f 1364 1490 1365
f 1489 1490 1364
f 1365 1491 1368
f 1368 1491 1369
f 1490 1491 1365
f 1492 1324 1325
f 1493 1492 1325
f 1327 1493 1325
f 1494 1493 1327
f 1329 1494 1327
f 1488 1494 1329
f 1495 1496 1305
f 1495 1306 1308
f 1495 1305 1306
f 1497 1308 1310
f 1497 1495 1308
f 1498 1310 1312
f 1498 1497 1310
f 1499 1312 1314
f 1499 1498 1312
f 1500 1314 1316
f 1500 1499 1314
f 1501 1316 1318
f 1501 1500 1316
f 1502 1318 1320
f 1502 1501 1318
f 1503 1320 1322
f 1503 1502 1320
f 1504 1322 1324
f 1504 1503 1322
f 1492 1504 1324
f 1305 1496 1356
f 1356 1505 1354
f 1496 1505 1356
f 1354 1506 1352
f 1505 1506 1354
f 1352 1507 1350
f 1506 1507 1352
f 1350 1508 1348
f 1507 1508 1350
f 1348 1509 1346
f 1508 1509 1348
f 1509 1510 1346
f 1346 1511 1343
f 1510 1511 1346
f 1343 1511 1512
f 1343 1512 1302
f 1302 1512 1300
f 1300 1513 1298
f 1512 1513 1300
f 1298 1514 1296
f 1513 1514 1298
f 1514 1515 1296
f 1296 1516 1294
f 1515 1516 1296
f 1294 1517 1292
f 1516 1517 1294
f 1292 1518 1290
f 1517 1518 1292
f 1290 1519 1287
f 1518 1519 1290
f 1520 1267 1269
f 1521 1269 1271
f 1521 1520 1269
f 1522 1271 1273
f 1522 1521 1271
f 1523 1273 1275
f 1523 1522 1273
f 1524 1275 1277
f 1524 1523 1275
f 1525 1277 1279
f 1525 1524 1277
f 1526 1279 1281
f 1526 1525 1279
f 1527 1281 1283
f 1527 1526 1281
f 1528 1283 1285
f 1528 1527 1283
f 1529 1528 1285
f 1519 1285 1287
f 1519 1529 1285
f 1530 1259 1261
f 1531 1261 1262
f 1531 1530 1261
f 1532 1262 1264
f 1532 1531 1262
f 1520 1264 1266
f 1520 1266 1267
f 1520 1532 1264
f 1481 1433 1435
f 1533 1481 1435
f 1437 1533 1435
f 1534 1533 1437
f 1439 1534 1437
f 1535 1534 1439
f 1440 1535 1439
f 1536 1482 1484
f 1485 1536 1484
f 1362 1485 1363
f 1362 1536 1485
f 1369 1491 1367
f 1536 1483 1482
f 506 1537 1197
f 506 1538 1537
f 1539 1540 1541
f 1542 1540 1539
f 1541 1540 1537
f 1537 1196 1197
f 1540 1196 1537
f 1543 508 1540
f 1540 508 1196
f 508 1440 1196
f 1440 1438 1196
f 1440 524 1535
f 508 524 1440
f 524 1534 1535
f 1438 1436 1196
f 524 1533 1534
f 524 1481 1533
f 524 1480 1481
f 524 1479 1480
f 1434 1195 1436
f 1432 1195 1434
f 1430 1195 1432
f 1436 1195 1196
f 524 1478 1479
f 1430 1428 1195
f 524 1477 1478
f 1428 1426 1195
f 524 1476 1477
f 524 1468 1467
f 1467 1466 524
f 1426 1424 1195
f 524 1469 1468
f 524 1475 1476
f 1466 1465 524
f 524 1474 1475
f 1465 1472 524
f 524 1470 1469
f 524 1473 1474
f 1472 1473 524
f 1424 1422 1195
f 1221 1227 1223
f 1219 1227 1221
f 1223 1227 1225
f 1219 1217 1227
f 1217 1215 1227
f 1414 1214 1416
f 1227 1214 1414
f 1215 1214 1227
f 1243 1241 1229
f 1202 1367 1181
f 1181 1367 1491
f 1241 1239 1229
f 1239 1237 1229
f 1366 1372 1370
f 1237 1235 1229
f 1366 1374 1372
f 1235 1233 1229
f 1233 1232 1229
f 1463 516 1456
f 1462 516 1463
f 1461 516 1462
f 1460 516 1461
f 1459 516 1460
f 1374 850 1489
f 1232 1413 1229
f 516 1455 1456
f 1416 1411 1418
f 1214 1411 1416
f 1413 1411 1229
f 1229 1411 1214
f 516 1454 1455
f 516 1453 1454
f 1418 1409 1420
f 1411 1409 1418
f 1367 1378 1366
f 1366 1378 1374
f 1374 1378 850
f 516 1452 1453
f 1420 1407 1422
f 1409 1407 1420
f 516 1451 1452
f 516 1450 1451
f 516 1449 1450
f 516 1448 1449
f 516 1447 1448
f 516 1446 1447
f 516 1445 1446
f 516 1444 1445
f 1392 1194 1394
f 1394 1194 1397
f 1397 1194 1399
f 1399 1194 1401
f 1401 1194 1403
f 1403 1194 1405
f 1392 1200 1194
f 1202 1200 1367
f 1367 1200 1378
f 1378 1200 1376
f 1376 1200 1379
f 1379 1200 1381
f 1381 1200 1383
f 1383 1200 1386
f 1386 1200 1387
f 1387 1200 1389
f 1389 1200 1392
f 850 1181 1491
f 850 1491 1490
f 850 1490 1489
f 524 516 1464
f 524 1464 1471
f 524 1471 1470
f 1464 516 1457
f 1457 516 1458
f 1458 516 1459
f 506 508 1538
f 1538 508 1544
f 1544 508 1543
f 1194 1195 1405
f 1405 1195 1407
f 1407 1195 1422
f 1378 1443 1444
f 1378 1444 850
f 850 1444 516
f 1198 506 1197
f 509 506 1198
f 510 1198 1249
f 510 509 1198
f 37 1263 36
f 37 1265 1263
f 1263 1260 36
f 37 1268 1265
f 1260 1259 36
f 37 1270 1268
f 37 1272 1270
f 37 1274 1272
f 37 1276 1274
f 37 1278 1276
f 1259 512 36
f 1521 1442 1520
f 1522 1442 1521
f 1523 1442 1522
f 1524 1442 1523
f 1525 1442 1524
f 1526 1442 1525
f 1527 1442 1526
f 1528 1442 1527
f 1529 1442 1528
f 1530 1442 1259
f 1531 1442 1530
f 1532 1442 1531
f 1520 1442 1532
f 1259 1442 512
f 1529 1519 1442
f 1519 1518 1442
f 512 1545 36
f 1518 1517 1442
f 1546 1547 1545
f 512 1548 1545
f 1547 1549 1545
f 1517 1516 1442
f 1516 1515 1442
f 1549 1550 1545
f 1545 1550 36
f 1515 1514 1442
f 1288 1299 1289
f 1289 1299 1291
f 1291 1299 1293
f 1293 1299 1295
f 1295 1299 1297
f 1284 1301 1286
f 1286 1301 1288
f 1288 1301 1299
f 1550 1253 36
f 1550 511 1253
f 1551 511 1550
f 1282 1307 1284
f 1301 1307 1344
f 1284 1307 1301
f 1307 1304 1344
f 1282 1309 1307
f 1280 1309 1282
f 1304 1303 1344
f 1344 1303 1345
f 1345 1303 1347
f 1278 1311 1280
f 1280 1311 1309
f 1303 1349 1347
f 1303 1351 1349
f 1355 1353 1303
f 1303 1353 1351
f 1315 1252 1317
f 1313 1252 1315
f 1252 1319 1317
f 1252 1321 1319
f 1252 1323 1321
f 1252 1326 1323
f 1493 1441 1492
f 1495 1441 1496
f 1497 1441 1495
f 1498 1441 1497
f 1499 1441 1498
f 1500 1441 1499
f 1501 1441 1500
f 1502 1441 1501
f 1503 1441 1502
f 1504 1441 1503
f 1492 1441 1504
f 1508 1441 1509
f 1507 1441 1508
f 1506 1441 1507
f 1505 1441 1506
f 1496 1441 1505
f 1493 1494 1441
f 1339 1254 1341
f 1336 1254 1339
f 1334 1254 1336
f 1332 1254 1334
f 1330 1254 1332
f 1328 1254 1330
f 1326 1254 1328
f 1252 1254 1326
f 1254 1342 1341
f 1342 1358 1185
f 1358 1487 1185
f 1358 1360 1359
f 1358 1362 1360
f 1342 1362 1358
f 1254 1536 1342
f 1342 1536 1362
f 1536 1184 1483
f 1536 1255 1184
f 1254 1255 1536
f 512 511 1551
f 512 1551 1552
f 512 1552 1548
f 1441 1442 1511
f 1441 1511 1510
f 1441 1510 1509
f 1511 1442 1512
f 1512 1442 1513
f 1513 1442 1514
f 1184 1185 1483
f 1483 1185 1486
f 1486 1185 1487
f 37 1252 1313
f 37 1313 1311
f 37 1311 1278
f 1488 1342 1494
f 1494 1342 1185
f 1494 1185 1441
f 510 1249 511
f 511 1249 1253
f 1553 1537 1538
f 1553 1554 1537
f 1537 1555 1541
f 1554 1555 1537
f 1555 1556 1541
f 1553 1538 1554
f 1554 1538 1555
f 1555 1544 1556
f 1538 1544 1555
f 1544 1557 1556
f 1557 1543 1558
f 1544 1543 1557
f 1543 1540 1558
f 1558 1540 1542
f 1539 1558 1542
f 1557 1539 1541
f 1557 1558 1539
f 1556 1557 1541
f 1559 1551 1550
f 1560 1548 1561
f 1562 1548 1560
f 1545 1548 1562
f 1561 1552 1563
f 1548 1552 1561
f 1563 1551 1564
f 1564 1551 1559
f 1552 1551 1563
f 1550 1564 1559
f 1563 1564 1550
f 1549 1561 1563
f 1549 1563 1550
f 1561 1549 1547
f 1560 1561 1547
f 1546 1560 1547
f 1562 1560 1546
f 1545 1562 1546
f 32 245 17
f 245 14 17
f 245 246 14
f 246 33 14
f 1565 1566 1567
f 1565 1567 1568
f 1565 1568 1569
f 1565 1569 1570
f 1565 1570 1571
f 1565 1571 1572
f 1565 1572 1573
f 1565 1573 1574
f 1565 1574 1575
f 1576 1566 1565
f 1577 1576 1565
f 1578 1577 1565
f 1579 1578 1565
f 1580 1579 1565
f 1581 1580 1565
f 1582 1581 1565
f 1583 1584 1585
f 1583 1586 1587
f 1583 1588 1586
f 1583 1589 1588
f 1583 1590 1589
f 1583 1591 1590
f 1583 1585 1591
f 1592 1584 1583
f 1593 1584 1592
f 1594 1595 1584
f 1596 1584 1593
f 1597 1594 1584
f 1598 1584 1596
f 1599 1597 1584
f 1599 1584 1598
f 1565 1583 1582
f 1582 1583 1587
f 1582 1600 1601
f 1581 1582 1601
f 1580 1601 1602
f 1580 1581 1601
f 1579 1602 1603
f 1579 1580 1602
f 1578 1603 1604
f 1578 1579 1603
f 1577 1604 1605
f 1577 1578 1604
f 1576 1605 1606
f 1576 1577 1605
f 1582 1587 1607
f 1582 1607 1600
f 1591 1585 1608
f 1591 1608 1609
f 1590 1609 1610
f 1590 1591 1609
f 1589 1610 1611
f 1589 1590 1610
f 1588 1611 1612
f 1588 1589 1611
f 1586 1612 1613
f 1586 1588 1612
f 1587 1613 1607
f 1587 1586 1613
f 1608 1584 1614
f 1585 1584 1608
f 1615 1576 1606
f 1566 1576 1615
f 1592 1616 1593
f 1583 1616 1592
f 1617 1616 1583
f 1593 1618 1596
f 1616 1618 1593
f 1596 1619 1598
f 1618 1619 1596
f 1598 1620 1599
f 1619 1620 1598
f 1599 1621 1597
f 1620 1621 1599
f 1597 1622 1594
f 1621 1622 1597
f 1594 1623 1595
f 1622 1623 1594
f 1623 1624 1595
f 1595 1614 1584
f 1624 1614 1595
f 1625 1626 1615
f 1627 1625 1615
f 1628 1627 1615
f 1629 1630 1628
f 1629 1631 1630
f 1629 1632 1631
f 1629 1633 1632
f 1629 1628 1615
f 1606 1629 1615
f 1605 1629 1606
f 1604 1629 1605
f 1603 1629 1604
f 1602 1629 1603
f 1601 1629 1602
f 1600 1629 1601
f 1617 1607 1613
f 1617 1613 1612
f 1617 1612 1611
f 1617 1611 1610
f 1617 1610 1609
f 1617 1609 1608
f 1614 1617 1608
f 1616 1617 1614
f 1623 1614 1624
f 1619 1618 1616
f 1622 1614 1623
f 1621 1614 1622
f 1621 1620 1619
f 1621 1616 1614
f 1621 1619 1616
f 1617 1629 1607
f 1607 1629 1600
f 1583 1565 1617
f 1617 1565 1629
f 1565 1575 1629
f 1629 1575 1633
f 1633 1574 1632
f 1575 1574 1633
f 1632 1573 1631
f 1574 1573 1632
f 1631 1572 1630
f 1573 1572 1631
f 1630 1571 1628
f 1572 1571 1630
f 1628 1570 1627
f 1571 1570 1628
f 1627 1569 1625
f 1570 1569 1627
f 1625 1568 1626
f 1569 1568 1625
f 1626 1567 1615
f 1568 1567 1626
f 1567 1566 1615
f 1634 1635 1636
f 1637 1638 1635
f 1639 1640 1637
f 1639 1635 1634
f 1639 1637 1635
f 1641 1642 1643
f 1644 1634 1642
f 1644 1642 1641
f 1645 1646 1639
f 1645 1647 1646
f 1648 1649 1650
f 1648 1644 1649
f 1648 1639 1634
f 1648 1634 1644
f 1651 1652 1645
f 1651 1653 1652
f 1654 1655 1651
f 1656 1657 1658
f 1656 1659 1657
f 1656 1660 1659
f 1661 1662 1654
f 1661 1654 1651
f 1661 1651 1645
f 1663 1648 1660
f 1663 1660 1656
f 1664 1639 1648
f 1664 1648 1663
f 1665 1639 1664
f 1665 1666 1661
f 1665 1645 1639
f 1665 1661 1645
f 1667 1668 1665
f 1667 1664 1669
f 1667 1665 1664
f 1670 1671 1672
f 1673 1671 1670
f 1674 1675 1676
f 1677 1675 1674
f 1672 1678 1677
f 1679 1678 1671
f 1671 1678 1672
f 1675 1680 1681
f 1682 1683 1684
f 1680 1683 1682
f 1675 1683 1680
f 1677 1683 1675
f 1685 1686 1678
f 1687 1686 1685
f 1688 1686 1687
f 1683 1689 1690
f 1677 1689 1683
f 1691 1692 1686
f 1693 1694 1692
f 1695 1696 1697
f 1689 1696 1695
f 1689 1698 1696
f 1699 1700 1694
f 1694 1700 1692
f 1698 1701 1702
f 1698 1703 1701
f 1704 1703 1700
f 1705 1703 1704
f 1678 1703 1677
f 1686 1703 1678
f 1692 1703 1686
f 1677 1703 1689
f 1700 1703 1692
f 1689 1703 1698
f 1706 1707 1681
f 1681 1707 1675
f 1675 1707 1676
f 1676 1708 1674
f 1707 1708 1676
f 1674 1709 1677
f 1708 1709 1674
f 1677 1710 1672
f 1709 1710 1677
f 1672 1711 1670
f 1710 1711 1672
f 1711 1712 1670
f 1670 1712 1673
f 1712 1713 1673
f 1673 1713 1671
f 1713 1714 1671
f 1671 1714 1679
f 1714 1715 1679
f 1679 1715 1678
f 1715 1716 1678
f 1678 1716 1685
f 1716 1717 1685
f 1685 1717 1687
f 1717 1718 1687
f 1687 1718 1688
f 1718 1719 1688
f 1688 1719 1686
f 1719 1720 1686
f 1686 1720 1691
f 1720 1721 1691
f 1721 1722 1691
f 1691 1722 1692
f 1692 1722 1693
f 1722 1723 1693
f 1723 1724 1693
f 1693 1724 1694
f 1694 1724 1699
f 1724 1725 1699
f 1725 1726 1699
f 1699 1726 1700
f 1700 1726 1704
f 1704 1727 1705
f 1726 1727 1704
f 1705 1728 1703
f 1727 1728 1705
f 1703 1729 1701
f 1728 1729 1703
f 1701 1730 1702
f 1729 1730 1701
f 1702 1731 1698
f 1730 1731 1702
f 1698 1732 1696
f 1731 1732 1698
f 1696 1733 1697
f 1732 1733 1696
f 1733 1734 1697
f 1697 1735 1695
f 1695 1735 1689
f 1734 1735 1697
f 1689 1736 1690
f 1735 1736 1689
f 1736 1737 1690
f 1737 1738 1690
f 1690 1738 1683
f 1683 1738 1684
f 1738 1739 1684
f 1684 1739 1682
f 1739 1740 1682
f 1740 1741 1682
f 1682 1741 1680
f 1680 1741 1681
f 1741 1706 1681
f 1641 1643 1706
f 1707 1643 1708
f 1706 1643 1707
f 1708 1642 1709
f 1643 1642 1708
f 1709 1634 1710
f 1642 1634 1709
f 1710 1636 1711
f 1634 1636 1710
f 1636 1635 1711
f 1635 1638 1711
f 1712 1638 1713
f 1711 1638 1712
f 1638 1637 1713
f 1637 1640 1713
f 1713 1640 1714
f 1640 1639 1714
f 1715 1639 1716
f 1714 1639 1715
f 1639 1646 1716
f 1646 1647 1716
f 1716 1647 1717
f 1647 1645 1717
f 1717 1645 1718
f 1645 1652 1718
f 1719 1652 1720
f 1718 1652 1719
f 1652 1653 1720
f 1653 1651 1720
f 1720 1651 1721
f 1651 1655 1721
f 1721 1655 1722
f 1655 1654 1722
f 1722 1654 1723
f 1654 1662 1723
f 1723 1662 1724
f 1662 1661 1724
f 1725 1661 1726
f 1724 1661 1725
f 1726 1666 1727
f 1661 1666 1726
f 1666 1665 1727
f 1728 1668 1729
f 1727 1668 1728
f 1665 1668 1727
f 1668 1667 1729
f 1730 1669 1731
f 1729 1669 1730
f 1667 1669 1729
f 1669 1664 1731
f 1732 1663 1733
f 1731 1663 1732
f 1664 1663 1731
f 1663 1656 1733
f 1733 1658 1734
f 1656 1658 1733
f 1735 1657 1736
f 1734 1657 1735
f 1658 1657 1734
f 1736 1659 1737
f 1657 1659 1736
f 1659 1660 1737
f 1660 1648 1737
f 1737 1648 1738
f 1648 1650 1738
f 1739 1650 1740
f 1738 1650 1739
f 1650 1649 1740
f 1649 1644 1740
f 1740 1644 1741
f 1644 1641 1741
f 1741 1641 1706
f 1742 1743 1744
f 1744 1745 1746
f 1743 1745 1744
f 1746 1747 1748
f 1745 1747 1746
f 1748 1749 1750
f 1747 1749 1748
f 1750 1751 1752
f 1749 1751 1750
f 1752 1753 1754
f 1751 1753 1752
f 1753 1755 1754
f 1754 1755 1756
f 1755 1757 1756
f 1756 1757 1758
f 1757 1759 1758
f 1758 1759 1760
f 1759 1761 1760
f 1760 1761 1762
f 1761 1763 1762
f 1762 1763 1764
f 1763 1765 1764
f 1764 1765 1766
f 1765 1767 1766
f 1766 1767 1768
f 1767 1769 1768
f 1768 1769 1770
f 1769 1771 1770
f 1770 1771 1772
f 1771 1773 1772
f 1772 1773 1774
f 1773 1775 1774
f 1775 1776 1774
f 1774 1776 1777
f 1777 1776 1778
f 1776 1779 1778
f 1778 1779 1780
f 1779 1781 1780
f 1780 1781 1782
f 1781 1783 1782
f 1782 1783 1784
f 1784 1785 1786
f 1783 1785 1784
f 1786 1787 1788
f 1785 1787 1786
f 1788 1789 1790
f 1787 1789 1788
f 1790 1791 1792
f 1789 1791 1790
f 1791 1793 1792
f 1792 1794 1795
f 1795 1794 1796
f 1793 1794 1792
f 1796 1797 1798
f 1794 1797 1796
f 1798 1799 1800
f 1797 1799 1798
f 1799 1801 1800
f 1800 1802 1803
f 1803 1802 1804
f 1801 1802 1800
f 1804 1805 1806
f 1802 1805 1804
f 1805 1807 1806
f 1806 1807 1808
f 1807 1809 1808
f 1809 1810 1808
f 1808 1810 1811
f 1811 1810 1812
f 1810 1813 1812
f 1813 1743 1812
f 1812 1743 1742
f 1814 1815 1742
f 1812 1815 1811
f 1742 1815 1812
f 1811 1816 1808
f 1815 1816 1811
f 1808 1817 1806
f 1816 1817 1808
f 1806 1818 1804
f 1817 1818 1806
f 1804 1819 1803
f 1818 1819 1804
f 1819 1820 1803
f 1803 1820 1800
f 1820 1821 1800
f 1800 1821 1798
f 1821 1822 1798
f 1798 1822 1796
f 1822 1823 1796
f 1796 1823 1795
f 1823 1824 1795
f 1795 1824 1792
f 1824 1825 1792
f 1792 1825 1790
f 1825 1826 1790
f 1790 1826 1788
f 1826 1827 1788
f 1788 1827 1786
f 1827 1828 1786
f 1786 1828 1784
f 1828 1829 1784
f 1784 1829 1782
f 1829 1830 1782
f 1782 1830 1780
f 1830 1831 1780
f 1780 1831 1778
f 1831 1832 1778
f 1778 1832 1777
f 1832 1833 1777
f 1777 1833 1774
f 1774 1834 1772
f 1833 1834 1774
f 1772 1835 1770
f 1834 1835 1772
f 1770 1836 1768
f 1835 1836 1770
f 1768 1837 1766
f 1836 1837 1768
f 1766 1838 1764
f 1837 1838 1766
f 1764 1839 1762
f 1838 1839 1764
f 1762 1840 1760
f 1839 1840 1762
f 1760 1841 1758
f 1840 1841 1760
f 1758 1842 1756
f 1841 1842 1758
f 1756 1843 1754
f 1842 1843 1756
f 1754 1844 1752
f 1843 1844 1754
f 1844 1845 1752
f 1752 1845 1750
f 1845 1846 1750
f 1750 1846 1748
f 1846 1847 1748
f 1748 1847 1746
f 1847 1848 1746
f 1746 1848 1744
f 1848 1849 1744
f 1744 1849 1742
f 1849 1814 1742
f 1827 1826 1828
f 1828 1830 1829
f 1826 1830 1828
f 1830 1832 1831
f 1825 1822 1826
f 1824 1822 1825
f 1823 1822 1824
f 1832 1834 1833
f 1826 1834 1830
f 1830 1834 1832
f 1821 1820 1822
f 1835 1837 1836
f 1834 1837 1835
f 1819 1818 1820
f 1834 1838 1837
f 1817 1816 1818
f 1820 1815 1822
f 1826 1815 1834
f 1822 1815 1826
f 1818 1815 1820
f 1816 1815 1818
f 1839 1841 1840
f 1849 1848 1814
f 1814 1848 1815
f 1842 1844 1843
f 1848 1846 1815
f 1847 1846 1848
f 1844 1846 1845
f 1841 1846 1842
f 1838 1846 1839
f 1834 1846 1838
f 1842 1846 1844
f 1839 1846 1841
f 1815 1846 1834
f 1785 1789 1787
f 1793 1791 1789
f 1793 1789 1785
f 1781 1785 1783
f 1779 1785 1781
f 1797 1794 1793
f 1775 1779 1776
f 1801 1799 1797
f 1802 1801 1797
f 1771 1775 1773
f 1771 1779 1775
f 1807 1805 1802
f 1809 1793 1785
f 1809 1797 1793
f 1809 1802 1797
f 1809 1807 1802
f 1813 1810 1809
f 1813 1785 1779
f 1813 1809 1785
f 1761 1769 1767
f 1761 1767 1765
f 1761 1765 1763
f 1759 1769 1761
f 1747 1743 1813
f 1747 1745 1743
f 1747 1813 1779
f 1747 1779 1771
f 1753 1757 1755
f 1751 1757 1753
f 1751 1771 1769
f 1751 1759 1757
f 1751 1749 1747
f 1751 1747 1771
f 1751 1769 1759
