#usda 1.0
(
    defaultPrim = "CadFingerGeometry"
    metersPerUnit = 1
    upAxis = "Z"
)

def Xform "CadFingerGeometry"
{
    def Xform "left_finger" (
        customData = {
            dictionary aloha1 = {
                string cadProduct = "Part__Feature007"
                string sourceObjSha256 = "c6710d0fe5b2030a32722d9df5c0b553c771c9d61d92b8ddaec36c94c5963488"
            }
        }
    )
    {
        def Mesh "mesh"
        {
            uniform bool doubleSided = 0
            float3[] extent = [(-0.0057499995, -0.01875586, -0.026948672), (0.090407595, 0.008711389, 0.027051328)]
            int[] faceVertexCounts = [3, 3, 3, 3, 3, 3, 3, 3, 3, 3, 3, 3, 3, 3, 3, 3, 3, 3, 3, 3, 3, 3, 3, 3, 3, 3, 3, 3, 3, 3, 3, 3, 3, 3, 3, 3, 3, 3, 3, 3, 3, 3, 3, 3, 3, 3, 3, 3, 3, 3, 3, 3, 3, 3, 3, 3, 3, 3, 3, 3, 3, 3, 3, 3, 3, 3, 3, 3, 3, 3, 3, 3, 3, 3, 3, 3, 3, 3, 3, 3, 3, 3, 3, 3, 3, 3, 3, 3, 3, 3, 3, 3, 3, 3, 3, 3, 3, 3, 3, 3, 3, 3, 3, 3, 3, 3, 3, 3, 3, 3, 3, 3, 3, 3, 3, 3, 3, 3, 3, 3, 3, 3, 3, 3, 3, 3, 3, 3, 3, 3, 3, 3, 3, 3, 3, 3, 3, 3, 3, 3, 3, 3, 3, 3, 3, 3, 3, 3, 3, 3, 3, 3, 3, 3, 3, 3, 3, 3, 3, 3, 3, 3, 3, 3, 3, 3, 3, 3, 3, 3, 3, 3, 3, 3, 3, 3, 3, 3, 3, 3, 3, 3, 3, 3, 3, 3, 3, 3, 3, 3, 3, 3, 3, 3, 3, 3, 3, 3, 3, 3, 3, 3, 3, 3, 3, 3, 3, 3, 3, 3, 3, 3, 3, 3, 3, 3, 3, 3, 3, 3, 3, 3, 3, 3, 3, 3, 3, 3, 3, 3, 3, 3, 3, 3, 3, 3, 3, 3, 3, 3, 3, 3, 3, 3, 3, 3, 3, 3, 3, 3, 3, 3, 3, 3, 3, 3, 3, 3, 3, 3, 3, 3, 3, 3, 3, 3, 3, 3, 3, 3, 3, 3, 3, 3, 3, 3, 3, 3, 3, 3, 3, 3, 3, 3, 3, 3, 3, 3, 3, 3, 3, 3, 3, 3, 3, 3, 3, 3, 3, 3, 3, 3, 3, 3, 3, 3, 3, 3, 3, 3, 3, 3, 3, 3, 3, 3, 3, 3, 3, 3, 3, 3, 3, 3, 3, 3, 3, 3, 3, 3, 3, 3, 3, 3, 3, 3, 3, 3, 3, 3, 3, 3, 3, 3, 3, 3, 3, 3, 3, 3, 3, 3, 3, 3, 3, 3, 3, 3, 3, 3, 3, 3, 3, 3, 3, 3, 3, 3, 3, 3, 3, 3, 3, 3, 3, 3, 3, 3, 3, 3, 3, 3, 3, 3, 3, 3, 3, 3, 3, 3, 3, 3, 3, 3, 3, 3, 3, 3, 3, 3, 3, 3, 3, 3, 3, 3, 3, 3, 3, 3, 3, 3, 3, 3, 3, 3, 3, 3, 3, 3, 3, 3, 3, 3, 3, 3, 3, 3, 3, 3, 3, 3, 3, 3, 3, 3, 3, 3, 3, 3, 3, 3, 3, 3, 3, 3, 3, 3, 3, 3, 3, 3, 3, 3, 3, 3, 3, 3, 3, 3, 3, 3, 3, 3, 3, 3, 3, 3, 3, 3, 3, 3, 3, 3, 3, 3, 3, 3, 3, 3, 3, 3, 3, 3, 3, 3, 3, 3, 3, 3, 3, 3, 3, 3, 3, 3, 3, 3, 3, 3, 3, 3, 3, 3, 3, 3, 3, 3, 3, 3, 3, 3, 3, 3, 3, 3, 3, 3, 3, 3, 3, 3, 3, 3, 3, 3, 3, 3, 3, 3, 3, 3, 3, 3, 3, 3, 3, 3, 3, 3, 3, 3, 3, 3, 3, 3, 3, 3, 3, 3, 3, 3, 3, 3, 3, 3, 3, 3, 3, 3, 3, 3, 3, 3, 3, 3, 3, 3, 3, 3, 3, 3, 3, 3, 3, 3, 3, 3, 3, 3, 3, 3, 3, 3, 3, 3, 3, 3, 3, 3, 3, 3, 3, 3, 3, 3, 3, 3, 3, 3, 3, 3, 3, 3, 3, 3, 3, 3, 3, 3, 3, 3, 3, 3, 3, 3, 3, 3, 3, 3, 3, 3, 3, 3, 3, 3, 3, 3, 3, 3, 3, 3, 3, 3, 3, 3, 3, 3, 3, 3, 3, 3, 3, 3, 3, 3, 3, 3, 3, 3, 3, 3, 3, 3, 3, 3, 3, 3, 3, 3, 3, 3, 3, 3, 3, 3, 3, 3, 3, 3, 3, 3, 3, 3, 3, 3, 3, 3, 3, 3, 3, 3, 3, 3, 3, 3, 3, 3, 3, 3, 3, 3, 3, 3, 3, 3, 3, 3, 3, 3, 3, 3, 3, 3, 3, 3, 3, 3, 3, 3, 3, 3, 3, 3, 3, 3, 3, 3, 3, 3, 3, 3, 3, 3, 3, 3, 3, 3, 3, 3, 3, 3, 3, 3, 3, 3, 3, 3, 3, 3, 3, 3, 3, 3, 3, 3, 3, 3, 3, 3, 3, 3, 3, 3, 3, 3, 3, 3, 3, 3, 3, 3, 3, 3, 3, 3, 3, 3, 3, 3, 3, 3, 3, 3, 3, 3, 3, 3, 3, 3, 3, 3, 3, 3, 3, 3, 3, 3, 3, 3, 3, 3, 3, 3, 3, 3, 3, 3, 3, 3, 3, 3, 3, 3, 3, 3, 3, 3, 3, 3, 3, 3, 3, 3, 3, 3, 3, 3, 3, 3, 3, 3, 3, 3, 3, 3, 3, 3, 3, 3, 3, 3, 3, 3, 3, 3, 3, 3, 3, 3, 3, 3, 3, 3, 3, 3, 3, 3, 3, 3, 3, 3, 3, 3, 3, 3, 3, 3, 3, 3, 3, 3, 3, 3, 3, 3, 3, 3, 3, 3, 3, 3, 3, 3, 3, 3, 3, 3, 3, 3, 3, 3, 3, 3, 3, 3, 3, 3, 3, 3, 3, 3, 3, 3, 3, 3, 3, 3, 3, 3, 3, 3, 3, 3, 3, 3, 3, 3, 3, 3, 3, 3, 3, 3, 3, 3, 3, 3, 3, 3, 3, 3, 3, 3, 3, 3, 3, 3, 3, 3, 3, 3, 3, 3, 3, 3, 3, 3, 3, 3, 3, 3, 3, 3, 3, 3, 3, 3, 3, 3, 3, 3, 3, 3, 3, 3, 3, 3, 3, 3, 3, 3, 3, 3, 3, 3, 3, 3, 3, 3, 3, 3, 3, 3, 3, 3, 3, 3, 3, 3, 3, 3, 3, 3, 3, 3, 3, 3, 3, 3, 3, 3, 3, 3, 3, 3, 3, 3, 3, 3, 3, 3, 3, 3, 3, 3, 3, 3, 3, 3, 3, 3, 3, 3, 3, 3, 3, 3, 3, 3, 3, 3, 3, 3, 3, 3, 3, 3, 3, 3, 3, 3, 3, 3, 3, 3, 3, 3, 3, 3, 3, 3, 3, 3, 3, 3, 3, 3, 3, 3, 3, 3, 3, 3, 3, 3, 3, 3, 3, 3, 3, 3, 3, 3, 3, 3, 3, 3, 3, 3, 3, 3, 3, 3, 3, 3, 3, 3, 3, 3, 3, 3, 3, 3, 3, 3, 3, 3, 3, 3, 3, 3, 3, 3, 3, 3, 3, 3, 3, 3, 3, 3, 3, 3, 3, 3, 3, 3, 3, 3, 3, 3, 3, 3, 3, 3, 3, 3, 3, 3, 3, 3, 3, 3, 3, 3, 3, 3, 3, 3, 3, 3, 3, 3, 3, 3, 3, 3, 3, 3, 3, 3, 3, 3, 3, 3, 3, 3, 3, 3, 3, 3, 3, 3, 3, 3, 3, 3, 3, 3, 3, 3, 3, 3, 3, 3, 3, 3, 3, 3, 3, 3, 3, 3, 3, 3, 3, 3, 3, 3, 3, 3, 3, 3, 3, 3, 3, 3, 3, 3, 3, 3, 3, 3, 3, 3, 3, 3, 3, 3, 3, 3, 3, 3, 3, 3, 3, 3, 3, 3, 3, 3, 3, 3, 3, 3, 3, 3, 3, 3, 3, 3, 3, 3, 3, 3, 3, 3, 3, 3, 3, 3, 3, 3, 3, 3, 3, 3, 3, 3, 3, 3, 3, 3, 3, 3, 3, 3, 3, 3, 3, 3, 3, 3, 3, 3, 3, 3, 3, 3, 3, 3, 3, 3, 3, 3, 3, 3, 3, 3, 3, 3, 3, 3, 3, 3, 3, 3, 3, 3, 3, 3, 3, 3, 3, 3, 3, 3, 3, 3, 3, 3, 3, 3, 3, 3, 3, 3, 3, 3, 3, 3, 3, 3, 3, 3, 3, 3, 3, 3, 3, 3, 3, 3, 3, 3, 3, 3, 3, 3, 3, 3, 3, 3, 3, 3, 3, 3, 3, 3, 3, 3, 3, 3, 3, 3, 3, 3, 3, 3, 3, 3, 3, 3, 3, 3, 3, 3, 3, 3, 3, 3, 3, 3, 3, 3, 3, 3, 3, 3, 3, 3, 3, 3, 3, 3, 3, 3, 3, 3, 3, 3, 3, 3, 3, 3, 3, 3, 3, 3, 3, 3, 3, 3, 3, 3, 3, 3, 3, 3, 3, 3, 3, 3, 3, 3, 3, 3, 3, 3, 3, 3, 3, 3, 3, 3, 3, 3, 3, 3, 3, 3, 3, 3, 3, 3, 3, 3, 3, 3, 3, 3, 3, 3, 3, 3, 3, 3, 3, 3, 3, 3, 3, 3, 3, 3, 3, 3, 3, 3, 3, 3, 3, 3, 3, 3, 3, 3, 3, 3, 3, 3, 3, 3, 3, 3, 3, 3, 3, 3, 3, 3, 3, 3, 3, 3, 3, 3, 3, 3, 3, 3, 3, 3, 3, 3, 3, 3, 3, 3, 3, 3, 3, 3, 3, 3, 3, 3, 3, 3, 3, 3, 3, 3, 3, 3, 3, 3, 3, 3, 3, 3, 3, 3, 3, 3, 3, 3, 3, 3, 3, 3, 3, 3, 3, 3, 3, 3, 3, 3, 3, 3, 3, 3, 3, 3, 3, 3, 3, 3, 3, 3, 3, 3, 3, 3, 3, 3, 3, 3, 3, 3, 3, 3, 3, 3, 3, 3, 3, 3, 3, 3, 3, 3, 3, 3, 3, 3, 3, 3, 3, 3, 3, 3, 3, 3, 3, 3, 3, 3, 3, 3, 3, 3, 3, 3, 3, 3, 3, 3, 3, 3, 3, 3, 3, 3, 3, 3, 3, 3, 3, 3, 3, 3, 3, 3, 3, 3, 3, 3, 3, 3, 3, 3, 3, 3, 3, 3, 3, 3, 3, 3, 3, 3, 3, 3, 3, 3, 3, 3, 3, 3, 3, 3, 3, 3, 3, 3, 3, 3, 3, 3, 3, 3, 3, 3, 3, 3, 3, 3, 3, 3, 3, 3, 3, 3, 3, 3, 3, 3, 3, 3, 3, 3, 3, 3, 3, 3, 3, 3, 3, 3]
            int[] faceVertexIndices = [0, 1, 2, 3, 1, 0, 4, 0, 5, 5, 0, 2, 6, 7, 8, 8, 7, 9, 10, 11, 8, 8, 11, 6, 12, 11, 13, 13, 11, 10, 1, 14, 15, 3, 14, 1, 14, 12, 15, 15, 12, 13, 16, 17, 18, 18, 17, 19, 20, 4, 21, 22, 4, 20, 23, 4, 22, 24, 25, 26, 27, 24, 28, 27, 25, 24, 29, 30, 31, 32, 33, 34, 35, 36, 33, 35, 33, 32, 37, 34, 38, 37, 32, 34, 39, 36, 35, 40, 38, 41, 40, 37, 38, 42, 23, 36, 42, 4, 23, 42, 36, 39, 43, 41, 25, 43, 40, 41, 44, 30, 29, 45, 0, 4, 45, 4, 42, 46, 0, 45, 47, 30, 44, 48, 27, 49, 48, 50, 43, 48, 25, 27, 48, 43, 25, 48, 49, 51, 52, 49, 53, 52, 51, 49, 54, 50, 48, 54, 55, 50, 56, 53, 57, 56, 52, 53, 58, 57, 59, 58, 56, 57, 60, 30, 47, 61, 59, 62, 61, 58, 59, 63, 30, 60, 64, 30, 63, 65, 62, 66, 65, 61, 62, 67, 65, 66, 68, 30, 64, 68, 64, 69, 68, 69, 70, 71, 67, 66, 72, 66, 30, 72, 71, 66, 73, 68, 74, 75, 30, 68, 75, 68, 73, 75, 72, 30, 76, 14, 3, 76, 3, 0, 76, 0, 46, 77, 14, 76, 78, 79, 80, 81, 78, 80, 81, 82, 83, 81, 83, 78, 81, 80, 84, 81, 84, 85, 86, 87, 81, 88, 86, 81, 88, 81, 85, 89, 88, 85, 90, 91, 92, 90, 92, 93, 90, 93, 94, 95, 89, 85, 95, 96, 97, 95, 97, 98, 95, 98, 89, 99, 85, 100, 99, 95, 85, 99, 100, 101, 99, 101, 102, 103, 99, 102, 104, 102, 105, 104, 103, 102, 106, 107, 108, 106, 105, 107, 106, 104, 105, 109, 106, 108, 110, 109, 108, 110, 108, 111, 112, 110, 111, 112, 91, 90, 112, 111, 91, 113, 114, 112, 115, 90, 116, 115, 113, 112, 115, 112, 90, 115, 117, 113, 118, 115, 116, 119, 116, 120, 119, 118, 116, 121, 119, 120, 121, 120, 122, 123, 122, 124, 123, 121, 122, 125, 124, 126, 125, 123, 124, 127, 126, 128, 127, 125, 126, 7, 129, 130, 7, 128, 129, 7, 130, 131, 7, 127, 128, 7, 132, 127, 6, 133, 134, 6, 132, 7, 6, 134, 132, 11, 133, 6, 12, 14, 77, 12, 77, 135, 12, 135, 133, 12, 133, 11, 136, 137, 138, 139, 136, 140, 139, 140, 141, 130, 139, 131, 130, 137, 136, 130, 136, 139, 142, 143, 144, 144, 143, 145, 146, 147, 148, 147, 149, 148, 5, 150, 17, 5, 2, 150, 16, 5, 17, 151, 5, 16, 1, 150, 2, 147, 150, 1, 15, 147, 1, 149, 147, 15, 9, 139, 141, 9, 141, 143, 142, 9, 143, 8, 9, 142, 10, 8, 142, 152, 15, 13, 152, 149, 15, 153, 13, 10, 153, 152, 13, 153, 10, 142, 154, 155, 19, 156, 155, 154, 155, 18, 19, 155, 157, 18, 154, 158, 156, 154, 146, 158, 146, 159, 158, 146, 148, 159, 136, 160, 140, 140, 160, 145, 160, 144, 145, 160, 161, 144, 161, 162, 144, 159, 163, 164, 148, 163, 159, 164, 165, 162, 163, 165, 164, 162, 165, 144, 21, 4, 151, 151, 4, 5, 7, 131, 9, 9, 131, 139, 145, 143, 140, 143, 141, 140, 157, 155, 166, 166, 155, 167, 160, 136, 168, 168, 136, 138, 150, 146, 154, 147, 146, 150, 17, 150, 19, 19, 150, 154, 144, 153, 142, 165, 153, 144, 163, 152, 165, 152, 153, 165, 167, 169, 166, 167, 170, 169, 167, 171, 170, 172, 173, 174, 173, 175, 176, 172, 175, 173, 177, 178, 179, 180, 181, 182, 183, 184, 180, 180, 184, 181, 182, 185, 186, 181, 185, 182, 183, 187, 184, 186, 188, 189, 185, 188, 186, 171, 190, 183, 167, 190, 171, 183, 190, 187, 189, 191, 172, 188, 191, 189, 177, 192, 178, 193, 194, 167, 167, 194, 190, 193, 195, 194, 177, 196, 192, 175, 197, 198, 199, 197, 191, 172, 197, 175, 191, 197, 172, 198, 197, 200, 198, 201, 202, 200, 201, 198, 203, 204, 199, 199, 204, 197, 202, 205, 206, 201, 205, 202, 205, 207, 206, 206, 207, 208, 177, 209, 196, 207, 210, 208, 208, 210, 211, 177, 212, 209, 177, 213, 212, 211, 214, 215, 210, 214, 211, 214, 216, 215, 177, 217, 213, 213, 217, 218, 218, 217, 219, 216, 220, 215, 215, 221, 177, 220, 221, 215, 217, 222, 223, 177, 224, 217, 217, 224, 222, 221, 224, 177, 225, 226, 227, 227, 226, 193, 193, 226, 195, 225, 228, 226, 229, 230, 231, 230, 232, 231, 233, 232, 234, 234, 232, 230, 231, 232, 235, 235, 232, 236, 237, 238, 232, 238, 239, 232, 232, 239, 236, 239, 240, 236, 241, 242, 243, 243, 242, 244, 244, 242, 245, 246, 247, 248, 248, 247, 249, 249, 247, 240, 240, 247, 236, 247, 250, 236, 236, 250, 251, 251, 250, 252, 252, 250, 253, 250, 254, 253, 253, 255, 256, 254, 255, 253, 255, 257, 256, 258, 257, 259, 256, 257, 258, 257, 260, 259, 260, 261, 259, 259, 261, 262, 261, 263, 262, 262, 263, 241, 241, 263, 242, 264, 265, 263, 242, 266, 267, 263, 266, 242, 265, 266, 263, 268, 266, 265, 266, 269, 267, 269, 270, 267, 267, 270, 271, 271, 272, 273, 270, 272, 271, 273, 274, 275, 272, 274, 273, 275, 276, 277, 274, 276, 275, 277, 278, 279, 276, 278, 277, 280, 168, 137, 279, 168, 280, 137, 168, 138, 278, 168, 279, 281, 168, 278, 282, 283, 284, 281, 283, 168, 284, 283, 281, 282, 285, 283, 225, 286, 228, 228, 286, 287, 287, 286, 282, 282, 286, 285, 167, 155, 193, 155, 156, 193, 156, 227, 193, 158, 227, 156, 159, 164, 225, 225, 164, 286, 164, 162, 286, 286, 162, 285, 285, 162, 283, 283, 162, 161, 161, 160, 283, 283, 160, 168, 158, 159, 227, 227, 159, 225, 151, 20, 21, 157, 151, 16, 157, 16, 18, 169, 157, 166, 169, 20, 151, 169, 151, 157, 169, 170, 20, 20, 170, 22, 22, 171, 23, 170, 171, 22, 36, 183, 33, 23, 183, 36, 171, 183, 23, 183, 180, 33, 33, 182, 34, 180, 182, 33, 34, 186, 38, 182, 186, 34, 38, 189, 41, 186, 189, 38, 41, 172, 25, 189, 172, 41, 242, 267, 90, 90, 267, 116, 116, 271, 120, 267, 271, 116, 120, 273, 122, 271, 273, 120, 122, 275, 124, 273, 275, 122, 124, 277, 126, 275, 277, 124, 128, 279, 129, 126, 279, 128, 277, 279, 126, 279, 280, 129, 129, 137, 130, 280, 137, 129, 242, 90, 94, 245, 94, 93, 245, 242, 94, 244, 245, 93, 243, 92, 91, 243, 93, 92, 243, 244, 93, 241, 243, 91, 253, 256, 102, 102, 256, 105, 105, 258, 107, 256, 258, 105, 108, 259, 111, 107, 259, 108, 258, 259, 107, 111, 262, 91, 259, 262, 111, 262, 241, 91, 101, 252, 253, 102, 101, 253, 251, 252, 101, 251, 101, 100, 236, 100, 85, 236, 251, 100, 235, 85, 84, 235, 236, 85, 231, 84, 80, 231, 235, 84, 229, 80, 79, 229, 231, 80, 230, 79, 78, 230, 229, 79, 234, 78, 83, 234, 230, 78, 233, 83, 82, 233, 234, 83, 232, 81, 87, 232, 82, 81, 232, 233, 82, 237, 232, 87, 238, 86, 88, 238, 87, 86, 238, 237, 87, 239, 88, 89, 239, 238, 88, 240, 239, 89, 249, 240, 89, 249, 89, 98, 248, 249, 98, 248, 97, 96, 248, 98, 97, 246, 248, 96, 247, 246, 96, 247, 96, 95, 250, 247, 95, 250, 95, 99, 103, 254, 250, 99, 103, 250, 263, 261, 112, 110, 261, 109, 112, 261, 110, 261, 260, 109, 106, 257, 104, 109, 257, 106, 260, 257, 109, 257, 255, 104, 104, 254, 103, 255, 254, 104, 264, 263, 112, 264, 112, 114, 265, 114, 113, 265, 264, 114, 268, 117, 115, 268, 113, 117, 268, 265, 113, 266, 268, 115, 284, 281, 134, 134, 281, 132, 132, 278, 127, 281, 278, 132, 127, 276, 125, 278, 276, 127, 125, 274, 123, 276, 274, 125, 123, 272, 121, 274, 272, 123, 119, 270, 118, 121, 270, 119, 272, 270, 121, 270, 269, 118, 118, 266, 115, 269, 266, 118, 134, 282, 284, 133, 282, 134, 133, 287, 282, 133, 135, 287, 135, 228, 287, 135, 77, 228, 77, 226, 228, 77, 76, 226, 226, 76, 46, 226, 46, 195, 191, 188, 43, 43, 188, 40, 40, 185, 37, 188, 185, 40, 32, 181, 35, 37, 181, 32, 185, 181, 37, 181, 184, 35, 35, 187, 39, 184, 187, 35, 39, 190, 42, 187, 190, 39, 42, 194, 45, 190, 194, 42, 45, 195, 46, 194, 195, 45, 191, 43, 50, 199, 50, 55, 199, 191, 50, 203, 199, 55, 204, 54, 48, 204, 55, 54, 204, 203, 55, 197, 204, 48, 210, 207, 61, 58, 207, 56, 61, 207, 58, 207, 205, 56, 56, 201, 52, 205, 201, 56, 52, 200, 51, 201, 200, 52, 51, 197, 48, 200, 197, 51, 65, 214, 210, 61, 65, 210, 216, 214, 65, 216, 65, 67, 220, 67, 71, 220, 216, 67, 221, 71, 72, 221, 220, 71, 224, 72, 75, 224, 221, 72, 222, 75, 73, 222, 224, 75, 223, 73, 74, 223, 222, 73, 217, 74, 68, 217, 223, 74, 219, 68, 70, 219, 217, 68, 218, 70, 69, 218, 219, 70, 213, 69, 64, 213, 218, 69, 212, 64, 63, 212, 213, 64, 209, 63, 60, 209, 212, 63, 196, 60, 47, 196, 209, 60, 192, 47, 44, 192, 196, 47, 178, 192, 44, 178, 44, 29, 179, 178, 29, 179, 29, 31, 177, 179, 31, 177, 30, 66, 177, 31, 30, 215, 177, 66, 66, 211, 215, 66, 62, 211, 175, 198, 27, 27, 198, 49, 49, 202, 53, 198, 202, 49, 53, 206, 57, 202, 206, 53, 57, 208, 59, 206, 208, 57, 59, 211, 62, 208, 211, 59, 175, 27, 28, 176, 175, 28, 173, 28, 24, 173, 176, 28, 174, 26, 25, 174, 24, 26, 174, 173, 24, 172, 174, 25, 288, 289, 290, 291, 289, 288, 292, 288, 293, 293, 288, 290, 294, 295, 296, 296, 295, 297, 298, 299, 296, 296, 299, 294, 300, 299, 301, 301, 299, 298, 289, 302, 303, 291, 302, 289, 302, 300, 303, 303, 300, 301, 304, 305, 306, 306, 305, 307, 308, 292, 309, 310, 292, 308, 311, 292, 310, 312, 313, 314, 315, 312, 316, 315, 313, 312, 317, 318, 319, 320, 321, 322, 323, 324, 321, 323, 321, 320, 325, 322, 326, 325, 320, 322, 327, 311, 324, 327, 324, 323, 328, 326, 329, 328, 325, 326, 330, 292, 311, 330, 311, 327, 331, 329, 313, 331, 313, 315, 331, 328, 329, 332, 288, 292, 332, 292, 330, 333, 288, 332, 334, 315, 335, 336, 337, 331, 338, 331, 315, 338, 315, 334, 339, 335, 340, 339, 334, 335, 341, 331, 338, 341, 336, 331, 342, 343, 344, 342, 340, 343, 342, 339, 340, 345, 342, 344, 346, 317, 347, 346, 347, 348, 349, 345, 344, 349, 344, 350, 349, 350, 351, 352, 317, 346, 353, 349, 351, 354, 352, 355, 354, 355, 356, 357, 351, 318, 357, 353, 351, 357, 318, 317, 358, 357, 317, 359, 360, 361, 362, 352, 354, 362, 317, 352, 362, 354, 360, 362, 358, 317, 362, 363, 358, 362, 360, 359, 364, 302, 291, 364, 291, 288, 364, 288, 333, 365, 302, 364, 366, 367, 368, 366, 368, 369, 370, 367, 366, 370, 371, 372, 370, 372, 373, 370, 373, 374, 370, 374, 375, 370, 375, 376, 370, 376, 367, 377, 378, 379, 380, 370, 366, 380, 381, 370, 382, 377, 383, 382, 378, 377, 384, 380, 366, 384, 385, 380, 386, 387, 384, 388, 384, 366, 388, 386, 384, 388, 366, 389, 388, 389, 390, 391, 388, 390, 392, 390, 393, 392, 391, 390, 394, 393, 395, 394, 392, 393, 396, 395, 397, 396, 394, 395, 398, 396, 397, 398, 397, 399, 400, 378, 382, 400, 398, 399, 400, 399, 378, 401, 402, 403, 401, 403, 400, 404, 401, 400, 404, 400, 382, 405, 404, 382, 405, 382, 406, 407, 406, 408, 407, 405, 406, 409, 410, 411, 409, 408, 410, 409, 407, 408, 412, 409, 411, 413, 414, 415, 413, 411, 414, 413, 412, 411, 416, 413, 415, 295, 417, 418, 295, 415, 417, 295, 416, 415, 295, 418, 419, 295, 420, 416, 294, 421, 422, 294, 420, 295, 294, 422, 420, 300, 302, 365, 300, 365, 423, 300, 423, 421, 299, 421, 294, 299, 300, 421, 424, 425, 426, 427, 424, 428, 427, 428, 429, 418, 427, 419, 418, 425, 424, 418, 424, 427, 430, 431, 432, 432, 431, 433, 434, 435, 436, 436, 435, 437, 293, 438, 305, 290, 438, 293, 304, 293, 305, 439, 293, 304, 434, 290, 289, 434, 438, 290, 303, 434, 289, 435, 434, 303, 297, 427, 429, 297, 429, 431, 430, 297, 431, 296, 297, 430, 298, 296, 430, 440, 303, 301, 440, 435, 303, 441, 301, 298, 441, 440, 301, 441, 298, 430, 442, 443, 307, 444, 443, 442, 443, 306, 307, 443, 445, 306, 444, 436, 446, 442, 436, 444, 436, 447, 446, 436, 437, 447, 424, 448, 428, 428, 448, 433, 448, 432, 433, 448, 449, 432, 449, 450, 432, 447, 451, 452, 437, 451, 447, 452, 453, 450, 451, 453, 452, 450, 453, 432, 309, 292, 439, 439, 292, 293, 295, 419, 297, 297, 419, 427, 433, 431, 428, 431, 429, 428, 445, 443, 454, 454, 443, 455, 448, 424, 456, 456, 424, 426, 438, 436, 442, 434, 436, 438, 305, 438, 307, 307, 438, 442, 432, 441, 430, 453, 441, 432, 440, 441, 451, 451, 441, 453, 455, 457, 454, 455, 458, 457, 455, 459, 458, 460, 461, 462, 461, 463, 464, 460, 463, 461, 465, 466, 467, 468, 469, 470, 471, 472, 468, 468, 472, 469, 470, 473, 474, 469, 473, 470, 459, 475, 471, 471, 475, 472, 474, 476, 477, 473, 476, 474, 455, 478, 459, 459, 478, 475, 477, 479, 460, 460, 479, 463, 476, 479, 477, 480, 481, 455, 455, 481, 478, 480, 482, 481, 463, 483, 484, 485, 486, 479, 479, 487, 463, 463, 487, 483, 484, 488, 489, 483, 488, 484, 479, 490, 487, 486, 490, 479, 491, 492, 493, 489, 492, 491, 488, 492, 489, 492, 494, 493, 466, 495, 496, 496, 495, 497, 494, 498, 493, 493, 498, 499, 499, 498, 500, 466, 501, 495, 498, 502, 500, 501, 503, 504, 504, 503, 505, 500, 506, 465, 502, 506, 500, 465, 506, 466, 506, 507, 466, 508, 509, 510, 501, 511, 503, 466, 511, 501, 503, 511, 508, 507, 511, 466, 512, 511, 507, 508, 511, 509, 513, 514, 515, 515, 514, 480, 480, 514, 482, 513, 516, 514, 517, 518, 519, 519, 518, 520, 517, 521, 518, 522, 521, 523, 523, 521, 524, 524, 521, 525, 525, 521, 526, 526, 521, 527, 527, 521, 517, 528, 529, 530, 521, 531, 518, 532, 531, 521, 529, 533, 534, 528, 533, 529, 531, 535, 518, 536, 535, 531, 537, 538, 535, 535, 539, 518, 538, 539, 535, 518, 539, 540, 540, 539, 541, 539, 542, 541, 541, 543, 544, 542, 543, 541, 543, 545, 544, 544, 545, 546, 545, 547, 546, 546, 547, 548, 547, 549, 548, 548, 549, 550, 549, 551, 550, 528, 551, 533, 550, 551, 528, 552, 553, 554, 554, 553, 551, 551, 555, 533, 553, 555, 551, 533, 556, 557, 555, 556, 533, 557, 558, 559, 556, 558, 557, 560, 561, 562, 559, 561, 560, 558, 561, 559, 561, 563, 562, 564, 565, 566, 562, 565, 564, 563, 565, 562, 565, 567, 566, 568, 456, 425, 566, 456, 568, 425, 456, 426, 567, 456, 566, 569, 456, 567, 570, 571, 572, 569, 571, 456, 572, 571, 569, 513, 573, 516, 516, 573, 574, 574, 573, 570, 570, 575, 571, 573, 575, 570, 443, 444, 455, 455, 444, 480, 444, 515, 480, 446, 515, 444, 447, 452, 513, 513, 452, 573, 452, 450, 573, 573, 450, 575, 575, 450, 571, 571, 450, 449, 449, 448, 571, 571, 448, 456, 446, 447, 515, 515, 447, 513, 439, 308, 309, 445, 439, 304, 445, 304, 306, 457, 445, 454, 457, 308, 439, 457, 439, 445, 457, 458, 308, 308, 458, 310, 310, 459, 311, 458, 459, 310, 324, 471, 321, 311, 471, 324, 459, 471, 311, 471, 468, 321, 321, 470, 322, 468, 470, 321, 326, 474, 329, 322, 474, 326, 470, 474, 322, 329, 477, 313, 474, 477, 329, 477, 460, 313, 533, 557, 382, 382, 557, 406, 406, 559, 408, 557, 559, 406, 410, 560, 411, 408, 560, 410, 559, 560, 408, 560, 562, 411, 411, 564, 414, 562, 564, 411, 414, 566, 415, 564, 566, 414, 415, 568, 417, 566, 568, 415, 417, 425, 418, 568, 425, 417, 533, 382, 383, 534, 533, 383, 529, 383, 377, 529, 534, 383, 530, 377, 379, 530, 529, 377, 528, 379, 378, 528, 530, 379, 541, 544, 390, 390, 544, 393, 393, 546, 395, 544, 546, 393, 395, 548, 397, 546, 548, 395, 397, 550, 399, 548, 550, 397, 399, 528, 378, 550, 528, 399, 389, 540, 541, 390, 389, 541, 518, 540, 389, 518, 389, 366, 520, 366, 369, 520, 518, 366, 519, 369, 368, 519, 520, 369, 517, 368, 367, 517, 519, 368, 527, 367, 376, 527, 517, 367, 526, 376, 375, 526, 527, 376, 525, 375, 374, 525, 526, 375, 524, 374, 373, 524, 525, 374, 523, 372, 371, 523, 373, 372, 523, 524, 373, 522, 523, 371, 521, 370, 381, 521, 371, 370, 521, 522, 371, 532, 381, 380, 532, 521, 381, 531, 532, 380, 536, 531, 380, 536, 380, 385, 535, 536, 385, 535, 384, 387, 535, 385, 384, 537, 535, 387, 538, 537, 387, 538, 387, 386, 539, 538, 386, 539, 386, 388, 388, 542, 539, 388, 391, 542, 400, 551, 398, 398, 549, 396, 551, 549, 398, 549, 547, 396, 396, 545, 394, 547, 545, 396, 392, 543, 391, 394, 543, 392, 545, 543, 394, 543, 542, 391, 554, 551, 400, 554, 400, 403, 552, 403, 402, 552, 554, 403, 553, 401, 404, 553, 402, 401, 553, 552, 402, 555, 553, 404, 422, 572, 420, 420, 569, 416, 572, 569, 420, 569, 567, 416, 413, 565, 412, 416, 565, 413, 567, 565, 416, 565, 563, 412, 412, 561, 409, 563, 561, 412, 409, 558, 407, 561, 558, 409, 407, 556, 405, 558, 556, 407, 405, 555, 404, 556, 555, 405, 421, 570, 572, 421, 572, 422, 421, 574, 570, 421, 423, 574, 423, 516, 574, 423, 365, 516, 365, 514, 516, 365, 364, 514, 482, 364, 333, 514, 364, 482, 479, 476, 331, 331, 476, 328, 328, 473, 325, 476, 473, 328, 325, 469, 320, 473, 469, 325, 320, 472, 323, 469, 472, 320, 323, 475, 327, 472, 475, 323, 327, 478, 330, 475, 478, 327, 330, 481, 332, 478, 481, 330, 332, 482, 333, 481, 482, 332, 485, 479, 331, 485, 331, 337, 486, 337, 336, 486, 485, 337, 490, 341, 338, 490, 336, 341, 490, 486, 336, 487, 490, 338, 498, 494, 349, 349, 494, 345, 342, 492, 339, 345, 492, 342, 494, 492, 345, 492, 488, 339, 339, 483, 334, 488, 483, 339, 334, 487, 338, 483, 487, 334, 349, 502, 498, 349, 353, 502, 506, 502, 353, 506, 353, 357, 507, 357, 358, 507, 506, 357, 512, 358, 363, 512, 507, 358, 511, 363, 362, 511, 512, 363, 509, 362, 359, 509, 511, 362, 510, 359, 361, 510, 509, 359, 508, 361, 360, 508, 510, 361, 503, 360, 354, 503, 508, 360, 505, 354, 356, 505, 503, 354, 504, 356, 355, 504, 505, 356, 501, 355, 352, 501, 504, 355, 495, 352, 346, 495, 501, 352, 497, 346, 348, 497, 495, 346, 496, 348, 347, 496, 497, 348, 466, 496, 347, 466, 347, 317, 467, 466, 317, 467, 317, 319, 465, 467, 319, 465, 318, 351, 465, 319, 318, 500, 465, 351, 351, 499, 500, 351, 350, 499, 463, 484, 315, 315, 484, 335, 335, 489, 340, 484, 489, 335, 340, 491, 343, 489, 491, 340, 343, 493, 344, 491, 493, 343, 344, 499, 350, 493, 499, 344, 464, 463, 315, 464, 316, 312, 464, 315, 316, 461, 464, 312, 462, 314, 313, 462, 312, 314, 462, 461, 312, 460, 462, 313, 576, 577, 578, 579, 578, 577, 580, 576, 578, 581, 578, 579, 582, 580, 578, 583, 582, 578, 584, 583, 578, 585, 578, 586, 585, 584, 578, 587, 585, 586, 588, 587, 586, 589, 588, 586, 590, 589, 586, 591, 590, 586, 592, 591, 586, 593, 592, 586, 594, 593, 586, 595, 594, 586, 596, 597, 598, 596, 598, 599, 596, 599, 600, 596, 600, 601, 596, 601, 602, 596, 602, 603, 596, 603, 604, 605, 606, 607, 605, 607, 608, 605, 608, 609, 605, 609, 610, 605, 610, 611, 605, 611, 612, 605, 612, 613, 605, 613, 614, 605, 614, 615, 605, 596, 606, 606, 596, 604, 616, 617, 618, 619, 620, 617, 619, 617, 616, 617, 621, 618, 622, 623, 624, 625, 623, 622, 626, 625, 622, 627, 623, 625, 627, 625, 628, 629, 578, 581, 630, 631, 629, 630, 620, 619, 630, 629, 581, 630, 581, 620, 632, 631, 630, 597, 620, 581, 626, 620, 597, 628, 625, 626, 628, 626, 597, 633, 597, 596, 633, 628, 597, 634, 635, 628, 634, 628, 633, 636, 631, 632, 637, 635, 634, 638, 631, 636, 639, 636, 637, 639, 638, 636, 639, 637, 634, 640, 641, 630, 630, 641, 632, 641, 642, 632, 619, 616, 630, 616, 640, 630, 642, 643, 632, 632, 643, 636, 644, 645, 629, 629, 645, 578, 646, 644, 631, 631, 644, 629, 647, 631, 638, 647, 648, 631, 648, 646, 631, 586, 578, 645, 620, 626, 617, 626, 622, 617, 617, 649, 621, 622, 649, 617, 649, 622, 624, 616, 618, 621, 616, 621, 645, 640, 645, 644, 640, 644, 646, 640, 616, 645, 641, 646, 648, 641, 640, 646, 650, 621, 649, 650, 645, 621, 623, 649, 624, 623, 650, 649, 627, 650, 623, 651, 650, 627, 652, 627, 653, 652, 651, 627, 654, 652, 653, 653, 627, 628, 653, 628, 635, 655, 653, 635, 656, 655, 635, 656, 635, 637, 651, 633, 596, 650, 651, 596, 651, 634, 633, 651, 652, 634, 634, 657, 639, 654, 657, 634, 652, 654, 634, 596, 605, 650, 639, 647, 638, 657, 647, 639, 657, 643, 647, 657, 656, 643, 643, 648, 647, 643, 642, 648, 642, 641, 648, 656, 654, 655, 655, 654, 653, 657, 654, 656, 656, 637, 636, 643, 656, 636, 658, 659, 597, 660, 658, 597, 581, 661, 662, 581, 662, 663, 597, 581, 663, 597, 663, 660, 664, 665, 666, 667, 668, 664, 664, 669, 665, 668, 670, 664, 671, 672, 673, 671, 673, 667, 671, 666, 674, 671, 674, 675, 671, 664, 666, 671, 667, 664, 676, 671, 675, 676, 672, 671, 676, 677, 678, 676, 678, 672, 676, 675, 679, 676, 679, 680, 681, 676, 680, 681, 682, 683, 681, 683, 677, 681, 680, 684, 681, 684, 685, 681, 677, 676, 686, 687, 688, 686, 688, 682, 686, 685, 689, 686, 689, 690, 686, 682, 681, 686, 681, 685, 691, 692, 687, 691, 687, 686, 691, 686, 690, 691, 690, 693, 694, 692, 691, 694, 695, 696, 694, 696, 692, 694, 693, 697, 694, 697, 698, 694, 691, 693, 699, 700, 701, 699, 701, 695, 699, 698, 702, 699, 702, 703, 699, 694, 698, 699, 695, 694, 704, 700, 699, 704, 705, 706, 704, 706, 700, 704, 699, 703, 704, 703, 707, 704, 707, 708, 709, 710, 711, 709, 711, 705, 709, 708, 712, 709, 712, 713, 709, 705, 704, 709, 704, 708, 714, 709, 713, 714, 715, 716, 714, 716, 710, 714, 713, 717, 714, 717, 718, 714, 710, 709, 719, 720, 721, 719, 721, 715, 719, 715, 714, 719, 718, 722, 719, 722, 723, 719, 714, 718, 724, 725, 726, 724, 726, 720, 724, 723, 727, 724, 727, 728, 724, 720, 719, 724, 719, 723, 729, 730, 731, 729, 724, 728, 729, 731, 725, 729, 728, 732, 729, 732, 733, 729, 725, 724, 734, 730, 729, 734, 735, 730, 734, 729, 733, 734, 733, 736, 737, 738, 739, 737, 739, 735, 737, 734, 736, 737, 735, 734, 737, 736, 740, 737, 740, 741, 742, 743, 744, 742, 744, 738, 742, 738, 737, 742, 737, 741, 742, 741, 745, 742, 745, 746, 747, 748, 749, 747, 749, 743, 747, 743, 742, 747, 742, 746, 747, 746, 750, 747, 750, 751, 752, 670, 753, 752, 753, 748, 752, 664, 670, 752, 669, 664, 752, 748, 747, 752, 747, 751, 752, 751, 754, 752, 754, 669, 670, 668, 755, 670, 755, 756, 753, 756, 757, 753, 670, 756, 748, 757, 758, 748, 753, 757, 749, 758, 759, 749, 748, 758, 743, 759, 760, 743, 749, 759, 744, 743, 760, 744, 760, 761, 738, 744, 761, 738, 761, 762, 739, 738, 762, 739, 762, 763, 735, 739, 763, 735, 763, 764, 730, 735, 764, 730, 764, 765, 731, 730, 765, 731, 765, 766, 725, 731, 766, 725, 766, 767, 726, 725, 767, 726, 767, 768, 720, 726, 768, 720, 768, 769, 721, 720, 769, 721, 769, 770, 715, 721, 770, 715, 770, 771, 716, 715, 771, 716, 771, 772, 710, 716, 772, 710, 772, 773, 711, 773, 774, 711, 710, 773, 705, 774, 775, 705, 711, 774, 706, 775, 776, 706, 705, 775, 700, 776, 777, 700, 706, 776, 701, 777, 778, 701, 700, 777, 695, 778, 779, 695, 701, 778, 696, 779, 780, 696, 695, 779, 692, 780, 781, 692, 696, 780, 687, 781, 782, 687, 692, 781, 688, 782, 783, 688, 687, 782, 682, 783, 784, 682, 688, 783, 683, 784, 785, 683, 682, 784, 677, 785, 786, 677, 683, 785, 678, 677, 786, 678, 786, 787, 672, 678, 787, 672, 787, 788, 673, 672, 788, 673, 788, 789, 667, 673, 789, 667, 790, 755, 667, 789, 790, 668, 667, 755, 660, 791, 792, 660, 663, 791, 793, 794, 604, 604, 794, 606, 605, 615, 650, 795, 595, 615, 796, 595, 795, 615, 595, 650, 586, 645, 595, 595, 645, 650, 797, 798, 799, 797, 800, 798, 801, 802, 800, 800, 802, 798, 802, 793, 798, 803, 793, 804, 798, 793, 803, 802, 792, 793, 792, 437, 793, 792, 451, 437, 437, 794, 793, 435, 794, 437, 805, 806, 807, 806, 808, 809, 806, 810, 808, 806, 811, 810, 805, 811, 806, 810, 811, 812, 435, 795, 794, 794, 795, 805, 805, 795, 811, 451, 787, 786, 451, 788, 787, 786, 785, 451, 785, 784, 451, 451, 789, 788, 784, 783, 451, 792, 790, 451, 451, 790, 789, 783, 782, 451, 792, 755, 790, 435, 440, 795, 781, 440, 782, 780, 440, 781, 780, 779, 440, 779, 778, 440, 778, 777, 440, 777, 776, 440, 760, 148, 761, 759, 148, 760, 758, 148, 759, 757, 148, 758, 756, 148, 757, 776, 775, 440, 148, 762, 761, 440, 774, 795, 775, 774, 440, 148, 763, 762, 774, 773, 795, 148, 764, 763, 792, 791, 755, 756, 791, 148, 755, 791, 756, 813, 814, 815, 816, 817, 791, 818, 817, 816, 815, 817, 818, 814, 817, 815, 819, 820, 817, 817, 820, 791, 820, 821, 791, 771, 149, 772, 770, 149, 771, 769, 149, 770, 768, 149, 769, 767, 149, 768, 766, 149, 767, 765, 149, 766, 764, 149, 765, 821, 163, 791, 791, 163, 148, 149, 796, 772, 822, 796, 152, 152, 796, 149, 772, 796, 773, 773, 796, 795, 822, 823, 796, 824, 825, 826, 827, 825, 824, 826, 828, 822, 829, 828, 830, 823, 828, 829, 822, 828, 823, 825, 828, 826, 821, 822, 163, 163, 822, 152, 148, 149, 764, 440, 451, 782, 584, 822, 821, 585, 822, 584, 679, 690, 680, 680, 690, 684, 684, 690, 685, 685, 690, 689, 666, 665, 674, 665, 669, 674, 690, 697, 693, 674, 698, 675, 675, 698, 679, 679, 698, 690, 690, 698, 697, 698, 746, 702, 750, 746, 751, 751, 746, 754, 754, 746, 669, 669, 746, 674, 674, 746, 698, 702, 707, 703, 702, 708, 707, 745, 741, 746, 740, 736, 741, 712, 717, 713, 746, 733, 702, 741, 733, 746, 736, 733, 741, 733, 732, 702, 717, 723, 718, 718, 723, 722, 732, 727, 702, 717, 727, 723, 708, 727, 712, 728, 727, 732, 702, 727, 708, 712, 727, 717, 594, 796, 823, 594, 595, 796, 593, 823, 829, 593, 594, 823, 592, 829, 830, 592, 593, 829, 591, 830, 828, 591, 592, 830, 590, 828, 825, 590, 591, 828, 589, 825, 827, 589, 590, 825, 588, 827, 824, 588, 589, 827, 587, 824, 826, 587, 588, 824, 585, 826, 822, 585, 587, 826, 811, 615, 614, 811, 795, 615, 812, 614, 613, 812, 811, 614, 810, 613, 612, 810, 812, 613, 808, 612, 611, 808, 810, 612, 809, 611, 610, 809, 808, 611, 806, 610, 609, 806, 809, 610, 807, 609, 608, 807, 806, 609, 805, 608, 607, 805, 807, 608, 794, 607, 606, 794, 805, 607, 658, 792, 802, 658, 660, 792, 659, 802, 801, 659, 658, 802, 597, 801, 800, 597, 659, 801, 598, 800, 797, 598, 597, 800, 599, 797, 799, 599, 598, 797, 600, 799, 798, 600, 599, 799, 601, 798, 803, 601, 600, 798, 602, 803, 804, 602, 601, 803, 603, 804, 793, 603, 602, 804, 604, 603, 793, 791, 663, 662, 816, 662, 661, 816, 791, 662, 818, 661, 581, 818, 816, 661, 815, 581, 579, 815, 818, 581, 813, 579, 577, 813, 815, 579, 814, 577, 576, 814, 813, 577, 817, 576, 580, 817, 814, 576, 819, 580, 582, 819, 817, 580, 820, 582, 583, 820, 819, 582, 821, 583, 584, 821, 820, 583]
            uniform token orientation = "rightHanded"
            point3f[] points = [(-0.0016499936, 0.007211389, 0.0064017912), (0.0020499881, 0.0040113884, 0.0064017912), (-0.0016499936, 0.0040113884, 0.0064017912), (0.0020499881, 0.007211389, 0.0064017912), (-0.0021499936, 0.007211389, 0.0069017913), (-0.0021499936, 0.0040113884, 0.0069017913), (-0.0016499936, 0.007211389, 0.01820178), (-0.0021499936, 0.007211389, 0.017701779), (-0.0016499936, 0.0040113884, 0.01820178), (-0.0021499936, 0.0040113884, 0.017701779), (0.0020499881, 0.0040113884, 0.01820178), (0.0020499881, 0.007211389, 0.01820178), (0.002549988, 0.007211389, 0.017701779), (0.002549988, 0.0040113884, 0.017701779), (0.002549988, 0.007211389, 0.0069017913), (0.002549988, 0.0040113884, 0.0069017913), (-0.0022999875, 0.0040113884, 0.009801785), (-0.0022999875, 0.0040113884, 0.0067972075), (-0.0022999875, -0.005588611, 0.009801785), (-0.0022999875, -0.005588611, 0.0067972075), (-0.001770416, 0.007211389, 0.009801785), (-0.0021499936, 0.007211389, 0.009801785), (-0.0017386167, 0.007211389, 0.009804318), (-0.0017076413, 0.007211389, 0.009811887), (-0.0015070188, 0.007211389, 0.010089688), (-0.0015790097, 0.007211389, 0.009943783), (-0.0015489805, 0.007211389, 0.0100196805), (-0.001391998, 0.007211389, 0.01020477), (-0.0014542234, 0.007211389, 0.010151944), (-0.001273193, 0.007211389, 0.010560788), (-0.0012969663, 0.007211389, 0.010495511), (-0.0012879331, 0.007211389, 0.010529172), (-0.00057275366, 0.007211389, 0.009862118), (-0.0016512448, 0.007211389, 0.0098411525), (-0.0016272275, 0.007211389, 0.009862118), (-0.0005487668, 0.007211389, 0.0098411525), (-0.0016782834, 0.007211389, 0.009824246), (-0.0005931394, 0.007211389, 0.009886654), (-0.0016068723, 0.007211389, 0.009886654), (-0.00052172825, 0.007211389, 0.009824246), (-0.0006093442, 0.007211389, 0.00991409), (-0.0015906369, 0.007211389, 0.00991409), (-0.00049233984, 0.007211389, 0.009811887), (-0.00062100193, 0.007211389, 0.009943783), (-0.0012532041, 0.007211389, 0.010589322), (-0.00046136449, 0.007211389, 0.009804318), (-0.00042959568, 0.007211389, 0.009801785), (-0.0012285459, 0.007211389, 0.01061398), (-0.00080801366, 0.007211389, 0.01020477), (-0.0013656309, 0.007211389, 0.010227323), (-0.0006510007, 0.007211389, 0.0100196805), (-0.00083438086, 0.007211389, 0.010227323), (-0.00085644505, 0.007211389, 0.010254086), (-0.0013435361, 0.007211389, 0.010254086), (-0.00074578833, 0.007211389, 0.010151944), (-0.0006929929, 0.007211389, 0.010089688), (-0.0008735654, 0.007211389, 0.010284268), (-0.0013264158, 0.007211389, 0.010284268), (-0.0008852231, 0.007211389, 0.010316983), (-0.0013147886, 0.007211389, 0.010316983), (-0.0012000119, 0.007211389, 0.010633969), (-0.00089102145, 0.007211389, 0.010351162), (-0.0013089597, 0.007211389, 0.010351162), (-0.0011683957, 0.007211389, 0.010648709), (-0.0011347348, 0.007211389, 0.010657743), (-0.00089999364, 0.007211389, 0.010460782), (-0.0012999875, 0.007211389, 0.010460782), (-0.0009030454, 0.007211389, 0.010495511), (-0.0010315854, 0.007211389, 0.010648709), (-0.0011000058, 0.007211389, 0.010660764), (-0.0010652768, 0.007211389, 0.010657743), (-0.0009120481, 0.007211389, 0.010529172), (-0.0009267881, 0.007211389, 0.010560788), (-0.0009714353, 0.007211389, 0.01061398), (-0.0009999997, 0.007211389, 0.010633969), (-0.00094677706, 0.007211389, 0.010589322), (0.00004998806, 0.007211389, 0.009801785), (0.00029998805, 0.007211389, 0.010051785), (-0.0012000119, 0.007211389, 0.01396957), (-0.0012285459, 0.007211389, 0.013989559), (-0.0012532041, 0.007211389, 0.014014218), (-0.0011000058, 0.007211389, 0.013942776), (-0.0011347348, 0.007211389, 0.013945828), (-0.0011683957, 0.007211389, 0.01395483), (-0.001273193, 0.007211389, 0.014042783), (-0.0012879331, 0.007211389, 0.014074368), (-0.0010315854, 0.007211389, 0.01395483), (-0.0010652768, 0.007211389, 0.013945828), (-0.0009999997, 0.007211389, 0.01396957), (-0.0009714353, 0.007211389, 0.013989559), (-0.0015790097, 0.007211389, 0.014659787), (-0.001391998, 0.007211389, 0.01439877), (-0.0014542234, 0.007211389, 0.014451596), (-0.0015070188, 0.007211389, 0.014513852), (-0.0015489805, 0.007211389, 0.01458386), (-0.0009030454, 0.007211389, 0.01410806), (-0.0009120481, 0.007211389, 0.014074368), (-0.0009267881, 0.007211389, 0.014042783), (-0.00094677706, 0.007211389, 0.014014218), (-0.00089999364, 0.007211389, 0.014142789), (-0.0012969663, 0.007211389, 0.01410806), (-0.0012999875, 0.007211389, 0.014142789), (-0.0013089597, 0.007211389, 0.014252377), (-0.00089102145, 0.007211389, 0.014252377), (-0.0008852231, 0.007211389, 0.014286587), (-0.0013147886, 0.007211389, 0.014286587), (-0.0008735654, 0.007211389, 0.014319272), (-0.0013264158, 0.007211389, 0.014319272), (-0.0013435361, 0.007211389, 0.014349454), (-0.00085644505, 0.007211389, 0.014349454), (-0.00083438086, 0.007211389, 0.0143762175), (-0.0013656309, 0.007211389, 0.0143762175), (-0.00080801366, 0.007211389, 0.01439877), (-0.0006929929, 0.007211389, 0.014513852), (-0.00074578833, 0.007211389, 0.014451596), (-0.00062100193, 0.007211389, 0.014659787), (-0.0015906369, 0.007211389, 0.01468945), (-0.0006510007, 0.007211389, 0.01458386), (-0.0006093442, 0.007211389, 0.01468945), (-0.0005931394, 0.007211389, 0.014716916), (-0.0016068723, 0.007211389, 0.014716916), (-0.00057275366, 0.007211389, 0.014741422), (-0.0016272275, 0.007211389, 0.014741422), (-0.0005487668, 0.007211389, 0.014762387), (-0.0016512448, 0.007211389, 0.014762387), (-0.00052172825, 0.007211389, 0.014779294), (-0.0016782834, 0.007211389, 0.014779294), (-0.00049233984, 0.007211389, 0.014791684), (-0.0017076413, 0.007211389, 0.014791684), (-0.0017386167, 0.007211389, 0.014799221), (-0.001770416, 0.007211389, 0.014801785), (-0.0021499936, 0.007211389, 0.014801785), (-0.00046136449, 0.007211389, 0.014799221), (0.00004998806, 0.007211389, 0.014801785), (-0.00042959568, 0.007211389, 0.014801785), (0.00029998805, 0.007211389, 0.014551785), (-0.0021499936, -0.005588611, 0.014801785), (-0.001770416, -0.008788611, 0.014801785), (-0.0021499936, -0.008788611, 0.014801785), (-0.0021499936, 0.0040113884, 0.014801785), (-0.0022999875, -0.005588611, 0.014801785), (-0.0022999875, 0.0040113884, 0.014801785), (-0.0018045652, 0.0040113884, 0.018301785), (-0.0022999875, 0.0040113884, 0.017806333), (-0.0018045652, -0.005588611, 0.018301785), (-0.0022999875, -0.005588611, 0.017806333), (0.0022045595, -0.005588611, 0.0063017854), (0.0022045595, 0.0040113884, 0.0063017854), (0.0027000124, -0.005588611, 0.0067972075), (0.0027000124, 0.0040113884, 0.0067972075), (-0.0018045652, 0.0040113884, 0.0063017854), (-0.0021499936, 0.0040113884, 0.009801785), (0.0027000124, 0.0040113884, 0.017806333), (0.0022045595, 0.0040113884, 0.018301785), (-0.0018045652, -0.005588611, 0.0063017854), (-0.0021499936, -0.005588611, 0.0069017913), (-0.0016499936, -0.005588611, 0.0064017912), (-0.0021499936, -0.005588611, 0.009801785), (0.0020499881, -0.005588611, 0.0064017912), (0.002549988, -0.005588611, 0.0069017913), (-0.0021499936, -0.005588611, 0.017701779), (-0.0016499936, -0.005588611, 0.01820178), (0.0020499881, -0.005588611, 0.01820178), (0.0027000124, -0.005588611, 0.017806333), (0.002549988, -0.005588611, 0.017701779), (0.0022045595, -0.005588611, 0.018301785), (-0.0021499936, -0.008788611, 0.009801785), (-0.0021499936, -0.008788611, 0.0069017913), (-0.0021499936, -0.008788611, 0.017701779), (-0.001770416, -0.008788611, 0.009801785), (-0.0017386167, -0.008788611, 0.009804318), (-0.0017076413, -0.008788611, 0.009811887), (-0.0015790097, -0.008788611, 0.009943783), (-0.0015070188, -0.008788611, 0.010089688), (-0.0015489805, -0.008788611, 0.0100196805), (-0.001391998, -0.008788611, 0.01020477), (-0.0014542234, -0.008788611, 0.010151944), (-0.0012969663, -0.008788611, 0.010495511), (-0.001273193, -0.008788611, 0.010560788), (-0.0012879331, -0.008788611, 0.010529172), (-0.0016512448, -0.008788611, 0.0098411525), (-0.00057275366, -0.008788611, 0.009862118), (-0.0016272275, -0.008788611, 0.009862118), (-0.0016782834, -0.008788611, 0.009824246), (-0.0005487668, -0.008788611, 0.0098411525), (-0.0005931394, -0.008788611, 0.009886654), (-0.0016068723, -0.008788611, 0.009886654), (-0.00052172825, -0.008788611, 0.009824246), (-0.0006093442, -0.008788611, 0.00991409), (-0.0015906369, -0.008788611, 0.00991409), (-0.00049233984, -0.008788611, 0.009811887), (-0.00062100193, -0.008788611, 0.009943783), (-0.0012532041, -0.008788611, 0.010589322), (-0.0016499936, -0.008788611, 0.0064017912), (-0.00046136449, -0.008788611, 0.009804318), (-0.00042959568, -0.008788611, 0.009801785), (-0.0012285459, -0.008788611, 0.01061398), (-0.00080801366, -0.008788611, 0.01020477), (-0.0013656309, -0.008788611, 0.010227323), (-0.0006510007, -0.008788611, 0.0100196805), (-0.00083438086, -0.008788611, 0.010227323), (-0.00085644505, -0.008788611, 0.010254086), (-0.0013435361, -0.008788611, 0.010254086), (-0.0006929929, -0.008788611, 0.010089688), (-0.00074578833, -0.008788611, 0.010151944), (-0.0008735654, -0.008788611, 0.010284268), (-0.0013264158, -0.008788611, 0.010284268), (-0.0008852231, -0.008788611, 0.010316983), (-0.0013147886, -0.008788611, 0.010316983), (-0.0012000119, -0.008788611, 0.010633969), (-0.00089102145, -0.008788611, 0.010351162), (-0.0013089597, -0.008788611, 0.010351162), (-0.0011683957, -0.008788611, 0.010648709), (-0.0011347348, -0.008788611, 0.010657743), (-0.00089999364, -0.008788611, 0.010460782), (-0.0012999875, -0.008788611, 0.010460782), (-0.0009030454, -0.008788611, 0.010495511), (-0.0010315854, -0.008788611, 0.010648709), (-0.0011000058, -0.008788611, 0.010660764), (-0.0010652768, -0.008788611, 0.010657743), (-0.0009120481, -0.008788611, 0.010529172), (-0.0009267881, -0.008788611, 0.010560788), (-0.0009714353, -0.008788611, 0.01061398), (-0.0009999997, -0.008788611, 0.010633969), (-0.00094677706, -0.008788611, 0.010589322), (0.002549988, -0.008788611, 0.0069017913), (0.00004998806, -0.008788611, 0.009801785), (0.0020499881, -0.008788611, 0.0064017912), (0.00029998805, -0.008788611, 0.010051785), (-0.0012285459, -0.008788611, 0.013989559), (-0.0012000119, -0.008788611, 0.01396957), (-0.0012532041, -0.008788611, 0.014014218), (-0.0011000058, -0.008788611, 0.013942776), (-0.0011347348, -0.008788611, 0.013945828), (-0.0011683957, -0.008788611, 0.01395483), (-0.001273193, -0.008788611, 0.014042783), (-0.0012879331, -0.008788611, 0.014074368), (-0.0010652768, -0.008788611, 0.013945828), (-0.0010315854, -0.008788611, 0.01395483), (-0.0009999997, -0.008788611, 0.01396957), (-0.0009714353, -0.008788611, 0.013989559), (-0.001391998, -0.008788611, 0.01439877), (-0.0015790097, -0.008788611, 0.014659787), (-0.0014542234, -0.008788611, 0.014451596), (-0.0015070188, -0.008788611, 0.014513852), (-0.0015489805, -0.008788611, 0.01458386), (-0.0009120481, -0.008788611, 0.014074368), (-0.0009030454, -0.008788611, 0.01410806), (-0.0009267881, -0.008788611, 0.014042783), (-0.00094677706, -0.008788611, 0.014014218), (-0.00089999364, -0.008788611, 0.014142789), (-0.0012969663, -0.008788611, 0.01410806), (-0.0012999875, -0.008788611, 0.014142789), (-0.0013089597, -0.008788611, 0.014252377), (-0.00089102145, -0.008788611, 0.014252377), (-0.0008852231, -0.008788611, 0.014286587), (-0.0013147886, -0.008788611, 0.014286587), (-0.0008735654, -0.008788611, 0.014319272), (-0.0013264158, -0.008788611, 0.014319272), (-0.0013435361, -0.008788611, 0.014349454), (-0.00085644505, -0.008788611, 0.014349454), (-0.00083438086, -0.008788611, 0.0143762175), (-0.0013656309, -0.008788611, 0.0143762175), (-0.00080801366, -0.008788611, 0.01439877), (-0.00074578833, -0.008788611, 0.014451596), (-0.0006929929, -0.008788611, 0.014513852), (-0.00062100193, -0.008788611, 0.014659787), (-0.0015906369, -0.008788611, 0.01468945), (-0.0006510007, -0.008788611, 0.01458386), (-0.0006093442, -0.008788611, 0.01468945), (-0.0005931394, -0.008788611, 0.014716916), (-0.0016068723, -0.008788611, 0.014716916), (-0.00057275366, -0.008788611, 0.014741422), (-0.0016272275, -0.008788611, 0.014741422), (-0.0005487668, -0.008788611, 0.014762387), (-0.0016512448, -0.008788611, 0.014762387), (-0.00052172825, -0.008788611, 0.014779294), (-0.0016782834, -0.008788611, 0.014779294), (-0.00049233984, -0.008788611, 0.014791684), (-0.0017076413, -0.008788611, 0.014791684), (-0.0017386167, -0.008788611, 0.014799221), (-0.00046136449, -0.008788611, 0.014799221), (0.00004998806, -0.008788611, 0.014801785), (-0.0016499936, -0.008788611, 0.01820178), (-0.00042959568, -0.008788611, 0.014801785), (0.0020499881, -0.008788611, 0.01820178), (0.002549988, -0.008788611, 0.017701779), (0.00029998805, -0.008788611, 0.014551785), (-0.0016499936, 0.007211389, -0.018098209), (0.0020499881, 0.0040113884, -0.018098209), (-0.0016499936, 0.0040113884, -0.018098209), (0.0020499881, 0.007211389, -0.018098209), (-0.0021499936, 0.007211389, -0.017598208), (-0.0021499936, 0.0040113884, -0.017598208), (-0.0016499936, 0.007211389, -0.0062982207), (-0.0021499936, 0.007211389, -0.006798221), (-0.0016499936, 0.0040113884, -0.0062982207), (-0.0021499936, 0.0040113884, -0.006798221), (0.0020499881, 0.0040113884, -0.0062982207), (0.0020499881, 0.007211389, -0.0062982207), (0.002549988, 0.007211389, -0.006798221), (0.002549988, 0.0040113884, -0.006798221), (0.002549988, 0.007211389, -0.017598208), (0.002549988, 0.0040113884, -0.017598208), (-0.0022999875, 0.0040113884, -0.014698215), (-0.0022999875, 0.0040113884, -0.017702792), (-0.0022999875, -0.005588611, -0.014698215), (-0.0022999875, -0.005588611, -0.017702792), (-0.001770416, 0.007211389, -0.014698215), (-0.0021499936, 0.007211389, -0.014698215), (-0.0017386167, 0.007211389, -0.014695682), (-0.0017076413, 0.007211389, -0.014688114), (-0.0015070188, 0.007211389, -0.014410312), (-0.0015790097, 0.007211389, -0.014556217), (-0.0015489805, 0.007211389, -0.014480319), (-0.001391998, 0.007211389, -0.014295231), (-0.0014542234, 0.007211389, -0.014348056), (-0.001273193, 0.007211389, -0.013939212), (-0.0012969663, 0.007211389, -0.014004489), (-0.0012879331, 0.007211389, -0.013970829), (-0.00057275366, 0.007211389, -0.014637882), (-0.0016512448, 0.007211389, -0.014658847), (-0.0016272275, 0.007211389, -0.014637882), (-0.0005487668, 0.007211389, -0.014658847), (-0.0016782834, 0.007211389, -0.014675754), (-0.0005931394, 0.007211389, -0.014613345), (-0.0016068723, 0.007211389, -0.014613345), (-0.00052172825, 0.007211389, -0.014675754), (-0.0006093442, 0.007211389, -0.01458591), (-0.0015906369, 0.007211389, -0.01458591), (-0.00049233984, 0.007211389, -0.014688114), (-0.00062100193, 0.007211389, -0.014556217), (-0.00046136449, 0.007211389, -0.014695682), (-0.00042959568, 0.007211389, -0.014698215), (-0.00083438086, 0.007211389, -0.014272678), (-0.0013656309, 0.007211389, -0.014272678), (-0.0006929929, 0.007211389, -0.014410312), (-0.0006510007, 0.007211389, -0.014480319), (-0.00080801366, 0.007211389, -0.014295231), (-0.00085644505, 0.007211389, -0.014245913), (-0.0013435361, 0.007211389, -0.014245913), (-0.00074578833, 0.007211389, -0.014348056), (-0.0008735654, 0.007211389, -0.014215732), (-0.0013264158, 0.007211389, -0.014215732), (-0.0013147886, 0.007211389, -0.014183017), (-0.0008852231, 0.007211389, -0.014183017), (-0.0012000119, 0.007211389, -0.013866031), (-0.0012532041, 0.007211389, -0.013910678), (-0.0012285459, 0.007211389, -0.01388602), (-0.00089102145, 0.007211389, -0.014148837), (-0.0013089597, 0.007211389, -0.014148837), (-0.0012999875, 0.007211389, -0.014039218), (-0.0011683957, 0.007211389, -0.013851291), (-0.00089999364, 0.007211389, -0.014039218), (-0.0010652768, 0.007211389, -0.013842258), (-0.0011347348, 0.007211389, -0.013842258), (-0.0011000058, 0.007211389, -0.013839236), (-0.0009030454, 0.007211389, -0.014004489), (-0.0009120481, 0.007211389, -0.013970829), (-0.0009714353, 0.007211389, -0.01388602), (-0.0010315854, 0.007211389, -0.013851291), (-0.0009999997, 0.007211389, -0.013866031), (-0.00094677706, 0.007211389, -0.013910678), (-0.0009267881, 0.007211389, -0.013939212), (0.00004998806, 0.007211389, -0.014698215), (0.00029998805, 0.007211389, -0.014448215), (-0.0012969663, 0.007211389, -0.01039194), (-0.0012532041, 0.007211389, -0.010485782), (-0.001273193, 0.007211389, -0.010457218), (-0.0012879331, 0.007211389, -0.010425632), (-0.0010315854, 0.007211389, -0.010545169), (-0.0010652768, 0.007211389, -0.010554172), (-0.0011000058, 0.007211389, -0.010557224), (-0.0011347348, 0.007211389, -0.010554172), (-0.0011683957, 0.007211389, -0.010545169), (-0.0012000119, 0.007211389, -0.010530429), (-0.0012285459, 0.007211389, -0.01051044), (-0.0015070188, 0.007211389, -0.009986148), (-0.001391998, 0.007211389, -0.01010123), (-0.0014542234, 0.007211389, -0.010048404), (-0.0009714353, 0.007211389, -0.01051044), (-0.0009999997, 0.007211389, -0.010530429), (-0.0015790097, 0.007211389, -0.009840213), (-0.0015489805, 0.007211389, -0.009916141), (-0.0009267881, 0.007211389, -0.010457218), (-0.00094677706, 0.007211389, -0.010485782), (-0.0009030454, 0.007211389, -0.01039194), (-0.0009120481, 0.007211389, -0.010425632), (-0.00089999364, 0.007211389, -0.010357211), (-0.0012999875, 0.007211389, -0.010357211), (-0.0013089597, 0.007211389, -0.010247623), (-0.00089102145, 0.007211389, -0.010247623), (-0.0008852231, 0.007211389, -0.010213412), (-0.0013147886, 0.007211389, -0.010213412), (-0.0008735654, 0.007211389, -0.0101807285), (-0.0013264158, 0.007211389, -0.0101807285), (-0.00085644505, 0.007211389, -0.010150546), (-0.0013435361, 0.007211389, -0.010150546), (-0.00083438086, 0.007211389, -0.010123783), (-0.0013656309, 0.007211389, -0.010123783), (-0.00080801366, 0.007211389, -0.01010123), (-0.0006510007, 0.007211389, -0.009916141), (-0.0006929929, 0.007211389, -0.009986148), (-0.00074578833, 0.007211389, -0.010048404), (-0.00062100193, 0.007211389, -0.009840213), (-0.0006093442, 0.007211389, -0.00981055), (-0.0015906369, 0.007211389, -0.00981055), (-0.0005931394, 0.007211389, -0.0097830845), (-0.0016068723, 0.007211389, -0.0097830845), (-0.00057275366, 0.007211389, -0.009758579), (-0.0016272275, 0.007211389, -0.009758579), (-0.0016512448, 0.007211389, -0.009737613), (-0.0005487668, 0.007211389, -0.009737613), (-0.00052172825, 0.007211389, -0.009720706), (-0.0016782834, 0.007211389, -0.009720706), (-0.0017076413, 0.007211389, -0.009708316), (-0.00049233984, 0.007211389, -0.009708316), (-0.0017386167, 0.007211389, -0.009700778), (-0.001770416, 0.007211389, -0.009698215), (-0.0021499936, 0.007211389, -0.009698215), (-0.00046136449, 0.007211389, -0.009700778), (0.00004998806, 0.007211389, -0.009698215), (-0.00042959568, 0.007211389, -0.009698215), (0.00029998805, 0.007211389, -0.0099482145), (-0.0021499936, -0.005588611, -0.009698215), (-0.001770416, -0.008788611, -0.009698215), (-0.0021499936, -0.008788611, -0.009698215), (-0.0021499936, 0.0040113884, -0.009698215), (-0.0022999875, -0.005588611, -0.009698215), (-0.0022999875, 0.0040113884, -0.009698215), (-0.0018045652, 0.0040113884, -0.006198215), (-0.0022999875, 0.0040113884, -0.0066936677), (-0.0018045652, -0.005588611, -0.006198215), (-0.0022999875, -0.005588611, -0.0066936677), (0.0022045595, 0.0040113884, -0.018198214), (0.0027000124, 0.0040113884, -0.017702792), (0.0022045595, -0.005588611, -0.018198214), (0.0027000124, -0.005588611, -0.017702792), (-0.0018045652, 0.0040113884, -0.018198214), (-0.0021499936, 0.0040113884, -0.014698215), (0.0027000124, 0.0040113884, -0.0066936677), (0.0022045595, 0.0040113884, -0.006198215), (-0.0018045652, -0.005588611, -0.018198214), (-0.0021499936, -0.005588611, -0.017598208), (-0.0016499936, -0.005588611, -0.018098209), (-0.0021499936, -0.005588611, -0.014698215), (0.0020499881, -0.005588611, -0.018098209), (0.002549988, -0.005588611, -0.017598208), (-0.0021499936, -0.005588611, -0.006798221), (-0.0016499936, -0.005588611, -0.0062982207), (0.0020499881, -0.005588611, -0.0062982207), (0.0027000124, -0.005588611, -0.0066936677), (0.002549988, -0.005588611, -0.006798221), (0.0022045595, -0.005588611, -0.006198215), (-0.0021499936, -0.008788611, -0.014698215), (-0.0021499936, -0.008788611, -0.017598208), (-0.0021499936, -0.008788611, -0.006798221), (-0.001770416, -0.008788611, -0.014698215), (-0.0017386167, -0.008788611, -0.014695682), (-0.0017076413, -0.008788611, -0.014688114), (-0.0015790097, -0.008788611, -0.014556217), (-0.0015070188, -0.008788611, -0.014410312), (-0.0015489805, -0.008788611, -0.014480319), (-0.001391998, -0.008788611, -0.014295231), (-0.0014542234, -0.008788611, -0.014348056), (-0.0012969663, -0.008788611, -0.014004489), (-0.001273193, -0.008788611, -0.013939212), (-0.0012879331, -0.008788611, -0.013970829), (-0.0016512448, -0.008788611, -0.014658847), (-0.00057275366, -0.008788611, -0.014637882), (-0.0016272275, -0.008788611, -0.014637882), (-0.0016782834, -0.008788611, -0.014675754), (-0.0005487668, -0.008788611, -0.014658847), (-0.0005931394, -0.008788611, -0.014613345), (-0.0016068723, -0.008788611, -0.014613345), (-0.00052172825, -0.008788611, -0.014675754), (-0.0006093442, -0.008788611, -0.01458591), (-0.0015906369, -0.008788611, -0.01458591), (-0.00049233984, -0.008788611, -0.014688114), (-0.00062100193, -0.008788611, -0.014556217), (-0.0016499936, -0.008788611, -0.018098209), (-0.00046136449, -0.008788611, -0.014695682), (-0.00042959568, -0.008788611, -0.014698215), (-0.00083438086, -0.008788611, -0.014272678), (-0.0013656309, -0.008788611, -0.014272678), (-0.0006510007, -0.008788611, -0.014480319), (-0.0006929929, -0.008788611, -0.014410312), (-0.00080801366, -0.008788611, -0.014295231), (-0.00085644505, -0.008788611, -0.014245913), (-0.0013435361, -0.008788611, -0.014245913), (-0.00074578833, -0.008788611, -0.014348056), (-0.0013264158, -0.008788611, -0.014215732), (-0.0008735654, -0.008788611, -0.014215732), (-0.0013147886, -0.008788611, -0.014183017), (-0.0008852231, -0.008788611, -0.014183017), (-0.0012000119, -0.008788611, -0.013866031), (-0.0012532041, -0.008788611, -0.013910678), (-0.0012285459, -0.008788611, -0.01388602), (-0.00089102145, -0.008788611, -0.014148837), (-0.0013089597, -0.008788611, -0.014148837), (-0.0012999875, -0.008788611, -0.014039218), (-0.0011683957, -0.008788611, -0.013851291), (-0.00089999364, -0.008788611, -0.014039218), (-0.0010652768, -0.008788611, -0.013842258), (-0.0011347348, -0.008788611, -0.013842258), (-0.0011000058, -0.008788611, -0.013839236), (-0.0009030454, -0.008788611, -0.014004489), (-0.0009120481, -0.008788611, -0.013970829), (-0.0010315854, -0.008788611, -0.013851291), (-0.0009714353, -0.008788611, -0.01388602), (-0.0009999997, -0.008788611, -0.013866031), (-0.00094677706, -0.008788611, -0.013910678), (-0.0009267881, -0.008788611, -0.013939212), (0.002549988, -0.008788611, -0.017598208), (0.00004998806, -0.008788611, -0.014698215), (0.0020499881, -0.008788611, -0.018098209), (0.00029998805, -0.008788611, -0.014448215), (-0.0012532041, -0.008788611, -0.010485782), (-0.0012969663, -0.008788611, -0.01039194), (-0.001273193, -0.008788611, -0.010457218), (-0.0012879331, -0.008788611, -0.010425632), (-0.0010315854, -0.008788611, -0.010545169), (-0.0010652768, -0.008788611, -0.010554172), (-0.0011000058, -0.008788611, -0.010557224), (-0.0011347348, -0.008788611, -0.010554172), (-0.0011683957, -0.008788611, -0.010545169), (-0.0012000119, -0.008788611, -0.010530429), (-0.0012285459, -0.008788611, -0.01051044), (-0.001391998, -0.008788611, -0.01010123), (-0.0015070188, -0.008788611, -0.009986148), (-0.0014542234, -0.008788611, -0.010048404), (-0.0009714353, -0.008788611, -0.01051044), (-0.0009999997, -0.008788611, -0.010530429), (-0.0015790097, -0.008788611, -0.009840213), (-0.0015489805, -0.008788611, -0.009916141), (-0.0009267881, -0.008788611, -0.010457218), (-0.00094677706, -0.008788611, -0.010485782), (-0.0009120481, -0.008788611, -0.010425632), (-0.0009030454, -0.008788611, -0.01039194), (-0.00089999364, -0.008788611, -0.010357211), (-0.0012999875, -0.008788611, -0.010357211), (-0.0013089597, -0.008788611, -0.010247623), (-0.00089102145, -0.008788611, -0.010247623), (-0.0008852231, -0.008788611, -0.010213412), (-0.0013147886, -0.008788611, -0.010213412), (-0.0008735654, -0.008788611, -0.0101807285), (-0.0013264158, -0.008788611, -0.0101807285), (-0.00085644505, -0.008788611, -0.010150546), (-0.0013435361, -0.008788611, -0.010150546), (-0.00083438086, -0.008788611, -0.010123783), (-0.0013656309, -0.008788611, -0.010123783), (-0.00080801366, -0.008788611, -0.01010123), (-0.0006929929, -0.008788611, -0.009986148), (-0.0006510007, -0.008788611, -0.009916141), (-0.00074578833, -0.008788611, -0.010048404), (-0.00062100193, -0.008788611, -0.009840213), (-0.0006093442, -0.008788611, -0.00981055), (-0.0015906369, -0.008788611, -0.00981055), (-0.0005931394, -0.008788611, -0.0097830845), (-0.0016068723, -0.008788611, -0.0097830845), (-0.0016272275, -0.008788611, -0.009758579), (-0.00057275366, -0.008788611, -0.009758579), (-0.0016512448, -0.008788611, -0.009737613), (-0.0005487668, -0.008788611, -0.009737613), (-0.0016782834, -0.008788611, -0.009720706), (-0.00052172825, -0.008788611, -0.009720706), (-0.0017076413, -0.008788611, -0.009708316), (-0.00049233984, -0.008788611, -0.009708316), (-0.0017386167, -0.008788611, -0.009700778), (-0.00046136449, -0.008788611, -0.009700778), (0.00004998806, -0.008788611, -0.009698215), (-0.0016499936, -0.008788611, -0.0062982207), (-0.00042959568, -0.008788611, -0.009698215), (0.002549988, -0.008788611, -0.006798221), (0.00029998805, -0.008788611, -0.0099482145), (0.0020499881, -0.008788611, -0.0062982207), (0.008700012, -0.009881438, 0.018856656), (0.008700012, -0.010001217, 0.018752895), (0.008700012, -0.010184527, 0.020051327), (0.008700012, -0.010103099, 0.018631527), (0.008700012, -0.00974677, 0.018940212), (0.008700012, -0.010184527, 0.01849557), (0.008700012, -0.0096005965, 0.019001432), (0.008700012, -0.009446587, 0.019038785), (0.008700012, -0.009288611, 0.019051328), (0.008700012, 0.007711389, 0.019051328), (0.008700012, 0.008711389, 0.020051327), (0.008700012, 0.007885038, 0.01903613), (0.008700012, 0.008053409, 0.018991025), (0.008700012, 0.008211389, 0.018917356), (0.008700012, 0.008354177, 0.01881738), (0.008700012, 0.008477434, 0.01869412), (0.008700012, 0.008577415, 0.018551327), (0.008700012, 0.008651082, 0.018393368), (0.008700012, 0.008696197, 0.018224973), (0.008700012, 0.008711389, 0.018051328), (0.008700012, -0.010184527, -0.019948673), (0.008700012, -0.010184527, -0.018392887), (0.008700012, -0.010103099, -0.018528841), (0.008700012, -0.010001217, -0.018650241), (0.008700012, -0.009881438, -0.018754002), (0.008700012, -0.00974677, -0.018837528), (0.008700012, -0.0096005965, -0.018898746), (0.008700012, -0.009446587, -0.0189361), (0.008700012, -0.009288611, -0.018948672), (0.008700012, 0.008711389, -0.019948673), (0.008700012, 0.007711389, -0.018948672), (0.008700012, 0.007885038, -0.018933475), (0.008700012, 0.008053409, -0.01888837), (0.008700012, 0.008211389, -0.0188147), (0.008700012, 0.008354177, -0.018714694), (0.008700012, 0.008477434, -0.018591464), (0.008700012, 0.008577415, -0.018448673), (0.008700012, 0.008651082, -0.018290684), (0.008700012, 0.008696197, -0.018122317), (0.008700012, 0.008711389, -0.017948672), (0.021967407, 0.0075256703, 0.011090664), (0.018645203, 0.0069470555, 0.009747159), (0.01874164, 0.007864709, 0.009747159), (0.019981384, -0.011370245, 0.011090664), (0.018645203, -0.011229811, 0.010534177), (0.018645203, 0.007874845, 0.009747159), (0.018645203, 0.0069470555, -0.009644473), (0.021967407, 0.0075256703, -0.010987979), (0.01874164, 0.007864709, -0.009644473), (0.019981384, -0.011370245, -0.010987979), (0.018645203, -0.011229811, -0.010431491), (0.024911866, 0.0072161956, -0.013948672), (0.022925843, -0.01167972, -0.013948672), (0.017650696, -0.011125282, 0.027051328), (0.022925843, -0.01167972, 0.0140513275), (0.027595887, -0.012170568, 0.027051328), (0.034453247, -0.012891301, 0.0140513275), (0.017650696, -0.011125282, -0.026948672), (0.027595887, -0.012170568, -0.026948672), (0.034453247, -0.012891301, -0.013948672), (0.06498993, -0.016100837, 0.0033289762), (0.06498993, -0.016100837, -0.0032263214), (0.09025079, -0.01875586, 0.0050513274), (0.09025079, -0.01875586, -0.0049486724), (0.024911866, 0.0072161956, 0.0140513275), (0.032565553, 0.006411764, 0.0140513275), (0.036320496, 0.0048747705, 0.0140513275), (0.06592114, -0.007241305, 0.0033289762), (0.019636719, 0.0077706333, 0.027051328), (0.010686035, 0.008711389, 0.020051327), (0.02958197, 0.006725349, 0.027051328), (0.090407595, -0.017264077, 0.0050513274), (0.032565553, 0.006411764, 0.02600372), (0.018645203, 0.007874845, -0.009644473), (0.010686035, 0.008711389, -0.019948673), (0.019636719, 0.0077706333, -0.026948672), (0.02958197, 0.006725349, -0.026948672), (0.032565553, 0.006411764, -0.013948672), (0.032565553, 0.006411764, -0.025901034), (0.036320496, 0.0048747705, -0.013948672), (0.06592114, -0.007241305, -0.0032263214), (0.090407595, -0.017264077, -0.0049486724), (0.008700012, -0.010276862, -0.018101504), (0.008700012, -0.010241894, -0.018250735), (0.008700012, -0.010288611, -0.017948672), (0.008700012, -0.010241894, 0.018353421), (0.008700012, -0.010276862, 0.01820416), (0.008700012, -0.010288611, 0.018051328), (-0.005, -0.005038611, 0.000051327403), (-0.0057499995, -0.004288611, 0.000051327403), (-0.0057499995, -0.004235438, -0.00055643014), (-0.0042499998, -0.00571265, -0.0008168977), (-0.0042499998, -0.005788611, 0.000051327403), (-0.0057499995, -0.004235438, 0.0006591155), (-0.0042499998, -0.00571265, 0.000919583), (-0.005, -0.0048083346, -0.001328647), (-0.0042499998, -0.005118738, -0.0024486727), (-0.0042499998, -0.0054870737, -0.0016587556), (-0.0057499995, -0.004077534, -0.0011457246), (-0.0057499995, -0.003819699, -0.0016986727), (-0.005, -0.0041424586, -0.0025590546), (-0.0042499998, -0.0040025488, -0.0037788728), (-0.0042499998, -0.004618832, -0.0031626008), (-0.0057499995, -0.003469767, -0.0021984284), (-0.0057499995, -0.0030383668, -0.002629825), (-0.005, -0.0031131406, -0.0035066255), (-0.0042499998, -0.0024987112, -0.0046471283), (-0.0042499998, -0.003288611, -0.0042787814), (-0.0057499995, -0.002538611, -0.0029797396), (-0.0057499995, -0.001985682, -0.0032375825), (-0.005, -0.0018319249, -0.0040686065), (-0.0042499998, -0.00078861095, -0.0049486724), (-0.0042499998, -0.0016568513, -0.004872714), (-0.0057499995, -0.00139638, -0.0033954806), (-0.0057499995, -0.00078861095, -0.0034486726), (-0.005, -0.0004376493, -0.0041841464), (-0.0042499998, 0.0000796294, -0.004872714), (-0.0057499995, -0.00018084195, -0.0033954806), (-0.005, 0.00091859384, -0.0038407014), (-0.0042499998, 0.001711389, -0.0042787814), (-0.0042499998, 0.0009214892, -0.0046471283), (-0.0057499995, 0.00040846012, -0.0032375825), (-0.0057499995, 0.00096138904, -0.0029797396), (-0.005, 0.0020898357, -0.0030755037), (-0.0042499998, 0.0030416122, -0.0031626008), (-0.0042499998, 0.0024253267, -0.0037788728), (-0.0057499995, 0.0014611449, -0.002629825), (-0.0057499995, 0.0018925451, -0.0021984284), (-0.005, 0.0029491533, -0.0019714388), (-0.0042499998, 0.0039098524, -0.0016587556), (-0.0042499998, 0.0035415168, -0.0024486727), (-0.0057499995, 0.0022424788, -0.0016986727), (-0.0057499995, 0.0025003143, -0.0011457246), (-0.005, 0.0034034248, -0.00064819655), (-0.0042499998, 0.004211389, 0.000051327403), (-0.0042499998, 0.004135429, -0.0008168977), (-0.0057499995, 0.002658216, -0.00055643014), (-0.0057499995, 0.002711389, 0.000051327403), (-0.005, 0.0034034248, 0.00075085135), (-0.0042499998, 0.0039098524, 0.0017614409), (-0.0042499998, 0.004135429, 0.000919583), (-0.0057499995, 0.002658216, 0.0006591155), (-0.0057499995, 0.0025003143, 0.00124841), (-0.005, 0.0029491533, 0.002074124), (-0.0042499998, 0.0030416122, 0.003265286), (-0.0042499998, 0.0035415168, 0.0025513275), (-0.0057499995, 0.0022424788, 0.0018013275), (-0.0057499995, 0.0018925451, 0.0023010832), (-0.005, 0.0020898357, 0.0031781585), (-0.0042499998, 0.001711389, 0.0043814667), (-0.0042499998, 0.0024253267, 0.003881558), (-0.0057499995, 0.0014611449, 0.0027324797), (-0.0057499995, 0.00096138904, 0.0030824249), (-0.005, 0.00091859384, 0.003943387), (-0.0042499998, 0.0000796294, 0.004975369), (-0.0042499998, 0.0009214892, 0.0047498136), (-0.0057499995, 0.00040846012, 0.0033402678), (-0.0057499995, -0.00018084195, 0.0034981659), (-0.005, -0.0004376493, 0.0042868317), (-0.0042499998, -0.00078861095, 0.0050513274), (-0.0057499995, -0.00078861095, 0.0035513274), (-0.005, -0.0018319249, 0.004171292), (-0.0042499998, -0.0024987112, 0.0047498136), (-0.0042499998, -0.0016568513, 0.004975369), (-0.0057499995, -0.00139638, 0.0034981659), (-0.0057499995, -0.001985682, 0.0033402678), (-0.005, -0.0031131406, 0.0036092803), (-0.0042499998, -0.0040025488, 0.003881558), (-0.0042499998, -0.003288611, 0.0043814667), (-0.0057499995, -0.002538611, 0.0030824249), (-0.0057499995, -0.0030383668, 0.0027324797), (-0.005, -0.0041424586, 0.00266174), (-0.0042499998, -0.005118738, 0.0025513275), (-0.0042499998, -0.004618832, 0.003265286), (-0.0057499995, -0.003469767, 0.0023010832), (-0.0057499995, -0.003819699, 0.0018013275), (-0.005, -0.0048083346, 0.0014313018), (-0.0042499998, -0.0054870737, 0.0017614409), (-0.0057499995, -0.004077534, 0.00124841), (0.0027000124, -0.005788611, 0.000051327403), (0.0027000124, -0.00571265, 0.000919583), (0.0027000124, -0.0054870737, 0.0017614409), (0.0027000124, -0.005118738, 0.0025513275), (0.0027000124, -0.004618832, 0.003265286), (0.0027000124, -0.0040025488, 0.003881558), (0.0027000124, -0.003288611, 0.0043814667), (0.0027000124, -0.0024987112, 0.0047498136), (0.0027000124, -0.0016568513, 0.004975369), (0.0027000124, -0.00078861095, 0.0050513274), (0.0027000124, 0.0000796294, 0.004975369), (0.0027000124, 0.0009214892, 0.0047498136), (0.0027000124, 0.001711389, 0.0043814667), (0.0027000124, 0.0024253267, 0.003881558), (0.0027000124, 0.0030416122, 0.003265286), (0.0027000124, 0.0035415168, 0.0025513275), (0.0027000124, 0.0039098524, 0.0017614409), (0.0027000124, 0.004135429, 0.000919583), (0.0027000124, 0.004211389, 0.000051327403), (0.0027000124, 0.004135429, -0.0008168977), (0.0027000124, 0.0039098524, -0.0016587556), (0.0027000124, 0.0035415168, -0.0024486727), (0.0027000124, 0.0030416122, -0.0031626008), (0.0027000124, 0.0024253267, -0.0037788728), (0.0027000124, 0.001711389, -0.0042787814), (0.0027000124, 0.0009214892, -0.0046471283), (0.0027000124, 0.0000796294, -0.004872714), (0.0027000124, -0.00078861095, -0.0049486724), (0.0027000124, -0.0016568513, -0.004872714), (0.0027000124, -0.0024987112, -0.0046471283), (0.0027000124, -0.003288611, -0.0042787814), (0.0027000124, -0.0040025488, -0.0037788728), (0.0027000124, -0.004618832, -0.0031626008), (0.0027000124, -0.005118738, -0.0024486727), (0.0027000124, -0.0054870737, -0.0016587556), (0.0027000124, -0.00571265, -0.0008168977), (0.0027000124, -0.010288611, 0.018051328), (0.0027000124, -0.010288611, -0.017948672), (0.0027000124, -0.009288611, -0.018948672), (0.0027000124, 0.007711389, -0.018948672), (0.0027000124, 0.008711389, -0.017948672), (0.0027000124, 0.008711389, 0.018051328), (0.0027000124, -0.010054655, -0.018591464), (0.0027000124, -0.009788611, -0.0188147), (0.0027000124, -0.009931398, -0.018714694), (0.0027000124, -0.010154636, -0.018448673), (0.0027000124, -0.010228303, -0.018290684), (0.0027000124, -0.010273419, -0.018122317), (0.0027000124, -0.009630631, -0.01888837), (0.0027000124, -0.009462259, -0.018933475), (0.0027000124, 0.007885038, -0.018933475), (0.0027000124, 0.008211389, -0.0188147), (0.0027000124, 0.008053409, -0.01888837), (0.0027000124, 0.008477434, -0.018591464), (0.0027000124, 0.008354177, -0.018714694), (0.0027000124, 0.008577415, -0.018448673), (0.0027000124, 0.008696197, -0.018122317), (0.0027000124, 0.008651082, -0.018290684), (0.0027000124, -0.010054655, 0.01869412), (0.0027000124, -0.009931398, 0.01881738), (0.0027000124, -0.010154636, 0.018551327), (0.0027000124, -0.010273419, 0.018224973), (0.0027000124, -0.009788611, 0.018917356), (0.0027000124, -0.010228303, 0.018393368), (0.0027000124, -0.009630631, 0.018991025), (0.0027000124, -0.009462259, 0.01903613), (0.0027000124, -0.009288611, 0.019051328), (0.0027000124, 0.007711389, 0.019051328), (0.0027000124, 0.008696197, 0.018224973), (0.0027000124, 0.008053409, 0.018991025), (0.0027000124, 0.008354177, 0.01881738), (0.0027000124, 0.007885038, 0.01903613), (0.0027000124, 0.008211389, 0.018917356), (0.0027000124, 0.008477434, 0.01869412), (0.0027000124, 0.008651082, 0.018393368), (0.0027000124, 0.008577415, 0.018551327)]
            color3f[] primvars:displayColor = [(0.08, 0.24, 0.82)]
            uniform token subdivisionScheme = "none"
        }
    }

    def Xform "right_finger" (
        customData = {
            dictionary aloha1 = {
                string cadProduct = "Part__Feature008"
                string sourceObjSha256 = "b0979c5d55fee448dab512dc75b1251bab17d94892decd01de9a6e76c01482d1"
            }
        }
    )
    {
        def Mesh "mesh"
        {
            uniform bool doubleSided = 0
            float3[] extent = [(-0.0057499995, -0.00871139, -0.027051333), (0.090407595, 0.01875586, 0.026948666)]
            int[] faceVertexCounts = [3, 3, 3, 3, 3, 3, 3, 3, 3, 3, 3, 3, 3, 3, 3, 3, 3, 3, 3, 3, 3, 3, 3, 3, 3, 3, 3, 3, 3, 3, 3, 3, 3, 3, 3, 3, 3, 3, 3, 3, 3, 3, 3, 3, 3, 3, 3, 3, 3, 3, 3, 3, 3, 3, 3, 3, 3, 3, 3, 3, 3, 3, 3, 3, 3, 3, 3, 3, 3, 3, 3, 3, 3, 3, 3, 3, 3, 3, 3, 3, 3, 3, 3, 3, 3, 3, 3, 3, 3, 3, 3, 3, 3, 3, 3, 3, 3, 3, 3, 3, 3, 3, 3, 3, 3, 3, 3, 3, 3, 3, 3, 3, 3, 3, 3, 3, 3, 3, 3, 3, 3, 3, 3, 3, 3, 3, 3, 3, 3, 3, 3, 3, 3, 3, 3, 3, 3, 3, 3, 3, 3, 3, 3, 3, 3, 3, 3, 3, 3, 3, 3, 3, 3, 3, 3, 3, 3, 3, 3, 3, 3, 3, 3, 3, 3, 3, 3, 3, 3, 3, 3, 3, 3, 3, 3, 3, 3, 3, 3, 3, 3, 3, 3, 3, 3, 3, 3, 3, 3, 3, 3, 3, 3, 3, 3, 3, 3, 3, 3, 3, 3, 3, 3, 3, 3, 3, 3, 3, 3, 3, 3, 3, 3, 3, 3, 3, 3, 3, 3, 3, 3, 3, 3, 3, 3, 3, 3, 3, 3, 3, 3, 3, 3, 3, 3, 3, 3, 3, 3, 3, 3, 3, 3, 3, 3, 3, 3, 3, 3, 3, 3, 3, 3, 3, 3, 3, 3, 3, 3, 3, 3, 3, 3, 3, 3, 3, 3, 3, 3, 3, 3, 3, 3, 3, 3, 3, 3, 3, 3, 3, 3, 3, 3, 3, 3, 3, 3, 3, 3, 3, 3, 3, 3, 3, 3, 3, 3, 3, 3, 3, 3, 3, 3, 3, 3, 3, 3, 3, 3, 3, 3, 3, 3, 3, 3, 3, 3, 3, 3, 3, 3, 3, 3, 3, 3, 3, 3, 3, 3, 3, 3, 3, 3, 3, 3, 3, 3, 3, 3, 3, 3, 3, 3, 3, 3, 3, 3, 3, 3, 3, 3, 3, 3, 3, 3, 3, 3, 3, 3, 3, 3, 3, 3, 3, 3, 3, 3, 3, 3, 3, 3, 3, 3, 3, 3, 3, 3, 3, 3, 3, 3, 3, 3, 3, 3, 3, 3, 3, 3, 3, 3, 3, 3, 3, 3, 3, 3, 3, 3, 3, 3, 3, 3, 3, 3, 3, 3, 3, 3, 3, 3, 3, 3, 3, 3, 3, 3, 3, 3, 3, 3, 3, 3, 3, 3, 3, 3, 3, 3, 3, 3, 3, 3, 3, 3, 3, 3, 3, 3, 3, 3, 3, 3, 3, 3, 3, 3, 3, 3, 3, 3, 3, 3, 3, 3, 3, 3, 3, 3, 3, 3, 3, 3, 3, 3, 3, 3, 3, 3, 3, 3, 3, 3, 3, 3, 3, 3, 3, 3, 3, 3, 3, 3, 3, 3, 3, 3, 3, 3, 3, 3, 3, 3, 3, 3, 3, 3, 3, 3, 3, 3, 3, 3, 3, 3, 3, 3, 3, 3, 3, 3, 3, 3, 3, 3, 3, 3, 3, 3, 3, 3, 3, 3, 3, 3, 3, 3, 3, 3, 3, 3, 3, 3, 3, 3, 3, 3, 3, 3, 3, 3, 3, 3, 3, 3, 3, 3, 3, 3, 3, 3, 3, 3, 3, 3, 3, 3, 3, 3, 3, 3, 3, 3, 3, 3, 3, 3, 3, 3, 3, 3, 3, 3, 3, 3, 3, 3, 3, 3, 3, 3, 3, 3, 3, 3, 3, 3, 3, 3, 3, 3, 3, 3, 3, 3, 3, 3, 3, 3, 3, 3, 3, 3, 3, 3, 3, 3, 3, 3, 3, 3, 3, 3, 3, 3, 3, 3, 3, 3, 3, 3, 3, 3, 3, 3, 3, 3, 3, 3, 3, 3, 3, 3, 3, 3, 3, 3, 3, 3, 3, 3, 3, 3, 3, 3, 3, 3, 3, 3, 3, 3, 3, 3, 3, 3, 3, 3, 3, 3, 3, 3, 3, 3, 3, 3, 3, 3, 3, 3, 3, 3, 3, 3, 3, 3, 3, 3, 3, 3, 3, 3, 3, 3, 3, 3, 3, 3, 3, 3, 3, 3, 3, 3, 3, 3, 3, 3, 3, 3, 3, 3, 3, 3, 3, 3, 3, 3, 3, 3, 3, 3, 3, 3, 3, 3, 3, 3, 3, 3, 3, 3, 3, 3, 3, 3, 3, 3, 3, 3, 3, 3, 3, 3, 3, 3, 3, 3, 3, 3, 3, 3, 3, 3, 3, 3, 3, 3, 3, 3, 3, 3, 3, 3, 3, 3, 3, 3, 3, 3, 3, 3, 3, 3, 3, 3, 3, 3, 3, 3, 3, 3, 3, 3, 3, 3, 3, 3, 3, 3, 3, 3, 3, 3, 3, 3, 3, 3, 3, 3, 3, 3, 3, 3, 3, 3, 3, 3, 3, 3, 3, 3, 3, 3, 3, 3, 3, 3, 3, 3, 3, 3, 3, 3, 3, 3, 3, 3, 3, 3, 3, 3, 3, 3, 3, 3, 3, 3, 3, 3, 3, 3, 3, 3, 3, 3, 3, 3, 3, 3, 3, 3, 3, 3, 3, 3, 3, 3, 3, 3, 3, 3, 3, 3, 3, 3, 3, 3, 3, 3, 3, 3, 3, 3, 3, 3, 3, 3, 3, 3, 3, 3, 3, 3, 3, 3, 3, 3, 3, 3, 3, 3, 3, 3, 3, 3, 3, 3, 3, 3, 3, 3, 3, 3, 3, 3, 3, 3, 3, 3, 3, 3, 3, 3, 3, 3, 3, 3, 3, 3, 3, 3, 3, 3, 3, 3, 3, 3, 3, 3, 3, 3, 3, 3, 3, 3, 3, 3, 3, 3, 3, 3, 3, 3, 3, 3, 3, 3, 3, 3, 3, 3, 3, 3, 3, 3, 3, 3, 3, 3, 3, 3, 3, 3, 3, 3, 3, 3, 3, 3, 3, 3, 3, 3, 3, 3, 3, 3, 3, 3, 3, 3, 3, 3, 3, 3, 3, 3, 3, 3, 3, 3, 3, 3, 3, 3, 3, 3, 3, 3, 3, 3, 3, 3, 3, 3, 3, 3, 3, 3, 3, 3, 3, 3, 3, 3, 3, 3, 3, 3, 3, 3, 3, 3, 3, 3, 3, 3, 3, 3, 3, 3, 3, 3, 3, 3, 3, 3, 3, 3, 3, 3, 3, 3, 3, 3, 3, 3, 3, 3, 3, 3, 3, 3, 3, 3, 3, 3, 3, 3, 3, 3, 3, 3, 3, 3, 3, 3, 3, 3, 3, 3, 3, 3, 3, 3, 3, 3, 3, 3, 3, 3, 3, 3, 3, 3, 3, 3, 3, 3, 3, 3, 3, 3, 3, 3, 3, 3, 3, 3, 3, 3, 3, 3, 3, 3, 3, 3, 3, 3, 3, 3, 3, 3, 3, 3, 3, 3, 3, 3, 3, 3, 3, 3, 3, 3, 3, 3, 3, 3, 3, 3, 3, 3, 3, 3, 3, 3, 3, 3, 3, 3, 3, 3, 3, 3, 3, 3, 3, 3, 3, 3, 3, 3, 3, 3, 3, 3, 3, 3, 3, 3, 3, 3, 3, 3, 3, 3, 3, 3, 3, 3, 3, 3, 3, 3, 3, 3, 3, 3, 3, 3, 3, 3, 3, 3, 3, 3, 3, 3, 3, 3, 3, 3, 3, 3, 3, 3, 3, 3, 3, 3, 3, 3, 3, 3, 3, 3, 3, 3, 3, 3, 3, 3, 3, 3, 3, 3, 3, 3, 3, 3, 3, 3, 3, 3, 3, 3, 3, 3, 3, 3, 3, 3, 3, 3, 3, 3, 3, 3, 3, 3, 3, 3, 3, 3, 3, 3, 3, 3, 3, 3, 3, 3, 3, 3, 3, 3, 3, 3, 3, 3, 3, 3, 3, 3, 3, 3, 3, 3, 3, 3, 3, 3, 3, 3, 3, 3, 3, 3, 3, 3, 3, 3, 3, 3, 3, 3, 3, 3, 3, 3, 3, 3, 3, 3, 3, 3, 3, 3, 3, 3, 3, 3, 3, 3, 3, 3, 3, 3, 3, 3, 3, 3, 3, 3, 3, 3, 3, 3, 3, 3, 3, 3, 3, 3, 3, 3, 3, 3, 3, 3, 3, 3, 3, 3, 3, 3, 3, 3, 3, 3, 3, 3, 3, 3, 3, 3, 3, 3, 3, 3, 3, 3, 3, 3, 3, 3, 3, 3, 3, 3, 3, 3, 3, 3, 3, 3, 3, 3, 3, 3, 3, 3, 3, 3, 3, 3, 3, 3, 3, 3, 3, 3, 3, 3, 3, 3, 3, 3, 3, 3, 3, 3, 3, 3, 3, 3, 3, 3, 3, 3, 3, 3, 3, 3, 3, 3, 3, 3, 3, 3, 3, 3, 3, 3, 3, 3, 3, 3, 3, 3, 3, 3, 3, 3, 3, 3, 3, 3, 3, 3, 3, 3, 3, 3, 3, 3, 3, 3, 3, 3, 3, 3, 3, 3, 3, 3, 3, 3, 3, 3, 3, 3, 3, 3, 3, 3, 3, 3, 3, 3, 3, 3, 3, 3, 3, 3, 3, 3, 3, 3, 3, 3, 3, 3, 3, 3, 3, 3, 3, 3, 3, 3, 3, 3, 3, 3, 3, 3, 3, 3, 3, 3, 3, 3, 3, 3, 3, 3, 3, 3, 3, 3, 3, 3, 3, 3, 3, 3, 3, 3, 3, 3, 3, 3, 3, 3, 3, 3, 3, 3, 3, 3, 3, 3, 3, 3, 3, 3, 3, 3, 3, 3, 3, 3, 3, 3, 3, 3, 3, 3, 3, 3, 3, 3, 3, 3, 3, 3, 3, 3, 3, 3, 3, 3, 3, 3, 3, 3, 3, 3, 3, 3, 3, 3, 3, 3, 3, 3, 3, 3, 3, 3, 3, 3, 3, 3, 3, 3, 3, 3, 3, 3, 3, 3, 3, 3, 3, 3, 3, 3, 3, 3, 3, 3, 3, 3, 3, 3, 3, 3, 3, 3, 3, 3, 3, 3, 3, 3, 3, 3, 3, 3, 3, 3, 3, 3, 3, 3, 3, 3, 3, 3, 3, 3, 3, 3, 3, 3, 3, 3, 3, 3, 3, 3, 3, 3, 3, 3, 3, 3, 3, 3, 3, 3, 3, 3, 3, 3, 3, 3, 3, 3, 3, 3, 3, 3, 3, 3, 3, 3, 3, 3, 3, 3, 3, 3, 3, 3, 3, 3, 3]
            int[] faceVertexIndices = [0, 1, 2, 3, 1, 0, 4, 0, 5, 5, 0, 2, 6, 7, 8, 8, 7, 9, 10, 11, 8, 8, 11, 6, 12, 11, 13, 13, 11, 10, 1, 14, 15, 3, 14, 1, 14, 12, 15, 15, 12, 13, 16, 17, 18, 18, 17, 19, 20, 4, 21, 22, 4, 20, 23, 4, 22, 24, 25, 26, 24, 26, 27, 24, 27, 28, 29, 30, 31, 32, 30, 29, 33, 34, 35, 33, 35, 36, 37, 35, 38, 37, 36, 35, 39, 40, 34, 39, 23, 40, 39, 34, 33, 41, 38, 42, 41, 37, 38, 43, 4, 23, 43, 23, 39, 44, 42, 25, 44, 25, 24, 44, 41, 42, 45, 0, 4, 45, 4, 43, 46, 0, 45, 47, 24, 48, 49, 44, 24, 49, 24, 47, 50, 48, 51, 50, 47, 48, 52, 44, 49, 52, 53, 54, 52, 54, 44, 55, 56, 57, 55, 51, 56, 55, 50, 51, 58, 55, 57, 59, 32, 60, 59, 60, 61, 59, 30, 32, 62, 57, 63, 62, 63, 30, 62, 58, 57, 64, 65, 66, 67, 62, 30, 68, 65, 64, 69, 67, 30, 70, 65, 68, 71, 59, 65, 71, 65, 70, 72, 73, 69, 74, 30, 59, 74, 69, 30, 74, 71, 75, 74, 59, 71, 74, 72, 69, 76, 14, 3, 76, 3, 0, 76, 0, 46, 77, 14, 76, 78, 79, 80, 78, 80, 81, 82, 78, 81, 83, 84, 78, 85, 83, 78, 85, 86, 83, 87, 78, 82, 87, 85, 78, 87, 88, 85, 87, 82, 89, 90, 91, 92, 90, 92, 93, 94, 95, 87, 96, 91, 90, 97, 94, 87, 97, 87, 89, 97, 89, 98, 99, 97, 98, 100, 99, 98, 101, 100, 98, 101, 98, 102, 103, 101, 102, 104, 102, 105, 104, 103, 102, 106, 105, 107, 106, 104, 105, 108, 107, 109, 108, 106, 107, 108, 109, 110, 111, 108, 110, 112, 111, 110, 112, 110, 91, 113, 91, 96, 113, 112, 91, 113, 114, 115, 113, 115, 116, 113, 116, 112, 117, 96, 118, 117, 113, 96, 119, 118, 120, 119, 117, 118, 121, 120, 122, 121, 119, 120, 123, 122, 124, 123, 121, 122, 125, 126, 127, 125, 124, 126, 125, 123, 124, 128, 125, 127, 7, 129, 130, 7, 127, 129, 7, 130, 131, 7, 128, 127, 7, 132, 128, 6, 133, 134, 6, 132, 7, 6, 134, 132, 11, 133, 6, 12, 14, 77, 12, 77, 135, 12, 135, 133, 12, 133, 11, 136, 137, 138, 139, 136, 140, 139, 140, 141, 130, 139, 131, 130, 137, 136, 130, 136, 139, 142, 143, 144, 144, 143, 145, 146, 147, 148, 147, 149, 148, 5, 150, 17, 5, 2, 150, 16, 5, 17, 151, 5, 16, 147, 2, 1, 147, 150, 2, 15, 147, 1, 149, 147, 15, 9, 139, 141, 9, 141, 143, 142, 9, 143, 8, 9, 142, 13, 149, 15, 152, 149, 13, 153, 13, 10, 153, 10, 8, 153, 8, 142, 153, 152, 13, 154, 155, 19, 156, 155, 154, 155, 18, 19, 155, 157, 18, 154, 158, 156, 154, 146, 158, 146, 159, 158, 146, 148, 159, 136, 160, 140, 140, 160, 145, 160, 144, 145, 160, 161, 144, 148, 162, 159, 162, 163, 164, 164, 163, 161, 161, 163, 144, 148, 165, 162, 162, 165, 163, 21, 4, 151, 151, 4, 5, 7, 131, 9, 9, 131, 139, 143, 141, 145, 145, 141, 140, 157, 155, 166, 166, 155, 167, 160, 136, 168, 168, 136, 138, 150, 146, 154, 147, 146, 150, 17, 150, 19, 19, 150, 154, 163, 142, 144, 163, 153, 142, 152, 153, 165, 165, 153, 163, 167, 169, 166, 167, 170, 169, 167, 171, 170, 172, 173, 174, 174, 173, 175, 175, 173, 176, 177, 178, 179, 177, 180, 178, 181, 182, 183, 183, 182, 184, 183, 185, 186, 184, 185, 183, 187, 188, 181, 171, 188, 187, 181, 188, 182, 186, 189, 190, 185, 189, 186, 167, 191, 171, 171, 191, 188, 190, 192, 172, 172, 192, 173, 189, 192, 190, 193, 194, 167, 167, 194, 191, 193, 195, 194, 173, 196, 197, 173, 198, 196, 192, 198, 173, 197, 199, 200, 196, 199, 197, 192, 201, 198, 202, 201, 203, 203, 201, 192, 204, 205, 206, 200, 205, 204, 199, 205, 200, 205, 207, 206, 180, 208, 209, 209, 208, 210, 177, 208, 180, 206, 211, 212, 212, 211, 177, 207, 211, 206, 213, 214, 215, 211, 216, 177, 213, 217, 214, 216, 218, 177, 213, 219, 217, 208, 220, 213, 213, 220, 219, 221, 222, 218, 177, 223, 208, 218, 223, 177, 220, 223, 224, 208, 223, 220, 222, 223, 218, 225, 226, 227, 227, 226, 193, 193, 226, 195, 225, 228, 226, 229, 230, 231, 231, 230, 232, 230, 233, 232, 234, 235, 230, 235, 236, 230, 237, 236, 235, 230, 238, 233, 236, 238, 230, 239, 238, 236, 233, 238, 240, 241, 242, 243, 243, 242, 244, 245, 246, 238, 241, 247, 242, 238, 248, 240, 246, 248, 238, 240, 248, 249, 248, 250, 249, 250, 251, 249, 251, 252, 249, 249, 252, 253, 252, 254, 253, 253, 255, 256, 254, 255, 253, 255, 257, 256, 256, 257, 258, 257, 259, 258, 260, 259, 261, 258, 259, 260, 259, 262, 261, 262, 263, 261, 261, 263, 241, 241, 264, 247, 263, 264, 241, 265, 264, 266, 266, 264, 267, 267, 264, 263, 264, 268, 247, 247, 268, 269, 269, 270, 271, 268, 270, 269, 271, 272, 273, 270, 272, 271, 273, 274, 275, 272, 274, 273, 276, 277, 278, 275, 277, 276, 274, 277, 275, 277, 279, 278, 280, 168, 137, 278, 168, 280, 137, 168, 138, 279, 168, 278, 281, 168, 279, 282, 283, 284, 281, 283, 168, 284, 283, 281, 282, 285, 283, 225, 286, 228, 228, 286, 287, 287, 286, 282, 282, 286, 285, 167, 155, 193, 155, 156, 193, 156, 227, 193, 158, 227, 156, 159, 162, 225, 225, 162, 286, 162, 164, 286, 286, 164, 285, 285, 164, 283, 283, 164, 161, 161, 160, 283, 283, 160, 168, 158, 159, 227, 227, 159, 225, 151, 20, 21, 157, 151, 16, 157, 16, 18, 169, 157, 166, 169, 20, 151, 169, 151, 157, 169, 170, 20, 20, 170, 22, 22, 171, 23, 170, 171, 22, 23, 187, 40, 171, 187, 23, 40, 181, 34, 187, 181, 40, 34, 183, 35, 181, 183, 34, 35, 186, 38, 183, 186, 35, 38, 190, 42, 186, 190, 38, 42, 172, 25, 190, 172, 42, 96, 247, 118, 118, 269, 120, 247, 269, 118, 269, 271, 120, 120, 273, 122, 271, 273, 120, 122, 275, 124, 273, 275, 122, 124, 276, 126, 275, 276, 124, 126, 278, 127, 276, 278, 126, 127, 280, 129, 278, 280, 127, 129, 137, 130, 280, 137, 129, 242, 247, 96, 242, 96, 90, 244, 90, 93, 244, 242, 90, 243, 93, 92, 243, 244, 93, 241, 92, 91, 241, 243, 92, 102, 253, 105, 253, 256, 105, 105, 258, 107, 256, 258, 105, 107, 260, 109, 258, 260, 107, 109, 261, 110, 260, 261, 109, 110, 241, 91, 261, 241, 110, 102, 249, 253, 102, 98, 249, 249, 98, 89, 240, 249, 89, 233, 89, 82, 233, 240, 89, 232, 82, 81, 232, 233, 82, 231, 80, 79, 231, 81, 80, 231, 232, 81, 229, 231, 79, 230, 79, 78, 230, 229, 79, 234, 78, 84, 234, 230, 78, 235, 84, 83, 235, 234, 84, 237, 83, 86, 237, 235, 83, 236, 86, 85, 236, 237, 86, 239, 88, 87, 239, 85, 88, 239, 236, 85, 238, 239, 87, 245, 87, 95, 245, 238, 87, 246, 95, 94, 246, 245, 95, 248, 246, 94, 248, 94, 97, 250, 248, 97, 250, 97, 99, 251, 250, 99, 251, 100, 101, 251, 99, 100, 252, 251, 101, 101, 254, 252, 101, 103, 254, 263, 262, 112, 112, 262, 111, 111, 259, 108, 262, 259, 111, 108, 257, 106, 259, 257, 108, 106, 255, 104, 257, 255, 106, 104, 254, 103, 255, 254, 104, 263, 112, 116, 267, 116, 115, 267, 263, 116, 266, 115, 114, 266, 267, 115, 265, 266, 114, 264, 114, 113, 264, 265, 114, 134, 284, 132, 132, 281, 128, 284, 281, 132, 128, 279, 125, 281, 279, 128, 125, 277, 123, 279, 277, 125, 123, 274, 121, 277, 274, 123, 274, 272, 121, 121, 270, 119, 272, 270, 121, 119, 268, 117, 270, 268, 119, 117, 264, 113, 268, 264, 117, 134, 282, 284, 133, 282, 134, 133, 287, 282, 133, 135, 287, 135, 228, 287, 135, 77, 228, 77, 226, 228, 77, 76, 226, 226, 76, 46, 226, 46, 195, 192, 189, 44, 44, 189, 41, 37, 185, 36, 41, 185, 37, 189, 185, 41, 185, 184, 36, 36, 182, 33, 184, 182, 36, 33, 188, 39, 182, 188, 33, 39, 191, 43, 188, 191, 39, 43, 194, 45, 191, 194, 43, 45, 195, 46, 194, 195, 45, 203, 192, 44, 203, 54, 53, 203, 44, 54, 202, 203, 53, 201, 53, 52, 201, 202, 53, 198, 52, 49, 198, 201, 52, 211, 207, 62, 62, 207, 58, 58, 205, 55, 207, 205, 58, 55, 199, 50, 205, 199, 55, 50, 196, 47, 199, 196, 50, 47, 198, 49, 196, 198, 47, 67, 216, 211, 62, 67, 211, 216, 67, 69, 218, 216, 69, 221, 73, 72, 221, 69, 73, 221, 218, 69, 222, 221, 72, 223, 72, 74, 223, 222, 72, 224, 75, 71, 224, 74, 75, 224, 223, 74, 220, 224, 71, 219, 71, 70, 219, 220, 71, 217, 68, 64, 217, 70, 68, 217, 219, 70, 214, 217, 64, 215, 64, 66, 215, 214, 64, 213, 65, 59, 213, 66, 65, 213, 215, 66, 208, 59, 61, 208, 213, 59, 210, 208, 61, 209, 210, 61, 209, 61, 60, 180, 209, 60, 180, 60, 32, 178, 180, 32, 178, 29, 31, 178, 32, 29, 179, 178, 31, 177, 179, 31, 177, 31, 30, 30, 212, 177, 30, 63, 212, 173, 197, 24, 24, 197, 48, 51, 200, 56, 48, 200, 51, 197, 200, 48, 200, 204, 56, 57, 206, 63, 56, 206, 57, 204, 206, 56, 206, 212, 63, 176, 173, 24, 176, 28, 27, 176, 24, 28, 175, 176, 27, 174, 27, 26, 174, 175, 27, 172, 26, 25, 172, 174, 26, 288, 289, 290, 291, 289, 288, 292, 288, 293, 293, 288, 290, 294, 295, 296, 296, 295, 297, 298, 299, 296, 296, 299, 294, 300, 299, 301, 301, 299, 298, 289, 302, 303, 291, 302, 289, 302, 300, 303, 303, 300, 301, 304, 305, 306, 306, 305, 307, 308, 292, 309, 310, 292, 308, 311, 292, 310, 312, 313, 314, 312, 314, 315, 312, 315, 316, 317, 318, 319, 317, 319, 320, 321, 319, 322, 321, 320, 319, 323, 324, 318, 323, 311, 324, 323, 318, 317, 325, 322, 326, 325, 321, 322, 327, 292, 311, 327, 311, 323, 328, 326, 313, 328, 313, 312, 328, 325, 326, 329, 330, 331, 332, 288, 292, 332, 292, 327, 333, 288, 332, 334, 312, 335, 336, 312, 334, 336, 328, 312, 337, 335, 338, 337, 334, 335, 339, 328, 336, 339, 340, 341, 339, 341, 328, 342, 338, 343, 342, 337, 338, 344, 342, 343, 344, 345, 346, 344, 343, 345, 347, 344, 346, 347, 346, 348, 349, 347, 348, 350, 349, 348, 351, 329, 352, 351, 352, 353, 351, 353, 354, 351, 354, 355, 351, 355, 356, 351, 356, 357, 358, 348, 359, 358, 350, 348, 360, 329, 351, 361, 359, 330, 361, 360, 362, 361, 363, 358, 361, 358, 359, 361, 329, 360, 361, 330, 329, 364, 302, 291, 364, 291, 288, 364, 288, 333, 365, 302, 364, 366, 367, 368, 366, 368, 369, 366, 369, 370, 366, 370, 371, 372, 366, 371, 373, 366, 372, 374, 373, 372, 375, 376, 374, 377, 378, 379, 380, 375, 374, 380, 381, 375, 382, 380, 374, 383, 377, 384, 383, 378, 377, 385, 382, 374, 385, 386, 382, 387, 385, 374, 388, 387, 374, 388, 374, 372, 388, 372, 389, 390, 388, 389, 390, 389, 391, 392, 393, 394, 392, 391, 393, 392, 390, 391, 395, 392, 394, 396, 394, 397, 396, 395, 394, 396, 397, 398, 399, 396, 398, 400, 378, 383, 400, 399, 398, 400, 398, 378, 401, 400, 383, 401, 402, 403, 401, 403, 404, 401, 404, 400, 405, 383, 406, 405, 401, 383, 407, 405, 406, 407, 406, 408, 409, 408, 410, 409, 407, 408, 411, 410, 412, 411, 409, 410, 413, 412, 414, 413, 411, 412, 415, 414, 416, 415, 413, 414, 417, 302, 365, 295, 418, 419, 295, 416, 418, 295, 419, 420, 295, 421, 415, 295, 415, 416, 294, 422, 423, 294, 421, 295, 294, 423, 421, 300, 417, 422, 300, 302, 417, 299, 422, 294, 299, 300, 422, 424, 425, 426, 427, 424, 428, 427, 428, 429, 419, 427, 420, 419, 425, 424, 419, 424, 427, 430, 431, 432, 432, 431, 433, 434, 435, 436, 436, 435, 437, 293, 438, 305, 293, 290, 438, 304, 293, 305, 439, 293, 304, 434, 290, 289, 434, 438, 290, 303, 434, 289, 435, 434, 303, 297, 427, 429, 297, 429, 431, 430, 297, 431, 296, 297, 430, 301, 435, 303, 440, 435, 301, 441, 301, 298, 441, 298, 296, 441, 296, 430, 441, 440, 301, 442, 443, 307, 444, 443, 442, 443, 306, 307, 443, 445, 306, 444, 436, 446, 442, 436, 444, 436, 447, 446, 436, 437, 447, 424, 448, 428, 428, 448, 433, 448, 432, 433, 448, 449, 432, 437, 450, 447, 450, 451, 452, 452, 451, 449, 449, 451, 432, 437, 453, 450, 450, 453, 451, 309, 292, 439, 439, 292, 293, 295, 420, 297, 297, 420, 427, 431, 429, 433, 433, 429, 428, 445, 443, 454, 454, 443, 455, 448, 424, 456, 456, 424, 426, 438, 436, 442, 434, 436, 438, 305, 438, 307, 307, 438, 442, 432, 441, 430, 451, 441, 432, 440, 441, 453, 453, 441, 451, 455, 457, 454, 455, 458, 457, 455, 459, 458, 460, 461, 462, 462, 461, 463, 463, 461, 464, 465, 466, 467, 467, 466, 468, 467, 469, 470, 468, 469, 467, 471, 472, 465, 459, 472, 471, 465, 472, 466, 470, 473, 474, 469, 473, 470, 455, 475, 459, 459, 475, 472, 474, 476, 460, 460, 476, 461, 473, 476, 474, 477, 478, 479, 480, 481, 455, 455, 481, 475, 480, 482, 481, 461, 483, 484, 461, 485, 483, 476, 485, 461, 484, 486, 487, 483, 486, 484, 476, 488, 485, 489, 488, 490, 490, 488, 476, 487, 491, 492, 486, 491, 487, 491, 493, 492, 494, 493, 495, 492, 493, 494, 493, 496, 495, 495, 496, 497, 496, 498, 497, 498, 499, 497, 478, 500, 501, 501, 500, 502, 502, 500, 503, 503, 500, 504, 504, 500, 505, 505, 500, 506, 497, 507, 508, 499, 507, 497, 478, 509, 500, 508, 510, 477, 509, 510, 511, 512, 510, 507, 507, 510, 508, 478, 510, 509, 477, 510, 478, 513, 514, 515, 515, 514, 480, 480, 514, 482, 513, 516, 514, 517, 518, 519, 519, 518, 520, 520, 518, 521, 521, 518, 522, 518, 523, 522, 518, 524, 523, 524, 525, 523, 526, 527, 525, 528, 529, 530, 527, 531, 525, 532, 531, 527, 531, 533, 525, 529, 534, 535, 528, 534, 529, 536, 537, 533, 533, 537, 525, 537, 538, 525, 538, 539, 525, 525, 539, 523, 523, 539, 540, 539, 541, 540, 540, 541, 542, 542, 543, 544, 541, 543, 542, 544, 543, 545, 543, 546, 545, 546, 547, 545, 548, 547, 549, 545, 547, 548, 547, 550, 549, 528, 551, 534, 550, 551, 549, 549, 551, 528, 551, 552, 534, 553, 552, 554, 554, 552, 555, 555, 552, 551, 534, 556, 557, 552, 556, 534, 557, 558, 559, 556, 558, 557, 558, 560, 559, 559, 560, 561, 561, 562, 563, 560, 562, 561, 562, 564, 563, 563, 564, 565, 565, 566, 567, 564, 566, 565, 513, 568, 516, 569, 456, 425, 567, 456, 569, 425, 456, 426, 566, 456, 567, 570, 456, 566, 571, 572, 573, 570, 572, 456, 573, 572, 570, 568, 574, 571, 513, 574, 568, 571, 575, 572, 574, 575, 571, 443, 444, 455, 455, 444, 480, 444, 515, 480, 446, 515, 444, 447, 450, 513, 513, 450, 574, 450, 452, 574, 574, 452, 575, 575, 452, 572, 572, 452, 449, 449, 448, 572, 572, 448, 456, 446, 447, 515, 515, 447, 513, 439, 308, 309, 445, 439, 304, 445, 304, 306, 457, 445, 454, 457, 308, 439, 457, 439, 445, 457, 458, 308, 308, 458, 310, 310, 459, 311, 458, 459, 310, 311, 471, 324, 459, 471, 311, 324, 465, 318, 471, 465, 324, 318, 467, 319, 465, 467, 318, 319, 470, 322, 467, 470, 319, 326, 474, 313, 322, 474, 326, 470, 474, 322, 474, 460, 313, 383, 534, 406, 534, 557, 406, 406, 559, 408, 557, 559, 406, 410, 561, 412, 408, 561, 410, 559, 561, 408, 561, 563, 412, 414, 565, 416, 412, 565, 414, 563, 565, 412, 416, 567, 418, 565, 567, 416, 567, 569, 418, 418, 425, 419, 569, 425, 418, 535, 534, 383, 535, 384, 377, 535, 383, 384, 529, 377, 379, 529, 535, 377, 530, 529, 379, 528, 379, 378, 528, 530, 379, 542, 544, 391, 391, 544, 393, 393, 545, 394, 544, 545, 393, 394, 548, 397, 545, 548, 394, 398, 549, 378, 397, 549, 398, 548, 549, 397, 549, 528, 378, 391, 540, 542, 391, 389, 540, 540, 389, 372, 523, 540, 372, 522, 372, 371, 522, 523, 372, 521, 371, 370, 521, 522, 371, 520, 369, 368, 520, 370, 369, 520, 521, 370, 519, 520, 368, 517, 368, 367, 517, 519, 368, 518, 367, 366, 518, 517, 367, 524, 366, 373, 524, 518, 366, 525, 373, 374, 525, 524, 373, 526, 374, 376, 526, 525, 374, 527, 375, 381, 527, 376, 375, 527, 526, 376, 532, 527, 381, 531, 381, 380, 531, 532, 381, 533, 380, 382, 533, 531, 380, 536, 533, 382, 536, 382, 386, 537, 536, 386, 537, 386, 385, 538, 537, 385, 538, 387, 388, 538, 385, 387, 539, 538, 388, 388, 541, 539, 388, 390, 541, 551, 550, 400, 400, 550, 399, 399, 547, 396, 550, 547, 399, 396, 546, 395, 547, 546, 396, 395, 543, 392, 546, 543, 395, 392, 541, 390, 543, 541, 392, 555, 551, 400, 555, 404, 403, 555, 400, 404, 554, 555, 403, 553, 403, 402, 553, 554, 403, 552, 402, 401, 552, 553, 402, 423, 573, 421, 573, 570, 421, 421, 566, 415, 570, 566, 421, 415, 564, 413, 566, 564, 415, 413, 562, 411, 564, 562, 413, 409, 560, 407, 411, 560, 409, 562, 560, 411, 560, 558, 407, 405, 556, 401, 407, 556, 405, 558, 556, 407, 556, 552, 401, 422, 571, 573, 422, 573, 423, 422, 568, 571, 422, 417, 568, 417, 516, 568, 417, 365, 516, 365, 514, 516, 365, 364, 514, 482, 364, 333, 514, 364, 482, 328, 476, 325, 476, 473, 325, 325, 469, 321, 473, 469, 325, 321, 468, 320, 469, 468, 321, 320, 466, 317, 468, 466, 320, 317, 472, 323, 466, 472, 317, 323, 475, 327, 472, 475, 323, 327, 481, 332, 475, 481, 327, 332, 482, 333, 481, 482, 332, 476, 328, 341, 490, 476, 341, 489, 341, 340, 489, 490, 341, 488, 340, 339, 488, 489, 340, 485, 339, 336, 485, 488, 339, 347, 496, 344, 344, 493, 342, 496, 493, 344, 493, 491, 342, 342, 486, 337, 491, 486, 342, 337, 483, 334, 486, 483, 337, 334, 485, 336, 483, 485, 334, 349, 498, 496, 347, 349, 496, 498, 349, 350, 499, 498, 350, 507, 358, 363, 507, 350, 358, 507, 499, 350, 512, 507, 363, 510, 363, 361, 510, 512, 363, 511, 362, 360, 511, 361, 362, 511, 510, 361, 509, 511, 360, 500, 360, 351, 500, 509, 360, 506, 357, 356, 506, 351, 357, 506, 500, 351, 505, 506, 356, 504, 356, 355, 504, 505, 356, 503, 354, 353, 503, 355, 354, 503, 504, 355, 502, 353, 352, 502, 503, 353, 501, 502, 352, 478, 501, 352, 478, 352, 329, 479, 478, 329, 479, 329, 331, 477, 479, 331, 477, 330, 359, 477, 331, 330, 508, 477, 359, 497, 508, 359, 497, 359, 348, 346, 495, 497, 348, 346, 497, 461, 484, 312, 312, 484, 335, 335, 487, 338, 484, 487, 335, 338, 492, 343, 487, 492, 338, 345, 494, 346, 343, 494, 345, 492, 494, 343, 494, 495, 346, 464, 461, 312, 464, 316, 315, 464, 312, 316, 463, 464, 315, 462, 315, 314, 462, 463, 315, 460, 314, 313, 460, 462, 314, 576, 577, 578, 578, 577, 579, 580, 581, 582, 583, 581, 580, 584, 585, 586, 584, 586, 587, 584, 581, 585, 585, 581, 583, 588, 589, 590, 591, 592, 593, 591, 594, 592, 591, 595, 594, 596, 597, 598, 596, 599, 597, 596, 588, 599, 600, 596, 601, 602, 603, 591, 602, 604, 603, 605, 606, 607, 605, 600, 606, 605, 596, 600, 608, 609, 610, 611, 610, 602, 611, 608, 610, 612, 605, 613, 612, 596, 605, 614, 596, 612, 615, 616, 611, 617, 591, 593, 617, 602, 591, 617, 611, 602, 617, 615, 611, 618, 614, 619, 620, 614, 618, 621, 614, 620, 621, 593, 589, 621, 622, 617, 621, 623, 622, 621, 589, 588, 621, 588, 596, 621, 596, 614, 621, 617, 593, 624, 614, 612, 625, 626, 624, 624, 619, 614, 626, 627, 624, 628, 629, 630, 628, 630, 625, 628, 612, 613, 628, 613, 605, 628, 624, 612, 628, 625, 624, 631, 628, 605, 631, 629, 628, 631, 632, 633, 631, 633, 629, 631, 605, 607, 631, 607, 606, 634, 631, 606, 634, 635, 636, 634, 636, 632, 634, 606, 600, 634, 600, 601, 634, 632, 631, 637, 638, 639, 637, 639, 635, 637, 601, 596, 637, 596, 598, 637, 635, 634, 637, 634, 601, 640, 641, 638, 640, 638, 637, 640, 637, 598, 640, 598, 597, 642, 641, 640, 642, 643, 644, 642, 644, 641, 642, 597, 599, 642, 599, 588, 642, 640, 597, 645, 646, 647, 645, 647, 643, 645, 588, 590, 645, 590, 589, 645, 642, 588, 645, 643, 642, 648, 646, 645, 648, 649, 650, 648, 650, 646, 648, 645, 589, 648, 589, 593, 648, 593, 592, 651, 652, 653, 651, 653, 649, 651, 592, 594, 651, 594, 595, 651, 649, 648, 651, 648, 592, 654, 651, 595, 654, 655, 656, 654, 656, 652, 654, 595, 591, 654, 591, 603, 654, 652, 651, 657, 658, 659, 657, 659, 655, 657, 655, 654, 657, 603, 604, 657, 604, 602, 657, 654, 603, 660, 661, 662, 660, 662, 658, 660, 602, 610, 660, 610, 609, 660, 658, 657, 660, 657, 602, 663, 664, 665, 663, 660, 609, 663, 665, 661, 663, 609, 608, 663, 608, 611, 663, 661, 660, 666, 664, 663, 666, 667, 664, 666, 663, 611, 666, 611, 616, 668, 669, 670, 668, 670, 667, 668, 666, 616, 668, 667, 666, 668, 616, 615, 668, 615, 617, 671, 672, 673, 671, 673, 669, 671, 669, 668, 671, 668, 617, 671, 617, 622, 671, 622, 623, 674, 675, 676, 674, 676, 672, 674, 672, 671, 674, 671, 623, 674, 623, 621, 674, 621, 620, 677, 627, 678, 677, 678, 675, 677, 624, 627, 677, 619, 624, 677, 675, 674, 677, 674, 620, 677, 620, 618, 677, 618, 619, 627, 626, 679, 627, 679, 680, 678, 680, 681, 678, 627, 680, 675, 681, 682, 675, 678, 681, 676, 682, 683, 676, 675, 682, 672, 683, 684, 672, 676, 683, 673, 672, 684, 673, 684, 685, 669, 673, 685, 669, 685, 686, 670, 669, 686, 670, 686, 687, 667, 670, 687, 667, 687, 688, 664, 667, 688, 664, 688, 689, 665, 664, 689, 665, 689, 690, 661, 665, 690, 661, 690, 691, 662, 661, 691, 662, 691, 692, 658, 662, 692, 658, 692, 693, 659, 658, 693, 659, 693, 694, 655, 659, 694, 655, 694, 695, 656, 655, 695, 656, 695, 696, 652, 656, 696, 652, 696, 697, 653, 697, 698, 653, 652, 697, 649, 698, 699, 649, 653, 698, 650, 699, 700, 650, 649, 699, 646, 700, 701, 646, 650, 700, 647, 701, 702, 647, 646, 701, 643, 702, 703, 643, 647, 702, 644, 703, 704, 644, 643, 703, 641, 704, 705, 641, 644, 704, 638, 705, 706, 638, 641, 705, 639, 706, 707, 639, 638, 706, 635, 707, 708, 635, 639, 707, 636, 708, 709, 636, 635, 708, 632, 709, 710, 632, 636, 709, 633, 632, 710, 633, 710, 711, 629, 633, 711, 629, 711, 712, 630, 629, 712, 630, 712, 713, 625, 630, 713, 625, 714, 679, 625, 713, 714, 626, 625, 679, 715, 716, 717, 715, 718, 716, 719, 720, 718, 721, 576, 722, 716, 576, 721, 718, 576, 716, 720, 576, 718, 720, 723, 576, 723, 437, 576, 437, 435, 576, 723, 453, 437, 435, 577, 576, 724, 725, 726, 724, 727, 725, 577, 727, 724, 577, 728, 727, 727, 728, 729, 577, 730, 728, 435, 731, 577, 577, 731, 730, 730, 731, 732, 453, 711, 710, 710, 709, 453, 453, 712, 711, 709, 708, 453, 453, 713, 712, 708, 707, 453, 723, 714, 453, 453, 714, 713, 707, 706, 453, 723, 679, 714, 435, 440, 731, 705, 440, 706, 704, 440, 705, 704, 703, 440, 703, 702, 440, 702, 701, 440, 701, 700, 440, 684, 148, 685, 683, 148, 684, 682, 148, 683, 681, 148, 682, 680, 148, 681, 700, 699, 440, 148, 686, 685, 440, 698, 731, 699, 698, 440, 148, 687, 686, 698, 697, 731, 148, 688, 687, 723, 733, 679, 680, 733, 148, 679, 733, 680, 734, 735, 736, 736, 737, 738, 735, 737, 736, 739, 740, 733, 738, 740, 739, 737, 740, 738, 741, 742, 740, 740, 742, 733, 695, 149, 696, 694, 149, 695, 693, 149, 694, 692, 149, 693, 691, 149, 692, 690, 149, 691, 689, 149, 690, 688, 149, 689, 742, 165, 733, 733, 165, 148, 149, 743, 696, 744, 743, 152, 152, 743, 149, 696, 743, 697, 697, 743, 731, 745, 746, 744, 744, 747, 743, 743, 747, 748, 747, 749, 750, 746, 749, 744, 744, 749, 747, 751, 752, 746, 746, 752, 749, 742, 744, 165, 165, 744, 152, 148, 149, 688, 440, 453, 706, 731, 583, 580, 732, 580, 582, 732, 731, 580, 730, 582, 581, 730, 732, 582, 728, 581, 753, 728, 730, 581, 729, 753, 754, 729, 728, 753, 727, 754, 755, 727, 729, 754, 725, 755, 756, 725, 727, 755, 726, 756, 757, 726, 725, 756, 724, 757, 758, 724, 726, 757, 577, 758, 579, 577, 724, 758, 759, 723, 720, 759, 760, 723, 761, 720, 719, 761, 759, 720, 762, 719, 718, 762, 761, 719, 763, 718, 715, 763, 762, 718, 764, 715, 717, 764, 763, 715, 765, 717, 716, 765, 764, 717, 766, 716, 721, 766, 765, 716, 767, 721, 722, 767, 766, 721, 578, 722, 576, 578, 767, 722, 739, 768, 769, 739, 733, 768, 738, 769, 770, 738, 739, 769, 736, 770, 771, 736, 738, 770, 734, 771, 772, 734, 736, 771, 735, 772, 773, 735, 734, 772, 737, 773, 774, 737, 735, 773, 740, 774, 775, 740, 737, 774, 741, 775, 776, 741, 740, 775, 742, 776, 777, 742, 741, 776, 586, 743, 748, 586, 585, 743, 587, 748, 747, 587, 586, 748, 584, 747, 750, 584, 587, 747, 778, 750, 749, 778, 584, 750, 779, 749, 752, 779, 778, 749, 780, 752, 751, 780, 779, 752, 781, 751, 746, 781, 780, 751, 782, 746, 745, 782, 781, 746, 783, 745, 744, 783, 782, 745, 784, 783, 744, 731, 585, 583, 743, 585, 731, 777, 784, 742, 784, 744, 742, 785, 584, 778, 785, 778, 779, 785, 779, 780, 785, 780, 781, 785, 781, 782, 785, 782, 783, 785, 783, 784, 786, 777, 776, 786, 776, 775, 786, 775, 774, 786, 774, 773, 786, 773, 772, 786, 772, 771, 786, 771, 770, 786, 770, 769, 786, 769, 768, 786, 785, 784, 786, 784, 777, 787, 788, 789, 790, 791, 788, 790, 788, 787, 788, 792, 789, 793, 794, 795, 796, 794, 793, 797, 796, 793, 798, 794, 796, 798, 796, 799, 800, 801, 581, 802, 803, 800, 802, 791, 790, 802, 800, 581, 802, 581, 791, 804, 803, 802, 584, 791, 581, 797, 791, 584, 799, 796, 797, 799, 797, 584, 805, 584, 785, 805, 799, 584, 806, 807, 799, 806, 799, 805, 808, 803, 804, 809, 807, 806, 810, 803, 808, 811, 808, 809, 811, 810, 808, 811, 809, 806, 812, 813, 802, 802, 813, 804, 813, 814, 804, 790, 812, 802, 787, 812, 790, 814, 815, 804, 804, 815, 808, 816, 817, 800, 800, 817, 801, 818, 816, 803, 803, 816, 800, 819, 803, 810, 819, 820, 803, 820, 818, 803, 821, 801, 817, 791, 797, 788, 797, 793, 788, 788, 822, 792, 793, 822, 788, 822, 793, 795, 812, 817, 816, 812, 816, 818, 787, 789, 792, 787, 792, 817, 787, 817, 812, 813, 818, 820, 813, 812, 818, 823, 792, 822, 823, 817, 792, 794, 822, 795, 794, 823, 822, 798, 823, 794, 824, 823, 798, 825, 798, 826, 825, 824, 798, 827, 825, 826, 826, 798, 799, 826, 799, 807, 828, 826, 807, 829, 828, 807, 829, 807, 809, 824, 805, 785, 823, 824, 785, 824, 806, 805, 824, 825, 806, 806, 830, 811, 827, 830, 806, 825, 827, 806, 785, 786, 823, 830, 810, 811, 830, 819, 810, 760, 821, 817, 768, 733, 723, 768, 723, 760, 823, 786, 768, 823, 760, 817, 823, 768, 760, 755, 754, 801, 753, 801, 754, 756, 755, 801, 581, 801, 753, 757, 756, 801, 758, 757, 801, 579, 758, 801, 578, 579, 801, 821, 578, 801, 767, 578, 821, 766, 767, 821, 765, 766, 821, 764, 765, 821, 763, 764, 821, 762, 763, 821, 761, 762, 821, 759, 761, 821, 760, 759, 821, 830, 815, 819, 830, 829, 815, 815, 820, 819, 815, 814, 820, 814, 813, 820, 829, 827, 828, 828, 827, 826, 830, 827, 829, 829, 809, 808, 815, 829, 808]
            uniform token orientation = "rightHanded"
            point3f[] points = [(-0.0016499936, 0.008788611, 0.0062990994), (0.0020499881, 0.005588611, 0.0062990994), (-0.0016499936, 0.005588611, 0.0062990994), (0.0020499881, 0.008788611, 0.0062990994), (-0.0021499936, 0.008788611, 0.0067990995), (-0.0021499936, 0.005588611, 0.0067990995), (-0.0016499936, 0.008788611, 0.018099118), (-0.0021499936, 0.008788611, 0.017599117), (-0.0016499936, 0.005588611, 0.018099118), (-0.0021499936, 0.005588611, 0.017599117), (0.0020499881, 0.005588611, 0.018099118), (0.0020499881, 0.008788611, 0.018099118), (0.002549988, 0.008788611, 0.017599117), (0.002549988, 0.005588611, 0.017599117), (0.002549988, 0.008788611, 0.0067990995), (0.002549988, 0.005588611, 0.0067990995), (-0.0022999875, 0.005588611, 0.009699093), (-0.0022999875, 0.005588611, 0.0066945464), (-0.0022999875, -0.0040113893, 0.009699093), (-0.0022999875, -0.0040113893, 0.0066945464), (-0.001770416, 0.008788611, 0.009699093), (-0.0021499936, 0.008788611, 0.009699093), (-0.0017386167, 0.008788611, 0.009701657), (-0.0017076413, 0.008788611, 0.009709195), (-0.001391998, 0.008788611, 0.010102109), (-0.0015790097, 0.008788611, 0.009841092), (-0.0015489805, 0.008788611, 0.00991702), (-0.0015070188, 0.008788611, 0.009987026), (-0.0014542234, 0.008788611, 0.010049283), (-0.0012879331, 0.008788611, 0.01042651), (-0.0012999875, 0.008788611, 0.0103580905), (-0.0012969663, 0.008788611, 0.010392849), (-0.001273193, 0.008788611, 0.010458096), (-0.0005487668, 0.008788611, 0.009738492), (-0.0016512448, 0.008788611, 0.009738492), (-0.0016272275, 0.008788611, 0.009759457), (-0.00057275366, 0.008788611, 0.009759457), (-0.0005931394, 0.008788611, 0.0097839935), (-0.0016068723, 0.008788611, 0.0097839935), (-0.00052172825, 0.008788611, 0.009721585), (-0.0016782834, 0.008788611, 0.009721585), (-0.0006093442, 0.008788611, 0.009811428), (-0.0015906369, 0.008788611, 0.009811428), (-0.00049233984, 0.008788611, 0.009709195), (-0.00062100193, 0.008788611, 0.009841092), (-0.00046136449, 0.008788611, 0.009701657), (-0.00042959568, 0.008788611, 0.009699093), (-0.00083438086, 0.008788611, 0.010124661), (-0.0013656309, 0.008788611, 0.010124661), (-0.00080801366, 0.008788611, 0.010102109), (-0.00085644505, 0.008788611, 0.010151425), (-0.0013435361, 0.008788611, 0.010151425), (-0.00074578833, 0.008788611, 0.010049283), (-0.0006929929, 0.008788611, 0.009987026), (-0.0006510007, 0.008788611, 0.00991702), (-0.0008735654, 0.008788611, 0.010181607), (-0.0013264158, 0.008788611, 0.010181607), (-0.0013147886, 0.008788611, 0.0102142915), (-0.0008852231, 0.008788611, 0.0102142915), (-0.0012000119, 0.008788611, 0.010531308), (-0.0012532041, 0.008788611, 0.0104866605), (-0.0012285459, 0.008788611, 0.010511319), (-0.00089102145, 0.008788611, 0.010248502), (-0.0013089597, 0.008788611, 0.010248502), (-0.0011000058, 0.008788611, 0.010558102), (-0.0011683957, 0.008788611, 0.010546048), (-0.0011347348, 0.008788611, 0.010555081), (-0.00089999364, 0.008788611, 0.0103580905), (-0.0010652768, 0.008788611, 0.010555081), (-0.0009030454, 0.008788611, 0.010392849), (-0.0010315854, 0.008788611, 0.010546048), (-0.0009999997, 0.008788611, 0.010531308), (-0.0009267881, 0.008788611, 0.010458096), (-0.0009120481, 0.008788611, 0.01042651), (-0.00094677706, 0.008788611, 0.0104866605), (-0.0009714353, 0.008788611, 0.010511319), (0.00004998806, 0.008788611, 0.009699093), (0.00029998805, 0.008788611, 0.009949094), (-0.0012000119, 0.008788611, 0.01386691), (-0.0012285459, 0.008788611, 0.013886899), (-0.0012532041, 0.008788611, 0.013911556), (-0.001273193, 0.008788611, 0.013940091), (-0.0012879331, 0.008788611, 0.013971707), (-0.0011347348, 0.008788611, 0.013843137), (-0.0011683957, 0.008788611, 0.01385217), (-0.0010652768, 0.008788611, 0.013843137), (-0.0011000058, 0.008788611, 0.013840116), (-0.0009999997, 0.008788611, 0.01386691), (-0.0010315854, 0.008788611, 0.01385217), (-0.0012969663, 0.008788611, 0.014005368), (-0.0015489805, 0.008788611, 0.014481198), (-0.001391998, 0.008788611, 0.014296109), (-0.0014542234, 0.008788611, 0.014348934), (-0.0015070188, 0.008788611, 0.0144111905), (-0.00094677706, 0.008788611, 0.013911556), (-0.0009714353, 0.008788611, 0.013886899), (-0.0015790097, 0.008788611, 0.014557095), (-0.0009267881, 0.008788611, 0.013940091), (-0.0012999875, 0.008788611, 0.014040097), (-0.0009120481, 0.008788611, 0.013971707), (-0.0009030454, 0.008788611, 0.014005368), (-0.00089999364, 0.008788611, 0.014040097), (-0.0013089597, 0.008788611, 0.014149716), (-0.00089102145, 0.008788611, 0.014149716), (-0.0008852231, 0.008788611, 0.014183926), (-0.0013147886, 0.008788611, 0.014183926), (-0.0008735654, 0.008788611, 0.01421661), (-0.0013264158, 0.008788611, 0.01421661), (-0.00085644505, 0.008788611, 0.0142467925), (-0.0013435361, 0.008788611, 0.0142467925), (-0.0013656309, 0.008788611, 0.014273556), (-0.00083438086, 0.008788611, 0.014273556), (-0.00080801366, 0.008788611, 0.014296109), (-0.00062100193, 0.008788611, 0.014557095), (-0.0006510007, 0.008788611, 0.014481198), (-0.0006929929, 0.008788611, 0.0144111905), (-0.00074578833, 0.008788611, 0.014348934), (-0.0006093442, 0.008788611, 0.014586789), (-0.0015906369, 0.008788611, 0.014586789), (-0.0005931394, 0.008788611, 0.014614224), (-0.0016068723, 0.008788611, 0.014614224), (-0.00057275366, 0.008788611, 0.01463876), (-0.0016272275, 0.008788611, 0.01463876), (-0.0005487668, 0.008788611, 0.014659726), (-0.0016512448, 0.008788611, 0.014659726), (-0.00052172825, 0.008788611, 0.014676632), (-0.0016782834, 0.008788611, 0.014676632), (-0.0017076413, 0.008788611, 0.014688992), (-0.00049233984, 0.008788611, 0.014688992), (-0.0017386167, 0.008788611, 0.014696561), (-0.001770416, 0.008788611, 0.014699093), (-0.0021499936, 0.008788611, 0.014699093), (-0.00046136449, 0.008788611, 0.014696561), (0.00004998806, 0.008788611, 0.014699093), (-0.00042959568, 0.008788611, 0.014699093), (0.00029998805, 0.008788611, 0.0144490935), (-0.0021499936, -0.0040113893, 0.014699093), (-0.001770416, -0.00721139, 0.014699093), (-0.0021499936, -0.00721139, 0.014699093), (-0.0021499936, 0.005588611, 0.014699093), (-0.0022999875, -0.0040113893, 0.014699093), (-0.0022999875, 0.005588611, 0.014699093), (-0.0018045652, 0.005588611, 0.018199094), (-0.0022999875, 0.005588611, 0.017703671), (-0.0018045652, -0.0040113893, 0.018199094), (-0.0022999875, -0.0040113893, 0.017703671), (0.0022045595, -0.0040113893, 0.0061990935), (0.0022045595, 0.005588611, 0.0061990935), (0.0027000124, -0.0040113893, 0.0066945464), (0.0027000124, 0.005588611, 0.0066945464), (-0.0018045652, 0.005588611, 0.0061990935), (-0.0021499936, 0.005588611, 0.009699093), (0.0027000124, 0.005588611, 0.017703671), (0.0022045595, 0.005588611, 0.018199094), (-0.0018045652, -0.0040113893, 0.0061990935), (-0.0021499936, -0.0040113893, 0.0067990995), (-0.0016499936, -0.0040113893, 0.0062990994), (-0.0021499936, -0.0040113893, 0.009699093), (0.0020499881, -0.0040113893, 0.0062990994), (0.002549988, -0.0040113893, 0.0067990995), (-0.0021499936, -0.0040113893, 0.017599117), (-0.0016499936, -0.0040113893, 0.018099118), (0.002549988, -0.0040113893, 0.017599117), (0.0022045595, -0.0040113893, 0.018199094), (0.0020499881, -0.0040113893, 0.018099118), (0.0027000124, -0.0040113893, 0.017703671), (-0.0021499936, -0.00721139, 0.009699093), (-0.0021499936, -0.00721139, 0.0067990995), (-0.0021499936, -0.00721139, 0.017599117), (-0.001770416, -0.00721139, 0.009699093), (-0.0017386167, -0.00721139, 0.009701657), (-0.0017076413, -0.00721139, 0.009709195), (-0.0015790097, -0.00721139, 0.009841092), (-0.001391998, -0.00721139, 0.010102109), (-0.0015489805, -0.00721139, 0.00991702), (-0.0015070188, -0.00721139, 0.009987026), (-0.0014542234, -0.00721139, 0.010049283), (-0.0012999875, -0.00721139, 0.0103580905), (-0.0012879331, -0.00721139, 0.01042651), (-0.0012969663, -0.00721139, 0.010392849), (-0.001273193, -0.00721139, 0.010458096), (-0.0016512448, -0.00721139, 0.009738492), (-0.0005487668, -0.00721139, 0.009738492), (-0.0016272275, -0.00721139, 0.009759457), (-0.00057275366, -0.00721139, 0.009759457), (-0.0005931394, -0.00721139, 0.0097839935), (-0.0016068723, -0.00721139, 0.0097839935), (-0.0016782834, -0.00721139, 0.009721585), (-0.00052172825, -0.00721139, 0.009721585), (-0.0006093442, -0.00721139, 0.009811428), (-0.0015906369, -0.00721139, 0.009811428), (-0.00049233984, -0.00721139, 0.009709195), (-0.00062100193, -0.00721139, 0.009841092), (-0.0016499936, -0.00721139, 0.0062990994), (-0.00046136449, -0.00721139, 0.009701657), (-0.00042959568, -0.00721139, 0.009699093), (-0.00083438086, -0.00721139, 0.010124661), (-0.0013656309, -0.00721139, 0.010124661), (-0.00080801366, -0.00721139, 0.010102109), (-0.00085644505, -0.00721139, 0.010151425), (-0.0013435361, -0.00721139, 0.010151425), (-0.00074578833, -0.00721139, 0.010049283), (-0.0006929929, -0.00721139, 0.009987026), (-0.0006510007, -0.00721139, 0.00991702), (-0.0013264158, -0.00721139, 0.010181607), (-0.0008735654, -0.00721139, 0.010181607), (-0.0013147886, -0.00721139, 0.0102142915), (-0.0008852231, -0.00721139, 0.0102142915), (-0.0012000119, -0.00721139, 0.010531308), (-0.0012532041, -0.00721139, 0.0104866605), (-0.0012285459, -0.00721139, 0.010511319), (-0.00089102145, -0.00721139, 0.010248502), (-0.0013089597, -0.00721139, 0.010248502), (-0.0011683957, -0.00721139, 0.010546048), (-0.0011000058, -0.00721139, 0.010558102), (-0.0011347348, -0.00721139, 0.010555081), (-0.00089999364, -0.00721139, 0.0103580905), (-0.0010652768, -0.00721139, 0.010555081), (-0.0009030454, -0.00721139, 0.010392849), (-0.0010315854, -0.00721139, 0.010546048), (-0.0009999997, -0.00721139, 0.010531308), (-0.0009120481, -0.00721139, 0.01042651), (-0.0009267881, -0.00721139, 0.010458096), (-0.00094677706, -0.00721139, 0.0104866605), (-0.0009714353, -0.00721139, 0.010511319), (0.002549988, -0.00721139, 0.0067990995), (0.00004998806, -0.00721139, 0.009699093), (0.0020499881, -0.00721139, 0.0062990994), (0.00029998805, -0.00721139, 0.009949094), (-0.0012285459, -0.00721139, 0.013886899), (-0.0012000119, -0.00721139, 0.01386691), (-0.0012532041, -0.00721139, 0.013911556), (-0.001273193, -0.00721139, 0.013940091), (-0.0012879331, -0.00721139, 0.013971707), (-0.0011683957, -0.00721139, 0.01385217), (-0.0011347348, -0.00721139, 0.013843137), (-0.0010652768, -0.00721139, 0.013843137), (-0.0011000058, -0.00721139, 0.013840116), (-0.0009999997, -0.00721139, 0.01386691), (-0.0010315854, -0.00721139, 0.01385217), (-0.0012969663, -0.00721139, 0.014005368), (-0.001391998, -0.00721139, 0.014296109), (-0.0015489805, -0.00721139, 0.014481198), (-0.0014542234, -0.00721139, 0.014348934), (-0.0015070188, -0.00721139, 0.0144111905), (-0.0009714353, -0.00721139, 0.013886899), (-0.00094677706, -0.00721139, 0.013911556), (-0.0015790097, -0.00721139, 0.014557095), (-0.0009267881, -0.00721139, 0.013940091), (-0.0012999875, -0.00721139, 0.014040097), (-0.0009120481, -0.00721139, 0.013971707), (-0.0009030454, -0.00721139, 0.014005368), (-0.00089999364, -0.00721139, 0.014040097), (-0.0013089597, -0.00721139, 0.014149716), (-0.00089102145, -0.00721139, 0.014149716), (-0.0008852231, -0.00721139, 0.014183926), (-0.0013147886, -0.00721139, 0.014183926), (-0.0008735654, -0.00721139, 0.01421661), (-0.0013264158, -0.00721139, 0.01421661), (-0.00085644505, -0.00721139, 0.0142467925), (-0.0013435361, -0.00721139, 0.0142467925), (-0.0013656309, -0.00721139, 0.014273556), (-0.00083438086, -0.00721139, 0.014273556), (-0.00080801366, -0.00721139, 0.014296109), (-0.00062100193, -0.00721139, 0.014557095), (-0.0006510007, -0.00721139, 0.014481198), (-0.0006929929, -0.00721139, 0.0144111905), (-0.00074578833, -0.00721139, 0.014348934), (-0.0006093442, -0.00721139, 0.014586789), (-0.0015906369, -0.00721139, 0.014586789), (-0.0005931394, -0.00721139, 0.014614224), (-0.0016068723, -0.00721139, 0.014614224), (-0.00057275366, -0.00721139, 0.01463876), (-0.0016272275, -0.00721139, 0.01463876), (-0.0005487668, -0.00721139, 0.014659726), (-0.0016512448, -0.00721139, 0.014659726), (-0.0016782834, -0.00721139, 0.014676632), (-0.00052172825, -0.00721139, 0.014676632), (-0.0017076413, -0.00721139, 0.014688992), (-0.00049233984, -0.00721139, 0.014688992), (-0.0017386167, -0.00721139, 0.014696561), (-0.00046136449, -0.00721139, 0.014696561), (0.00004998806, -0.00721139, 0.014699093), (-0.0016499936, -0.00721139, 0.018099118), (-0.00042959568, -0.00721139, 0.014699093), (0.0020499881, -0.00721139, 0.018099118), (0.002549988, -0.00721139, 0.017599117), (0.00029998805, -0.00721139, 0.0144490935), (-0.0016499936, 0.008788611, -0.0182009), (0.0020499881, 0.005588611, -0.0182009), (-0.0016499936, 0.005588611, -0.0182009), (0.0020499881, 0.008788611, -0.0182009), (-0.0021499936, 0.008788611, -0.017700901), (-0.0021499936, 0.005588611, -0.017700901), (-0.0016499936, 0.008788611, -0.0064008823), (-0.0021499936, 0.008788611, -0.006900882), (-0.0016499936, 0.005588611, -0.0064008823), (-0.0021499936, 0.005588611, -0.006900882), (0.0020499881, 0.005588611, -0.0064008823), (0.0020499881, 0.008788611, -0.0064008823), (0.002549988, 0.008788611, -0.006900882), (0.002549988, 0.005588611, -0.006900882), (0.002549988, 0.008788611, -0.017700901), (0.002549988, 0.005588611, -0.017700901), (-0.0022999875, 0.005588611, -0.014800906), (-0.0022999875, 0.005588611, -0.017805453), (-0.0022999875, -0.0040113893, -0.014800906), (-0.0022999875, -0.0040113893, -0.017805453), (-0.001770416, 0.008788611, -0.014800906), (-0.0021499936, 0.008788611, -0.014800906), (-0.0017386167, 0.008788611, -0.014798343), (-0.0017076413, 0.008788611, -0.014790805), (-0.001391998, 0.008788611, -0.014397891), (-0.0015790097, 0.008788611, -0.014658908), (-0.0015489805, 0.008788611, -0.01458298), (-0.0015070188, 0.008788611, -0.014512973), (-0.0014542234, 0.008788611, -0.014450718), (-0.0005487668, 0.008788611, -0.014761508), (-0.0016512448, 0.008788611, -0.014761508), (-0.0016272275, 0.008788611, -0.0147405425), (-0.00057275366, 0.008788611, -0.0147405425), (-0.0005931394, 0.008788611, -0.014716007), (-0.0016068723, 0.008788611, -0.014716007), (-0.00052172825, 0.008788611, -0.014778415), (-0.0016782834, 0.008788611, -0.014778415), (-0.0006093442, 0.008788611, -0.014688571), (-0.0015906369, 0.008788611, -0.014688571), (-0.00049233984, 0.008788611, -0.014790805), (-0.00062100193, 0.008788611, -0.014658908), (-0.0012532041, 0.008788611, -0.01401334), (-0.0012879331, 0.008788611, -0.014073489), (-0.001273193, 0.008788611, -0.014041903), (-0.00046136449, 0.008788611, -0.014798343), (-0.00042959568, 0.008788611, -0.014800906), (-0.00083438086, 0.008788611, -0.014375339), (-0.0013656309, 0.008788611, -0.014375339), (-0.00080801366, 0.008788611, -0.014397891), (-0.00085644505, 0.008788611, -0.014348575), (-0.0013435361, 0.008788611, -0.014348575), (-0.00074578833, 0.008788611, -0.014450718), (-0.0006929929, 0.008788611, -0.014512973), (-0.0006510007, 0.008788611, -0.01458298), (-0.0008735654, 0.008788611, -0.014318393), (-0.0013264158, 0.008788611, -0.014318393), (-0.0008852231, 0.008788611, -0.014285709), (-0.0013147886, 0.008788611, -0.014285709), (-0.0013089597, 0.008788611, -0.0142514985), (-0.00089102145, 0.008788611, -0.0142514985), (-0.0012999875, 0.008788611, -0.01414191), (-0.00089999364, 0.008788611, -0.01414191), (-0.0009030454, 0.008788611, -0.01410715), (-0.0010315854, 0.008788611, -0.013953952), (-0.0012285459, 0.008788611, -0.013988681), (-0.0012000119, 0.008788611, -0.013968692), (-0.0011683957, 0.008788611, -0.013953952), (-0.0011347348, 0.008788611, -0.013944919), (-0.0011000058, 0.008788611, -0.013941898), (-0.0010652768, 0.008788611, -0.013944919), (-0.0009120481, 0.008788611, -0.014073489), (-0.0012969663, 0.008788611, -0.01410715), (-0.0009999997, 0.008788611, -0.013968692), (-0.00094677706, 0.008788611, -0.01401334), (-0.0009714353, 0.008788611, -0.013988681), (-0.0009267881, 0.008788611, -0.014041903), (0.00004998806, 0.008788611, -0.014800906), (0.00029998805, 0.008788611, -0.014550907), (-0.0011683957, 0.008788611, -0.010647831), (-0.0012000119, 0.008788611, -0.0106330905), (-0.0012285459, 0.008788611, -0.010613102), (-0.0012532041, 0.008788611, -0.010588443), (-0.001273193, 0.008788611, -0.010559909), (-0.0012879331, 0.008788611, -0.0105282925), (-0.0012969663, 0.008788611, -0.010494632), (-0.0011347348, 0.008788611, -0.010656863), (-0.0011000058, 0.008788611, -0.010659885), (-0.0010315854, 0.008788611, -0.010647831), (-0.0010652768, 0.008788611, -0.010656863), (-0.0015070188, 0.008788611, -0.01008881), (-0.001391998, 0.008788611, -0.010203891), (-0.0014542234, 0.008788611, -0.010151065), (-0.0009714353, 0.008788611, -0.010613102), (-0.0009999997, 0.008788611, -0.0106330905), (-0.00094677706, 0.008788611, -0.010588443), (-0.0015790097, 0.008788611, -0.009942905), (-0.0015489805, 0.008788611, -0.010018802), (-0.0009120481, 0.008788611, -0.0105282925), (-0.0009267881, 0.008788611, -0.010559909), (-0.0009030454, 0.008788611, -0.010494632), (-0.00089999364, 0.008788611, -0.010459903), (-0.0012999875, 0.008788611, -0.010459903), (-0.00089102145, 0.008788611, -0.010350284), (-0.0013089597, 0.008788611, -0.010350284), (-0.0008852231, 0.008788611, -0.010316074), (-0.0013147886, 0.008788611, -0.010316074), (-0.0013264158, 0.008788611, -0.010283389), (-0.0008735654, 0.008788611, -0.010283389), (-0.00085644505, 0.008788611, -0.010253208), (-0.0013435361, 0.008788611, -0.010253208), (-0.0013656309, 0.008788611, -0.010226443), (-0.00083438086, 0.008788611, -0.010226443), (-0.00080801366, 0.008788611, -0.010203891), (-0.00062100193, 0.008788611, -0.009942905), (-0.0006510007, 0.008788611, -0.010018802), (-0.0006929929, 0.008788611, -0.01008881), (-0.00074578833, 0.008788611, -0.010151065), (-0.0006093442, 0.008788611, -0.009913211), (-0.0015906369, 0.008788611, -0.009913211), (-0.0005931394, 0.008788611, -0.009885776), (-0.0016068723, 0.008788611, -0.009885776), (-0.00057275366, 0.008788611, -0.00986124), (-0.0016272275, 0.008788611, -0.00986124), (-0.0005487668, 0.008788611, -0.009840274), (-0.0016512448, 0.008788611, -0.009840274), (-0.00052172825, 0.008788611, -0.009823367), (-0.0016782834, 0.008788611, -0.009823367), (-0.00049233984, 0.008788611, -0.009811007), (-0.0017076413, 0.008788611, -0.009811007), (0.00029998805, 0.008788611, -0.010050907), (-0.0017386167, 0.008788611, -0.0098034395), (-0.001770416, 0.008788611, -0.009800906), (-0.0021499936, 0.008788611, -0.009800906), (-0.00046136449, 0.008788611, -0.0098034395), (0.00004998806, 0.008788611, -0.009800906), (-0.00042959568, 0.008788611, -0.009800906), (-0.0021499936, -0.0040113893, -0.009800906), (-0.001770416, -0.00721139, -0.009800906), (-0.0021499936, -0.00721139, -0.009800906), (-0.0021499936, 0.005588611, -0.009800906), (-0.0022999875, -0.0040113893, -0.009800906), (-0.0022999875, 0.005588611, -0.009800906), (-0.0018045652, 0.005588611, -0.0063009067), (-0.0022999875, 0.005588611, -0.006796329), (-0.0018045652, -0.0040113893, -0.0063009067), (-0.0022999875, -0.0040113893, -0.006796329), (0.0022045595, 0.005588611, -0.018300906), (0.0027000124, 0.005588611, -0.017805453), (0.0022045595, -0.0040113893, -0.018300906), (0.0027000124, -0.0040113893, -0.017805453), (-0.0018045652, 0.005588611, -0.018300906), (-0.0021499936, 0.005588611, -0.014800906), (0.0027000124, 0.005588611, -0.006796329), (0.0022045595, 0.005588611, -0.0063009067), (-0.0018045652, -0.0040113893, -0.018300906), (-0.0021499936, -0.0040113893, -0.017700901), (-0.0016499936, -0.0040113893, -0.0182009), (-0.0021499936, -0.0040113893, -0.014800906), (0.0020499881, -0.0040113893, -0.0182009), (0.002549988, -0.0040113893, -0.017700901), (-0.0021499936, -0.0040113893, -0.006900882), (-0.0016499936, -0.0040113893, -0.0064008823), (0.002549988, -0.0040113893, -0.006900882), (0.0022045595, -0.0040113893, -0.0063009067), (0.0020499881, -0.0040113893, -0.0064008823), (0.0027000124, -0.0040113893, -0.006796329), (-0.0021499936, -0.00721139, -0.014800906), (-0.0021499936, -0.00721139, -0.017700901), (-0.0021499936, -0.00721139, -0.006900882), (-0.001770416, -0.00721139, -0.014800906), (-0.0017386167, -0.00721139, -0.014798343), (-0.0017076413, -0.00721139, -0.014790805), (-0.0015790097, -0.00721139, -0.014658908), (-0.001391998, -0.00721139, -0.014397891), (-0.0015489805, -0.00721139, -0.01458298), (-0.0015070188, -0.00721139, -0.014512973), (-0.0014542234, -0.00721139, -0.014450718), (-0.0016512448, -0.00721139, -0.014761508), (-0.0005487668, -0.00721139, -0.014761508), (-0.0016272275, -0.00721139, -0.0147405425), (-0.00057275366, -0.00721139, -0.0147405425), (-0.0005931394, -0.00721139, -0.014716007), (-0.0016068723, -0.00721139, -0.014716007), (-0.0016782834, -0.00721139, -0.014778415), (-0.00052172825, -0.00721139, -0.014778415), (-0.0006093442, -0.00721139, -0.014688571), (-0.0015906369, -0.00721139, -0.014688571), (-0.00049233984, -0.00721139, -0.014790805), (-0.00062100193, -0.00721139, -0.014658908), (-0.0012879331, -0.00721139, -0.014073489), (-0.0012532041, -0.00721139, -0.01401334), (-0.001273193, -0.00721139, -0.014041903), (-0.0016499936, -0.00721139, -0.0182009), (-0.00046136449, -0.00721139, -0.014798343), (-0.00042959568, -0.00721139, -0.014800906), (-0.00083438086, -0.00721139, -0.014375339), (-0.0013656309, -0.00721139, -0.014375339), (-0.00080801366, -0.00721139, -0.014397891), (-0.00085644505, -0.00721139, -0.014348575), (-0.0013435361, -0.00721139, -0.014348575), (-0.00074578833, -0.00721139, -0.014450718), (-0.0006929929, -0.00721139, -0.014512973), (-0.0006510007, -0.00721139, -0.01458298), (-0.0008735654, -0.00721139, -0.014318393), (-0.0013264158, -0.00721139, -0.014318393), (-0.0008852231, -0.00721139, -0.014285709), (-0.0013147886, -0.00721139, -0.014285709), (-0.0013089597, -0.00721139, -0.0142514985), (-0.00089102145, -0.00721139, -0.0142514985), (-0.0012999875, -0.00721139, -0.01414191), (-0.00089999364, -0.00721139, -0.01414191), (-0.0009030454, -0.00721139, -0.01410715), (-0.0010315854, -0.00721139, -0.013953952), (-0.0012285459, -0.00721139, -0.013988681), (-0.0012000119, -0.00721139, -0.013968692), (-0.0011683957, -0.00721139, -0.013953952), (-0.0011347348, -0.00721139, -0.013944919), (-0.0011000058, -0.00721139, -0.013941898), (-0.0010652768, -0.00721139, -0.013944919), (-0.0009120481, -0.00721139, -0.014073489), (-0.0012969663, -0.00721139, -0.01410715), (-0.0009999997, -0.00721139, -0.013968692), (-0.00094677706, -0.00721139, -0.01401334), (-0.0009714353, -0.00721139, -0.013988681), (-0.0009267881, -0.00721139, -0.014041903), (0.002549988, -0.00721139, -0.017700901), (0.00004998806, -0.00721139, -0.014800906), (0.0020499881, -0.00721139, -0.0182009), (0.00029998805, -0.00721139, -0.014550907), (-0.0012000119, -0.00721139, -0.0106330905), (-0.0011683957, -0.00721139, -0.010647831), (-0.0012285459, -0.00721139, -0.010613102), (-0.0012532041, -0.00721139, -0.010588443), (-0.001273193, -0.00721139, -0.010559909), (-0.0012879331, -0.00721139, -0.0105282925), (-0.0012969663, -0.00721139, -0.010494632), (-0.0011347348, -0.00721139, -0.010656863), (-0.0011000058, -0.00721139, -0.010659885), (-0.0010652768, -0.00721139, -0.010656863), (-0.0010315854, -0.00721139, -0.010647831), (-0.001391998, -0.00721139, -0.010203891), (-0.0015070188, -0.00721139, -0.01008881), (-0.0014542234, -0.00721139, -0.010151065), (-0.0009714353, -0.00721139, -0.010613102), (-0.0009999997, -0.00721139, -0.0106330905), (-0.00094677706, -0.00721139, -0.010588443), (-0.0015790097, -0.00721139, -0.009942905), (-0.0015489805, -0.00721139, -0.010018802), (-0.0009267881, -0.00721139, -0.010559909), (-0.0009120481, -0.00721139, -0.0105282925), (-0.0009030454, -0.00721139, -0.010494632), (-0.00089999364, -0.00721139, -0.010459903), (-0.0012999875, -0.00721139, -0.010459903), (-0.00089102145, -0.00721139, -0.010350284), (-0.0013089597, -0.00721139, -0.010350284), (-0.0008852231, -0.00721139, -0.010316074), (-0.0013147886, -0.00721139, -0.010316074), (-0.0013264158, -0.00721139, -0.010283389), (-0.0008735654, -0.00721139, -0.010283389), (-0.00085644505, -0.00721139, -0.010253208), (-0.0013435361, -0.00721139, -0.010253208), (-0.0013656309, -0.00721139, -0.010226443), (-0.00083438086, -0.00721139, -0.010226443), (-0.00080801366, -0.00721139, -0.010203891), (-0.00062100193, -0.00721139, -0.009942905), (-0.0006510007, -0.00721139, -0.010018802), (-0.0006929929, -0.00721139, -0.01008881), (-0.00074578833, -0.00721139, -0.010151065), (-0.0006093442, -0.00721139, -0.009913211), (-0.0015906369, -0.00721139, -0.009913211), (-0.0005931394, -0.00721139, -0.009885776), (-0.0016068723, -0.00721139, -0.009885776), (-0.00057275366, -0.00721139, -0.00986124), (-0.0016272275, -0.00721139, -0.00986124), (-0.0005487668, -0.00721139, -0.009840274), (-0.0016512448, -0.00721139, -0.009840274), (-0.00052172825, -0.00721139, -0.009823367), (-0.0016782834, -0.00721139, -0.009823367), (-0.00049233984, -0.00721139, -0.009811007), (-0.0017076413, -0.00721139, -0.009811007), (0.00029998805, -0.00721139, -0.010050907), (-0.0017386167, -0.00721139, -0.0098034395), (-0.00046136449, -0.00721139, -0.0098034395), (0.00004998806, -0.00721139, -0.009800906), (-0.0016499936, -0.00721139, -0.0064008823), (-0.00042959568, -0.00721139, -0.009800906), (0.002549988, -0.00721139, -0.006900882), (0.0020499881, -0.00721139, -0.0064008823), (0.0027000124, -0.00771139, -0.019051334), (0.0027000124, 0.009288611, -0.019051334), (0.008700012, -0.00771139, -0.019051334), (0.008700012, 0.009288611, -0.019051334), (0.008700012, 0.010276862, -0.018204166), (0.008700012, 0.010184526, -0.018495549), (0.008700012, 0.010241894, -0.018353427), (0.008700012, 0.010288611, -0.018051334), (0.008700012, 0.010184526, 0.01839288), (0.008700012, 0.010288611, 0.017948667), (0.008700012, 0.010276862, 0.018101498), (0.008700012, 0.010241894, 0.01825073), (-0.0057499995, 0.00253861, -0.0030824312), (-0.0057499995, 0.0034697661, -0.0023010897), (-0.0057499995, 0.0030383677, -0.002732486), (-0.0057499995, 0.004235439, 0.00055642385), (-0.0057499995, 0.004077535, -0.0012484163), (-0.0057499995, 0.0038196996, -0.0018013337), (-0.0057499995, 0.004235439, -0.0006590913), (-0.0057499995, 0.00428861, -0.000051333733), (-0.0057499995, 0.00018084285, -0.0034981722), (-0.0057499995, 0.001396379, -0.0034981722), (-0.0057499995, 0.00078860996, -0.0035513337), (-0.0057499995, 0.001985681, -0.003340274), (-0.0057499995, -0.00096139003, -0.0030824312), (-0.0057499995, -0.00040845922, -0.003340274), (-0.0057499995, 0.0034697661, 0.002198422), (-0.0057499995, 0.004077535, 0.0011457488), (-0.0057499995, 0.0038196996, 0.0016986663), (-0.0057499995, -0.0022424778, -0.0018013337), (-0.0057499995, -0.0014611459, -0.002732486), (-0.0057499995, -0.0018925443, -0.0023010897), (-0.0057499995, 0.001985681, 0.0032375762), (-0.0057499995, 0.00253861, 0.0029797638), (-0.0057499995, 0.0030383677, 0.0026298186), (-0.0057499995, 0.001396379, 0.0033955046), (-0.0057499995, -0.002658217, -0.0006590913), (-0.0057499995, -0.0025003133, -0.0012484163), (-0.0057499995, -0.0027113901, -0.000051333733), (-0.0057499995, 0.00018084285, 0.0033955046), (-0.0057499995, 0.00078860996, 0.0034486663), (-0.0057499995, -0.00040845922, 0.0032375762), (-0.0057499995, -0.0025003133, 0.0011457488), (-0.0057499995, -0.002658217, 0.00055642385), (-0.0057499995, -0.0022424778, 0.0016986663), (-0.0057499995, -0.0018925443, 0.002198422), (-0.0057499995, -0.00096139003, 0.0029797638), (-0.0057499995, -0.0014611459, 0.0026298186), (-0.005, -0.00346139, -0.000051333733), (-0.0042499998, -0.004135428, -0.00091958937), (-0.0042499998, -0.00421139, -0.000051333733), (-0.0042499998, -0.004135428, 0.0008168914), (-0.005, -0.003231112, -0.0014313081), (-0.0042499998, -0.003541516, -0.0025513337), (-0.0042499998, -0.0039098514, -0.0017614473), (-0.005, -0.0025652356, -0.0026617462), (-0.0042499998, -0.002425328, -0.0038815644), (-0.0042499998, -0.0030416113, -0.0032652619), (-0.005, -0.0015359197, -0.0036092866), (-0.0042499998, -0.0009214902, -0.0047497894), (-0.0042499998, -0.0017113901, -0.0043814727), (-0.005, -0.0002547021, -0.0041712984), (-0.0042499998, 0.00078860996, -0.005051334), (-0.0042499998, -0.0000796304, -0.0049753753), (-0.005, 0.0011395735, -0.0042868075), (-0.0042499998, 0.0016568522, -0.0049753753), (-0.005, 0.0024958167, -0.0039433627), (-0.0042499998, 0.00328861, -0.0043814727), (-0.0042499998, 0.002498712, -0.0047497894), (-0.005, 0.0036670566, -0.0031781648), (-0.0042499998, 0.004618833, -0.0032652619), (-0.0042499998, 0.0040025497, -0.0038815644), (-0.005, 0.0045263744, -0.0020740998), (-0.0042499998, 0.005487074, -0.0017614473), (-0.0042499998, 0.0051187375, -0.0025513337), (-0.005, 0.0049806465, -0.00075085764), (-0.0042499998, 0.005788611, -0.000051333733), (-0.0042499998, 0.00571265, -0.00091958937), (-0.005, 0.0049806465, 0.0006481902), (-0.0042499998, 0.005487074, 0.0016587493), (-0.0042499998, 0.00571265, 0.0008168914), (-0.005, 0.0045263744, 0.0019714325), (-0.0042499998, 0.004618833, 0.0031625945), (-0.0042499998, 0.0051187375, 0.0024486664), (-0.005, 0.0036670566, 0.0030754972), (-0.0042499998, 0.00328861, 0.0042788056), (-0.0042499998, 0.0040025497, 0.003778897), (-0.005, 0.0024958167, 0.0038406951), (-0.0042499998, 0.0016568522, 0.004872708), (-0.0042499998, 0.002498712, 0.004647122), (-0.005, 0.0011395735, 0.00418414), (-0.0042499998, 0.00078860996, 0.0049486663), (-0.005, -0.0002547021, 0.0040686005), (-0.0042499998, -0.0009214902, 0.004647122), (-0.0042499998, -0.0000796304, 0.004872708), (-0.005, -0.0015359197, 0.0035066193), (-0.0042499998, -0.002425328, 0.003778897), (-0.0042499998, -0.0017113901, 0.0042788056), (-0.005, -0.0025652356, 0.0025590789), (-0.0042499998, -0.003541516, 0.0024486664), (-0.0042499998, -0.0030416113, 0.0031625945), (-0.005, -0.003231112, 0.0013286406), (-0.0042499998, -0.0039098514, 0.0016587493), (0.0027000124, -0.00421139, -0.000051333733), (0.0027000124, -0.004135428, 0.0008168914), (0.0027000124, -0.0039098514, 0.0016587493), (0.0027000124, -0.003541516, 0.0024486664), (0.0027000124, -0.0030416113, 0.0031625945), (0.0027000124, -0.002425328, 0.003778897), (0.0027000124, -0.0017113901, 0.0042788056), (0.0027000124, -0.0009214902, 0.004647122), (0.0027000124, -0.0000796304, 0.004872708), (0.0027000124, 0.00078860996, 0.0049486663), (0.0027000124, 0.0016568522, 0.004872708), (0.0027000124, 0.002498712, 0.004647122), (0.0027000124, 0.00328861, 0.0042788056), (0.0027000124, 0.0040025497, 0.003778897), (0.0027000124, 0.004618833, 0.0031625945), (0.0027000124, 0.0051187375, 0.0024486664), (0.0027000124, 0.005487074, 0.0016587493), (0.0027000124, 0.00571265, 0.0008168914), (0.0027000124, 0.005788611, -0.000051333733), (0.0027000124, 0.00571265, -0.00091958937), (0.0027000124, 0.005487074, -0.0017614473), (0.0027000124, 0.0051187375, -0.0025513337), (0.0027000124, 0.004618833, -0.0032652619), (0.0027000124, 0.0040025497, -0.0038815644), (0.0027000124, 0.00328861, -0.0043814727), (0.0027000124, 0.002498712, -0.0047497894), (0.0027000124, 0.0016568522, -0.0049753753), (0.0027000124, 0.00078860996, -0.005051334), (0.0027000124, -0.0000796304, -0.0049753753), (0.0027000124, -0.0009214902, -0.0047497894), (0.0027000124, -0.0017113901, -0.0043814727), (0.0027000124, -0.002425328, -0.0038815644), (0.0027000124, -0.0030416113, -0.0032652619), (0.0027000124, -0.003541516, -0.0025513337), (0.0027000124, -0.0039098514, -0.0017614473), (0.0027000124, -0.004135428, -0.00091958937), (0.0027000124, -0.008477433, -0.018694125), (0.0027000124, -0.00821139, -0.018917361), (0.0027000124, -0.008354176, -0.018817386), (0.0027000124, -0.008577414, -0.018551333), (0.0027000124, -0.0086510815, -0.018393343), (0.0027000124, -0.008696196, -0.018224979), (0.0027000124, -0.00805341, -0.01899103), (0.0027000124, -0.007885037, -0.019036137), (0.0027000124, -0.00871139, -0.018051334), (0.0027000124, 0.009462259, -0.019036137), (0.0027000124, 0.009788611, -0.018917361), (0.0027000124, 0.009630631, -0.01899103), (0.0027000124, 0.009931399, -0.018817386), (0.0027000124, 0.010154636, -0.018551333), (0.0027000124, 0.010054655, -0.018694125), (0.0027000124, 0.010228303, -0.018393343), (0.0027000124, 0.010288611, -0.018051334), (0.0027000124, 0.010273419, -0.018224979), (0.0027000124, -0.00871139, 0.017948667), (0.0027000124, -0.008477433, 0.018591458), (0.0027000124, -0.008354176, 0.018714719), (0.0027000124, -0.008577414, 0.018448666), (0.0027000124, -0.00821139, 0.018814694), (0.0027000124, -0.0086510815, 0.018290676), (0.0027000124, -0.008696196, 0.018122312), (0.0027000124, -0.00805341, 0.018888364), (0.0027000124, -0.007885037, 0.01893347), (0.0027000124, -0.00771139, 0.018948667), (0.0027000124, 0.010288611, 0.017948667), (0.0027000124, 0.009288611, 0.018948667), (0.0027000124, 0.009462259, 0.01893347), (0.0027000124, 0.009630631, 0.018888364), (0.0027000124, 0.010228303, 0.018290676), (0.0027000124, 0.010273419, 0.018122312), (0.0027000124, 0.010054655, 0.018591458), (0.0027000124, 0.010154636, 0.018448666), (0.0027000124, 0.009788611, 0.018814694), (0.0027000124, 0.009931399, 0.018714719), (0.008700012, 0.010103099, -0.018631503), (0.008700012, 0.010001217, -0.018752903), (0.008700012, 0.009881438, -0.018856661), (0.008700012, 0.00974677, -0.01894022), (0.008700012, 0.0096005965, -0.019001437), (0.008700012, 0.009446587, -0.01903879), (0.008700012, -0.008696196, -0.018224979), (0.008700012, -0.00871139, -0.018051334), (0.008700012, -0.0086510815, -0.018393343), (0.008700012, -0.008577414, -0.018551333), (0.008700012, -0.008477433, -0.018694125), (0.008700012, -0.008354176, -0.018817386), (0.008700012, -0.00821139, -0.018917361), (0.008700012, -0.00805341, -0.01899103), (0.008700012, -0.007885037, -0.019036137), (0.008700012, -0.00871139, 0.017948667), (0.008700012, -0.008696196, 0.018122312), (0.008700012, -0.0086510815, 0.018290676), (0.008700012, -0.008577414, 0.018448666), (0.008700012, -0.008477433, 0.018591458), (0.008700012, -0.008354176, 0.018714719), (0.008700012, -0.00821139, 0.018814694), (0.008700012, -0.00805341, 0.018888364), (0.008700012, -0.007885037, 0.01893347), (0.008700012, -0.00771139, 0.018948667), (0.008700012, 0.010103099, 0.018528836), (0.008700012, 0.010001217, 0.018650236), (0.008700012, 0.009881438, 0.018753994), (0.008700012, 0.00974677, 0.01883752), (0.008700012, 0.0096005965, 0.01889874), (0.008700012, 0.009446587, 0.018936094), (0.008700012, 0.009288611, 0.018948667), (0.008700012, 0.010184526, 0.019948667), (0.008700012, -0.00871139, 0.019948667), (0.021967407, -0.0075256694, -0.011090671), (0.018645203, -0.0069470564, -0.009747165), (0.01874164, -0.007864708, -0.009747165), (0.019981384, 0.011370245, -0.011090671), (0.018645203, 0.011229811, -0.010534152), (0.018645203, -0.007874846, -0.009747165), (0.018645203, -0.0069470564, 0.009644497), (0.021967407, -0.0075256694, 0.010987973), (0.01874164, -0.007864708, 0.009644497), (0.019981384, 0.011370245, 0.010987973), (0.018645203, 0.011229811, 0.010431485), (0.024911866, -0.0072161946, 0.013948666), (0.022925843, 0.01167972, 0.013948666), (0.017650696, 0.011125282, -0.027051333), (0.008700012, 0.010184526, -0.020051334), (0.022925843, 0.01167972, -0.014051334), (0.027595887, 0.012170568, -0.027051333), (0.034453247, 0.012891301, -0.014051334), (0.017650696, 0.011125282, 0.026948666), (0.027595887, 0.012170568, 0.026948666), (0.034453247, 0.012891301, 0.013948666), (0.06498993, 0.016100837, -0.0033289827), (0.06498993, 0.016100837, 0.0032263151), (0.09025079, 0.01875586, -0.005051334), (0.09025079, 0.01875586, 0.0049486663), (0.024911866, -0.0072161946, -0.014051334), (0.032565553, -0.006411763, -0.014051334), (0.036320496, -0.0048747715, -0.014051334), (0.06592114, 0.007241305, -0.0033289827), (0.019636719, -0.0077706324, -0.027051333), (0.010686035, -0.00871139, -0.020051334), (0.02958197, -0.006725348, -0.027051333), (0.090407595, 0.017264077, -0.005051334), (0.032565553, -0.006411763, -0.026003726), (0.008700012, -0.00871139, -0.020051334), (0.018645203, -0.007874846, 0.009644497), (0.010686035, -0.00871139, 0.019948667), (0.019636719, -0.0077706324, 0.026948666), (0.02958197, -0.006725348, 0.026948666), (0.032565553, -0.006411763, 0.013948666), (0.032565553, -0.006411763, 0.025901059), (0.036320496, -0.0048747715, 0.013948666), (0.06592114, 0.007241305, 0.0032263151), (0.090407595, 0.017264077, 0.0049486663)]
            color3f[] primvars:displayColor = [(0.92, 0.28, 0.04)]
            uniform token subdivisionScheme = "none"
        }
    }
}

