command_target,direction,end_effector_x_m,end_effector_y_m,end_effector_z_m,frame,joint,joint_index,joint_readback,joint_velocity,position_error,repeat,robot,test,time_s,unit
-5.730048418517733e-05,negative,-0.3176986277103424,-0.019024427980184555,0.31386637687683105,1,waist,0,2.370505399085232e-06,-0.0008575861575081944,-5.967098958426256e-05,0,follower_left,waist_negative,0.016666666666666666,rad
-0.00027184095057749554,negative,-0.3177039325237274,-0.019036857411265373,0.3143138587474823,2,waist,0,-6.730513996444643e-05,-0.0006846310570836067,-0.00020453581061304912,0,follower_left,waist_negative,0.03333333333333333,rad
-0.0006213608408381266,negative,-0.3177006244659424,-0.019055387005209923,0.31468483805656433,3,waist,0,-0.00020940735703334212,-0.0012240293435752392,-0.0004119534838047845,0,follower_left,waist_negative,0.05,rad
-0.001099275792827153,negative,-0.31772810220718384,-0.019089724868535995,0.31444835662841797,4,waist,0,-0.00044055102625861764,-0.002147556282579899,-0.0006587247665685353,0,follower_left,waist_negative,0.06666666666666667,rad
-0.0016990014444046558,negative,-0.31770503520965576,-0.01914013735949993,0.31437399983406067,5,waist,0,-0.0007696518441662192,-0.0029928432777523994,-0.0009293496002384365,0,follower_left,waist_negative,0.08333333333333333,rad
-0.0024139534334307196,negative,-0.3177230656147003,-0.019270624965429306,0.31448614597320557,6,waist,0,-0.0016292025102302432,-0.003590129315853119,-0.0007847509232004764,0,follower_left,waist_negative,0.1,rad
-0.0032375473977654247,negative,-0.3177160322666168,-0.019390283152461052,0.31458380818367004,7,waist,0,-0.0024220901541411877,-0.003722616471350193,-0.000815457243624237,0,follower_left,waist_negative,0.11666666666666667,rad
-0.004163198975268854,negative,-0.31772300601005554,-0.019545532763004303,0.31452280282974243,8,waist,0,-0.0034488581586629152,-0.003989106975495815,-0.0007143408166059391,0,follower_left,waist_negative,0.13333333333333333,rad
-0.005184323803801091,negative,-0.31771665811538696,-0.019699443131685257,0.3144392967224121,9,waist,0,-0.004462735261768103,-0.004183660261332989,-0.0007215885420329884,0,follower_left,waist_negative,0.15,rad
-0.006294337521222214,negative,-0.31772100925445557,-0.019879885017871857,0.3144691586494446,10,waist,0,-0.0056503829546272755,-0.004637598060071468,-0.0006439545665949389,0,follower_left,waist_negative,0.16666666666666666,rad
-0.00748665576539231,negative,-0.31772124767303467,-0.020060811191797256,0.3145315945148468,11,waist,0,-0.006844037212431431,-0.0048804571852087975,-0.0006426185529608795,0,follower_left,waist_negative,0.18333333333333332,rad
-0.00875469417417146,negative,-0.3177247643470764,-0.020261842757463455,0.314528226852417,12,waist,0,-0.008171495981514454,-0.005429811775684357,-0.0005831981926570067,0,follower_left,waist_negative,0.2,rad
-0.010091868385419745,negative,-0.3177247643470764,-0.020465675741434097,0.3144778311252594,13,waist,0,-0.00951465219259262,-0.005778088234364986,-0.0005772161928271242,0,follower_left,waist_negative,0.21666666666666667,rad
-0.01149159403699725,negative,-0.3177270293235779,-0.02068507857620716,0.31447380781173706,14,waist,0,-0.010960291139781475,-0.006647556088864803,-0.0005313028972157748,0,follower_left,waist_negative,0.23333333333333334,rad
-0.012947286766764052,negative,-0.3177299201488495,-0.020907051861286163,0.3145056962966919,15,waist,0,-0.012423301115632057,-0.007303737103939056,-0.0005239856511319949,0,follower_left,waist_negative,0.25,rad
-0.01445236221258024,negative,-0.31773367524147034,-0.02114039473235607,0.31451937556266785,16,waist,0,-0.013961618766188622,-0.008956262841820717,-0.0004907434463916182,0,follower_left,waist_negative,0.26666666666666666,rad
-0.01600023601230589,negative,-0.317736953496933,-0.02137613482773304,0.3144954442977905,17,waist,0,-0.015516327694058418,-0.009319530799984932,-0.0004839083182474717,0,follower_left,waist_negative,0.2833333333333333,rad
-0.017584323803801094,negative,-0.317740261554718,-0.02162018232047558,0.31448355317115784,18,waist,0,-0.01712377928197384,-0.010587974451482296,-0.00046054452182725525,0,follower_left,waist_negative,0.3,rad
-0.019198041224925917,negative,-0.3177451491355896,-0.021865814924240112,0.31449562311172485,19,waist,0,-0.018742384389042854,-0.010941602289676666,-0.0004556568358830629,0,follower_left,waist_negative,0.31666666666666665,rad
-0.02083480391354046,negative,-0.31775009632110596,-0.022116292268037796,0.31450948119163513,20,waist,0,-0.020393168553709984,-0.011682208627462387,-0.00044163535983047716,0,follower_left,waist_negative,0.3333333333333333,rad
-0.022488027507504796,negative,-0.3177557587623596,-0.022367240861058235,0.31450140476226807,21,waist,0,-0.02204771526157856,-0.011875071562826633,-0.00044031224592623597,0,follower_left,waist_negative,0.35,rad
-0.024151127644679003,negative,-0.31776097416877747,-0.022620605304837227,0.31449106335639954,22,waist,0,-0.023717446252703667,-0.012207658030092716,-0.00043368139197533587,0,follower_left,waist_negative,0.36666666666666664,rad
-0.02581751996292317,negative,-0.3177673816680908,-0.02287300117313862,0.31449341773986816,23,waist,0,-0.025381041690707207,-0.012003691866993904,-0.00043647827221596214,0,follower_left,waist_negative,0.38333333333333336,rad
-0.027480620100097386,negative,-0.31777405738830566,-0.023125119507312775,0.3145027458667755,24,waist,0,-0.027042964473366737,-0.012256772257387638,-0.0004376556267306486,0,follower_left,waist_negative,0.4,rad
-0.029133843694061724,negative,-0.31778132915496826,-0.023374885320663452,0.3145022988319397,25,waist,0,-0.02868914231657982,-0.011863079853355885,-0.0004447013774819056,0,follower_left,waist_negative,0.4166666666666667,rad
-0.030770606382676258,negative,-0.31778833270072937,-0.02362186647951603,0.3144957423210144,26,waist,0,-0.030317362397909164,-0.011891375295817852,-0.00045324398476709327,0,follower_left,waist_negative,0.43333333333333335,rad
-0.032384323803801095,negative,-0.3177960216999054,-0.023864885792136192,0.31449446082115173,27,waist,0,-0.03191913291811943,-0.011467551812529564,-0.00046519088568166417,0,follower_left,waist_negative,0.45,rad
-0.03396841159529629,negative,-0.31780385971069336,-0.02410290017724037,0.3144989609718323,28,waist,0,-0.03348855301737785,-0.01107785850763321,-0.000479858577918435,0,follower_left,waist_negative,0.4666666666666667,rad
-0.03551628539502195,negative,-0.3178120255470276,-0.02433505281805992,0.3145008385181427,29,waist,0,-0.0350189283490181,-0.01034292671829462,-0.0004973570460038504,0,follower_left,waist_negative,0.48333333333333334,rad
-0.037021360840838125,negative,-0.3178199827671051,-0.02456030808389187,0.3144978880882263,30,waist,0,-0.03650372475385666,-0.009375005960464478,-0.0005176360869814656,0,follower_left,waist_negative,0.5,rad
-0.038477053570604935,negative,-0.31782811880111694,-0.02477753907442093,0.3144959807395935,31,waist,0,-0.03793581575155258,-0.008369299583137035,-0.0005412378190523537,0,follower_left,waist_negative,0.5166666666666667,rad
-0.03987677922218244,negative,-0.3178361654281616,-0.0249859057366848,0.31449779868125916,32,waist,0,-0.03930949792265892,-0.00742562860250473,-0.0005672812995235199,0,follower_left,waist_negative,0.5333333333333333,rad
-0.04121395343343072,negative,-0.3178441822528839,-0.025184273719787598,0.31449952721595764,33,waist,0,-0.04061710461974144,-0.007191863842308521,-0.0005968488136892797,0,follower_left,waist_negative,0.55,rad
-0.04248199184220987,negative,-0.3178519606590271,-0.025371791794896126,0.3144984245300293,34,waist,0,-0.04185359925031662,-0.006886595860123634,-0.0006283925918932481,0,follower_left,waist_negative,0.5666666666666667,rad
-0.04367431008637997,negative,-0.317859411239624,-0.025547396391630173,0.31449711322784424,35,waist,0,-0.04301108419895172,-0.006504032760858536,-0.0006632258874282454,0,follower_left,waist_negative,0.5833333333333334,rad
-0.044784323803801096,negative,-0.31786659359931946,-0.025710124522447586,0.3144974410533905,36,waist,0,-0.04408369958400726,-0.006239204667508602,-0.0007006242197938328,0,follower_left,waist_negative,0.6,rad
-0.04580544863233332,negative,-0.3178732693195343,-0.025859026238322258,0.31449878215789795,37,waist,0,-0.04506561532616615,-0.006004984490573406,-0.0007398333061671702,0,follower_left,waist_negative,0.6166666666666667,rad
-0.04673110020983676,negative,-0.31787940859794617,-0.02599301002919674,0.31449851393699646,38,waist,0,-0.045948732644319534,-0.005780717357993126,-0.0007823675655172224,0,follower_left,waist_negative,0.6333333333333333,rad
-0.047554694174171463,negative,-0.3178848922252655,-0.026111643761396408,0.314497709274292,39,waist,0,-0.046730250120162964,-0.0055186329409480095,-0.0008244440540084996,0,follower_left,waist_negative,0.65,rad
-0.048269646163197524,negative,-0.3178896903991699,-0.026213763281702995,0.31449735164642334,40,waist,0,-0.04740258678793907,-0.005191614851355553,-0.0008670593752584527,0,follower_left,waist_negative,0.6666666666666666,rad
-0.04886937181477503,negative,-0.3178938031196594,-0.026298724114894867,0.3144983649253845,41,waist,0,-0.047961704432964325,-0.004795579239726067,-0.000907667381810702,0,follower_left,waist_negative,0.6833333333333333,rad
-0.04934728676676406,negative,-0.317897230386734,-0.026366395875811577,0.314498633146286,42,waist,0,-0.04840681329369545,-0.004362584091722965,-0.0009404734730686093,0,follower_left,waist_negative,0.7,rad
-0.04969680665702469,negative,-0.31789976358413696,-0.026419129222631454,0.3144979476928711,43,waist,0,-0.04875357821583748,-0.004022561013698578,-0.0009432284411872091,0,follower_left,waist_negative,0.7166666666666667,rad
-0.04991134712341701,negative,-0.3179020583629608,-0.026465095579624176,0.3144977390766144,44,waist,0,-0.049055907875299454,-0.003708573989570141,-0.0008554392481175538,0,follower_left,waist_negative,0.7333333333333333,rad
-0.04998432380380109,negative,-0.31790393590927124,-0.02650187350809574,0.3144981265068054,45,waist,0,-0.04929758608341217,-0.003191940486431122,-0.0006867377203889219,0,follower_left,waist_negative,0.75,rad
8.865287658299828e-05,positive,-0.3176986873149872,-0.019018622115254402,0.3138662874698639,1,waist,0,4.089486537850462e-05,-0.0005379008944146335,4.775801120449366e-05,0,follower_left,waist_positive,0.016666666666666666,rad
0.0003031933429753165,positive,-0.3177039623260498,-0.019009556621313095,0.31431394815444946,2,waist,0,0.00011293494753772393,0.0005167867057025433,0.00019025839543759256,0,follower_left,waist_positive,0.03333333333333333,rad
0.0006527132332359476,positive,-0.3177005648612976,-0.01898433454334736,0.31468504667282104,3,waist,0,0.00025990186259150505,0.0011721388436853886,0.0003928113706444425,0,follower_left,waist_positive,0.05,rad
0.0011306281852249739,positive,-0.31772804260253906,-0.01894802413880825,0.31444838643074036,4,waist,0,0.0004942018422298133,0.00168647151440382,0.0006364263429951605,0,follower_left,waist_positive,0.06666666666666667,rad
0.0017303538368024767,positive,-0.3177049458026886,-0.018896181136369705,0.3143739104270935,5,waist,0,0.0008393411408178508,0.0023795533925294876,0.0008910126959846259,0,follower_left,waist_positive,0.08333333333333333,rad
0.0024453058258285406,positive,-0.3177233636379242,-0.018767818808555603,0.3144862949848175,6,waist,0,0.0016870154067873955,0.0030261287465691566,0.0007582904190411451,0,follower_left,waist_positive,0.1,rad
0.0032688997901632456,positive,-0.31771621108055115,-0.018644291907548904,0.31458383798599243,7,waist,0,0.0024966145865619183,0.003208867274224758,0.0007722852036013274,0,follower_left,waist_positive,0.11666666666666667,rad
0.004194551367666675,positive,-0.3177233040332794,-0.018491657450795174,0.31452277302742004,8,waist,0,0.003500454593449831,0.0033689849078655243,0.0006940967742168442,0,follower_left,waist_positive,0.13333333333333333,rad
0.005215676196198912,positive,-0.3177168369293213,-0.018334610387682915,0.3144390285015106,9,waist,0,0.004536119289696217,0.003497292287647724,0.0006795569065026954,0,follower_left,waist_positive,0.15,rad
0.006325689913620035,positive,-0.3177211880683899,-0.01815861649811268,0.31446945667266846,10,waist,0,0.0056989300064742565,0.003679269924759865,0.0006267599071457788,0,follower_left,waist_positive,0.16666666666666666,rad
0.007518008157790131,positive,-0.317721426486969,-0.017974253743886948,0.3145316541194916,11,waist,0,0.0069133928045630455,0.00390070304274559,0.0006046153532270858,0,follower_left,waist_positive,0.18333333333333332,rad
0.008786046566569282,positive,-0.31772488355636597,-0.017775563523173332,0.31452834606170654,12,waist,0,0.008221135474741459,0.004094038624316454,0.0005649110918278227,0,follower_left,waist_positive,0.2,rad
0.010123220777817566,positive,-0.3177247643470764,-0.017569195479154587,0.31447774171829224,13,waist,0,0.009581740945577621,0.00430395407602191,0.0005414798322399446,0,follower_left,waist_positive,0.21666666666666667,rad
0.01152294642939507,positive,-0.3177269995212555,-0.01735263131558895,0.3144742250442505,14,waist,0,0.011010206304490566,0.004526631440967321,0.0005127401249045045,0,follower_left,waist_positive,0.23333333333333334,rad
0.012978639159161873,positive,-0.3177299201488495,-0.017128612846136093,0.3145058751106262,15,waist,0,0.012486543506383896,0.004739551804959774,0.0004920956527779772,0,follower_left,waist_positive,0.25,rad
0.01448371460497806,positive,-0.3177334666252136,-0.016897017136216164,0.314519464969635,16,waist,0,0.014012668281793594,0.0049494169652462006,0.0004710463231844663,0,follower_left,waist_positive,0.26666666666666666,rad
0.01603158840470371,positive,-0.31773677468299866,-0.016659492626786232,0.31449562311172485,17,waist,0,0.01557763572782278,0.005160681903362274,0.0004539526768809303,0,follower_left,waist_positive,0.2833333333333333,rad
0.017615676196198915,positive,-0.3177400827407837,-0.01641707681119442,0.31448379158973694,18,waist,0,0.01717587746679783,0.005444453563541174,0.00043979872940108633,0,follower_left,waist_positive,0.3,rad
0.019229393617323738,positive,-0.3177449405193329,-0.016170591115951538,0.3144958019256592,19,waist,0,0.018801255151629448,0.005709175486117601,0.0004281384656942902,0,follower_left,waist_positive,0.31666666666666665,rad
0.020866156305938282,positive,-0.3177497684955597,-0.01592092774808407,0.31450986862182617,20,waist,0,0.020446280017495155,0.005918457638472319,0.0004198762884431266,0,follower_left,waist_positive,0.3333333333333333,rad
0.022519379899902617,positive,-0.31775546073913574,-0.015669068321585655,0.31450167298316956,21,waist,0,0.022105764597654343,0.006084911525249481,0.00041361530224827414,0,follower_left,waist_positive,0.35,rad
0.024182480037076824,positive,-0.317760705947876,-0.015416327863931656,0.3144915997982025,22,waist,0,0.02377132698893547,0.006213514134287834,0.0004111530481413529,0,follower_left,waist_positive,0.36666666666666664,rad
0.02584887235532099,positive,-0.3177669942378998,-0.015163581818342209,0.314493864774704,23,waist,0,0.02543773502111435,0.006338351871818304,0.00041113733420664045,0,follower_left,waist_positive,0.38333333333333336,rad
0.027511972492495207,positive,-0.3177735507488251,-0.014911822974681854,0.3145030736923218,24,waist,0,0.02709764428436756,0.006422529462724924,0.0004143282081276456,0,follower_left,waist_positive,0.4,rad
0.029165196086459545,positive,-0.3177807927131653,-0.01466185599565506,0.3145022988319397,25,waist,0,0.028744908049702644,0.006516200490295887,0.0004202880367569009,0,follower_left,waist_positive,0.4166666666666667,rad
0.03080195877507408,positive,-0.317787766456604,-0.014414936304092407,0.314496248960495,26,waist,0,0.030372757464647293,0.006525411736220121,0.00042920131042678555,0,follower_left,waist_positive,0.43333333333333335,rad
0.032415676196198916,positive,-0.3177952468395233,-0.014171949587762356,0.3144948184490204,27,waist,0,0.031974922865629196,0.0064736707136034966,0.0004407533305697195,0,follower_left,waist_positive,0.45,rad
0.03399976398769411,positive,-0.31780296564102173,-0.013933906331658363,0.3144993782043457,28,waist,0,0.03354404494166374,0.006416993215680122,0.0004557190460303673,0,follower_left,waist_positive,0.4666666666666667,rad
0.03554763778741977,positive,-0.31781116127967834,-0.013701685704290867,0.31450122594833374,29,waist,0,0.03507477045059204,0.006382144521921873,0.00047286733682772725,0,follower_left,waist_positive,0.48333333333333334,rad
0.037052713233235945,positive,-0.3178190588951111,-0.013476361520588398,0.31449824571609497,30,waist,0,0.03655986860394478,0.006344207562506199,0.000492844629291167,0,follower_left,waist_positive,0.5,rad
0.038508405963002756,positive,-0.31782713532447815,-0.013259077444672585,0.31449630856513977,31,waist,0,0.03799276053905487,0.006294914986938238,0.0005156454239478858,0,follower_left,waist_positive,0.5166666666666667,rad
0.03990813161458026,positive,-0.3178350031375885,-0.013050668872892857,0.31449803709983826,32,waist,0,0.03936656191945076,0.006277834065258503,0.0005415696951295013,0,follower_left,waist_positive,0.5333333333333333,rad
0.04124530582582854,positive,-0.31784307956695557,-0.012852105312049389,0.3144998848438263,33,waist,0,0.040675390511751175,0.0062141199596226215,0.0005699153140773655,0,follower_left,waist_positive,0.55,rad
0.04251334423460769,positive,-0.31785082817077637,-0.012664545327425003,0.3144988417625427,34,waist,0,0.041912030428647995,0.006111970171332359,0.000601313805959694,0,follower_left,waist_positive,0.5666666666666667,rad
0.04370566247877779,positive,-0.31785812973976135,-0.012488584034144878,0.3144974112510681,35,waist,0,0.04307163506746292,0.005988914519548416,0.0006340274113148664,0,follower_left,waist_positive,0.5833333333333334,rad
0.04481567619619892,positive,-0.31786537170410156,-0.01232575997710228,0.31449776887893677,36,waist,0,0.044145386666059494,0.005873284302651882,0.0006702895301394229,0,follower_left,waist_positive,0.6,rad
0.045836801024731144,positive,-0.31787195801734924,-0.012176506221294403,0.3144988715648651,37,waist,0,0.045128993690013885,0.005672106519341469,0.0007078073347172587,0,follower_left,waist_positive,0.6166666666666667,rad
0.04676245260223458,positive,-0.31787800788879395,-0.012042109854519367,0.3144986629486084,38,waist,0,0.04601489007472992,0.005452539771795273,0.0007475625275046582,0,follower_left,waist_positive,0.6333333333333333,rad
0.047586046566569284,positive,-0.3178834319114685,-0.011923152953386307,0.3144979476928711,39,waist,0,0.04679807648062706,0.005189157091081142,0.0007879700859422245,0,follower_left,waist_positive,0.65,rad
0.048300998555595345,positive,-0.3178883194923401,-0.011820778250694275,0.3144979178905487,40,waist,0,0.04747258126735687,0.004834247753024101,0.0008284172882384727,0,follower_left,waist_positive,0.6666666666666666,rad
0.04890072420717285,positive,-0.31789231300354004,-0.011735307984054089,0.3144984245300293,41,waist,0,0.04803486540913582,0.0044240448623895645,0.0008658587980370294,0,follower_left,waist_positive,0.6833333333333333,rad
0.04937863915916188,positive,-0.31789565086364746,-0.011666923761367798,0.3144988715648651,42,waist,0,0.048484548926353455,0.003993023186922073,0.0008940902328084255,0,follower_left,waist_positive,0.7,rad
0.04972815904942251,positive,-0.317898154258728,-0.011613492853939533,0.3144981861114502,43,waist,0,0.04883573204278946,0.003672565333545208,0.0008924270066330495,0,follower_left,waist_positive,0.7166666666666667,rad
0.04994269951581483,positive,-0.31790032982826233,-0.01156819611787796,0.31449806690216064,44,waist,0,0.04913317412137985,0.003285313956439495,0.0008095253944349762,0,follower_left,waist_positive,0.7333333333333333,rad
0.05001567619619891,positive,-0.31790217757225037,-0.011532003059983253,0.3144984245300293,45,waist,0,0.04937101528048515,0.002811029553413391,0.00064466091571376,0,follower_left,waist_positive,0.75,rad
-0.9600234237629036,negative,-0.31770291924476624,-0.01902221143245697,0.31386852264404297,1,shoulder,1,-0.9598224759101868,0.14075057208538055,-0.00020094785271684845,0,follower_left,shoulder_negative,0.016666666666666666,rad
-0.960237964229296,negative,-0.31773078441619873,-0.019024409353733063,0.3143405318260193,2,shoulder,1,-0.9601205587387085,-0.002113758586347103,-0.0001174054905874744,0,follower_left,shoulder_negative,0.03333333333333333,rad
-0.9605874841195565,negative,-0.3178269565105438,-0.01902148686349392,0.31478309631347656,3,shoulder,1,-0.9607943296432495,0.07188357412815094,0.00020684552369298892,0,follower_left,shoulder_negative,0.05,rad
-0.9610653990715456,negative,-0.3179246783256531,-0.019020691514015198,0.31465229392051697,4,shoulder,1,-0.9611178636550903,0.03474299609661102,5.246458354468686e-05,0,follower_left,shoulder_negative,0.06666666666666667,rad
-0.961665124723123,negative,-0.318015456199646,-0.019020920619368553,0.3146637976169586,5,shoulder,1,-0.9617246389389038,0.06437795609235764,5.951421578076488e-05,0,follower_left,shoulder_negative,0.08333333333333333,rad
-0.9623800767121492,negative,-0.318144291639328,-0.019021280109882355,0.31486091017723083,6,shoulder,1,-0.9624885320663452,0.023512540385127068,0.00010845535419601315,0,follower_left,shoulder_negative,0.1,rad
-0.9632036706764838,negative,-0.31829729676246643,-0.019020656123757362,0.3150862753391266,7,shoulder,1,-0.9634146690368652,0.054577894508838654,0.00021099836038140918,0,follower_left,shoulder_negative,0.11666666666666667,rad
-0.9641293222539873,negative,-0.3184477984905243,-0.019020212814211845,0.31517747044563293,8,shoulder,1,-0.964286744594574,0.03817159682512283,0.00015742234058668814,0,follower_left,shoulder_negative,0.13333333333333333,rad
-0.9651504470825195,negative,-0.31862807273864746,-0.01902025006711483,0.31525951623916626,9,shoulder,1,-0.9653525352478027,0.05524427443742752,0.0002020881652832207,0,follower_left,shoulder_negative,0.15,rad
-0.9662604607999407,negative,-0.31881070137023926,-0.019020481035113335,0.3154450058937073,10,shoulder,1,-0.9664605259895325,0.03725734353065491,0.00020006518959181374,0,follower_left,shoulder_negative,0.16666666666666666,rad
-0.9674527790441108,negative,-0.31902459263801575,-0.019020305946469307,0.3156762719154358,11,shoulder,1,-0.9677366614341736,0.048792123794555664,0.00028388239006282845,0,follower_left,shoulder_negative,0.18333333333333332,rad
-0.96872081745289,negative,-0.31923699378967285,-0.01902010478079319,0.3158671259880066,12,shoulder,1,-0.9689889550209045,0.042552269995212555,0.00026813756801458144,0,follower_left,shoulder_negative,0.2,rad
-0.9700579916641382,negative,-0.31946951150894165,-0.01902006007730961,0.31603801250457764,13,shoulder,1,-0.9703609347343445,0.0509403795003891,0.0003029430702062852,0,follower_left,shoulder_negative,0.21666666666666667,rad
-0.9714577173157157,negative,-0.3197053372859955,-0.01902008429169655,0.3162404000759125,14,shoulder,1,-0.9717620015144348,0.044356368482112885,0.00030428419871908474,0,follower_left,shoulder_negative,0.23333333333333334,rad
-0.9729134100454825,negative,-0.31995514035224915,-0.019020022824406624,0.31647688150405884,15,shoulder,1,-0.9732469916343689,0.05020594224333763,0.0003335815888864113,0,follower_left,shoulder_negative,0.25,rad
-0.9744184854912987,negative,-0.32021182775497437,-0.01902000792324543,0.31670963764190674,16,shoulder,1,-0.9747613668441772,0.04662135988473892,0.0003428813528785213,0,follower_left,shoulder_negative,0.26666666666666666,rad
-0.9759663592910244,negative,-0.3204793334007263,-0.0190199576318264,0.3169334828853607,17,shoulder,1,-0.9763356447219849,0.050450436770915985,0.0003692854309604865,0,follower_left,shoulder_negative,0.2833333333333333,rad
-0.9775504470825196,negative,-0.32074788212776184,-0.019019998610019684,0.3171652555465698,18,shoulder,1,-0.9779176115989685,0.04859470948576927,0.00036716451644891457,0,follower_left,shoulder_negative,0.3,rad
-0.9791641645036444,negative,-0.32102465629577637,-0.019019898027181625,0.31740936636924744,19,shoulder,1,-0.9795469641685486,0.05143119394779205,0.0003827996649041765,0,follower_left,shoulder_negative,0.31666666666666665,rad
-0.9808009271922589,negative,-0.3213033378124237,-0.01901983469724655,0.31765511631965637,20,shoulder,1,-0.9811827540397644,0.05065393075346947,0.00038182684750553975,0,follower_left,shoulder_negative,0.3333333333333333,rad
-0.9824541507862232,negative,-0.3215872049331665,-0.019019871950149536,0.317898690700531,21,shoulder,1,-0.9828452467918396,0.05270194262266159,0.0003910960056163759,0,follower_left,shoulder_negative,0.35,rad
-0.9841172509233974,negative,-0.32187098264694214,-0.019019870087504387,0.31814277172088623,22,shoulder,1,-0.9845059514045715,0.05216670781373978,0.00038870048117412015,0,follower_left,shoulder_negative,0.36666666666666664,rad
-0.9857836432416416,negative,-0.32215699553489685,-0.019019776955246925,0.318389892578125,23,shoulder,1,-0.986177384853363,0.05335867032408714,0.0003937416117214543,0,follower_left,shoulder_negative,0.38333333333333336,rad
-0.9874467433788159,negative,-0.32244181632995605,-0.019019758328795433,0.31863656640052795,24,shoulder,1,-0.9878381490707397,0.05296702682971954,0.0003914056919238629,0,follower_left,shoulder_negative,0.4,rad
-0.9890999669727802,negative,-0.32272592186927795,-0.019019808620214462,0.3188804090023041,25,shoulder,1,-0.9894922971725464,0.05367978289723396,0.00039233019976614436,0,follower_left,shoulder_negative,0.4166666666666667,rad
-0.9907367296613947,negative,-0.323006808757782,-0.01901969313621521,0.31912070512771606,26,shoulder,1,-0.9911245107650757,0.05327807366847992,0.0003877811036809842,0,follower_left,shoulder_negative,0.43333333333333335,rad
-0.9923504470825195,negative,-0.32328441739082336,-0.01901976391673088,0.3193579912185669,27,shoulder,1,-0.9927359819412231,0.05348663032054901,0.0003855348587036289,0,follower_left,shoulder_negative,0.45,rad
-0.9939345348740147,negative,-0.32355570793151855,-0.01901974156498909,0.31959089636802673,28,shoulder,1,-0.9943078756332397,0.05371604859828949,0.00037334075922501597,0,follower_left,shoulder_negative,0.4666666666666667,rad
-0.9954824086737404,negative,-0.32382017374038696,-0.019019678235054016,0.3198164701461792,29,shoulder,1,-0.9958378672599792,0.055085815489292145,0.00035545858623886595,0,follower_left,shoulder_negative,0.48333333333333334,rad
-0.9969874841195566,negative,-0.3240785002708435,-0.019019702449440956,0.3200334906578064,30,shoulder,1,-0.997330367565155,0.054776839911937714,0.00034288344559840755,0,follower_left,shoulder_negative,0.5,rad
-0.9984431768493234,negative,-0.32432976365089417,-0.019019702449440956,0.3202454149723053,31,shoulder,1,-0.9987793564796448,0.054389841854572296,0.0003361796303213982,0,follower_left,shoulder_negative,0.5166666666666667,rad
-0.9998429025009009,negative,-0.3245692253112793,-0.01901973970234394,0.32045167684555054,32,shoulder,1,-1.0001585483551025,0.054776631295681,0.0003156458542016294,0,follower_left,shoulder_negative,0.5333333333333333,rad
-1.0011800767121493,negative,-0.3247975707054138,-0.01901969313621521,0.3206460475921631,33,shoulder,1,-1.001471996307373,0.05573367327451706,0.0002919195952237885,0,follower_left,shoulder_negative,0.55,rad
-1.0024481151209284,negative,-0.3250166177749634,-0.019019639119505882,0.32082703709602356,34,shoulder,1,-1.002728819847107,0.054911449551582336,0.0002807047261785822,0,follower_left,shoulder_negative,0.5666666666666667,rad
-1.0036404333650983,negative,-0.3252180814743042,-0.019019609317183495,0.3209988474845886,35,shoulder,1,-1.0038836002349854,0.05665227398276329,0.00024316686988701264,0,follower_left,shoulder_negative,0.5833333333333334,rad
-1.0047504470825195,negative,-0.3254086673259735,-0.019019655883312225,0.32115933299064636,36,shoulder,1,-1.0049762725830078,0.056092772632837296,0.00022582550048833028,0,follower_left,shoulder_negative,0.6,rad
-1.0057715719110518,negative,-0.3255827724933624,-0.019019680097699165,0.3213055431842804,37,shoulder,1,-1.0059727430343628,0.05706018581986427,0.00020117112331097253,0,follower_left,shoulder_negative,0.6166666666666667,rad
-1.0066972234885552,negative,-0.32573938369750977,-0.01901960000395775,0.3214382529258728,38,shoulder,1,-1.0068683624267578,0.05759795010089874,0.0001711389382026418,0,follower_left,shoulder_negative,0.6333333333333333,rad
-1.00752081745289,negative,-0.32587793469429016,-0.019019626080989838,0.32155483961105347,39,shoulder,1,-1.0076607465744019,0.058630429208278656,0.00013992912151183923,0,follower_left,shoulder_negative,0.65,rad
-1.008235769441916,negative,-0.3259994089603424,-0.019019639119505882,0.3216552734375,40,shoulder,1,-1.0083571672439575,0.05945241451263428,0.00012139780204156736,0,follower_left,shoulder_negative,0.6666666666666666,rad
-1.0088354950934935,negative,-0.3260969817638397,-0.01901966519653797,0.3217392861843109,41,shoulder,1,-1.0089155435562134,0.061184998601675034,8.004846271991717e-05,0,follower_left,shoulder_negative,0.6833333333333333,rad
-1.0093134100454826,negative,-0.32617416977882385,-0.01901961676776409,0.32180550694465637,42,shoulder,1,-1.0093578100204468,0.06216100975871086,4.4399974964193234e-05,0,follower_left,shoulder_negative,0.7,rad
-1.0096629299357431,negative,-0.32623112201690674,-0.019019633531570435,0.32185181975364685,43,shoulder,1,-1.0096867084503174,0.06484946608543396,2.37785145742464e-05,0,follower_left,shoulder_negative,0.7166666666666667,rad
-1.0098774704021354,negative,-0.3262614905834198,-0.019019711762666702,0.3218754231929779,44,shoulder,1,-1.0098609924316406,0.0671878457069397,-1.6477970494754857e-05,0,follower_left,shoulder_negative,0.7333333333333333,rad
-1.0099504470825196,negative,-0.32626858353614807,-0.019019652158021927,0.32187792658805847,45,shoulder,1,-1.009902000427246,0.07038035243749619,-4.844665527348191e-05,0,follower_left,shoulder_negative,0.75,rad
-0.9598774704021354,positive,-0.3176681399345398,-0.01902206800878048,0.3138515055179596,1,shoulder,1,-0.9596219062805176,0.1449412852525711,-0.00025556412161786835,0,follower_left,shoulder_positive,0.016666666666666666,rad
-0.9596629299357431,positive,-0.31764692068099976,-0.01902424916625023,0.3142569959163666,2,shoulder,1,-0.9596162438392639,-0.0021114698611199856,-4.668609647917599e-05,0,follower_left,shoulder_positive,0.03333333333333333,rad
-0.9593134100454825,positive,-0.31755873560905457,-0.01902119442820549,0.314563125371933,3,shoulder,1,-0.959197461605072,0.09842966496944427,-0.00011594844041051822,0,follower_left,shoulder_positive,0.05,rad
-0.9588354950934934,positive,-0.3175075650215149,-0.01902039907872677,0.31424713134765625,4,shoulder,1,-0.9586269855499268,0.052661728113889694,-0.00020850954356665952,0,follower_left,shoulder_positive,0.06666666666666667,rad
-0.958235769441916,positive,-0.3173767030239105,-0.01902082748711109,0.31407755613327026,5,shoulder,1,-0.9579344391822815,0.09318085759878159,-0.00030133025963452464,0,follower_left,shoulder_positive,0.08333333333333333,rad
-0.9575208174528899,positive,-0.3172661066055298,-0.019021103158593178,0.3140610158443451,6,shoulder,1,-0.9572498798370361,0.051047708839178085,-0.000270937615853728,0,follower_left,shoulder_positive,0.1,rad
-0.9566972234885552,positive,-0.31711116433143616,-0.019020454958081245,0.31400930881500244,7,shoulder,1,-0.9563331604003906,0.08365858346223831,-0.0003640630881646123,0,follower_left,shoulder_positive,0.11666666666666667,rad
-0.9557715719110518,positive,-0.31696170568466187,-0.019020115956664085,0.31381744146347046,8,shoulder,1,-0.9554252028465271,0.07152128219604492,-0.0003463690645246764,0,follower_left,shoulder_positive,0.13333333333333333,rad
-0.9547504470825195,positive,-0.31677645444869995,-0.01902027055621147,0.3135881721973419,9,shoulder,1,-0.9543082118034363,0.08842172473669052,-0.00044223527908326954,0,follower_left,shoulder_positive,0.15,rad
-0.9536404333650984,positive,-0.3165917694568634,-0.01902051828801632,0.313434362411499,10,shoulder,1,-0.9532055854797363,0.07318242639303207,-0.0004348478853620774,0,follower_left,shoulder_positive,0.16666666666666666,rad
-0.9524481151209283,positive,-0.31638479232788086,-0.019020406529307365,0.3132924735546112,11,shoulder,1,-0.9519637227058411,0.08426162600517273,-0.0004843924150872425,0,follower_left,shoulder_positive,0.18333333333333332,rad
-0.9511800767121491,positive,-0.3161708116531372,-0.01902020536363125,0.3130914270877838,12,shoulder,1,-0.9506778717041016,0.07891909778118134,-0.0005022050080475404,0,follower_left,shoulder_positive,0.2,rad
-0.9498429025009009,positive,-0.3159433603286743,-0.019020136445760727,0.3128449618816376,13,shoulder,1,-0.9492982029914856,0.08695264160633087,-0.0005446995094152696,0,follower_left,shoulder_positive,0.21666666666666667,rad
-0.9484431768493233,positive,-0.31571027636528015,-0.019020335748791695,0.3126274049282074,14,shoulder,1,-0.9478935599327087,0.08388692885637283,-0.0005496169166145926,0,follower_left,shoulder_positive,0.23333333333333334,rad
-0.9469874841195566,positive,-0.3154640793800354,-0.01902027800679207,0.3124257028102875,15,shoulder,1,-0.9464088082313538,0.08579059690237045,-0.0005786758882028176,0,follower_left,shoulder_positive,0.25,rad
-0.9454824086737403,positive,-0.31521332263946533,-0.019020356237888336,0.31219565868377686,16,shoulder,1,-0.9448934197425842,0.08546436578035355,-0.0005889889311561092,0,follower_left,shoulder_positive,0.26666666666666666,rad
-0.9439345348740147,positive,-0.31495383381843567,-0.019020210951566696,0.311934232711792,17,shoulder,1,-0.9433175921440125,0.08752869814634323,-0.0006169427300022345,0,follower_left,shoulder_positive,0.2833333333333333,rad
-0.9423504470825195,positive,-0.31469085812568665,-0.019020317122340202,0.31167954206466675,18,shoulder,1,-0.9417203664779663,0.08487997949123383,-0.0006300806045531626,0,follower_left,shoulder_positive,0.3,rad
-0.9407367296613947,positive,-0.31442323327064514,-0.019020352512598038,0.31143999099731445,19,shoulder,1,-0.9400959610939026,0.08519744127988815,-0.0006407685674920671,0,follower_left,shoulder_positive,0.31666666666666665,rad
-0.9390999669727802,positive,-0.31415310502052307,-0.01902039907872677,0.3111932575702667,20,shoulder,1,-0.9384536743164062,0.08460558205842972,-0.000646292656373948,0,follower_left,shoulder_positive,0.3333333333333333,rad
-0.9374467433788158,positive,-0.3138810098171234,-0.019020315259695053,0.3109268248081207,21,shoulder,1,-0.9367930293083191,0.08563430607318878,-0.000653714070496747,0,follower_left,shoulder_positive,0.35,rad
-0.9357836432416416,positive,-0.31360796093940735,-0.01902029849588871,0.31065893173217773,22,shoulder,1,-0.9351240396499634,0.08420154452323914,-0.0006596035916782705,0,follower_left,shoulder_positive,0.36666666666666664,rad
-0.9341172509233975,positive,-0.31333595514297485,-0.01902037486433983,0.31040292978286743,23,shoulder,1,-0.9334596991539001,0.08359670639038086,-0.0006575517694973332,0,follower_left,shoulder_positive,0.38333333333333336,rad
-0.9324541507862232,positive,-0.31306466460227966,-0.019020436331629753,0.31015053391456604,24,shoulder,1,-0.9317998290061951,0.08290021866559982,-0.0006543217800281109,0,follower_left,shoulder_positive,0.4,rad
-0.9308009271922588,positive,-0.3127964735031128,-0.019020387902855873,0.30989012122154236,25,shoulder,1,-0.9301535487174988,0.08297262340784073,-0.0006473784747600408,0,follower_left,shoulder_positive,0.4166666666666667,rad
-0.9291641645036444,positive,-0.31253141164779663,-0.01902046427130699,0.30962884426116943,26,shoulder,1,-0.9285226464271545,0.08211910724639893,-0.0006415180764898221,0,follower_left,shoulder_positive,0.43333333333333335,rad
-0.9275504470825195,positive,-0.3122715353965759,-0.01902049407362938,0.30937659740448,27,shoulder,1,-0.9269216060638428,0.08110474795103073,-0.0006288410186767734,0,follower_left,shoulder_positive,0.45,rad
-0.9259663592910243,positive,-0.31201687455177307,-0.01902041770517826,0.3091340661048889,28,shoulder,1,-0.9253520965576172,0.0802542045712471,-0.0006142627334071449,0,follower_left,shoulder_positive,0.4666666666666667,rad
-0.9244184854912987,positive,-0.3117693066596985,-0.019020473584532738,0.3088930547237396,29,shoulder,1,-0.9238229393959045,0.07967665791511536,-0.0005955460953941394,0,follower_left,shoulder_positive,0.48333333333333334,rad
-0.9229134100454824,positive,-0.3115290403366089,-0.019020523875951767,0.30865517258644104,30,shoulder,1,-0.9223365187644958,0.07895451039075851,-0.0005768912809865911,0,follower_left,shoulder_positive,0.5,rad
-0.9214577173157157,positive,-0.31129810214042664,-0.019020551815629005,0.3084266483783722,31,shoulder,1,-0.9209044575691223,0.07777905464172363,-0.0005532597465933708,0,follower_left,shoulder_positive,0.5166666666666667,rad
-0.9200579916641382,positive,-0.3110766112804413,-0.01902059093117714,0.30821090936660767,32,shoulder,1,-0.9195313453674316,0.0768061950802803,-0.0005266462967065122,0,follower_left,shoulder_positive,0.5333333333333333,rad
-0.9187208174528899,positive,-0.31086617708206177,-0.019020603969693184,0.30800411105155945,33,shoulder,1,-0.9182231426239014,0.07568465918302536,-0.000497674828988548,0,follower_left,shoulder_positive,0.55,rad
-0.9174527790441107,positive,-0.3106657564640045,-0.019020577892661095,0.30780521035194397,34,shoulder,1,-0.9169782400131226,0.07278638333082199,-0.00047453903098815253,0,follower_left,shoulder_positive,0.5666666666666667,rad
-0.9162604607999406,positive,-0.31047847867012024,-0.019020607694983482,0.3076167106628418,35,shoulder,1,-0.9158122539520264,0.06946613639593124,-0.00044820684791424537,0,follower_left,shoulder_positive,0.5833333333333334,rad
-0.9151504470825195,positive,-0.31030699610710144,-0.01902066171169281,0.30744504928588867,36,shoulder,1,-0.9147424101829529,0.06858987361192703,-0.0004080368995665884,0,follower_left,shoulder_positive,0.6,rad
-0.9141293222539872,positive,-0.31014955043792725,-0.019020630046725273,0.30729058384895325,37,shoulder,1,-0.9137612581253052,0.06704231351613998,-0.0003680641286820663,0,follower_left,shoulder_positive,0.6166666666666667,rad
-0.9132036706764838,positive,-0.3100067377090454,-0.019020648673176765,0.30714914202690125,38,shoulder,1,-0.9128691554069519,0.0639311745762825,-0.0003345152695318765,0,follower_left,shoulder_positive,0.6333333333333333,rad
-0.9123800767121492,positive,-0.3098801374435425,-0.01902061142027378,0.3070221543312073,39,shoulder,1,-0.9120782613754272,0.05976032093167305,-0.0003018153367219112,0,follower_left,shoulder_positive,0.65,rad
-0.9116651247231231,positive,-0.30977553129196167,-0.019020702689886093,0.30691689252853394,40,shoulder,1,-0.9114215970039368,0.059639278799295425,-0.00024352771918634275,0,follower_left,shoulder_positive,0.6666666666666666,rad
-0.9110653990715456,positive,-0.30968326330184937,-0.019020719453692436,0.3068305552005768,41,shoulder,1,-0.9108489155769348,0.05446085333824158,-0.0002164834946107863,0,follower_left,shoulder_positive,0.6833333333333333,rad
-0.9105874841195565,positive,-0.30961695313453674,-0.019020656123757362,0.3067616820335388,42,shoulder,1,-0.910429060459137,0.05276339873671532,-0.0001584236604195155,0,follower_left,shoulder_positive,0.7,rad
-0.9102379642292959,positive,-0.30956414341926575,-0.019020678475499153,0.30671384930610657,43,shoulder,1,-0.9101032614707947,0.04758128523826599,-0.00013470275850124835,0,follower_left,shoulder_positive,0.7166666666666667,rad
-0.9100234237629036,positive,-0.3095386028289795,-0.019020697101950645,0.3066885769367218,44,shoulder,1,-0.9099392890930176,0.04409471154212952,-8.41346698859935e-05,0,follower_left,shoulder_positive,0.7333333333333333,rad
-0.9099504470825195,positive,-0.3095327317714691,-0.019020693376660347,0.3066883087158203,45,shoulder,1,-0.909905195236206,0.04108353704214096,-4.5251846313432154e-05,0,follower_left,shoulder_positive,0.75,rad
1.1611726078075308,negative,-0.31780487298965454,-0.01902049593627453,0.31342488527297974,1,elbow,2,1.1634198427200317,-0.2178821712732315,-0.002247234912500895,0,follower_left,elbow_negative,0.016666666666666666,rad
1.1609580673411386,negative,-0.3177418112754822,-0.019024966284632683,0.3137631416320801,2,elbow,2,1.1624521017074585,-0.30430519580841064,-0.0014940343663198963,0,follower_left,elbow_negative,0.03333333333333333,rad
1.160608547450878,negative,-0.31771916151046753,-0.01902267336845398,0.3144819140434265,3,elbow,2,1.1610945463180542,-0.2308698445558548,-0.0004859988671761517,0,follower_left,elbow_negative,0.05,rad
1.160130632498889,negative,-0.31772446632385254,-0.01902085356414318,0.31456440687179565,4,elbow,2,1.1612029075622559,-0.19250580668449402,-0.0010722750633669342,0,follower_left,elbow_negative,0.06666666666666667,rad
1.1595309068473114,negative,-0.3176690936088562,-0.01902090758085251,0.3146221935749054,5,elbow,2,1.1606948375701904,-0.23207354545593262,-0.0011639307228790141,0,follower_left,elbow_negative,0.08333333333333333,rad
1.1588159548582855,negative,-0.3176392614841461,-0.019021518528461456,0.31493741273880005,6,elbow,2,1.15988028049469,-0.2558485269546509,-0.0010643256364044618,0,follower_left,elbow_negative,0.1,rad
1.1579923608939506,negative,-0.31758999824523926,-0.019021106883883476,0.31539103388786316,7,elbow,2,1.1588233709335327,-0.27075013518333435,-0.0008310100395820808,0,follower_left,elbow_negative,0.11666666666666667,rad
1.1570667093164473,negative,-0.3175489902496338,-0.019020479172468185,0.3157321810722351,8,elbow,2,1.1579352617263794,-0.23668350279331207,-0.0008685524099321107,0,follower_left,elbow_negative,0.13333333333333333,rad
1.156045584487915,negative,-0.31748369336128235,-0.01902036927640438,0.3160163164138794,9,elbow,2,1.1569890975952148,-0.24737009406089783,-0.0009435131072998981,0,follower_left,elbow_negative,0.15,rad
1.1549355707704938,negative,-0.31742507219314575,-0.01902068965137005,0.31641656160354614,10,elbow,2,1.1558271646499634,-0.2597317695617676,-0.0008915938794695766,0,follower_left,elbow_negative,0.16666666666666666,rad
1.1537432525263238,negative,-0.3173627257347107,-0.019020667299628258,0.31692376732826233,11,elbow,2,1.154523491859436,-0.2754400372505188,-0.0007802393331122204,0,follower_left,elbow_negative,0.18333333333333332,rad
1.1524752141175447,negative,-0.3173021376132965,-0.01902041770517826,0.31741631031036377,12,elbow,2,1.153228521347046,-0.26231440901756287,-0.0007533072295011767,0,follower_left,elbow_negative,0.2,rad
1.1511380399062965,negative,-0.31722915172576904,-0.01902017369866371,0.3178715407848358,13,elbow,2,1.1519182920455933,-0.2633131444454193,-0.0007802521392967776,0,follower_left,elbow_negative,0.21666666666666667,rad
1.1497383142547188,negative,-0.3171570599079132,-0.01902042329311371,0.3183659017086029,14,elbow,2,1.1505038738250732,-0.26814571022987366,-0.0007655595703544016,0,follower_left,elbow_negative,0.23333333333333334,rad
1.148282621524952,negative,-0.31708383560180664,-0.019020430743694305,0.31892383098602295,15,elbow,2,1.1489931344985962,-0.27815282344818115,-0.0007105129736442173,0,follower_left,elbow_negative,0.25,rad
1.1467775460791358,negative,-0.3170105814933777,-0.019020313397049904,0.31950050592422485,16,elbow,2,1.1474355459213257,-0.2736252248287201,-0.0006579998421898381,0,follower_left,elbow_negative,0.26666666666666666,rad
1.1452296722794102,negative,-0.31693482398986816,-0.01902017369866371,0.32005614042282104,17,elbow,2,1.1459022760391235,-0.2730379104614258,-0.0006726037597133416,0,follower_left,elbow_negative,0.2833333333333333,rad
1.143645584487915,negative,-0.31685778498649597,-0.01902019791305065,0.32062065601348877,18,elbow,2,1.144321084022522,-0.27443668246269226,-0.0006754995346069936,0,follower_left,elbow_negative,0.3,rad
1.1420318670667902,negative,-0.31678128242492676,-0.019020283594727516,0.32121607661247253,19,elbow,2,1.1426893472671509,-0.279881089925766,-0.0006574802003607161,0,follower_left,elbow_negative,0.31666666666666665,rad
1.1403951043781757,negative,-0.31670621037483215,-0.019020279869437218,0.32182684540748596,20,elbow,2,1.1410331726074219,-0.28000444173812866,-0.0006380682292461692,0,follower_left,elbow_negative,0.3333333333333333,rad
1.1387418807842113,negative,-0.3166298568248749,-0.019020147621631622,0.32243120670318604,21,elbow,2,1.1393767595291138,-0.2789861857891083,-0.0006348787449024229,0,follower_left,elbow_negative,0.35,rad
1.137078780647037,negative,-0.3165540397167206,-0.019020147621631622,0.3230302929878235,22,elbow,2,1.1377211809158325,-0.2785317897796631,-0.0006424002687954733,0,follower_left,elbow_negative,0.36666666666666664,rad
1.135412388328793,negative,-0.31647902727127075,-0.019020194187760353,0.3236369788646698,23,elbow,2,1.1360512971878052,-0.2803298532962799,-0.0006389088590121883,0,follower_left,elbow_negative,0.38333333333333336,rad
1.1337492881916187,negative,-0.3164062201976776,-0.01902015507221222,0.3242485225200653,24,elbow,2,1.134381651878357,-0.28023773431777954,-0.0006323636867382465,0,follower_left,elbow_negative,0.4,rad
1.1320960645976543,negative,-0.3163343071937561,-0.019020134583115578,0.3248530626296997,25,elbow,2,1.1327269077301025,-0.2789938151836395,-0.0006308431324482111,0,follower_left,elbow_negative,0.4166666666666667,rad
1.1304593019090399,negative,-0.31626397371292114,-0.019020091742277145,0.3254458010196686,26,elbow,2,1.1310968399047852,-0.2772673964500427,-0.0006375379957452854,0,follower_left,elbow_negative,0.43333333333333335,rad
1.128845584487915,negative,-0.3161954879760742,-0.01902008429169655,0.3260306119918823,27,elbow,2,1.1294883489608765,-0.27655577659606934,-0.0006427644729614101,0,follower_left,elbow_negative,0.45,rad
1.1272614966964198,negative,-0.31612956523895264,-0.019020065665245056,0.3266075849533081,28,elbow,2,1.127907156944275,-0.27525097131729126,-0.0006456602478550622,0,follower_left,elbow_negative,0.4666666666666667,rad
1.1257136228966942,negative,-0.3160671591758728,-0.019020097330212593,0.3271683156490326,29,elbow,2,1.1263781785964966,-0.2741948068141937,-0.0006645556998023938,0,follower_left,elbow_negative,0.48333333333333334,rad
1.124208547450878,negative,-0.3160068094730377,-0.01902003586292267,0.3277122378349304,30,elbow,2,1.1248903274536133,-0.2725641131401062,-0.0006817800027352217,0,follower_left,elbow_negative,0.5,rad
1.1227528547211112,negative,-0.3159496784210205,-0.01902000419795513,0.3282363712787628,31,elbow,2,1.1234594583511353,-0.2713131904602051,-0.0007066036300240608,0,follower_left,elbow_negative,0.5166666666666667,rad
1.1213531290695338,negative,-0.3158954977989197,-0.019020022824406624,0.32874155044555664,32,elbow,2,1.1220813989639282,-0.2694668173789978,-0.000728269894394451,0,follower_left,elbow_negative,0.5333333333333333,rad
1.1200159548582853,negative,-0.31584489345550537,-0.01902003586292267,0.32922282814979553,33,elbow,2,1.1207720041275024,-0.2671273350715637,-0.0007560492692171294,0,follower_left,elbow_negative,0.55,rad
1.1187479164495062,negative,-0.31579580903053284,-0.019020039588212967,0.3296814560890198,34,elbow,2,1.1195133924484253,-0.2636101245880127,-0.000765475998919074,0,follower_left,elbow_negative,0.5666666666666667,rad
1.1175555982053362,negative,-0.31575149297714233,-0.019019970670342445,0.3301082253456116,35,elbow,2,1.118348240852356,-0.2598912715911865,-0.0007926426470197256,0,follower_left,elbow_negative,0.5833333333333334,rad
1.116445584487915,negative,-0.31571173667907715,-0.019019944593310356,0.33050060272216797,36,elbow,2,1.1172828674316406,-0.25726601481437683,-0.0008372829437255369,0,follower_left,elbow_negative,0.6,rad
1.1154244596593827,negative,-0.31567519903182983,-0.019019972532987595,0.3308630585670471,37,elbow,2,1.1162962913513184,-0.2542594373226166,-0.0008718316919356095,0,follower_left,elbow_negative,0.6166666666666667,rad
1.1144988080818794,negative,-0.31564146280288696,-0.019019950181245804,0.33119648694992065,38,elbow,2,1.11538565158844,-0.2502876818180084,-0.0008868435065605418,0,follower_left,elbow_negative,0.6333333333333333,rad
1.1136752141175446,negative,-0.31561416387557983,-0.019019918516278267,0.33148759603500366,39,elbow,2,1.114601969718933,-0.24560658633708954,-0.0009267556013885514,0,follower_left,elbow_negative,0.65,rad
1.1129602621285186,negative,-0.31558990478515625,-0.019019898027181625,0.3317314386367798,40,elbow,2,1.1139405965805054,-0.2411479651927948,-0.000980334451986753,0,follower_left,elbow_negative,0.6666666666666666,rad
1.112360536476941,negative,-0.3155689239501953,-0.019019916653633118,0.3319379687309265,41,elbow,2,1.1133651733398438,-0.2364453375339508,-0.0010046368629026414,0,follower_left,elbow_negative,0.6833333333333333,rad
1.111882621524952,negative,-0.31555432081222534,-0.019019918516278267,0.3320975601673126,42,elbow,2,1.1129403114318848,-0.23209239542484283,-0.0010576899069327794,0,follower_left,elbow_negative,0.7,rad
1.1115331016346914,negative,-0.31554436683654785,-0.01901993900537491,0.33220919966697693,43,elbow,2,1.1126418113708496,-0.22709666192531586,-0.0011087097361581755,0,follower_left,elbow_negative,0.7166666666666667,rad
1.1113185611682992,negative,-0.3155365586280823,-0.019019799306988716,0.3322758376598358,44,elbow,2,1.1124454736709595,-0.22097960114479065,-0.0011269125026602822,0,follower_left,elbow_negative,0.7333333333333333,rad
1.111245584487915,negative,-0.3155388832092285,-0.01901986263692379,0.332275927066803,45,elbow,2,1.1124637126922607,-0.21531617641448975,-0.0012181282043457475,0,follower_left,elbow_negative,0.75,rad
1.1613185611682992,positive,-0.3178151249885559,-0.019020328298211098,0.31337133049964905,1,elbow,2,1.1635773181915283,-0.21421632170677185,-0.0022587570232290854,0,follower_left,elbow_positive,0.016666666666666666,rad
1.1615331016346915,positive,-0.3177907466888428,-0.01902458816766739,0.31354019045829773,2,elbow,2,1.1631882190704346,-0.28841352462768555,-0.001655117435743092,0,follower_left,elbow_positive,0.03333333333333333,rad
1.161882621524952,positive,-0.31780102849006653,-0.019021984189748764,0.3139593005180359,3,elbow,2,1.1625696420669556,-0.21240097284317017,-0.0006870205420035358,0,follower_left,elbow_positive,0.05,rad
1.1623605364769412,positive,-0.3178614377975464,-0.01902037300169468,0.3135950267314911,4,elbow,2,1.1638381481170654,-0.1424851268529892,-0.0014776116401242767,0,follower_left,elbow_positive,0.06666666666666667,rad
1.1629602621285187,positive,-0.3178817331790924,-0.01902048848569393,0.3132135272026062,5,elbow,2,1.1645184755325317,-0.1858837604522705,-0.0015582134040130757,0,follower_left,elbow_positive,0.08333333333333333,rad
1.1636752141175446,positive,-0.3179311156272888,-0.019021032378077507,0.31300413608551025,6,elbow,2,1.1652469635009766,-0.196212500333786,-0.001571749383431964,0,follower_left,elbow_positive,0.1,rad
1.1644988080818794,positive,-0.31797316670417786,-0.019020603969693184,0.31281304359436035,7,elbow,2,1.1659393310546875,-0.1946655511856079,-0.001440522972808056,0,follower_left,elbow_positive,0.11666666666666667,rad
1.1654244596593828,positive,-0.3180350065231323,-0.019019953906536102,0.31244024634361267,8,elbow,2,1.1669442653656006,-0.1568755954504013,-0.0015198057062177917,0,follower_left,elbow_positive,0.13333333333333333,rad
1.1664455844879151,positive,-0.31808775663375854,-0.01901991479098797,0.31196892261505127,9,elbow,2,1.1680775880813599,-0.16687940061092377,-0.0016320035934447308,0,follower_left,elbow_positive,0.15,rad
1.1675555982053363,positive,-0.31815358996391296,-0.01902029663324356,0.31154483556747437,10,elbow,2,1.1692415475845337,-0.1696396917104721,-0.0016859493791974156,0,follower_left,elbow_positive,0.16666666666666666,rad
1.1687479164495063,positive,-0.31821995973587036,-0.019020283594727516,0.3111526072025299,11,elbow,2,1.1704010963439941,-0.1744907945394516,-0.0016531798944878773,0,follower_left,elbow_positive,0.18333333333333332,rad
1.1700159548582854,positive,-0.31829753518104553,-0.019020073115825653,0.31069618463516235,12,elbow,2,1.1716796159744263,-0.1569778174161911,-0.0016636611161409132,0,follower_left,elbow_positive,0.2,rad
1.1713531290695336,positive,-0.31837350130081177,-0.01901988685131073,0.3101671040058136,13,elbow,2,1.1730657815933228,-0.15846511721611023,-0.0017126525237891599,0,follower_left,elbow_positive,0.21666666666666667,rad
1.1727528547211112,positive,-0.3184563219547272,-0.019020039588212967,0.30963221192359924,14,elbow,2,1.174504041671753,-0.15562734007835388,-0.0017511869506416922,0,follower_left,elbow_positive,0.23333333333333334,rad
1.174208547450878,positive,-0.31854087114334106,-0.019020112231373787,0.3091120719909668,15,elbow,2,1.175961971282959,-0.1591230183839798,-0.0017534238320808804,0,follower_left,elbow_positive,0.25,rad
1.1757136228966942,positive,-0.3186322748661041,-0.019020065665245056,0.30857276916503906,16,elbow,2,1.177469253540039,-0.1522485911846161,-0.0017556306433448299,0,follower_left,elbow_positive,0.26666666666666666,rad
1.1772614966964199,positive,-0.31872570514678955,-0.019019994884729385,0.3079943060874939,17,elbow,2,1.1790467500686646,-0.15304838120937347,-0.0017852533722446662,0,follower_left,elbow_positive,0.2833333333333333,rad
1.178845584487915,positive,-0.3188228905200958,-0.019020047038793564,0.3073999285697937,18,elbow,2,1.1806676387786865,-0.15195974707603455,-0.0018220542907714243,0,follower_left,elbow_positive,0.3,rad
1.18045930190904,positive,-0.3189208507537842,-0.01902017742395401,0.3068137764930725,19,elbow,2,1.1822887659072876,-0.1531481146812439,-0.0018294639982476824,0,follower_left,elbow_positive,0.31666666666666665,rad
1.1820960645976544,positive,-0.3190223276615143,-0.019020134583115578,0.3062283396720886,20,elbow,2,1.1839206218719482,-0.15066905319690704,-0.0018245572742938698,0,follower_left,elbow_positive,0.3333333333333333,rad
1.1837492881916187,positive,-0.31912481784820557,-0.019020086154341698,0.30562737584114075,21,elbow,2,1.1855759620666504,-0.15061859786510468,-0.0018266738750316591,0,follower_left,elbow_positive,0.35,rad
1.185412388328793,positive,-0.31922951340675354,-0.01902012899518013,0.30501651763916016,22,elbow,2,1.1872503757476807,-0.14975517988204956,-0.0018379874188876322,0,follower_left,elbow_positive,0.36666666666666664,rad
1.187078780647037,positive,-0.31933510303497314,-0.01902015693485737,0.30441126227378845,23,elbow,2,1.1889231204986572,-0.1503503918647766,-0.001844339851620136,0,follower_left,elbow_positive,0.38333333333333336,rad
1.1887418807842114,positive,-0.31944137811660767,-0.019020192325115204,0.3038156032562256,24,elbow,2,1.19058096408844,-0.14961053431034088,-0.0018390833042285504,0,follower_left,elbow_positive,0.4,rad
1.1903951043781758,positive,-0.3195480704307556,-0.019020145758986473,0.3032222092151642,25,elbow,2,1.1922298669815063,-0.1495547741651535,-0.0018347626033305975,0,follower_left,elbow_positive,0.4166666666666667,rad
1.1920318670667902,positive,-0.3196547329425812,-0.019020160660147667,0.30263012647628784,26,elbow,2,1.1938681602478027,-0.14943404495716095,-0.0018362931810125271,0,follower_left,elbow_positive,0.43333333333333335,rad
1.193645584487915,positive,-0.3197599947452545,-0.019020212814211845,0.30204975605010986,27,elbow,2,1.1954737901687622,-0.15018494427204132,-0.0018282056808471836,0,follower_left,elbow_positive,0.45,rad
1.1952296722794102,positive,-0.3198639750480652,-0.019020237028598785,0.30148616433143616,28,elbow,2,1.1970411539077759,-0.15116512775421143,-0.001811481628365641,0,follower_left,elbow_positive,0.4666666666666667,rad
1.196777546079136,positive,-0.3199664354324341,-0.019020235165953636,0.3009357452392578,29,elbow,2,1.1985729932785034,-0.15225200355052948,-0.001795447199367528,0,follower_left,elbow_positive,0.48333333333333334,rad
1.198282621524952,positive,-0.320066899061203,-0.01902025192975998,0.30039888620376587,30,elbow,2,1.2000625133514404,-0.15362179279327393,-0.0017798918264884112,0,follower_left,elbow_positive,0.5,rad
1.1997383142547189,positive,-0.32016444206237793,-0.019020315259695053,0.2998815178871155,31,elbow,2,1.2014994621276855,-0.15599049627780914,-0.0017611478729666619,0,follower_left,elbow_positive,0.5166666666666667,rad
1.2011380399062963,positive,-0.32025980949401855,-0.019020291045308113,0.2993851900100708,32,elbow,2,1.2028900384902954,-0.1580481380224228,-0.0017519985839991037,0,follower_left,elbow_positive,0.5333333333333333,rad
1.2024752141175448,positive,-0.32035163044929504,-0.0190203208476305,0.2989124357700348,33,elbow,2,1.2042183876037598,-0.16067363321781158,-0.0017431734862149995,0,follower_left,elbow_positive,0.55,rad
1.2037432525263239,positive,-0.32043713331222534,-0.019020359963178635,0.2984701097011566,34,elbow,2,1.2054517269134521,-0.1638782024383545,-0.0017084743871282893,0,follower_left,elbow_positive,0.5666666666666667,rad
1.2049355707704938,positive,-0.32051801681518555,-0.01902039721608162,0.29805564880371094,35,elbow,2,1.2066103219985962,-0.16643796861171722,-0.0016747512281023447,0,follower_left,elbow_positive,0.5833333333333334,rad
1.206045584487915,positive,-0.32059401273727417,-0.01902037113904953,0.29766783118247986,36,elbow,2,1.2076948881149292,-0.16929319500923157,-0.0016493036270142092,0,follower_left,elbow_positive,0.6,rad
1.2070667093164473,positive,-0.320665568113327,-0.019020315259695053,0.2973102331161499,37,elbow,2,1.208705186843872,-0.17288243770599365,-0.001638477527424742,0,follower_left,elbow_positive,0.6166666666666667,rad
1.2079923608939507,positive,-0.32072725892066956,-0.01902046427130699,0.2969975769519806,38,elbow,2,1.2095766067504883,-0.17787836492061615,-0.0015842458565376027,0,follower_left,elbow_positive,0.6333333333333333,rad
1.2088159548582855,positive,-0.32078316807746887,-0.01902039721608162,0.2967208921909332,39,elbow,2,1.2103586196899414,-0.18082955479621887,-0.0015426648316558822,0,follower_left,elbow_positive,0.65,rad
1.2095309068473115,positive,-0.32083365321159363,-0.01902034506201744,0.29647454619407654,40,elbow,2,1.2110611200332642,-0.18462201952934265,-0.0015302131859527002,0,follower_left,elbow_positive,0.6666666666666666,rad
1.210130632498889,positive,-0.32087159156799316,-0.019020384177565575,0.2962789237499237,41,elbow,2,1.2115980386734009,-0.1902087777853012,-0.0014674061745119094,0,follower_left,elbow_positive,0.6833333333333333,rad
1.210608547450878,positive,-0.3209037780761719,-0.019020356237888336,0.29612648487091064,42,elbow,2,1.2120394706726074,-0.19459761679172516,-0.00143092322172933,0,follower_left,elbow_positive,0.7,rad
1.2109580673411386,positive,-0.32092660665512085,-0.019020363688468933,0.2960178256034851,43,elbow,2,1.2123539447784424,-0.19965176284313202,-0.0013958774373037386,0,follower_left,elbow_positive,0.7166666666666667,rad
1.2111726078075309,positive,-0.3209367096424103,-0.019020413979887962,0.29596224427223206,44,elbow,2,1.2125003337860107,-0.204844132065773,-0.0013277259784798545,0,follower_left,elbow_positive,0.7333333333333333,rad
1.211245584487915,positive,-0.32094132900238037,-0.019020384177565575,0.2959497570991516,45,elbow,2,1.212556004524231,-0.21046759188175201,-0.0013104200363158736,0,follower_left,elbow_positive,0.75,rad
0.0010408994379406092,negative,-0.3176986575126648,-0.01902742125093937,0.3138660192489624,1,forearm_roll,3,0.0015114318812265992,0.01601739227771759,-0.00047053244328599,0,follower_left,forearm_roll_negative,0.016666666666666666,rad
0.000826358971548291,negative,-0.3177040219306946,-0.019032619893550873,0.31431400775909424,2,forearm_roll,3,0.0017444535624235868,-0.00403705146163702,-0.0009180945908752959,0,follower_left,forearm_roll_negative,0.03333333333333333,rad
0.00047683908128765993,negative,-0.31770059466362,-0.01903013326227665,0.3146849274635315,3,forearm_roll,3,0.001607191632501781,-0.011602954007685184,-0.001130352551214121,0,follower_left,forearm_roll_negative,0.05,rad
-1.0758707013663795e-06,negative,-0.31772807240486145,-0.019027207046747208,0.31444835662841797,4,forearm_roll,3,0.0014541945420205593,-0.009946014732122421,-0.0014552704127219257,0,follower_left,forearm_roll_negative,0.06666666666666667,rad
-0.0006008015222788692,negative,-0.3177049458026886,-0.019022831693291664,0.3143741190433502,5,forearm_roll,3,0.0012441447470337152,-0.013542486354708672,-0.0018449462693125845,0,follower_left,forearm_roll_negative,0.08333333333333333,rad
-0.001315753511304933,negative,-0.31772300601005554,-0.01901562511920929,0.3144863545894623,6,forearm_roll,3,0.0008843915420584381,-0.01983838900923729,-0.002200145053363371,0,follower_left,forearm_roll_negative,0.1,rad
-0.002139347475639638,negative,-0.3177156150341034,-0.019005103036761284,0.3145837187767029,7,forearm_roll,3,0.00036438240204006433,-0.02420949935913086,-0.0025037298776797025,0,follower_left,forearm_roll_negative,0.11666666666666667,rad
-0.0030649990531430677,negative,-0.3177224099636078,-0.01899251528084278,0.3145226836204529,8,forearm_roll,3,-0.0002568554482422769,-0.02655835822224617,-0.002808143604900791,0,follower_left,forearm_roll_negative,0.13333333333333333,rad
-0.0040861238816753045,negative,-0.3177153170108795,-0.018978288397192955,0.3144390285015106,9,forearm_roll,3,-0.0009558953461237252,-0.028815798461437225,-0.0031302285355515793,0,follower_left,forearm_roll_negative,0.15,rad
-0.005196137599096428,negative,-0.3177187442779541,-0.0189620740711689,0.31446900963783264,10,forearm_roll,3,-0.0017565588932484388,-0.033063605427742004,-0.003439578705847989,0,follower_left,forearm_roll_negative,0.16666666666666666,rad
-0.006388455843266524,negative,-0.3177178204059601,-0.01894323341548443,0.31453120708465576,11,forearm_roll,3,-0.002680832287296653,-0.03650113195180893,-0.003707623555969871,0,follower_left,forearm_roll_negative,0.18333333333333332,rad
-0.007656494252045674,negative,-0.3177199065685272,-0.018922487273812294,0.3145277500152588,12,forearm_roll,3,-0.0037002768367528915,-0.03904156759381294,-0.0039562174152927825,0,follower_left,forearm_roll_negative,0.2,rad
-0.008993668463293959,negative,-0.317717969417572,-0.018900444731116295,0.31447702646255493,13,forearm_roll,3,-0.004790549166500568,-0.04085990786552429,-0.00420311929679339,0,follower_left,forearm_roll_negative,0.21666666666666667,rad
-0.010393394114871463,negative,-0.3177182376384735,-0.018876833841204643,0.31447285413742065,14,forearm_roll,3,-0.005952246021479368,-0.04362925514578819,-0.004441148093392095,0,follower_left,forearm_roll_negative,0.23333333333333334,rad
-0.011849086844638266,negative,-0.3177185654640198,-0.01885145530104637,0.3145040273666382,15,forearm_roll,3,-0.007198397070169449,-0.04624916985630989,-0.004650689774468817,0,follower_left,forearm_roll_negative,0.25,rad
-0.013354162290454453,negative,-0.31771913170814514,-0.01882455311715603,0.3145174980163574,16,forearm_roll,3,-0.00851832889020443,-0.04836504906415939,-0.0048358334002500235,0,follower_left,forearm_roll_negative,0.26666666666666666,rad
-0.014902036090180103,negative,-0.3177191913127899,-0.01879669539630413,0.31449317932128906,17,forearm_roll,3,-0.009893503040075302,-0.049757517874240875,-0.005008533050104801,0,follower_left,forearm_roll_negative,0.2833333333333333,rad
-0.016486123881675308,negative,-0.31771838665008545,-0.018767908215522766,0.3144809603691101,18,forearm_roll,3,-0.011315394192934036,-0.05144282430410385,-0.005170729688741271,0,follower_left,forearm_roll_negative,0.3,rad
-0.01809984130280013,negative,-0.31771913170814514,-0.01873786747455597,0.3144921660423279,19,forearm_roll,3,-0.0127881383523345,-0.053133659064769745,-0.005311702950465631,0,follower_left,forearm_roll_negative,0.31666666666666665,rad
-0.019736603991414674,negative,-0.31771913170814514,-0.01870694011449814,0.31450551748275757,20,forearm_roll,3,-0.014307364821434021,-0.05456271767616272,-0.0054292391699806535,0,follower_left,forearm_roll_negative,0.3333333333333333,rad
-0.02138982758537901,negative,-0.3177196979522705,-0.01867533288896084,0.3144970238208771,21,forearm_roll,3,-0.01586064323782921,-0.05542752519249916,-0.005529184347549801,0,follower_left,forearm_roll_negative,0.35,rad
-0.023052927722553216,negative,-0.3177192509174347,-0.01864347979426384,0.31448596715927124,22,forearm_roll,3,-0.017437312752008438,-0.056237269192934036,-0.005615614970544778,0,follower_left,forearm_roll_negative,0.36666666666666664,rad
-0.024719320040797382,negative,-0.3177195191383362,-0.01861095242202282,0.3144873380661011,23,forearm_roll,3,-0.019035309553146362,-0.05702361464500427,-0.00568401048765102,0,follower_left,forearm_roll_negative,0.38333333333333336,rad
-0.0263824201779716,negative,-0.3177197575569153,-0.018578026443719864,0.3144955039024353,24,forearm_roll,3,-0.02065143547952175,-0.05765300989151001,-0.005730984698449848,0,follower_left,forearm_roll_negative,0.4,rad
-0.028035643771935938,negative,-0.3177202343940735,-0.018544865772128105,0.314494252204895,25,forearm_roll,3,-0.02227708138525486,-0.05788717418909073,-0.005758562386681078,0,follower_left,forearm_roll_negative,0.4166666666666667,rad
-0.02967240646055047,negative,-0.3177201747894287,-0.018511952832341194,0.3144870400428772,26,forearm_roll,3,-0.023902378976345062,-0.057909395545721054,-0.005770027484205409,0,follower_left,forearm_roll_negative,0.43333333333333335,rad
-0.03128612388167531,negative,-0.3177204430103302,-0.018479058519005775,0.3144846260547638,27,forearm_roll,3,-0.025521857663989067,-0.057839829474687576,-0.005764266217686241,0,follower_left,forearm_roll_negative,0.45,rad
-0.0328702116731705,negative,-0.31772056221961975,-0.018446311354637146,0.31448811292648315,28,forearm_roll,3,-0.02713146060705185,-0.057635676115751266,-0.0057387510661186525,0,follower_left,forearm_roll_negative,0.4666666666666667,rad
-0.03441808547289616,negative,-0.3177209198474884,-0.018413865938782692,0.31448888778686523,29,forearm_roll,3,-0.02872450277209282,-0.05714990943670273,-0.0056935827008033416,0,follower_left,forearm_roll_negative,0.48333333333333334,rad
-0.03592316091871234,negative,-0.3177211284637451,-0.018382057547569275,0.31448492407798767,30,forearm_roll,3,-0.03029242344200611,-0.05641385540366173,-0.005630737476706227,0,follower_left,forearm_roll_negative,0.5,rad
-0.03737885364847915,negative,-0.31772133708000183,-0.01835087314248085,0.3144816756248474,31,forearm_roll,3,-0.0318283773958683,-0.05551980435848236,-0.0055504762526108475,0,follower_left,forearm_roll_negative,0.5166666666666667,rad
-0.038778579300056654,negative,-0.31772148609161377,-0.01832043193280697,0.3144821524620056,32,forearm_roll,3,-0.03332698345184326,-0.05447906628251076,-0.005451595848213392,0,follower_left,forearm_roll_negative,0.5333333333333333,rad
-0.04011575351130493,negative,-0.31772181391716003,-0.01829073391854763,0.31448280811309814,33,forearm_roll,3,-0.0347822941839695,-0.05321706458926201,-0.005333459327335435,0,follower_left,forearm_roll_negative,0.55,rad
-0.04138379192008408,negative,-0.31772202253341675,-0.01826229691505432,0.31448087096214294,34,forearm_roll,3,-0.03618684783577919,-0.0517122820019722,-0.005196944084304891,0,follower_left,forearm_roll_negative,0.5666666666666667,rad
-0.04257611016425418,negative,-0.3177223205566406,-0.01823490858078003,0.3144783079624176,35,forearm_roll,3,-0.03753357753157616,-0.0500127449631691,-0.005042532632678023,0,follower_left,forearm_roll_negative,0.5833333333333334,rad
-0.04368612388167531,negative,-0.31772246956825256,-0.018208837136626244,0.3144773542881012,36,forearm_roll,3,-0.03881649300456047,-0.04814693331718445,-0.004869630877114839,0,follower_left,forearm_roll_negative,0.6,rad
-0.04470724871020754,negative,-0.31772273778915405,-0.01818418875336647,0.31447744369506836,37,forearm_roll,3,-0.04002963751554489,-0.04608457535505295,-0.004677611194662645,0,follower_left,forearm_roll_negative,0.6166666666666667,rad
-0.04563290028771097,negative,-0.31772294640541077,-0.018161101266741753,0.31447625160217285,38,forearm_roll,3,-0.04116621986031532,-0.04379769042134285,-0.004466680427395647,0,follower_left,forearm_roll_negative,0.6333333333333333,rad
-0.04645649425204568,negative,-0.3177231550216675,-0.018139654770493507,0.31447461247444153,39,forearm_roll,3,-0.04221915826201439,-0.04130341485142708,-0.004237335990031288,0,follower_left,forearm_roll_negative,0.65,rad
-0.04717144624107174,negative,-0.31772321462631226,-0.01812012866139412,0.3144734799861908,40,forearm_roll,3,-0.04318207502365112,-0.03862288221716881,-0.003989371217420615,0,follower_left,forearm_roll_negative,0.6666666666666666,rad
-0.04777117189264924,negative,-0.3177233338356018,-0.018102452158927917,0.31447312235832214,41,forearm_roll,3,-0.04404880106449127,-0.03558142110705376,-0.0037223708281579684,0,follower_left,forearm_roll_negative,0.6833333333333333,rad
-0.04824908684463827,negative,-0.31772372126579285,-0.018086928874254227,0.3144724667072296,42,forearm_roll,3,-0.04481273517012596,-0.0323077067732811,-0.0034363516745123113,0,follower_left,forearm_roll_negative,0.7,rad
-0.0485986067348989,negative,-0.3177236318588257,-0.018073659390211105,0.3144715428352356,43,forearm_roll,3,-0.04546702280640602,-0.028837358579039574,-0.00313158392849288,0,follower_left,forearm_roll_negative,0.7166666666666667,rad
-0.04881314720129122,negative,-0.31772381067276,-0.018062667921185493,0.3144707977771759,44,forearm_roll,3,-0.04600514844059944,-0.02519628405570984,-0.0028079987606917794,0,follower_left,forearm_roll_negative,0.7333333333333333,rad
-0.048886123881675306,negative,-0.3177238702774048,-0.018054204061627388,0.3144705891609192,45,forearm_roll,3,-0.046420685946941376,-0.021368207409977913,-0.00246543793473393,0,follower_left,forearm_roll_negative,0.75,rad
0.0011868527987087848,positive,-0.3176986873149872,-0.019028179347515106,0.3138659596443176,1,forearm_roll,3,0.0015489927027374506,0.017176568508148193,-0.00036213990402866577,0,follower_left,forearm_roll_positive,0.016666666666666666,rad
0.001401393265101103,positive,-0.31770387291908264,-0.01903618685901165,0.3143139183521271,2,forearm_roll,3,0.0019210504833608866,0.000626963097602129,-0.0005196572182597835,0,follower_left,forearm_roll_positive,0.03333333333333333,rad
0.001750913155361734,positive,-0.3177006244659424,-0.0190394576638937,0.3146851062774658,3,forearm_roll,3,0.002068886300548911,-0.0020127445459365845,-0.000317973145187177,0,follower_left,forearm_roll_positive,0.05,rad
0.0022288281073507606,positive,-0.3177280128002167,-0.019045807421207428,0.3144483268260956,4,forearm_roll,3,0.0023760886397212744,0.004933283664286137,-0.00014726053237051374,0,follower_left,forearm_roll_positive,0.06666666666666667,rad
0.0028285537589282633,positive,-0.31770485639572144,-0.01905457116663456,0.31437408924102783,5,forearm_roll,3,0.0028195034246891737,0.007336340844631195,9.05033423908956e-06,0,follower_left,forearm_roll_positive,0.08333333333333333,rad
0.003543505747954327,positive,-0.31772297620773315,-0.01906484179198742,0.3144862651824951,6,forearm_roll,3,0.0033162280451506376,0.007921773009002209,0.0002272777028036895,0,follower_left,forearm_roll_positive,0.1,rad
0.004367099712289033,positive,-0.3177156448364258,-0.019076071679592133,0.314583957195282,7,forearm_roll,3,0.0038595767691731453,0.01005389541387558,0.0005075229431158873,0,follower_left,forearm_roll_positive,0.11666666666666667,rad
0.005292751289792462,positive,-0.3177223205566406,-0.019089138135313988,0.3145231008529663,8,forearm_roll,3,0.004507390316575766,0.013852173462510109,0.0007853609732166962,0,follower_left,forearm_roll_positive,0.13333333333333333,rad
0.0063138761183246985,positive,-0.3177151381969452,-0.019104579463601112,0.3144392669200897,9,forearm_roll,3,0.0052789305336773396,0.01768708974123001,0.001034945584647359,0,follower_left,forearm_roll_positive,0.15,rad
0.007423889835745822,positive,-0.3177185356616974,-0.019122177734971046,0.314469575881958,10,forearm_roll,3,0.006144148763269186,0.019420526921749115,0.0012797410724766358,0,follower_left,forearm_roll_positive,0.16666666666666666,rad
0.008616208079915918,positive,-0.31771767139434814,-0.019141294062137604,0.31453174352645874,11,forearm_roll,3,0.007073576562106609,0.021655093878507614,0.0015426315178093085,0,follower_left,forearm_roll_positive,0.18333333333333332,rad
0.009884246488695068,positive,-0.31771963834762573,-0.019161881878972054,0.3145286440849304,12,forearm_roll,3,0.008085551671683788,0.024429094046354294,0.0017986948170112798,0,follower_left,forearm_roll_positive,0.2,rad
0.011221420699943353,positive,-0.3177178204059601,-0.019184108823537827,0.3144780993461609,13,forearm_roll,3,0.00919328536838293,0.027638515457510948,0.002028135331560422,0,follower_left,forearm_roll_positive,0.21666666666666667,rad
0.012621146351520857,positive,-0.31771790981292725,-0.019208304584026337,0.3144742548465729,14,forearm_roll,3,0.010384976863861084,0.029660692438483238,0.0022361694876597733,0,follower_left,forearm_roll_positive,0.23333333333333334,rad
0.01407683908128766,positive,-0.3177180588245392,-0.019233979284763336,0.31450599431991577,15,forearm_roll,3,0.01163709256798029,0.031478628516197205,0.00243974651330737,0,follower_left,forearm_roll_positive,0.25,rad
0.015581914527103847,positive,-0.3177187442779541,-0.019260652363300323,0.31451937556266785,16,forearm_roll,3,0.012947928160429,0.0333704799413681,0.0026339863666748464,0,follower_left,forearm_roll_positive,0.26666666666666666,rad
0.017129788326829497,positive,-0.31771859526634216,-0.019288498908281326,0.31449538469314575,17,forearm_roll,3,0.014323036186397076,0.03558606654405594,0.002806752140432422,0,follower_left,forearm_roll_positive,0.2833333333333333,rad
0.0187138761183247,positive,-0.31771790981292725,-0.01931748352944851,0.3144834339618683,18,forearm_roll,3,0.01575792022049427,0.03720936179161072,0.0029559558978304312,0,follower_left,forearm_roll_positive,0.3,rad
0.020327593539449525,positive,-0.31771841645240784,-0.01934765838086605,0.31449535489082336,19,forearm_roll,3,0.017236748710274696,0.03848036006093025,0.0030908448291748283,0,follower_left,forearm_roll_positive,0.31666666666666665,rad
0.02196435622806407,positive,-0.3177185356616974,-0.019378559663891792,0.31450897455215454,20,forearm_roll,3,0.018751272931694984,0.03959452733397484,0.003213083296369084,0,follower_left,forearm_roll_positive,0.3333333333333333,rad
0.023617579822028403,positive,-0.3177190124988556,-0.019409947097301483,0.3145003020763397,21,forearm_roll,3,0.020300600677728653,0.040837496519088745,0.0033169791442997504,0,follower_left,forearm_roll_positive,0.35,rad
0.02528067995920261,positive,-0.3177184760570526,-0.019442010670900345,0.3144899010658264,22,forearm_roll,3,0.021881820634007454,0.041777100414037704,0.003398859325195156,0,follower_left,forearm_roll_positive,0.36666666666666664,rad
0.026947072277446776,positive,-0.3177188038825989,-0.019474627450108528,0.3144920766353607,23,forearm_roll,3,0.023484457284212112,0.0423947349190712,0.003462614993234664,0,follower_left,forearm_roll_positive,0.38333333333333336,rad
0.028610172414620993,positive,-0.3177189528942108,-0.019507553428411484,0.3145006597042084,24,forearm_roll,3,0.025099163874983788,0.04277462139725685,0.003511008539637206,0,follower_left,forearm_roll_positive,0.4,rad
0.030263396008585332,positive,-0.31771934032440186,-0.019540540874004364,0.3144991993904114,25,forearm_roll,3,0.02672143094241619,0.043118372559547424,0.0035419650661691407,0,follower_left,forearm_roll_positive,0.4166666666666667,rad
0.031900158697199865,positive,-0.31771916151046753,-0.019573507830500603,0.3144923448562622,26,forearm_roll,3,0.028347456827759743,0.04327661171555519,0.0035527018694401225,0,follower_left,forearm_roll_positive,0.43333333333333335,rad
0.0335138761183247,positive,-0.31771934032440186,-0.019606389105319977,0.31449076533317566,27,forearm_roll,3,0.029969627037644386,0.04316652938723564,0.003544249080680316,0,follower_left,forearm_roll_positive,0.45,rad
0.035097963909819896,positive,-0.3177195191383362,-0.019639229401946068,0.31449466943740845,28,forearm_roll,3,0.03157920762896538,0.0428103469312191,0.003518756280854518,0,follower_left,forearm_roll_positive,0.4666666666666667,rad
0.036645837709545555,positive,-0.31771981716156006,-0.019671568647027016,0.31449538469314575,29,forearm_roll,3,0.03316974639892578,0.042317647486925125,0.0034760913106197736,0,follower_left,forearm_roll_positive,0.48333333333333334,rad
0.03815091315536173,positive,-0.31771987676620483,-0.019703367725014687,0.3144918382167816,30,forearm_roll,3,0.03473638743162155,0.04166339337825775,0.0034145257237401805,0,follower_left,forearm_roll_positive,0.5,rad
0.03960660588512854,positive,-0.317719966173172,-0.01973457634449005,0.31448930501937866,31,forearm_roll,3,0.036272719502449036,0.0407833568751812,0.0033338863826795073,0,follower_left,forearm_roll_positive,0.5166666666666667,rad
0.04100633153670605,positive,-0.3177201747894287,-0.01976502500474453,0.31449031829833984,32,forearm_roll,3,0.037771206349134445,0.03967190161347389,0.0032351251875716025,0,follower_left,forearm_roll_positive,0.5333333333333333,rad
0.04234350574795433,positive,-0.31772053241729736,-0.019794635474681854,0.3144911825656891,33,forearm_roll,3,0.03922504559159279,0.038380466401576996,0.0031184601563615383,0,follower_left,forearm_roll_positive,0.55,rad
0.043611544156733476,positive,-0.3177207112312317,-0.019823091104626656,0.3144891560077667,34,forearm_roll,3,0.040628425776958466,0.03691684827208519,0.00298311837977501,0,follower_left,forearm_roll_positive,0.5666666666666667,rad
0.044803862400903574,positive,-0.3177209198474884,-0.019850417971611023,0.31448715925216675,35,forearm_roll,3,0.041975170373916626,0.03525148704648018,0.002828692026986948,0,follower_left,forearm_roll_positive,0.5833333333333334,rad
0.045913876118324704,positive,-0.3177209794521332,-0.019876493141055107,0.3144868314266205,36,forearm_roll,3,0.043258268386125565,0.033367447555065155,0.002655607732199139,0,follower_left,forearm_roll_positive,0.6,rad
0.04693500094685693,positive,-0.31772130727767944,-0.019901150837540627,0.31448718905448914,37,forearm_roll,3,0.0444708988070488,0.03128740191459656,0.002464102139808133,0,follower_left,forearm_roll_positive,0.6166666666666667,rad
0.047860652524360364,positive,-0.3177214562892914,-0.019924230873584747,0.31448620557785034,38,forearm_roll,3,0.04560675844550133,0.029024381190538406,0.0022538940788590367,0,follower_left,forearm_roll_positive,0.6333333333333333,rad
0.04868424648869507,positive,-0.31772154569625854,-0.019945640116930008,0.3144845962524414,39,forearm_roll,3,0.04665962606668472,0.026564698666334152,0.002024620422010348,0,follower_left,forearm_roll_positive,0.65,rad
0.04939919847772113,positive,-0.31772175431251526,-0.019965197890996933,0.3144838511943817,40,forearm_roll,3,0.04762273281812668,0.023897025734186172,0.0017764656595944534,0,follower_left,forearm_roll_positive,0.6666666666666666,rad
0.049998924129298634,positive,-0.317721962928772,-0.019982848316431046,0.31448397040367126,41,forearm_roll,3,0.04848935455083847,0.021026240661740303,0.001509569578460164,0,follower_left,forearm_roll_positive,0.6833333333333333,rad
0.05047683908128767,positive,-0.31772202253341675,-0.019998347386717796,0.3144837021827698,42,forearm_roll,3,0.049252949655056,0.017965996637940407,0.0012238894262316669,0,follower_left,forearm_roll_positive,0.7,rad
0.050826358971548295,positive,-0.31772202253341675,-0.02001171186566353,0.31448259949684143,43,forearm_roll,3,0.04990715533494949,0.014653842896223068,0.0009192036365988018,0,follower_left,forearm_roll_positive,0.7166666666666667,rad
0.051040899437940615,positive,-0.31772223114967346,-0.020022621378302574,0.3144818842411041,44,forearm_roll,3,0.05044546723365784,0.01091250590980053,0.0005954322042827781,0,follower_left,forearm_roll_positive,0.7333333333333333,rad
0.0511138761183247,positive,-0.317722350358963,-0.020031094551086426,0.31448179483413696,45,forearm_roll,3,0.050861258059740067,0.0069473618641495705,0.00025261805858463326,0,follower_left,forearm_roll_positive,0.75,rad
-0.29594605240403216,negative,-0.3176639676094055,-0.019020628184080124,0.31362760066986084,1,wrist_angle,4,-0.28646570444107056,-0.08529960364103317,-0.0094803479629616,0,follower_left,wrist_angle_negative,0.016666666666666666,rad
-0.29616059287042446,negative,-0.3176875412464142,-0.01902451179921627,0.31378161907196045,2,wrist_angle,4,-0.28837117552757263,-0.12037093937397003,-0.007789417342851823,0,follower_left,wrist_angle_negative,0.03333333333333333,rad
-0.2965101127606851,negative,-0.3176656663417816,-0.019022513180971146,0.3144061267375946,3,wrist_angle,4,-0.2908937931060791,-0.19729793071746826,-0.005616319654606017,0,follower_left,wrist_angle_negative,0.05,rad
-0.29698802771267413,negative,-0.31770551204681396,-0.01902063749730587,0.314347505569458,4,wrist_angle,4,-0.2931901514530182,-0.029841773211956024,-0.0037978762596559412,0,follower_left,wrist_angle_negative,0.06666666666666667,rad
-0.29758775336425164,negative,-0.31769850850105286,-0.019020944833755493,0.31420284509658813,5,wrist_angle,4,-0.2926044464111328,-0.05198116600513458,-0.004983306953118827,0,follower_left,wrist_angle_negative,0.08333333333333333,rad
-0.2983027053532777,negative,-0.3177069425582886,-0.01902155391871929,0.3143329620361328,6,wrist_angle,4,-0.29363885521888733,-0.046006932854652405,-0.004663850134390357,0,follower_left,wrist_angle_negative,0.1,rad
-0.2991262993176124,negative,-0.31770744919776917,-0.019020892679691315,0.3145020604133606,7,wrist_angle,4,-0.2951364517211914,-0.03342718258500099,-0.0039898475964210145,0,follower_left,wrist_angle_negative,0.11666666666666667,rad
-0.3000519508951158,negative,-0.3177230656147003,-0.01902053691446781,0.31452685594558716,8,wrist_angle,4,-0.2961687743663788,-0.03147924691438675,-0.0038831765287370423,0,follower_left,wrist_angle_negative,0.13333333333333333,rad
-0.30107307572364805,negative,-0.3177241384983063,-0.019020646810531616,0.3145589828491211,9,wrist_angle,4,-0.2968690097332001,-0.037442896515131,-0.0042040659904479805,0,follower_left,wrist_angle_negative,0.15,rad
-0.3021830894410692,negative,-0.31773513555526733,-0.019020702689886093,0.3146570026874542,10,wrist_angle,4,-0.2980327606201172,-0.0364561602473259,-0.0041503288209520095,0,follower_left,wrist_angle_negative,0.16666666666666666,rad
-0.3033754076852393,negative,-0.3177395761013031,-0.019020549952983856,0.31476059556007385,11,wrist_angle,4,-0.2993472218513489,-0.03417324647307396,-0.004028185833890419,0,follower_left,wrist_angle_negative,0.18333333333333332,rad
-0.30464344609401844,negative,-0.3177511692047119,-0.0190205629914999,0.31483879685401917,12,wrist_angle,4,-0.30056044459342957,-0.03521007299423218,-0.004083001500588879,0,follower_left,wrist_angle_negative,0.2,rad
-0.30598062030526674,negative,-0.3177580237388611,-0.01902049407362938,0.31492042541503906,13,wrist_angle,4,-0.30182668566703796,-0.036527369171381,-0.004153934638228773,0,follower_left,wrist_angle_negative,0.21666666666666667,rad
-0.3073803459568442,negative,-0.31776905059814453,-0.01902052015066147,0.3150221109390259,14,wrist_angle,4,-0.3031797409057617,-0.03740834817290306,-0.0042006050510824955,0,follower_left,wrist_angle_negative,0.23333333333333334,rad
-0.308836038686611,negative,-0.3177771270275116,-0.01902041956782341,0.31512320041656494,15,wrist_angle,4,-0.30460017919540405,-0.038065046072006226,-0.0042358594912069725,0,follower_left,wrist_angle_negative,0.25,rad
-0.3103411141324272,negative,-0.31778931617736816,-0.01902039535343647,0.3152199387550354,16,wrist_angle,4,-0.30604344606399536,-0.039228152483701706,-0.004297668068431848,0,follower_left,wrist_angle_negative,0.26666666666666666,rad
-0.31188898793215286,negative,-0.3177988827228546,-0.01902035064995289,0.31532469391822815,17,wrist_angle,4,-0.3075364828109741,-0.04025110602378845,-0.00435250512117874,0,follower_left,wrist_angle_negative,0.2833333333333333,rad
-0.3134730757236481,negative,-0.3178108036518097,-0.019020339474081993,0.3154352009296417,18,wrist_angle,4,-0.30906927585601807,-0.04121820256114006,-0.004403799867630009,0,follower_left,wrist_angle_negative,0.3,rad
-0.3150867931447729,negative,-0.317822128534317,-0.01902031898498535,0.3155423700809479,19,wrist_angle,4,-0.31064146757125854,-0.041995491832494736,-0.004445325573514347,0,follower_left,wrist_angle_negative,0.31666666666666665,rad
-0.31672355583338746,negative,-0.3178348243236542,-0.019020291045308113,0.3156530261039734,20,wrist_angle,4,-0.31223082542419434,-0.04288963973522186,-0.004492730409193124,0,follower_left,wrist_angle_negative,0.3333333333333333,rad
-0.31837677942735176,negative,-0.3178466856479645,-0.019020210951566696,0.31576794385910034,21,wrist_angle,4,-0.3138508200645447,-0.04351654276251793,-0.004525959362807086,0,follower_left,wrist_angle_negative,0.35,rad
-0.32003987956452595,negative,-0.3178600072860718,-0.01902019791305065,0.3158816993236542,22,wrist_angle,4,-0.3154873847961426,-0.04402173310518265,-0.004552494768383375,0,follower_left,wrist_angle_negative,0.36666666666666664,rad
-0.3217062718827701,negative,-0.3178727328777313,-0.01902015507221222,0.3159955143928528,23,wrist_angle,4,-0.3171355426311493,-0.04437205567955971,-0.004570729251620831,0,follower_left,wrist_angle_negative,0.38333333333333336,rad
-0.32336937201994437,negative,-0.3178861737251282,-0.019020115956664085,0.3161119222640991,24,wrist_angle,4,-0.3187875747680664,-0.04459023103117943,-0.0045817972518779615,0,follower_left,wrist_angle_negative,0.4,rad
-0.32502259561390867,negative,-0.317899614572525,-0.01902006007730961,0.3162272870540619,25,wrist_angle,4,-0.3204421401023865,-0.04457753151655197,-0.004580455511522197,0,follower_left,wrist_angle_negative,0.4166666666666667,rad
-0.32665935830252324,negative,-0.31791335344314575,-0.01902000978589058,0.3163411021232605,26,wrist_angle,4,-0.32208797335624695,-0.04442247003316879,-0.004571384946276291,0,follower_left,wrist_angle_negative,0.43333333333333335,rad
-0.32827307572364806,negative,-0.31792715191841125,-0.019019916653633118,0.3164553642272949,27,wrist_angle,4,-0.32372164726257324,-0.044062864035367966,-0.0045514284610748135,0,follower_left,wrist_angle_negative,0.45,rad
-0.32985716351514327,negative,-0.31794098019599915,-0.019019868224859238,0.3165680170059204,28,wrist_angle,4,-0.3253364861011505,-0.04350483790040016,-0.0045206774139927575,0,follower_left,wrist_angle_negative,0.4666666666666667,rad
-0.3314050373148689,negative,-0.3179545998573303,-0.019019851461052895,0.31667834520339966,29,wrist_angle,4,-0.32692572474479675,-0.04274947941303253,-0.004479312570072169,0,follower_left,wrist_angle_negative,0.48333333333333334,rad
-0.3329101127606851,negative,-0.3179681599140167,-0.019019778817892075,0.3167865574359894,30,wrist_angle,4,-0.3284817636013031,-0.041815511882305145,-0.004428349159382006,0,follower_left,wrist_angle_negative,0.5,rad
-0.3343658054904519,negative,-0.3179815709590912,-0.019019680097699165,0.3168923556804657,31,wrist_angle,4,-0.32999998331069946,-0.040665335953235626,-0.004365822179752454,0,follower_left,wrist_angle_negative,0.5166666666666667,rad
-0.3357655311420294,negative,-0.3179948329925537,-0.01901966519653797,0.3169945180416107,32,wrist_angle,4,-0.3314683139324188,-0.03940357640385628,-0.004297217209610571,0,follower_left,wrist_angle_negative,0.5333333333333333,rad
-0.3371027053532777,negative,-0.31800758838653564,-0.01901962235569954,0.3170924484729767,33,wrist_angle,4,-0.33288025856018066,-0.038027167320251465,-0.004222446793097023,0,follower_left,wrist_angle_negative,0.55,rad
-0.33837074376205684,negative,-0.3180198669433594,-0.019019538536667824,0.31718581914901733,34,wrist_angle,4,-0.334224134683609,-0.03662874549627304,-0.004146609078447827,0,follower_left,wrist_angle_negative,0.5666666666666667,rad
-0.33956306200622693,negative,-0.3180316388607025,-0.019019445404410362,0.3172742426395416,35,wrist_angle,4,-0.3354910612106323,-0.03525429591536522,-0.00407200079559461,0,follower_left,wrist_angle_negative,0.5833333333333334,rad
-0.3406730757236481,negative,-0.3180426061153412,-0.019019421190023422,0.3173561692237854,36,wrist_angle,4,-0.33666878938674927,-0.03400927409529686,-0.00400428633689881,0,follower_left,wrist_angle_negative,0.6,rad
-0.3416942005521803,negative,-0.3180530071258545,-0.01901930943131447,0.31743037700653076,37,wrist_angle,4,-0.33774709701538086,-0.0329580120742321,-0.003947103536799446,0,follower_left,wrist_angle_negative,0.6166666666666667,rad
-0.3426198521296837,negative,-0.3180621564388275,-0.019019264727830887,0.31749656796455383,38,wrist_angle,4,-0.3387115001678467,-0.03224688768386841,-0.003908351961837031,0,follower_left,wrist_angle_negative,0.6333333333333333,rad
-0.34344344609401845,negative,-0.31807029247283936,-0.01901918463408947,0.3175542652606964,39,wrist_angle,4,-0.339556485414505,-0.031860560178756714,-0.0038869606795134404,0,follower_left,wrist_angle_negative,0.65,rad
-0.3441583980830445,negative,-0.3180773854255676,-0.01901913993060589,0.3176037669181824,40,wrist_angle,4,-0.3402787744998932,-0.031733594834804535,-0.0038796235831513037,0,follower_left,wrist_angle_negative,0.6666666666666666,rad
-0.344758123734622,negative,-0.31808310747146606,-0.019019175320863724,0.3176441490650177,41,wrist_angle,4,-0.34087488055229187,-0.03180817514657974,-0.0038832431823301317,0,follower_left,wrist_angle_negative,0.6833333333333333,rad
-0.345236038686611,negative,-0.31808769702911377,-0.01901903562247753,0.31767532229423523,42,wrist_angle,4,-0.34133920073509216,-0.032069507986307144,-0.00389683795151885,0,follower_left,wrist_angle_negative,0.7,rad
-0.3455855585768717,negative,-0.3180909752845764,-0.01901896297931671,0.3176972568035126,43,wrist_angle,4,-0.34166833758354187,-0.032455869019031525,-0.003917220993329806,0,follower_left,wrist_angle_negative,0.7166666666666667,rad
-0.345800099043264,negative,-0.3180927038192749,-0.019018931314349174,0.31770920753479004,44,wrist_angle,4,-0.34185758233070374,-0.0329303964972496,-0.00394251671256024,0,follower_left,wrist_angle_negative,0.7333333333333333,rad
-0.34587307572364806,negative,-0.31809279322624207,-0.01901892013847828,0.3177111744880676,45,wrist_angle,4,-0.341890424489975,-0.033681366592645645,-0.003982651233673085,0,follower_left,wrist_angle_negative,0.75,rad
-0.295800099043264,positive,-0.3176620900630951,-0.019020559266209602,0.3136194348335266,1,wrist_angle,4,-0.28630879521369934,-0.08879147469997406,-0.009491303829564646,0,follower_left,wrist_angle_positive,0.016666666666666666,rad
-0.2955855585768717,positive,-0.3176843225955963,-0.019024459645152092,0.3137440085411072,2,wrist_angle,4,-0.2878682017326355,-0.11751672625541687,-0.0077173568442361895,0,follower_left,wrist_angle_positive,0.03333333333333333,rad
-0.295236038686611,positive,-0.3176606595516205,-0.019022362306714058,0.314346581697464,3,wrist_angle,4,-0.29001566767692566,-0.12517330050468445,-0.005220371009685365,0,follower_left,wrist_angle_positive,0.05,rad
-0.294758123734622,positive,-0.3176928460597992,-0.019020317122340202,0.31422996520996094,4,wrist_angle,4,-0.29150673747062683,-0.0196915864944458,-0.003251386263995182,0,follower_left,wrist_angle_positive,0.06666666666666667,rad
-0.2941583980830445,positive,-0.3176705241203308,-0.019020171836018562,0.313937783241272,5,wrist_angle,4,-0.28867918252944946,-0.06129726395010948,-0.00547921555359504,0,follower_left,wrist_angle_positive,0.08333333333333333,rad
-0.29344344609401846,positive,-0.3176764249801636,-0.01902121864259243,0.31389909982681274,6,wrist_angle,4,-0.2879665791988373,-0.06114889308810234,-0.005476866895181176,0,follower_left,wrist_angle_positive,0.1,rad
-0.2926198521296837,positive,-0.3176650404930115,-0.01902097463607788,0.31403473019599915,7,wrist_angle,4,-0.28865474462509155,-0.032957013696432114,-0.003965107504592169,0,follower_left,wrist_angle_positive,0.11666666666666667,rad
-0.2916942005521803,positive,-0.3176669478416443,-0.019020071253180504,0.3140014708042145,8,wrist_angle,4,-0.2879818379878998,-0.028300121426582336,-0.003712362564280536,0,follower_left,wrist_angle_positive,0.13333333333333333,rad
-0.2906730757236481,positive,-0.31765472888946533,-0.01901978999376297,0.31377682089805603,9,wrist_angle,4,-0.2858774662017822,-0.04851227626204491,-0.004795609521865862,0,follower_left,wrist_angle_positive,0.15,rad
-0.28956306200622695,positive,-0.3176490068435669,-0.019020406529307365,0.3136434555053711,10,wrist_angle,4,-0.28414803743362427,-0.06000588461756706,-0.005415024572602678,0,follower_left,wrist_angle_positive,0.16666666666666666,rad
-0.28837074376205685,positive,-0.31764140725135803,-0.019020603969693184,0.3136560022830963,11,wrist_angle,4,-0.28379225730895996,-0.04437476024031639,-0.004578486453096886,0,follower_left,wrist_angle_positive,0.18333333333333332,rad
-0.2871027053532777,positive,-0.31763604283332825,-0.019020095467567444,0.31363487243652344,12,wrist_angle,4,-0.2829762101173401,-0.03597703203558922,-0.004126495235937611,0,follower_left,wrist_angle_positive,0.2,rad
-0.2857655311420294,positive,-0.3176271319389343,-0.019019873812794685,0.31347060203552246,13,wrist_angle,4,-0.28116700053215027,-0.044801197946071625,-0.004598530609879137,0,follower_left,wrist_angle_positive,0.21666666666666667,rad
-0.28436580549045193,positive,-0.31761881709098816,-0.019020110368728638,0.31330543756484985,14,wrist_angle,4,-0.2791421711444855,-0.05643577501177788,-0.005223634345966455,0,follower_left,wrist_angle_positive,0.23333333333333334,rad
-0.2829101127606851,positive,-0.31761080026626587,-0.01902039721608162,0.31323620676994324,15,wrist_angle,4,-0.2779808044433594,-0.050911836326122284,-0.004929308317325742,0,follower_left,wrist_angle_positive,0.25,rad
-0.28140503731486893,positive,-0.31760329008102417,-0.019020287320017815,0.31319156289100647,16,wrist_angle,4,-0.2769054174423218,-0.042906470596790314,-0.004499619872547156,0,follower_left,wrist_angle_positive,0.26666666666666666,rad
-0.2798571635151433,positive,-0.3175950050354004,-0.019020047038793564,0.3130651116371155,17,wrist_angle,4,-0.275252103805542,-0.0448877289891243,-0.004605059709601289,0,follower_left,wrist_angle_positive,0.2833333333333333,rad
-0.27827307572364807,positive,-0.317586749792099,-0.019020093604922295,0.3129018247127533,18,wrist_angle,4,-0.27321693301200867,-0.053300779312849045,-0.0050561427116394,0,follower_left,wrist_angle_positive,0.3,rad
-0.27665935830252325,positive,-0.3175785541534424,-0.0190203208476305,0.3127872347831726,19,wrist_angle,4,-0.27160051465034485,-0.05332325026392937,-0.005058843652178402,0,follower_left,wrist_angle_positive,0.31666666666666665,rad
-0.2750225956139087,positive,-0.3175705075263977,-0.019020359963178635,0.3127132058143616,20,wrist_angle,4,-0.2702518403530121,-0.04794655740261078,-0.0047707552608965975,0,follower_left,wrist_angle_positive,0.3333333333333333,rad
-0.2733693720199444,positive,-0.31756290793418884,-0.019020169973373413,0.3126048147678375,21,wrist_angle,4,-0.2686741352081299,-0.046546854078769684,-0.004695236811814496,0,follower_left,wrist_angle_positive,0.35,rad
-0.2717062718827702,positive,-0.3175552487373352,-0.01902022399008274,0.31245744228363037,22,wrist_angle,4,-0.26676008105278015,-0.05123318359255791,-0.004946190829990038,0,follower_left,wrist_angle_positive,0.36666666666666664,rad
-0.270039879564526,positive,-0.3175477683544159,-0.019020285457372665,0.31232592463493347,23,wrist_angle,4,-0.26497966051101685,-0.0533449687063694,-0.005060219053509174,0,follower_left,wrist_angle_positive,0.38333333333333336,rad
-0.2683767794273518,positive,-0.31754034757614136,-0.019020386040210724,0.31223052740097046,24,wrist_angle,4,-0.26346054673194885,-0.050652697682380676,-0.004916232695402922,0,follower_left,wrist_angle_positive,0.4,rad
-0.26672355583338747,positive,-0.31753355264663696,-0.019020317122340202,0.3121299147605896,25,wrist_angle,4,-0.26194021105766296,-0.04817797988653183,-0.004783344775724507,0,follower_left,wrist_angle_positive,0.4166666666666667,rad
-0.2650867931447729,positive,-0.31752684712409973,-0.019020335748791695,0.31200236082077026,26,wrist_angle,4,-0.26020416617393494,-0.050033558160066605,-0.004882626970837967,0,follower_left,wrist_angle_positive,0.43333333333333335,rad
-0.2634730757236481,positive,-0.31752070784568787,-0.01902036741375923,0.31187403202056885,27,wrist_angle,4,-0.2584739327430725,-0.05220111459493637,-0.004999142980575577,0,follower_left,wrist_angle_positive,0.45,rad
-0.2618889879321529,positive,-0.3175143897533417,-0.01902051270008087,0.31177040934562683,28,wrist_angle,4,-0.25693902373313904,-0.051277779042720795,-0.004949964199013834,0,follower_left,wrist_angle_positive,0.4666666666666667,rad
-0.2603411141324272,positive,-0.3175085783004761,-0.019020460546016693,0.3116762340068817,29,wrist_angle,4,-0.25551027059555054,-0.0490570142865181,-0.004830843536876683,0,follower_left,wrist_angle_positive,0.48333333333333334,rad
-0.25883603868661104,positive,-0.3175031840801239,-0.019020425155758858,0.311569482088089,30,wrist_angle,4,-0.2540030777454376,-0.04910096526145935,-0.004832960941173414,0,follower_left,wrist_angle_positive,0.5,rad
-0.2573803459568442,positive,-0.31749826669692993,-0.01902048848569393,0.31145724654197693,31,wrist_angle,4,-0.25247329473495483,-0.05048125609755516,-0.004907051221889391,0,follower_left,wrist_angle_positive,0.5166666666666667,rad
-0.25598062030526675,positive,-0.31749364733695984,-0.01902046427130699,0.3113596439361572,32,wrist_angle,4,-0.25107961893081665,-0.05036405101418495,-0.004901001374450098,0,follower_left,wrist_angle_positive,0.5333333333333333,rad
-0.25464344609401846,positive,-0.3174892067909241,-0.019020572304725647,0.31127607822418213,33,wrist_angle,4,-0.24982871115207672,-0.04875366762280464,-0.004814734941941734,0,follower_left,wrist_angle_positive,0.55,rad
-0.2533754076852393,positive,-0.3174852132797241,-0.019020508974790573,0.31119152903556824,34,wrist_angle,4,-0.2486063539981842,-0.047904085367918015,-0.004769053687055103,0,follower_left,wrist_angle_positive,0.5666666666666667,rad
-0.2521830894410692,positive,-0.31748166680336,-0.01902061700820923,0.3111037611961365,35,wrist_angle,4,-0.24739158153533936,-0.04832373932003975,-0.004791507905729853,0,follower_left,wrist_angle_positive,0.5833333333333334,rad
-0.25107307572364806,positive,-0.31747859716415405,-0.01902061328291893,0.3110244870185852,36,wrist_angle,4,-0.24628093838691711,-0.04833325743675232,-0.0047921373367309505,0,follower_left,wrist_angle_positive,0.6,rad
-0.25005195089511584,positive,-0.3174755573272705,-0.01902073621749878,0.3109593391418457,37,wrist_angle,4,-0.24531947076320648,-0.04721865430474281,-0.004732480131909356,0,follower_left,wrist_angle_positive,0.6166666666666667,rad
-0.24912629931761243,positive,-0.31747299432754517,-0.019020743668079376,0.310901015996933,38,wrist_angle,4,-0.24445827305316925,-0.04601709544658661,-0.004668026264443181,0,follower_left,wrist_angle_positive,0.6333333333333333,rad
-0.2483027053532777,positive,-0.31747105717658997,-0.019020700827240944,0.31084364652633667,39,wrist_angle,4,-0.2436552345752716,-0.045634675770998,-0.004647470778006091,0,follower_left,wrist_angle_positive,0.65,rad
-0.24758775336425165,positive,-0.3174692392349243,-0.0190208088606596,0.31079304218292236,40,wrist_angle,4,-0.24295076727867126,-0.04543787240982056,-0.004636986085580386,0,follower_left,wrist_angle_positive,0.6666666666666666,rad
-0.24698802771267414,positive,-0.3174678087234497,-0.019020820036530495,0.3107551634311676,41,wrist_angle,4,-0.242397278547287,-0.0445743203163147,-0.0045907491653871535,0,follower_left,wrist_angle_positive,0.6833333333333333,rad
-0.24651011276068513,positive,-0.3174667954444885,-0.01902085728943348,0.31072816252708435,42,wrist_angle,4,-0.2419845163822174,-0.04335980489850044,-0.004525596378467722,0,follower_left,wrist_angle_positive,0.7,rad
-0.2461605928704245,positive,-0.317466139793396,-0.01902083121240139,0.3107067942619324,43,wrist_angle,4,-0.24168136715888977,-0.04249392822384834,-0.004479225711534723,0,follower_left,wrist_angle_positive,0.7166666666666667,rad
-0.24594605240403217,positive,-0.31746599078178406,-0.019020961597561836,0.31069284677505493,44,wrist_angle,4,-0.2414940446615219,-0.04198519140481949,-0.0044520077425102556,0,follower_left,wrist_angle_positive,0.7333333333333333,rad
-0.24587307572364808,positive,-0.31746622920036316,-0.01902095414698124,0.3106909394264221,45,wrist_angle,4,-0.24146555364131927,-0.04115375131368637,-0.0044075220823288075,0,follower_left,wrist_angle_positive,0.75,rad
-7.347696084825408e-05,negative,-0.3176986277103424,-0.019022144377231598,0.3138662278652191,1,wrist_rotate,5,-1.8259765056427568e-05,-0.0009720214293338358,-5.5217195791826515e-05,0,follower_left,wrist_rotate_negative,0.016666666666666666,rad
-0.0002880174272405723,negative,-0.31770384311676025,-0.019024381414055824,0.3143138885498047,2,wrist_rotate,5,-9.228194539900869e-05,-0.0005304894875735044,-0.0001957354818415636,0,follower_left,wrist_rotate_negative,0.03333333333333333,rad
-0.0006375373175012034,negative,-0.3177006244659424,-0.019021430984139442,0.3146849274635315,3,wrist_rotate,5,-0.000237350890529342,-0.0005310261622071266,-0.00040018642697186137,0,follower_left,wrist_rotate_negative,0.05,rad
-0.0011154522694902297,negative,-0.3177281320095062,-0.019020676612854004,0.31444835662841797,4,wrist_rotate,5,-0.0004695367533713579,-0.0010659219697117805,-0.0006459155161188718,0,follower_left,wrist_rotate_negative,0.06666666666666667,rad
-0.0017151779210677325,negative,-0.3177049160003662,-0.019021224230527878,0.31437399983406067,5,wrist_rotate,5,-0.0007996782078407705,-0.0010789968073368073,-0.000915499713226962,0,follower_left,wrist_rotate_negative,0.08333333333333333,rad
-0.0024301299100937964,negative,-0.3177229166030884,-0.019021498039364815,0.314486026763916,6,wrist_rotate,5,-0.0012323964620009065,-0.0011034086346626282,-0.00119773344809289,0,follower_left,wrist_rotate_negative,0.1,rad
-0.0032537238744285014,negative,-0.31771570444107056,-0.01902085542678833,0.31458377838134766,7,wrist_rotate,5,-0.0017683814512565732,-0.0011218339204788208,-0.0014853424231719282,0,follower_left,wrist_rotate_negative,0.11666666666666667,rad
-0.004179375451931931,negative,-0.317722350358963,-0.019020453095436096,0.3145228922367096,8,wrist_rotate,5,-0.0024072928354144096,-0.0011302679777145386,-0.0017720826165175214,0,follower_left,wrist_rotate_negative,0.13333333333333333,rad
-0.005200500280464168,negative,-0.3177150785923004,-0.019020626321434975,0.3144391179084778,9,wrist_rotate,5,-0.0031473843846470118,-0.0011403746902942657,-0.002053115895817156,0,follower_left,wrist_rotate_negative,0.15,rad
-0.006310513997885291,negative,-0.31771862506866455,-0.019021054729819298,0.3144691586494446,10,wrist_rotate,5,-0.003985827323049307,-0.0011600181460380554,-0.0023246866748359843,0,follower_left,wrist_rotate_negative,0.16666666666666666,rad
-0.007502832242055387,negative,-0.3177177906036377,-0.01902087964117527,0.31453147530555725,11,wrist_rotate,5,-0.004917840473353863,-0.0011767931282520294,-0.0025849917687015243,0,follower_left,wrist_rotate_negative,0.18333333333333332,rad
-0.008770870650834537,negative,-0.31771960854530334,-0.019020652398467064,0.3145284354686737,12,wrist_rotate,5,-0.005938586313277483,-0.0011883378028869629,-0.0028322843375570544,0,follower_left,wrist_rotate_negative,0.2,rad
-0.010108044862082822,negative,-0.31771788001060486,-0.019020698964595795,0.3144777715206146,13,wrist_rotate,5,-0.007042796351015568,-0.0011968761682510376,-0.003065248511067254,0,follower_left,wrist_rotate_negative,0.21666666666666667,rad
-0.011507770513660327,negative,-0.31771793961524963,-0.01902090758085251,0.3144740164279938,14,wrist_rotate,5,-0.008225226774811745,-0.001209992915391922,-0.003282543738848582,0,follower_left,wrist_rotate_negative,0.23333333333333334,rad
-0.012963463243427129,negative,-0.3177182972431183,-0.019020933657884598,0.31450557708740234,15,wrist_rotate,5,-0.009479857981204987,-0.0012226775288581848,-0.0034836052622221423,0,follower_left,wrist_rotate_negative,0.25,rad
-0.014468538689243316,negative,-0.3177187144756317,-0.019020864740014076,0.3145192563533783,16,wrist_rotate,5,-0.01080052275210619,-0.0012327581644058228,-0.0036680159371371267,0,follower_left,wrist_rotate_negative,0.26666666666666666,rad
-0.016016412488968967,negative,-0.3177185356616974,-0.01902077905833721,0.3144955635070801,17,wrist_rotate,5,-0.012180899269878864,-0.001239389181137085,-0.0038355132190901024,0,follower_left,wrist_rotate_negative,0.2833333333333333,rad
-0.01760050028046417,negative,-0.31771785020828247,-0.019020939245820045,0.3144836127758026,18,wrist_rotate,5,-0.013614877127110958,-0.0012473464012145996,-0.003985623153353213,0,follower_left,wrist_rotate_negative,0.3,rad
-0.019214217701588994,negative,-0.3177182674407959,-0.019021011888980865,0.3144955039024353,19,wrist_rotate,5,-0.015096151269972324,-0.0012554004788398743,-0.00411806643161667,0,follower_left,wrist_rotate_negative,0.31666666666666665,rad
-0.020850980390203538,negative,-0.31771841645240784,-0.01902100443840027,0.3145093023777008,20,wrist_rotate,5,-0.016618242487311363,-0.0012621954083442688,-0.0042327379028921745,0,follower_left,wrist_rotate_negative,0.3333333333333333,rad
-0.022504203984167873,negative,-0.31771862506866455,-0.01902090013027191,0.31450146436691284,21,wrist_rotate,5,-0.01817454770207405,-0.0012662336230278015,-0.004329656282093822,0,follower_left,wrist_rotate_negative,0.35,rad
-0.02416730412134208,negative,-0.31771811842918396,-0.019020874053239822,0.31449130177497864,22,wrist_rotate,5,-0.019758619368076324,-0.0012699887156486511,-0.004408684753265755,0,follower_left,wrist_rotate_negative,0.36666666666666664,rad
-0.025833696439586246,negative,-0.31771817803382874,-0.01902097463607788,0.31449365615844727,23,wrist_rotate,5,-0.02136402577161789,-0.0012734606862068176,-0.004469670667968356,0,follower_left,wrist_rotate_negative,0.38333333333333336,rad
-0.027496796576760463,negative,-0.31771835684776306,-0.01902095228433609,0.31450268626213074,24,wrist_rotate,5,-0.02298426628112793,-0.0012762770056724548,-0.004512530295632533,0,follower_left,wrist_rotate_negative,0.4,rad
-0.0291500201707248,negative,-0.31771841645240784,-0.019020967185497284,0.31450194120407104,25,wrist_rotate,5,-0.02461269311606884,-0.0012771785259246826,-0.004537327054655961,0,follower_left,wrist_rotate_negative,0.4166666666666667,rad
-0.030786782859339334,negative,-0.31771817803382874,-0.019020913168787956,0.3144957423210144,26,wrist_rotate,5,-0.026242723688483238,-0.0012770295143127441,-0.004544059170856096,0,follower_left,wrist_rotate_negative,0.43333333333333335,rad
-0.03240050028046417,negative,-0.3177182972431183,-0.019020915031433105,0.3144945502281189,27,wrist_rotate,5,-0.027867864817380905,-0.0012763887643814087,-0.004532635463083266,0,follower_left,wrist_rotate_negative,0.45,rad
-0.033984588071959365,negative,-0.3177182376384735,-0.01902090199291706,0.3144989311695099,28,wrist_rotate,5,-0.029481595382094383,-0.001275092363357544,-0.004502992689864982,0,follower_left,wrist_rotate_negative,0.4666666666666667,rad
-0.035532461871685024,negative,-0.31771841645240784,-0.019020862877368927,0.31450045108795166,29,wrist_rotate,5,-0.031077314168214798,-0.0012723952531814575,-0.004455147703470226,0,follower_left,wrist_rotate_negative,0.48333333333333334,rad
-0.0370375373175012,negative,-0.3177182972431183,-0.019020838662981987,0.3144978880882263,30,wrist_rotate,5,-0.032648395746946335,-0.0012684762477874756,-0.004389141570554866,0,follower_left,wrist_rotate_negative,0.5,rad
-0.03849323004726801,negative,-0.3177182674407959,-0.019020836800336838,0.3144959807395935,31,wrist_rotate,5,-0.03418829292058945,-0.0012638047337532043,-0.004304937126678565,0,follower_left,wrist_rotate_negative,0.5166666666666667,rad
-0.03989295569884552,negative,-0.3177182674407959,-0.019020777195692062,0.3144974708557129,32,wrist_rotate,5,-0.035690464079380035,-0.0012584403157234192,-0.0042024916194654816,0,follower_left,wrist_rotate_negative,0.5333333333333333,rad
-0.041230129910093796,negative,-0.31771835684776306,-0.019020719453692436,0.31449922919273376,33,wrist_rotate,5,-0.03714835271239281,-0.00125189870595932,-0.004081777197700989,0,follower_left,wrist_rotate_negative,0.55,rad
-0.042498168318872945,negative,-0.31771835684776306,-0.019020704552531242,0.3144984841346741,34,wrist_rotate,5,-0.0385553352534771,-0.0012442618608474731,-0.003942833065395848,0,follower_left,wrist_rotate_negative,0.5666666666666667,rad
-0.04369048656304304,negative,-0.31771817803382874,-0.019020704552531242,0.3144969940185547,35,wrist_rotate,5,-0.039904844015836716,-0.0012356191873550415,-0.0037856425472063276,0,follower_left,wrist_rotate_negative,0.5833333333333334,rad
-0.04480050028046417,negative,-0.31771817803382874,-0.019020646810531616,0.314497172832489,36,wrist_rotate,5,-0.041190363466739655,-0.001226179301738739,-0.0036101368137245182,0,follower_left,wrist_rotate_negative,0.6,rad
-0.0458216251089964,negative,-0.3177182376384735,-0.019020579755306244,0.3144983649253845,37,wrist_rotate,5,-0.0424053817987442,-0.0012158192694187164,-0.0034162433102521983,0,follower_left,wrist_rotate_negative,0.6166666666666667,rad
-0.046747276686499833,negative,-0.3177183270454407,-0.01902054250240326,0.3144983947277069,38,wrist_rotate,5,-0.043543606996536255,-0.00120437890291214,-0.0032036696899635786,0,follower_left,wrist_rotate_negative,0.6333333333333333,rad
-0.04757087065083454,negative,-0.3177182674407959,-0.019020510837435722,0.3144975006580353,39,wrist_rotate,5,-0.044598307460546494,-0.0011919476091861725,-0.0029725631902880467,0,follower_left,wrist_rotate_negative,0.65,rad
-0.0482858226398606,negative,-0.3177182674407959,-0.019020486623048782,0.31449735164642334,40,wrist_rotate,5,-0.04556283727288246,-0.0011785998940467834,-0.0027229853669781395,0,follower_left,wrist_rotate_negative,0.6666666666666666,rad
-0.048885548291438104,negative,-0.3177182674407959,-0.019020477309823036,0.31449785828590393,41,wrist_rotate,5,-0.0464305505156517,-0.0011643581092357635,-0.002454997775786401,0,follower_left,wrist_rotate_negative,0.6833333333333333,rad
-0.049363463243427136,negative,-0.3177182674407959,-0.01902046427130699,0.31449827551841736,42,wrist_rotate,5,-0.04719482734799385,-0.0011490806937217712,-0.002168635895433285,0,follower_left,wrist_rotate_negative,0.7,rad
-0.049712983133687765,negative,-0.3177183270454407,-0.019020380452275276,0.31449782848358154,43,wrist_rotate,5,-0.04784904420375824,-0.001132730394601822,-0.0018639389299295248,0,follower_left,wrist_rotate_negative,0.7166666666666667,rad
-0.049927523600080084,negative,-0.3177182078361511,-0.01902029849588871,0.3144974708557129,44,wrist_rotate,5,-0.04838655889034271,-0.001115448772907257,-0.0015409647097373719,0,follower_left,wrist_rotate_negative,0.7333333333333333,rad
-0.05000050028046417,negative,-0.31771835684776306,-0.01902027614414692,0.3144977390766144,45,wrist_rotate,5,-0.048800840973854065,-0.0009313654154539108,-0.0011996593066101041,0,follower_left,wrist_rotate_negative,0.75,rad
7.247639991992152e-05,positive,-0.3176986575126648,-0.019022122025489807,0.3138662278652191,1,wrist_rotate,5,2.0477826183196157e-05,-0.0009663262171670794,5.1998573736725364e-05,0,follower_left,wrist_rotate_positive,0.016666666666666666,rad
0.00028701686631223974,positive,-0.31770390272140503,-0.01902429573237896,0.3143139183521271,2,wrist_rotate,5,8.877683285390958e-05,3.818306140601635e-05,0.00019824003345833015,0,follower_left,wrist_rotate_positive,0.03333333333333333,rad
0.0006365367565728708,positive,-0.31770065426826477,-0.01902124285697937,0.3146849274635315,3,wrist_rotate,5,0.0002335522585781291,0.0006329268217086792,0.0004029844979947417,0,follower_left,wrist_rotate_positive,0.05,rad
0.0011144517085618971,positive,-0.3177281320095062,-0.01902042143046856,0.3144483268260956,4,wrist_rotate,5,0.00046763100544922054,0.00045357830822467804,0.0006468207031126766,0,follower_left,wrist_rotate_positive,0.06666666666666667,rad
0.0017141773601394,positive,-0.317704975605011,-0.019020898267626762,0.3143739402294159,5,wrist_rotate,5,0.0007980021182447672,0.0006512235850095749,0.0009161752418946328,0,follower_left,wrist_rotate_positive,0.08333333333333333,rad
0.002429129349165464,positive,-0.3177229166030884,-0.01902109384536743,0.31448617577552795,6,wrist_rotate,5,0.001229734974913299,0.0011135730892419815,0.0011993943742521647,0,follower_left,wrist_rotate_positive,0.1,rad
0.003252723313500169,positive,-0.31771576404571533,-0.019020356237888336,0.3145836591720581,7,wrist_rotate,5,0.0017655572155490518,0.0011273939162492752,0.001487166097951117,0,follower_left,wrist_rotate_positive,0.11666666666666667,rad
0.0041783748910035985,positive,-0.31772226095199585,-0.019019857048988342,0.3145228624343872,8,wrist_rotate,5,0.002404967788606882,0.0011455602943897247,0.0017734071023967164,0,follower_left,wrist_rotate_positive,0.13333333333333333,rad
0.005199499719535835,positive,-0.31771528720855713,-0.01901989057660103,0.3144392967224121,9,wrist_rotate,5,0.0031453995034098625,0.0011653713881969452,0.0020541002161259727,0,follower_left,wrist_rotate_positive,0.15,rad
0.0063095134369569586,positive,-0.31771865487098694,-0.019020186737179756,0.3144691586494446,10,wrist_rotate,5,0.003983227536082268,0.0011756308376789093,0.002326285900874691,0,follower_left,wrist_rotate_positive,0.16666666666666666,rad
0.0075018316811270545,positive,-0.3177177906036377,-0.019019998610019684,0.3145315945148468,11,wrist_rotate,5,0.004915100988000631,0.0011881999671459198,0.002586730693126423,0,follower_left,wrist_rotate_positive,0.18333333333333332,rad
0.008769870089906205,positive,-0.3177197277545929,-0.019019655883312225,0.31452837586402893,12,wrist_rotate,5,0.00593607360497117,0.001201540231704712,0.0028337964849350344,0,follower_left,wrist_rotate_positive,0.2,rad
0.01010704430115449,positive,-0.3177177906036377,-0.01901964284479618,0.31447795033454895,13,wrist_rotate,5,0.0070406594313681126,0.0012171752750873566,0.0030663848697863767,0,follower_left,wrist_rotate_positive,0.21666666666666667,rad
0.011506769952731994,positive,-0.31771790981292725,-0.019019730389118195,0.3144739270210266,14,wrist_rotate,5,0.00822293758392334,0.0012274086475372314,0.003283832368808654,0,follower_left,wrist_rotate_positive,0.23333333333333334,rad
0.012962462682498796,positive,-0.31771817803382874,-0.01901974156498909,0.31450578570365906,15,wrist_rotate,5,0.009477466344833374,0.0012369975447654724,0.0034849963376654223,0,follower_left,wrist_rotate_positive,0.25,rad
0.014467538128314984,positive,-0.3177188038825989,-0.019019581377506256,0.31451940536499023,16,wrist_rotate,5,0.010798224247992039,0.0012462437152862549,0.003669313880322945,0,follower_left,wrist_rotate_positive,0.26666666666666666,rad
0.016015411928040634,positive,-0.3177186846733093,-0.019019443541765213,0.31449565291404724,17,wrist_rotate,5,0.012178879231214523,0.0012567639350891113,0.003836532696826111,0,follower_left,wrist_rotate_positive,0.2833333333333333,rad
0.017599499719535838,positive,-0.31771793961524963,-0.01901957206428051,0.3144838213920593,18,wrist_rotate,5,0.013612903654575348,0.0012646019458770752,0.00398659606496049,0,follower_left,wrist_rotate_positive,0.3,rad
0.01921321714066066,positive,-0.3177182972431183,-0.019019585102796555,0.3144957423210144,19,wrist_rotate,5,0.015094145201146603,0.0012709274888038635,0.004119071939514059,0,follower_left,wrist_rotate_positive,0.31666666666666665,rad
0.020849979829275205,positive,-0.31771835684776306,-0.019019557163119316,0.31450963020324707,20,wrist_rotate,5,0.016616279259324074,0.0012763217091560364,0.004233700569951131,0,follower_left,wrist_rotate_positive,0.3333333333333333,rad
0.02250320342323954,positive,-0.3177187144756317,-0.01901947148144245,0.31450167298316956,21,wrist_rotate,5,0.018172772601246834,0.0012821033596992493,0.004330430821992706,0,follower_left,wrist_rotate_positive,0.35,rad
0.024166303560413747,positive,-0.31771814823150635,-0.01901945471763611,0.3144913911819458,22,wrist_rotate,5,0.019756950438022614,0.0012864544987678528,0.004409353122391133,0,follower_left,wrist_rotate_positive,0.36666666666666664,rad
0.025832695878657913,positive,-0.3177182972431183,-0.019019486382603645,0.3144938051700592,23,wrist_rotate,5,0.021362388506531715,0.0012893080711364746,0.004470307372126198,0,follower_left,wrist_rotate_positive,0.38333333333333336,rad
0.02749579601583213,positive,-0.3177183270454407,-0.019019529223442078,0.31450286507606506,24,wrist_rotate,5,0.022982656955718994,0.0012909621000289917,0.004513139060113136,0,follower_left,wrist_rotate_positive,0.4,rad
0.02914901960979647,positive,-0.3177185654640198,-0.019019512459635735,0.3145023286342621,25,wrist_rotate,5,0.0246112123131752,0.0012923181056976318,0.004537807296621267,0,follower_left,wrist_rotate_positive,0.4166666666666667,rad
0.030785782298411002,positive,-0.3177183270454407,-0.019019581377506256,0.31449633836746216,26,wrist_rotate,5,0.02624136209487915,0.0012927725911140442,0.0045444202035318515,0,follower_left,wrist_rotate_positive,0.43333333333333335,rad
0.03239949971953584,positive,-0.3177182674407959,-0.019019562751054764,0.31449490785598755,27,wrist_rotate,5,0.02786657027900219,0.0012919828295707703,0.004532929440533649,0,follower_left,wrist_rotate_positive,0.45,rad
0.03398358751103103,positive,-0.3177182376384735,-0.019019538536667824,0.3144994378089905,28,wrist_rotate,5,0.029480351135134697,0.00128994882106781,0.004503236375896336,0,follower_left,wrist_rotate_positive,0.4666666666666667,rad
0.03553146131075669,positive,-0.317718505859375,-0.01901954412460327,0.31450116634368896,29,wrist_rotate,5,0.031076164916157722,0.001287207007408142,0.004455296394598969,0,follower_left,wrist_rotate_positive,0.48333333333333334,rad
0.03703653675657287,positive,-0.3177182972431183,-0.019019534811377525,0.3144981265068054,30,wrist_rotate,5,0.03264736384153366,0.0012836605310440063,0.004389172915039208,0,follower_left,wrist_rotate_positive,0.5,rad
0.03849222948633968,positive,-0.31771835684776306,-0.019019655883312225,0.31449639797210693,31,wrist_rotate,5,0.03418734669685364,0.001278996467590332,0.004304882789486042,0,follower_left,wrist_rotate_positive,0.5166666666666667,rad
0.039891955137917184,positive,-0.3177182674407959,-0.019019631668925285,0.31449809670448303,32,wrist_rotate,5,0.03568960726261139,0.001273222267627716,0.004202347875305795,0,follower_left,wrist_rotate_positive,0.5333333333333333,rad
0.041229129349165464,positive,-0.31771835684776306,-0.019019683822989464,0.31450003385543823,33,wrist_rotate,5,0.03714761137962341,0.0012665241956710815,0.004081517969542051,0,follower_left,wrist_rotate_positive,0.55,rad
0.04249716775794461,positive,-0.3177184462547302,-0.019019700586795807,0.31449902057647705,34,wrist_rotate,5,0.038554828613996506,0.0012590587139129639,0.0039423391439481065,0,follower_left,wrist_rotate_positive,0.5666666666666667,rad
0.04368948600211471,positive,-0.31771835684776306,-0.01901974156498909,0.3144975006580353,35,wrist_rotate,5,0.03990466892719269,0.0012504979968070984,0.003784817074922023,0,follower_left,wrist_rotate_positive,0.5833333333333334,rad
0.04479949971953584,positive,-0.3177183270454407,-0.0190197192132473,0.3144979476928711,36,wrist_rotate,5,0.04119062051177025,0.0012409314513206482,0.003608879207765592,0,follower_left,wrist_rotate_positive,0.6,rad
0.04582062454806807,positive,-0.31771841645240784,-0.019019832834601402,0.3144991993904114,37,wrist_rotate,5,0.042406100779771805,0.0012303777039051056,0.0034145237682962626,0,follower_left,wrist_rotate_positive,0.6166666666666667,rad
0.0467462761255715,positive,-0.31771838665008545,-0.019019832834601402,0.31449928879737854,38,wrist_rotate,5,0.04354449361562729,0.0012189075350761414,0.003201782509944212,0,follower_left,wrist_rotate_positive,0.6333333333333333,rad
0.04756987008990621,positive,-0.31771841645240784,-0.019019808620214462,0.3144981265068054,39,wrist_rotate,5,0.04459918662905693,0.0012065134942531586,0.002970683460849277,0,follower_left,wrist_rotate_positive,0.65,rad
0.04828482207893227,positive,-0.3177182674407959,-0.01901986449956894,0.31449800729751587,40,wrist_rotate,5,0.045563556253910065,0.0011930949985980988,0.002721265825022204,0,follower_left,wrist_rotate_positive,0.6666666666666666,rad
0.04888454773050977,positive,-0.31771835684776306,-0.019019940868020058,0.3144986629486084,41,wrist_rotate,5,0.046431027352809906,0.001178652048110962,0.002453520377699865,0,follower_left,wrist_rotate_positive,0.6833333333333333,rad
0.0493624626824988,positive,-0.3177184462547302,-0.0190199576318264,0.3144991099834442,42,wrist_rotate,5,0.047195035964250565,0.0011632777750492096,0.0021674267182482387,0,follower_left,wrist_rotate_positive,0.7,rad
0.04971198257275943,positive,-0.31771841645240784,-0.01902000606060028,0.31449857354164124,43,wrist_rotate,5,0.04784895479679108,0.0011469386518001556,0.0018630277759683553,0,follower_left,wrist_rotate_positive,0.7166666666666667,rad
0.04992652303915175,positive,-0.3177182674407959,-0.019020043313503265,0.3144982159137726,44,wrist_rotate,5,0.04838622361421585,0.0009837709367275238,0.0015402994249359009,0,follower_left,wrist_rotate_positive,0.7333333333333333,rad
0.049999499719535836,positive,-0.3177182972431183,-0.019020147621631622,0.31449854373931885,45,wrist_rotate,5,0.0488002747297287,0.0006765127182006836,0.0011992249898071378,0,follower_left,wrist_rotate_positive,0.75,rad
-7.295391607276294e-05,negative,-0.3176986575126648,-0.019022144377231598,0.3138662278652191,1,gripper,6,-1.9420132957748137e-05,4.6811532229185104e-05,-5.35337831150148e-05,0,follower_left,gripper_negative,0.016666666666666666,rad
-0.00028749438246508115,negative,-0.31770384311676025,-0.019024332985281944,0.3143139183521271,2,gripper,6,-9.045758633874357e-05,1.0933959856629372e-05,-0.00019703679612633759,0,follower_left,gripper_negative,0.03333333333333333,rad
-0.0006370142727257122,negative,-0.3177006244659424,-0.019021276384592056,0.31468483805656433,3,gripper,6,-0.00023549338220618665,-2.8694048523902893e-06,-0.00040152089051952557,0,follower_left,gripper_negative,0.05,rad
-0.0011149292247147385,negative,-0.31772807240486145,-0.019020535051822662,0.3144482970237732,4,gripper,6,-0.000468924903543666,2.2355467081069946e-05,-0.0006460043211710725,0,follower_left,gripper_negative,0.06666666666666667,rad
-0.0017146548762922414,negative,-0.3177049160003662,-0.019021039828658104,0.31437399983406067,5,gripper,6,-0.0007995484629645944,3.139115869998932e-05,-0.000915106413327647,0,follower_left,gripper_negative,0.08333333333333333,rad
-0.0024296068653183052,negative,-0.3177230656147003,-0.01902131736278534,0.31448614597320557,6,gripper,6,-0.0012321526883170009,1.6940757632255554e-05,-0.0011974541770013044,0,follower_left,gripper_negative,0.1,rad
-0.0032532008296530103,negative,-0.3177156448364258,-0.019020603969693184,0.31458383798599243,7,gripper,6,-0.001768537680618465,1.4608725905418396e-05,-0.0014846631490345453,0,follower_left,gripper_negative,0.11666666666666667,rad
-0.00417885240715644,negative,-0.3177223801612854,-0.019020117819309235,0.31452274322509766,8,gripper,6,-0.0024082488380372524,2.1461397409439087e-05,-0.0017706035691191875,0,follower_left,gripper_negative,0.13333333333333333,rad
-0.005199977235688677,negative,-0.3177151083946228,-0.019020291045308113,0.31443923711776733,9,gripper,6,-0.003149189753457904,2.864748239517212e-05,-0.0020507874822307728,0,follower_left,gripper_negative,0.15,rad
-0.0063099909531098,negative,-0.3177185654640198,-0.019020603969693184,0.31446924805641174,10,gripper,6,-0.003988067153841257,2.092495560646057e-05,-0.002321923799268543,0,follower_left,gripper_negative,0.16666666666666666,rad
-0.007502309197279896,negative,-0.31771785020828247,-0.019020410254597664,0.314531534910202,11,gripper,6,-0.004920751787722111,1.782923936843872e-05,-0.002581557409557785,0,follower_left,gripper_negative,0.18333333333333332,rad
-0.008770347606059046,negative,-0.31771978735923767,-0.019020184874534607,0.3145284950733185,12,gripper,6,-0.005942448507994413,1.957640051841736e-05,-0.002827899098064633,0,follower_left,gripper_negative,0.2,rad
-0.01010752181730733,negative,-0.3177177906036377,-0.01902018114924431,0.31447795033454895,13,gripper,6,-0.0070478771813213825,2.467632293701172e-05,-0.003059644635985948,0,follower_left,gripper_negative,0.21666666666666667,rad
-0.011507247468884835,negative,-0.31771788001060486,-0.019020313397049904,0.31447380781173706,14,gripper,6,-0.008231407962739468,2.2545456886291504e-05,-0.003275839506145368,0,follower_left,gripper_negative,0.23333333333333334,rad
-0.012962940198651638,negative,-0.3177182376384735,-0.019020285457372665,0.31450554728507996,15,gripper,6,-0.009487170726060867,1.9855797290802002e-05,-0.0034757694725907704,0,follower_left,gripper_negative,0.25,rad
-0.014468015644467825,negative,-0.3177188038825989,-0.01902014948427677,0.3145195245742798,16,gripper,6,-0.010809102095663548,1.9595026969909668e-05,-0.003658913548804278,0,follower_left,gripper_negative,0.26666666666666666,rad
-0.016015889444193476,negative,-0.31771862506866455,-0.019020119681954384,0.3144955337047577,17,gripper,6,-0.012191002257168293,2.2448599338531494e-05,-0.0038248871870251826,0,follower_left,gripper_negative,0.2833333333333333,rad
-0.01759997723568868,negative,-0.31771790981292725,-0.019020212814211845,0.3144836723804474,18,gripper,6,-0.013626563362777233,2.2485852241516113e-05,-0.0039734138729114465,0,follower_left,gripper_negative,0.3,rad
-0.019213694656813503,negative,-0.3177183270454407,-0.019020281732082367,0.31449568271636963,19,gripper,6,-0.015109406784176826,2.0973384380340576e-05,-0.004104287872636676,0,follower_left,gripper_negative,0.31666666666666665,rad
-0.020850457345428047,negative,-0.3177184462547302,-0.01902019791305065,0.3145095705986023,20,gripper,6,-0.01663309894502163,2.016127109527588e-05,-0.004217358400406417,0,follower_left,gripper_negative,0.3333333333333333,rad
-0.02250368093939238,negative,-0.3177186846733093,-0.019020160660147667,0.31450170278549194,21,gripper,6,-0.018191173672676086,2.1457672119140625e-05,-0.004312507266716295,0,follower_left,gripper_negative,0.35,rad
-0.024166781076566588,negative,-0.3177182674407959,-0.01902012526988983,0.3144913911819458,22,gripper,6,-0.019777122884988785,2.2113323211669922e-05,-0.004389658191577803,0,follower_left,gripper_negative,0.36666666666666664,rad
-0.025833173394810754,negative,-0.31771835684776306,-0.01902017742395401,0.3144935369491577,23,gripper,6,-0.02138442173600197,2.1420419216156006e-05,-0.004448751658808786,0,follower_left,gripper_negative,0.38333333333333336,rad
-0.02749627353198497,negative,-0.3177182376384735,-0.019020207226276398,0.3145025968551636,24,gripper,6,-0.023006528615951538,2.0720064640045166e-05,-0.0044897449160334335,0,follower_left,gripper_negative,0.4,rad
-0.02914949712594931,negative,-0.3177184760570526,-0.019020207226276398,0.31450220942497253,25,gripper,6,-0.024636900052428246,2.111494541168213e-05,-0.004512597073521064,0,follower_left,gripper_negative,0.4166666666666667,rad
-0.030786259814563843,negative,-0.3177183270454407,-0.019020240753889084,0.31449615955352783,26,gripper,6,-0.026268964633345604,2.1688640117645264e-05,-0.004517295181218239,0,follower_left,gripper_negative,0.43333333333333335,rad
-0.03239997723568868,negative,-0.3177182972431183,-0.01902025006711483,0.31449463963508606,27,gripper,6,-0.02789616398513317,2.1539628505706787e-05,-0.004503813250555509,0,follower_left,gripper_negative,0.45,rad
-0.033984065027183874,negative,-0.3177182972431183,-0.01902017742395401,0.314499169588089,28,gripper,6,-0.029511919245123863,2.104043960571289e-05,-0.004472145782060011,0,follower_left,gripper_negative,0.4666666666666667,rad
-0.03553193882690953,negative,-0.31771838665008545,-0.01902020163834095,0.314501017332077,29,gripper,6,-0.031109660863876343,2.1107494831085205e-05,-0.00442227796303319,0,follower_left,gripper_negative,0.48333333333333334,rad
-0.03703701427272571,negative,-0.3177182972431183,-0.01902017742395401,0.3144982159137726,30,gripper,6,-0.03268280625343323,2.1472573280334473e-05,-0.004354208019292483,0,follower_left,gripper_negative,0.5,rad
-0.03849270700249252,negative,-0.31771835684776306,-0.01902022212743759,0.31449612975120544,31,gripper,6,-0.03422477841377258,2.1502375602722168e-05,-0.004267928588719938,0,follower_left,gripper_negative,0.5166666666666667,rad
-0.039892432654070026,negative,-0.3177182972431183,-0.019020188599824905,0.31449779868125916,32,gripper,6,-0.035728998482227325,2.1316111087799072e-05,-0.0041634341718427,0,follower_left,gripper_negative,0.5333333333333333,rad
-0.041229606865318305,negative,-0.3177184462547302,-0.019020184874534607,0.3144996762275696,33,gripper,6,-0.03718888759613037,2.1189451217651367e-05,-0.004040719269187934,0,follower_left,gripper_negative,0.55,rad
-0.042497645274097454,negative,-0.3177184462547302,-0.019020166248083115,0.3144989013671875,34,gripper,6,-0.03859785199165344,2.1345913410186768e-05,-0.0038997932824440112,0,follower_left,gripper_negative,0.5666666666666667,rad
-0.04368996351826755,negative,-0.3177182972431183,-0.019020184874534607,0.31449729204177856,35,gripper,6,-0.03994932770729065,2.148747444152832e-05,-0.003740635810976903,0,follower_left,gripper_negative,0.5833333333333334,rad
-0.04479997723568868,negative,-0.3177182972431183,-0.019020210951566696,0.31449753046035767,36,gripper,6,-0.04123670980334282,2.136826515197754e-05,-0.0035632674323458624,0,follower_left,gripper_negative,0.6,rad
-0.04582110206422091,negative,-0.3177184462547302,-0.01902020163834095,0.314498633146286,37,gripper,6,-0.04245344176888466,2.1286308765411377e-05,-0.00336766029533625,0,follower_left,gripper_negative,0.6166666666666667,rad
-0.04674675364172434,negative,-0.31771838665008545,-0.01902017369866371,0.3144989311695099,38,gripper,6,-0.0435929074883461,2.1342188119888306e-05,-0.0031538461533782425,0,follower_left,gripper_negative,0.6333333333333333,rad
-0.04757034760605905,negative,-0.31771841645240784,-0.019020184874534607,0.3144979774951935,39,gripper,6,-0.044648535549640656,2.142786979675293e-05,-0.0029218120564183936,0,follower_left,gripper_negative,0.65,rad
-0.04828529959508511,negative,-0.3177182972431183,-0.019020183011889458,0.31449776887893677,40,gripper,6,-0.045613761991262436,2.1416693925857544e-05,-0.002671537603822674,0,follower_left,gripper_negative,0.6666666666666666,rad
-0.04888502524666261,negative,-0.31771841645240784,-0.019020169973373413,0.31449830532073975,41,gripper,6,-0.04648197442293167,2.1383166313171387e-05,-0.0024030508237309414,0,follower_left,gripper_negative,0.6833333333333333,rad
-0.049362940198651645,negative,-0.31771838665008545,-0.01902020536363125,0.3144986033439636,42,gripper,6,-0.047246601432561874,2.1375715732574463e-05,-0.0021163387660897703,0,follower_left,gripper_negative,0.7,rad
-0.04971246008891227,negative,-0.31771835684776306,-0.019020164385437965,0.31449827551841736,43,gripper,6,-0.047901056706905365,2.1439045667648315e-05,-0.0018114033820069084,0,follower_left,gripper_negative,0.7166666666666667,rad
-0.04992700055530459,negative,-0.3177183270454407,-0.019020196050405502,0.3144979476928711,44,gripper,6,-0.04843875765800476,2.1455809473991394e-05,-0.0014882428972998324,0,follower_left,gripper_negative,0.7333333333333333,rad
-0.04999997723568868,negative,-0.31771835684776306,-0.0190201997756958,0.31449827551841736,45,gripper,6,-0.04885312169790268,2.1440908312797546e-05,-0.0011468555377859985,0,follower_left,gripper_negative,0.75,rad
7.299944469541267e-05,positive,-0.3176986575126648,-0.019022144377231598,0.3138662278652191,1,gripper,6,1.9316359612275846e-05,4.681199789047241e-05,5.368308508313682e-05,0,follower_left,gripper_positive,0.016666666666666666,rad
0.0002875399110877309,positive,-0.31770384311676025,-0.019024332985281944,0.31431394815444946,2,gripper,6,9.061393211595714e-05,1.094769686460495e-05,0.00019692597897177374,0,follower_left,gripper_positive,0.03333333333333333,rad
0.000637059801348362,positive,-0.3177006244659424,-0.019021280109882355,0.31468483805656433,3,gripper,6,0.0002356643381062895,-2.843327820301056e-06,0.00040139546324207244,0,follower_left,gripper_positive,0.05,rad
0.0011149747533373883,positive,-0.317728191614151,-0.01902051456272602,0.3144483268260956,4,gripper,6,0.00046900968300178647,2.2416934370994568e-05,0.0006459650703356018,0,follower_left,gripper_positive,0.06666666666666667,rad
0.001714700404914891,positive,-0.3177049160003662,-0.01902102306485176,0.31437399983406067,5,gripper,6,0.000799616624135524,3.1460076570510864e-05,0.0009150837807793671,0,follower_left,gripper_positive,0.08333333333333333,rad
0.002429652393940955,positive,-0.31772303581237793,-0.01902131363749504,0.3144861161708832,6,gripper,6,0.0012322510592639446,1.7043203115463257e-05,0.0011974013346770103,0,follower_left,gripper_positive,0.1,rad
0.00325324635827566,positive,-0.3177156448364258,-0.01902061142027378,0.3145838677883148,7,gripper,6,0.001768637215718627,1.4707446098327637e-05,0.001484609142557033,0,follower_left,gripper_positive,0.11666666666666667,rad
0.00417889793577909,positive,-0.3177223801612854,-0.019020123407244682,0.31452274322509766,8,gripper,6,0.0024083221796900034,2.1636486053466797e-05,0.0017705757560890862,0,follower_left,gripper_positive,0.13333333333333333,rad
0.005200022764311326,positive,-0.3177151083946228,-0.01902029849588871,0.31443923711776733,9,gripper,6,0.0031492402777075768,2.882629632949829e-05,0.0020507824866037496,0,follower_left,gripper_positive,0.15,rad
0.00631003648173245,positive,-0.3177185654640198,-0.01902061700820923,0.31446921825408936,10,gripper,6,0.003988134209066629,2.11372971534729e-05,0.0023219022726658203,0,follower_left,gripper_positive,0.16666666666666666,rad
0.007502354725902546,positive,-0.3177178204059601,-0.019020428881049156,0.31453144550323486,11,gripper,6,0.0049208239652216434,1.8034130334854126e-05,0.0025815307606809022,0,follower_left,gripper_positive,0.18333333333333332,rad
0.008770393134681696,positive,-0.31771978735923767,-0.01902017556130886,0.31452852487564087,12,gripper,6,0.005942510906606913,1.9799917936325073e-05,0.0028278822280747833,0,follower_left,gripper_positive,0.2,rad
0.01010756734592998,positive,-0.3177177906036377,-0.019020207226276398,0.31447792053222656,13,gripper,6,0.007047923281788826,2.491101622581482e-05,0.0030596440641411544,0,follower_left,gripper_positive,0.21666666666666667,rad
0.011507292997507485,positive,-0.3177179992198944,-0.019020305946469307,0.31447380781173706,14,gripper,6,0.008231458254158497,2.2776424884796143e-05,0.0032758347433489883,0,follower_left,gripper_positive,0.23333333333333334,rad
0.012962985727274287,positive,-0.31771817803382874,-0.019020291045308113,0.3145054578781128,15,gripper,6,0.009487221017479897,2.0131468772888184e-05,0.003475764709794391,0,follower_left,gripper_positive,0.25,rad
0.014468061173090475,positive,-0.3177188038825989,-0.01902015134692192,0.3145195245742798,16,gripper,6,0.010809151455760002,1.990795135498047e-05,0.003658909717330473,0,follower_left,gripper_positive,0.26666666666666666,rad
0.016015934972816125,positive,-0.31771865487098694,-0.019020115956664085,0.3144955039024353,17,gripper,6,0.012191042304039001,2.2739171981811523e-05,0.003824892668777124,0,follower_left,gripper_positive,0.2833333333333333,rad
0.01760002276431133,positive,-0.31771788001060486,-0.019020220264792442,0.314483642578125,18,gripper,6,0.013626603409647942,2.2813677787780762e-05,0.003973419354663388,0,follower_left,gripper_positive,0.3,rad
0.019213740185436153,positive,-0.31771835684776306,-0.01902027800679207,0.31449568271636963,19,gripper,6,0.01510944589972496,2.1278858184814453e-05,0.004104294285711192,0,follower_left,gripper_positive,0.31666666666666665,rad
0.020850502874050696,positive,-0.3177184462547302,-0.019020207226276398,0.3145095705986023,20,gripper,6,0.016633138060569763,2.047419548034668e-05,0.004217364813480933,0,follower_left,gripper_positive,0.3333333333333333,rad
0.02250372646801503,positive,-0.3177186846733093,-0.01902015693485737,0.31450173258781433,21,gripper,6,0.018191207200288773,2.1770596504211426e-05,0.004312519267726259,0,follower_left,gripper_positive,0.35,rad
0.024166826605189238,positive,-0.3177182674407959,-0.019020123407244682,0.3144914209842682,22,gripper,6,0.019777152687311172,2.2433698177337646e-05,0.004389673917878065,0,follower_left,gripper_positive,0.36666666666666664,rad
0.025833218923433404,positive,-0.31771835684776306,-0.019020168110728264,0.3144935369491577,23,gripper,6,0.021384451538324356,2.1770596504211426e-05,0.004448767385109048,0,follower_left,gripper_positive,0.38333333333333336,rad
0.02749631906060762,positive,-0.3177182972431183,-0.01902022771537304,0.3145025074481964,24,gripper,6,0.023006556555628777,2.101808786392212e-05,0.004489762504978845,0,follower_left,gripper_positive,0.4,rad
0.02914954265457196,positive,-0.317718505859375,-0.019020186737179756,0.3145023286342621,25,gripper,6,0.024636918678879738,2.146512269973755e-05,0.004512623975692222,0,follower_left,gripper_positive,0.4166666666666667,rad
0.030786305343186493,positive,-0.3177183270454407,-0.01902022585272789,0.31449609994888306,26,gripper,6,0.026268979534506798,2.2001564502716064e-05,0.004517325808679695,0,follower_left,gripper_positive,0.43333333333333335,rad
0.03240002276431133,positive,-0.3177182972431183,-0.01902024634182453,0.31449463963508606,27,gripper,6,0.027896173298358917,2.189725637435913e-05,0.004503849465952413,0,follower_left,gripper_positive,0.45,rad
0.033984110555806524,positive,-0.3177183270454407,-0.01902017928659916,0.3144991993904114,28,gripper,6,0.02951192483305931,2.1435320377349854e-05,0.004472185722747213,0,follower_left,gripper_positive,0.4666666666666667,rad
0.03553198435553218,positive,-0.31771838665008545,-0.019020190462470055,0.31450098752975464,29,gripper,6,0.03110966645181179,2.1435320377349854e-05,0.004422317903720392,0,follower_left,gripper_positive,0.48333333333333334,rad
0.03703705980134836,positive,-0.31771835684776306,-0.019020166248083115,0.3144981265068054,30,gripper,6,0.03268280252814293,2.1748244762420654e-05,0.004354257273205431,0,follower_left,gripper_positive,0.5,rad
0.03849275253111517,positive,-0.3177183270454407,-0.019020231440663338,0.31449612975120544,31,gripper,6,0.03422477841377258,2.1807849407196045e-05,0.004267974117342588,0,follower_left,gripper_positive,0.5166666666666667,rad
0.039892478182692676,positive,-0.3177182376384735,-0.019020255655050278,0.31449800729751587,32,gripper,6,0.035728998482227325,2.1591782569885254e-05,0.00416347970046535,0,follower_left,gripper_positive,0.5333333333333333,rad
0.041229652393940955,positive,-0.3177184462547302,-0.019020162522792816,0.31449955701828003,33,gripper,6,0.03718887269496918,2.152472734451294e-05,0.004040779698971778,0,follower_left,gripper_positive,0.55,rad
0.0424976908027201,positive,-0.3177183270454407,-0.019020166248083115,0.3144988715648651,34,gripper,6,0.03859785571694374,2.1614134311676025e-05,0.0038998350857763625,0,follower_left,gripper_positive,0.5666666666666667,rad
0.0436900090468902,positive,-0.3177182972431183,-0.01902022771537304,0.3144972026348114,35,gripper,6,0.039949316531419754,2.1725893020629883e-05,0.003740692515470448,0,follower_left,gripper_positive,0.5833333333333334,rad
0.04480002276431133,positive,-0.3177182674407959,-0.01902015507221222,0.31449753046035767,36,gripper,6,0.04123670235276222,2.16066837310791e-05,0.003563320411549109,0,follower_left,gripper_positive,0.6,rad
0.04582114759284356,positive,-0.31771838665008545,-0.019020196050405502,0.3144986629486084,37,gripper,6,0.04245341569185257,2.1494925022125244e-05,0.003367731900990989,0,follower_left,gripper_positive,0.6166666666666667,rad
0.04674679917034699,positive,-0.3177184462547302,-0.01902017556130886,0.31449875235557556,38,gripper,6,0.04359288513660431,2.1535903215408325e-05,0.003153914033742683,0,follower_left,gripper_positive,0.6333333333333333,rad
0.0475703931346817,positive,-0.31771838665008545,-0.019020166248083115,0.3144979476928711,39,gripper,6,0.04464852809906006,2.1591782569885254e-05,0.0029218650356216402,0,follower_left,gripper_positive,0.65,rad
0.04828534512370776,positive,-0.3177182972431183,-0.019020212814211845,0.31449779868125916,40,gripper,6,0.045613739639520645,2.1573156118392944e-05,0.0026716054841871145,0,follower_left,gripper_positive,0.6666666666666666,rad
0.04888507077528526,positive,-0.3177184462547302,-0.019020162522792816,0.31449830532073975,41,gripper,6,0.04648195207118988,2.1539628505706787e-05,0.002403118704095382,0,follower_left,gripper_positive,0.6833333333333333,rad
0.049362985727274294,positive,-0.31771838665008545,-0.019020196050405502,0.3144986033439636,42,gripper,6,0.04724658280611038,2.1502375602722168e-05,0.0021164029211639124,0,follower_left,gripper_positive,0.7,rad
0.04971250561753492,positive,-0.31771838665008545,-0.01902017369866371,0.31449824571609497,43,gripper,6,0.04790104553103447,2.1517276763916016e-05,0.0018114600865004535,0,follower_left,gripper_positive,0.7166666666666667,rad
0.04992704608392724,positive,-0.3177182972431183,-0.019020194187760353,0.3144979178905487,44,gripper,6,0.04843873903155327,2.15284526348114e-05,0.0014883070523739744,0,follower_left,gripper_positive,0.7333333333333333,rad
0.05000002276431133,positive,-0.31771835684776306,-0.01902015320956707,0.3144981861114502,45,gripper,6,0.04885310307145119,2.1493062376976013e-05,0.0011469196928601405,0,follower_left,gripper_positive,0.75,rad
0.022377922069482893,negative,-0.3176986575126648,-0.019022144377231598,0.3138662278652191,1,left_finger,7,0.022377803921699524,-0.00017609585484024137,1.1814778336921572e-07,0,follower_left,left_finger_negative,0.016666666666666666,m
0.022376635415139904,negative,-0.31770384311676025,-0.019024332985281944,0.31431394815444946,2,left_finger,7,0.022377153858542442,5.172529199626297e-06,-5.184434025383433e-07,0,follower_left,left_finger_negative,0.03333333333333333,m
0.022374514698433875,negative,-0.3177006244659424,-0.019021280109882355,0.31468483805656433,3,left_finger,7,0.022376717999577522,-2.1744131117884535e-06,-2.203301143647446e-06,0,follower_left,left_finger_negative,0.05,m
0.022371579316163945,negative,-0.317728191614151,-0.019020531326532364,0.3144483268260956,4,left_finger,7,0.02237624116241932,9.092972504731733e-06,-4.661846255374358e-06,0,follower_left,left_finger_negative,0.06666666666666667,m
0.022367848665129256,negative,-0.3177049160003662,-0.01902102492749691,0.31437399983406067,5,left_finger,7,0.02237570472061634,1.3814541489409748e-05,-7.856055487084207e-06,0,follower_left,left_finger_negative,0.08333333333333333,m
0.022363342142128945,negative,-0.31772303581237793,-0.019021309912204742,0.31448614597320557,6,left_finger,7,0.022375164553523064,6.9824454840272665e-06,-1.1822411394118298e-05,0,follower_left,left_finger_negative,0.1,m
0.022358079143962154,negative,-0.3177156448364258,-0.019020605832338333,0.31458383798599243,7,left_finger,7,0.022374577820301056,5.672112365573412e-06,-1.6498676338901758e-05,0,follower_left,left_finger_negative,0.11666666666666667,m
0.022352079067428025,negative,-0.3177224099636078,-0.019020121544599533,0.31452274322509766,8,left_finger,7,0.02237396314740181,8.845183401717804e-06,-2.188407997378433e-05,0,follower_left,left_finger_negative,0.13333333333333333,m
0.022345361309325695,negative,-0.3177151083946228,-0.01902029849588871,0.31443923711776733,9,left_finger,7,0.022373303771018982,1.202098519570427e-05,-2.7942461693287318e-05,0,follower_left,left_finger_negative,0.15,m
0.022337945266454308,negative,-0.31771859526634216,-0.019020598381757736,0.31446921825408936,10,left_finger,7,0.02237262763082981,8.360941137652844e-06,-3.468236437550315e-05,0,follower_left,left_finger_negative,0.16666666666666666,m
0.022329850335613004,negative,-0.3177178204059601,-0.019020430743694305,0.31453144550323486,11,left_finger,7,0.022371908649802208,6.6618276832741685e-06,-4.20583141892035e-05,0,follower_left,left_finger_negative,0.18333333333333332,m
0.022321095913600923,negative,-0.31771978735923767,-0.01902017742395401,0.31452852487564087,12,left_finger,7,0.02237113006412983,7.3737010097829625e-06,-5.0034150528906196e-05,0,follower_left,left_finger_negative,0.2,m
0.022311701397217203,negative,-0.3177177906036377,-0.0190202035009861,0.31447792053222656,13,left_finger,7,0.022370299324393272,9.53121343627572e-06,-5.859792717606907e-05,0,follower_left,left_finger_negative,0.21666666666666667,m
0.022301686183260987,negative,-0.3177179992198944,-0.019020311534404755,0.31447380781173706,14,left_finger,7,0.022369425743818283,8.410195732722059e-06,-6.773956055729571e-05,0,follower_left,left_finger_negative,0.23333333333333334,m
0.022291069668531418,negative,-0.3177182078361511,-0.01902027800679207,0.3145054578781128,15,left_finger,7,0.022368518635630608,6.9090838223928586e-06,-7.744896709918972e-05,0,follower_left,left_finger_negative,0.25,m
0.02227987124982763,negative,-0.3177188038825989,-0.01902015320956707,0.3145195245742798,16,left_finger,7,0.02236754819750786,6.5987642301479355e-06,-8.767694768022777e-05,0,follower_left,left_finger_negative,0.26666666666666666,m
0.02226811032394877,negative,-0.31771862506866455,-0.01902012526988983,0.3144955039024353,17,left_finger,7,0.022366518154740334,7.677326721022837e-06,-9.840783079156229e-05,0,follower_left,left_finger_negative,0.2833333333333333,m
0.022255806287693976,negative,-0.31771788001060486,-0.0190202035009861,0.3144836723804474,18,left_finger,7,0.022365430369973183,7.521171937696636e-06,-0.00010962408227920689,0,follower_left,left_finger_negative,0.3,m
0.02224297853786239,negative,-0.31771838665008545,-0.019020279869437218,0.31449568271636963,19,left_finger,7,0.022364282980561256,6.527829100377858e-06,-0.00012130444269886631,0,follower_left,left_finger_negative,0.31666666666666665,m
0.022229646471253146,negative,-0.31771841645240784,-0.01902018114924431,0.31450963020324707,20,left_finger,7,0.022363051772117615,5.923211574554443e-06,-0.0001334053008644684,0,follower_left,left_finger_negative,0.3333333333333333,m
0.022215829484665394,negative,-0.3177186846733093,-0.019020168110728264,0.31450170278549194,21,left_finger,7,0.022361749783158302,6.256246706470847e-06,-0.00014592029849290825,0,follower_left,left_finger_negative,0.35,m
0.02220154697489827,negative,-0.31771817803382874,-0.019020140171051025,0.3144913911819458,22,left_finger,7,0.02236037515103817,6.297046638792381e-06,-0.00015882817613990102,0,follower_left,left_finger_negative,0.36666666666666664,m
0.02218681833875091,negative,-0.31771835684776306,-0.019020162522792816,0.3144935369491577,23,left_finger,7,0.022358937188982964,5.714486178476363e-06,-0.00017211885023205378,0,follower_left,left_finger_negative,0.38333333333333336,m
0.02217166297302246,negative,-0.3177182972431183,-0.019020218402147293,0.3145025074481964,24,left_finger,7,0.022357432171702385,5.094236257718876e-06,-0.0001857691986799255,0,follower_left,left_finger_negative,0.4,m
0.02215610027451206,negative,-0.3177184760570526,-0.01902017928659916,0.3145023584365845,25,left_finger,7,0.022355834022164345,4.9881855375133455e-06,-0.00019973374765228438,0,follower_left,left_finger_negative,0.4166666666666667,m
0.022140149640018852,negative,-0.3177183270454407,-0.01902019791305065,0.31449607014656067,26,left_finger,7,0.022354159504175186,4.958819772582501e-06,-0.0002140098641563344,0,follower_left,left_finger_negative,0.43333333333333335,m
0.022123830466341973,negative,-0.3177183270454407,-0.019020194187760353,0.31449463963508606,27,left_finger,7,0.022352419793605804,4.59836155641824e-06,-0.00022858932726383188,0,follower_left,left_finger_negative,0.45,m
0.022107162150280562,negative,-0.3177183270454407,-0.019020184874534607,0.31449922919273376,28,left_finger,7,0.022350585088133812,4.072222509421408e-06,-0.00024342293785325,0,follower_left,left_finger_negative,0.4666666666666667,m
0.022090164088633766,negative,-0.31771841645240784,-0.01902017742395401,0.31450098752975464,29,left_finger,7,0.022348672151565552,3.7626668927259743e-06,-0.0002585080629317858,0,follower_left,left_finger_negative,0.48333333333333334,m
0.02207285567820072,negative,-0.3177182972431183,-0.019020171836018562,0.3144981265068054,30,left_finger,7,0.02234668657183647,3.602195647545159e-06,-0.0002738308936357514,0,follower_left,left_finger_negative,0.5,m
0.022055256315780567,negative,-0.3177183270454407,-0.01902022957801819,0.31449609994888306,31,left_finger,7,0.022344600409269333,3.312867193017155e-06,-0.00028934409348876575,0,follower_left,left_finger_negative,0.5166666666666667,m
0.02203738539817245,negative,-0.3177182972431183,-0.01902022399008274,0.31449800729751587,32,left_finger,7,0.022342439740896225,2.875574864447117e-06,-0.0003050543427237755,0,follower_left,left_finger_negative,0.5333333333333333,m
0.022019262322175503,negative,-0.3177184462547302,-0.019020169973373413,0.31449955701828003,33,left_finger,7,0.022340182214975357,2.5046247174032032e-06,-0.00032091989279985425,0,follower_left,left_finger_negative,0.55,m
0.02200090648458887,negative,-0.3177183270454407,-0.019020166248083115,0.3144988715648651,34,left_finger,7,0.022337844595313072,2.239605237264186e-06,-0.00033693811072420254,0,follower_left,left_finger_negative,0.5666666666666667,m
0.021982337282211693,negative,-0.3177182972431183,-0.019020214676856995,0.3144972026348114,35,left_finger,7,0.02233540639281273,1.9517901819199324e-06,-0.00035306911060103627,0,follower_left,left_finger_negative,0.5833333333333334,m
0.021963574111843107,negative,-0.3177183270454407,-0.01902014948427677,0.31449761986732483,36,left_finger,7,0.02233288809657097,1.5741898096166551e-06,-0.00036931398472786134,0,follower_left,left_finger_negative,0.6,m
0.02194463637028226,negative,-0.3177184462547302,-0.01902020163834095,0.3144986927509308,37,left_finger,7,0.02233026921749115,1.1918164091184735e-06,-0.0003856328472088902,0,follower_left,left_finger_negative,0.6166666666666667,m
0.02192554345432829,negative,-0.31771835684776306,-0.019020194187760353,0.31449878215789795,38,left_finger,7,0.022327566519379616,8.717470336705446e-07,-0.0004020230650513268,0,follower_left,left_finger_negative,0.6333333333333333,m
0.021906314760780334,negative,-0.3177183270454407,-0.01902017742395401,0.3144978880882263,39,left_finger,7,0.022324761375784874,5.652254913002253e-07,-0.00041844661500453975,0,follower_left,left_finger_negative,0.65,m
0.021886969686437534,negative,-0.3177182972431183,-0.019020212814211845,0.31449776887893677,40,left_finger,7,0.022321874275803566,2.1867163013666868e-07,-0.0004349045893660315,0,follower_left,left_finger_negative,0.6666666666666666,m
0.021867527628099036,negative,-0.3177184462547302,-0.019020188599824905,0.3144983649253845,41,left_finger,7,0.02231888473033905,-1.523731043562293e-07,-0.0004513571022400145,0,follower_left,left_finger_negative,0.6833333333333333,m
0.02184800798256397,negative,-0.31771838665008545,-0.019020164385437965,0.3144987225532532,42,left_finger,7,0.022315815091133118,-4.939502105116844e-07,-0.00046780710856914737,0,follower_left,left_finger_negative,0.7,m
0.021828430146631488,negative,-0.31771838665008545,-0.01902014948427677,0.3144982159137726,43,left_finger,7,0.02231263741850853,-8.120550774037838e-07,-0.0004842072718770421,0,follower_left,left_finger_negative,0.7166666666666667,m
0.021808813517100723,negative,-0.3177182972431183,-0.01902017369866371,0.3144979178905487,44,left_finger,7,0.022309377789497375,-1.1430092854425311e-06,-0.0005005642723966523,0,follower_left,left_finger_negative,0.7333333333333333,m
0.021789177490770816,negative,-0.31771835684776306,-0.01902012713253498,0.31449809670448303,45,left_finger,7,0.022306008264422417,-1.4825345715507865e-06,-0.0005168307736516005,0,follower_left,left_finger_negative,0.75,m
0.02176954146444091,negative,-0.31771838665008545,-0.019020184874534607,0.3144983649253845,46,left_finger,7,0.02230255678296089,-1.8087885109707713e-06,-0.0005330153185199825,0,follower_left,left_finger_negative,0.7666666666666667,m
0.021749924834910145,negative,-0.31771838665008545,-0.019020145758986473,0.3144981861114502,47,left_finger,7,0.022298986092209816,-2.109765773639083e-06,-0.0005490612572996711,0,follower_left,left_finger_negative,0.7833333333333333,m
0.021730346998977662,negative,-0.3177182972431183,-0.019020117819309235,0.31449809670448303,48,left_finger,7,0.022295324131846428,-2.659478923305869e-06,-0.0005649771328687658,0,follower_left,left_finger_negative,0.8,m
0.021710827353442597,negative,-0.3177183270454407,-0.019020160660147667,0.31449824571609497,49,left_finger,7,0.02229153923690319,-4.036759492009878e-06,-0.000580711883460594,0,follower_left,left_finger_negative,0.8166666666666667,m
0.021691385295104098,negative,-0.3177183270454407,-0.019020164385437965,0.31449827551841736,50,left_finger,7,0.022287650033831596,-5.402893293648958e-06,-0.0005962647387274984,0,follower_left,left_finger_negative,0.8333333333333334,m
0.021672040220761298,negative,-0.31771841645240784,-0.019020114094018936,0.3144981265068054,51,left_finger,7,0.02228364907205105,-1.3044074876233935e-05,-0.0006116088512897501,0,follower_left,left_finger_negative,0.85,m
0.021652811527213343,negative,-0.3177182972431183,-0.019020164385437965,0.31449827551841736,52,left_finger,7,0.022279532626271248,-2.5310597266070545e-05,-0.0006267210990579045,0,follower_left,left_finger_negative,0.8666666666666667,m
0.021633718611259373,negative,-0.31771838665008545,-0.019020097330212593,0.3144981861114502,53,left_finger,7,0.02227531000971794,-3.755220677703619e-05,-0.0006415913984585686,0,follower_left,left_finger_negative,0.8833333333333333,m
0.021614780869698525,negative,-0.31771838665008545,-0.019020140171051025,0.31449833512306213,54,left_finger,7,0.02227095700800419,-5.152443191036582e-05,-0.0006561761383056634,0,follower_left,left_finger_negative,0.9,m
0.02159601769932994,negative,-0.3177182972431183,-0.019020099192857742,0.3144981861114502,55,left_finger,7,0.022266477346420288,-6.502229371108115e-05,-0.0006704596470903483,0,follower_left,left_finger_negative,0.9166666666666666,m
0.021577448496952763,negative,-0.3177182674407959,-0.01902015507221222,0.3144981563091278,56,left_finger,7,0.022261889651417732,-7.826965884305537e-05,-0.0006844411544649695,0,follower_left,left_finger_negative,0.9333333333333333,m
0.02155909265936613,negative,-0.3177182674407959,-0.019020095467567444,0.3144982159137726,57,left_finger,7,0.022257180884480476,-9.096402209252119e-05,-0.0006980882251143468,0,follower_left,left_finger_negative,0.95,m
0.021540969583369183,negative,-0.3177182972431183,-0.01902013085782528,0.31449824571609497,58,left_finger,7,0.02225235104560852,-0.00010330131044611335,-0.0007113814622393376,0,follower_left,left_finger_negative,0.9666666666666667,m
0.021523098665761065,negative,-0.31771835684776306,-0.019020091742277145,0.3144981563091278,59,left_finger,7,0.022247420623898506,-0.00011517642997205257,-0.0007243219581374409,0,follower_left,left_finger_negative,0.9833333333333333,m
0.021505499303340912,negative,-0.3177182376384735,-0.019020147621631622,0.3144981563091278,60,left_finger,7,0.022242385894060135,-0.00012672945740632713,-0.0007368865907192226,0,follower_left,left_finger_negative,1.0,m
0.021488190892907866,negative,-0.3177182078361511,-0.01902010664343834,0.3144982159137726,61,left_finger,7,0.022237250581383705,-0.00013765660696662962,-0.0007490596884758387,0,follower_left,left_finger_negative,1.0166666666666666,m
0.021471192831261067,negative,-0.3177182078361511,-0.019020147621631622,0.31449824571609497,62,left_finger,7,0.022232022136449814,-0.00014820066280663013,-0.0007608293051887469,0,follower_left,left_finger_negative,1.0333333333333334,m
0.02145452451519966,negative,-0.3177182972431183,-0.01902008056640625,0.3144981563091278,63,left_finger,7,0.02222670242190361,-0.0001582053955644369,-0.0007721779067039504,0,follower_left,left_finger_negative,1.05,m
0.02143820534152278,negative,-0.3177182972431183,-0.019020115956664085,0.3144981861114502,64,left_finger,7,0.022221291437745094,-0.00016781603335402906,-0.0007830860962223136,0,follower_left,left_finger_negative,1.0666666666666667,m
0.021422254707029572,negative,-0.3177182376384735,-0.01902010850608349,0.3144981861114502,65,left_finger,7,0.022215794771909714,-0.00017674066475592554,-0.0007935400648801418,0,follower_left,left_finger_negative,1.0833333333333333,m
0.021406692008519173,negative,-0.3177182674407959,-0.01902008056640625,0.31449833512306213,66,left_finger,7,0.022210214287042618,-0.00018521520541980863,-0.0008035222785234448,0,follower_left,left_finger_negative,1.1,m
0.021391536642790723,negative,-0.3177183270454407,-0.019020039588212967,0.31449806690216064,67,left_finger,7,0.022204553708434105,-0.00019308101036585867,-0.0008130170656433823,0,follower_left,left_finger_negative,1.1166666666666667,m
0.021376808006643364,negative,-0.3177182972431183,-0.019020093604922295,0.31449824571609497,68,left_finger,7,0.022198809310793877,-0.0002004859852604568,-0.0008220013041505131,0,follower_left,left_finger_negative,1.1333333333333333,m
0.02136252549687624,negative,-0.3177183270454407,-0.019020041450858116,0.3144981563091278,69,left_finger,7,0.02219299040734768,-0.00020712503464892507,-0.0008304649104714408,0,follower_left,left_finger_negative,1.15,m
0.021348708510288486,negative,-0.3177182674407959,-0.019020097330212593,0.31449833512306213,70,left_finger,7,0.02218710444867611,-0.00021327051217667758,-0.0008383959383876233,0,follower_left,left_finger_negative,1.1666666666666667,m
0.021335376443679242,negative,-0.31771838665008545,-0.019020043313503265,0.31449806690216064,71,left_finger,7,0.02218116633594036,-0.0002187509962823242,-0.0008457898922611187,0,follower_left,left_finger_negative,1.1833333333333333,m
0.021322548693847657,negative,-0.3177183270454407,-0.01902008429169655,0.31449824571609497,72,left_finger,7,0.02217516116797924,-0.00022371226805262268,-0.0008526124741315838,0,follower_left,left_finger_negative,1.2,m
0.02131024465759286,negative,-0.31771838665008545,-0.019020037725567818,0.3144981563091278,73,left_finger,7,0.02216910943388939,-0.00022787554189562798,-0.0008588647762965279,0,follower_left,left_finger_negative,1.2166666666666666,m
0.021298483731714002,negative,-0.3177182972431183,-0.019020074978470802,0.31449833512306213,74,left_finger,7,0.022163014858961105,-0.00023148965556174517,-0.0008645311272471035,0,follower_left,left_finger_negative,1.2333333333333334,m
0.021287285313010215,negative,-0.3177182972431183,-0.01902003400027752,0.3144981861114502,75,left_finger,7,0.022156881168484688,-0.00023436459014192224,-0.0008695958554744733,0,follower_left,left_finger_negative,1.25,m
0.021276668798280645,negative,-0.3177182674407959,-0.01902005635201931,0.31449827551841736,76,left_finger,7,0.022150710225105286,-0.0002366616390645504,-0.0008740414268246406,0,follower_left,left_finger_negative,1.2666666666666666,m
0.02126665358432443,negative,-0.3177182972431183,-0.01902002841234207,0.31449824571609497,77,left_finger,7,0.02214452624320984,-0.00023816150496713817,-0.0008778726588854098,0,follower_left,left_finger_negative,1.2833333333333334,m
0.02125725906794071,negative,-0.3177183270454407,-0.019020041450858116,0.31449827551841736,78,left_finger,7,0.022138308733701706,-0.00023906485876068473,-0.0008810496657609967,0,follower_left,left_finger_negative,1.3,m
0.021248504645928628,negative,-0.3177183270454407,-0.019020024687051773,0.3144981861114502,79,left_finger,7,0.022132080048322678,-0.00023915889323689044,-0.0008835754023940497,0,follower_left,left_finger_negative,1.3166666666666667,m
0.021240409715087324,negative,-0.3177182972431183,-0.01902005635201931,0.31449827551841736,80,left_finger,7,0.02212584763765335,-0.00023861852241680026,-0.0008854379225660264,0,follower_left,left_finger_negative,1.3333333333333333,m
0.021232993672215938,negative,-0.3177182972431183,-0.019020015373826027,0.3144981861114502,81,left_finger,7,0.022119620814919472,-0.00023726187646389008,-0.000886627142703534,0,follower_left,left_finger_negative,1.35,m
0.021226275914113607,negative,-0.3177182972431183,-0.019020019099116325,0.31449827551841736,82,left_finger,7,0.022113405168056488,-0.00023526765289716423,-0.000887129253942881,0,follower_left,left_finger_negative,1.3666666666666667,m
0.021220275837579478,negative,-0.3177183270454407,-0.019020013511180878,0.3144981861114502,83,left_finger,7,0.02210719883441925,-0.00023241422604769468,-0.0008869229968397722,0,follower_left,left_finger_negative,1.3833333333333333,m
0.021215012839412687,negative,-0.3177182972431183,-0.01902002841234207,0.31449827551841736,84,left_finger,7,0.022101014852523804,-0.0002288794203195721,-0.0008860020131111167,0,follower_left,left_finger_negative,1.4,m
0.021210506316412376,negative,-0.3177182972431183,-0.01902003400027752,0.3144981861114502,85,left_finger,7,0.022094855085015297,-0.00022447662195190787,-0.000884348768602921,0,follower_left,left_finger_negative,1.4166666666666667,m
0.021206775665377688,negative,-0.3177182972431183,-0.01902002841234207,0.31449827551841736,86,left_finger,7,0.02208872325718403,-0.0002193790569435805,-0.000881947591806341,0,follower_left,left_finger_negative,1.4333333333333333,m
0.021203840283107758,negative,-0.3177182674407959,-0.019020024687051773,0.3144981861114502,87,left_finger,7,0.022082628682255745,-0.00021336806821636856,-0.0008787883991479874,0,follower_left,left_finger_negative,1.45,m
0.02120171956640173,negative,-0.3177182674407959,-0.01902002841234207,0.31449827551841736,88,left_finger,7,0.022076599299907684,-0.00020666990894824266,-0.0008748797335059559,0,follower_left,left_finger_negative,1.4666666666666666,m
0.02120043291205874,negative,-0.3177182674407959,-0.019020022824406624,0.3144981861114502,89,left_finger,7,0.02207060717046261,-0.00019901877385564148,-0.0008701742584038691,0,follower_left,left_finger_negative,1.4833333333333334,m
0.021199999716877936,negative,-0.3177182674407959,-0.01902003027498722,0.31449827551841736,90,left_finger,7,0.022064683958888054,-0.00019066373351961374,-0.0008646842420101178,0,follower_left,left_finger_negative,1.5,m
0.022379090518435986,positive,-0.3176986575126648,-0.019022144377231598,0.3138662278652191,1,left_finger,7,0.022377805784344673,-0.00017587729962542653,1.2847340913127447e-06,0,follower_left,left_finger_positive,0.016666666666666666,m
0.02238127433187906,positive,-0.31770384311676025,-0.019024332985281944,0.31431394815444946,2,left_finger,7,0.022377176210284233,5.266900188871659e-06,4.098121594825477e-06,0,follower_left,left_finger_positive,0.03333333333333333,m
0.022384873783182213,positive,-0.3177006244659424,-0.019021280109882355,0.31468483805656433,3,left_finger,7,0.02237679623067379,-1.962950136658037e-06,8.077552508423125e-06,0,follower_left,left_finger_positive,0.05,m
0.022389855950534752,positive,-0.31772807240486145,-0.01902053691446781,0.3144482970237732,4,left_finger,7,0.022376427426934242,9.465887160331476e-06,1.3428523600509529e-05,0,follower_left,left_finger_positive,0.06666666666666667,m
0.022396187912125973,positive,-0.3177049160003662,-0.01902102120220661,0.31437399983406067,5,left_finger,7,0.022376038134098053,1.4392652701644693e-05,2.0149778027920423e-05,0,follower_left,left_finger_positive,0.08333333333333333,m
0.022403836746145177,positive,-0.31772303581237793,-0.01902131550014019,0.31448614597320557,6,left_finger,7,0.022375719621777534,7.804503184161149e-06,2.81171243676423e-05,0,follower_left,left_finger_positive,0.1,m
0.022412769530781668,positive,-0.3177156448364258,-0.019020600244402885,0.31458383798599243,7,left_finger,7,0.022375427186489105,6.783178832847625e-06,3.7342344292562446e-05,0,follower_left,left_finger_positive,0.11666666666666667,m
0.022422953344224738,positive,-0.3177223801612854,-0.019020121544599533,0.31452274322509766,8,left_finger,7,0.02237519435584545,1.0283316441928037e-05,4.7758988379286577e-05,0,follower_left,left_finger_positive,0.13333333333333333,m
0.022434355264663697,positive,-0.3177151083946228,-0.019020292907953262,0.31443920731544495,9,left_finger,7,0.022375017404556274,1.382243681291584e-05,5.933786010742237e-05,0,follower_left,left_finger_positive,0.15,m
0.02244694237028784,positive,-0.3177185654640198,-0.019020603969693184,0.31446924805641174,10,left_finger,7,0.02237490564584732,1.0560828741290607e-05,7.2036724440519e-05,0,follower_left,left_finger_positive,0.16666666666666666,m
0.02246068173928647,positive,-0.31771785020828247,-0.019020412117242813,0.314531534910202,11,left_finger,7,0.022374892607331276,9.299112207372673e-06,8.578913195519261e-05,0,follower_left,left_finger_positive,0.18333333333333332,m
0.022475540449848883,positive,-0.31771978735923767,-0.019020183011889458,0.3145284950733185,12,left_finger,7,0.022374959662556648,1.0484642189112492e-05,0.0001005807872922343,0,follower_left,left_finger_positive,0.2,m
0.022491485580164384,positive,-0.3177177906036377,-0.019020184874534607,0.31447795033454895,13,left_finger,7,0.02237510122358799,1.3144755939720199e-05,0.00011638435657639404,0,follower_left,left_finger_positive,0.21666666666666667,m
0.02250848420842227,positive,-0.3177178204059601,-0.019020333886146545,0.31447380781173706,14,left_finger,7,0.022375350818037987,1.2553748092614114e-05,0.00013313339038428448,0,follower_left,left_finger_positive,0.23333333333333334,m
0.022526503412811844,positive,-0.3177182078361511,-0.01902032271027565,0.3145054876804352,15,left_finger,7,0.02237567864358425,1.161741602118127e-05,0.00015082476922759214,0,follower_left,left_finger_positive,0.25,m
0.022545510271522406,positive,-0.3177188038825989,-0.019020188599824905,0.3145194947719574,16,left_finger,7,0.022376133129000664,1.1903463018825278e-05,0.00016937714252174274,0,follower_left,left_finger_positive,0.26666666666666666,m
0.02256547186274326,positive,-0.31771862506866455,-0.019020115956664085,0.3144955635070801,17,left_finger,7,0.022376716136932373,1.3604902051156387e-05,0.00018875572581088587,0,follower_left,left_finger_positive,0.2833333333333333,m
0.022586355264663696,positive,-0.31771788001060486,-0.019020214676856995,0.3144836723804474,18,left_finger,7,0.022377440705895424,1.4097044186200947e-05,0.00020891455876827225,0,follower_left,left_finger_positive,0.3,m
0.022608127555473024,positive,-0.3177183270454407,-0.019020291045308113,0.31449559330940247,19,left_finger,7,0.022378267720341682,1.3777142157778144e-05,0.00022985983513134148,0,follower_left,left_finger_positive,0.31666666666666665,m
0.02263075581336054,positive,-0.3177183270454407,-0.019020183011889458,0.3145095407962799,20,left_finger,7,0.022379249334335327,1.3868739188183099e-05,0.0002515064790252139,0,follower_left,left_finger_positive,0.3333333333333333,m
0.02265420711651555,positive,-0.3177186846733093,-0.01902017928659916,0.31450164318084717,21,left_finger,7,0.02238038368523121,1.4921854017302394e-05,0.000273823431284341,0,follower_left,left_finger_positive,0.35,m
0.022678448543127346,positive,-0.3177182078361511,-0.019020164385437965,0.31449148058891296,22,left_finger,7,0.02238168567419052,1.570110907778144e-05,0.0002967628689368243,0,follower_left,left_finger_positive,0.36666666666666664,m
0.022703447171385234,positive,-0.3177182674407959,-0.019020158797502518,0.3144935965538025,23,left_finger,7,0.022383131086826324,1.5881909348536283e-05,0.00032031608455890953,0,follower_left,left_finger_positive,0.38333333333333336,m
0.02272917007947851,positive,-0.3177182972431183,-0.01902022212743759,0.3145025372505188,24,left_finger,7,0.022384747862815857,1.6046302334871143e-05,0.0003444222166626536,0,follower_left,left_finger_positive,0.4,m
0.02275558434559648,positive,-0.3177184760570526,-0.01902022957801819,0.31450212001800537,25,left_finger,7,0.022386549040675163,1.6738675185479224e-05,0.00036903530492131756,0,follower_left,left_finger_positive,0.4166666666666667,m
0.022782657047928444,positive,-0.3177183270454407,-0.019020214676856995,0.31449615955352783,26,left_finger,7,0.022388575598597527,1.7519174434710294e-05,0.0003940814493309172,0,follower_left,left_finger_positive,0.43333333333333335,m
0.022810355264663698,positive,-0.3177183270454407,-0.019020218402147293,0.31449466943740845,27,left_finger,7,0.02239079587161541,1.7986312741413713e-05,0.00041955939304828826,0,follower_left,left_finger_positive,0.45,m
0.022838646073991543,positive,-0.3177182376384735,-0.019020186737179756,0.314499169588089,28,left_finger,7,0.022393228486180305,1.8304766854271293e-05,0.0004454175878112372,0,follower_left,left_finger_positive,0.4666666666666667,m
0.022867496554101283,positive,-0.31771838665008545,-0.01902022957801819,0.3145008683204651,29,left_finger,7,0.022395920008420944,1.8850143533200026e-05,0.00047157654568033905,0,follower_left,left_finger_positive,0.48333333333333334,m
0.022896873783182215,positive,-0.31771838665008545,-0.019020242616534233,0.31449830532073975,30,left_finger,7,0.02239885739982128,1.9552346202544868e-05,0.0004980163833609337,0,follower_left,left_finger_positive,0.5,m
0.02292674483942364,positive,-0.3177183270454407,-0.019020231440663338,0.31449607014656067,31,left_finger,7,0.022402094677090645,2.01394286705181e-05,0.0005246501623329958,0,follower_left,left_finger_positive,0.5166666666666667,m
0.022957076801014862,positive,-0.3177182376384735,-0.019020261242985725,0.3144979476928711,32,left_finger,7,0.022405626252293587,2.058673999272287e-05,0.0005514505487212752,0,follower_left,left_finger_positive,0.5333333333333333,m
0.022987836746145178,positive,-0.31771838665008545,-0.019020235165953636,0.31449952721595764,33,left_finger,7,0.022409498691558838,2.1095896954648197e-05,0.0005783380545863401,0,follower_left,left_finger_positive,0.55,m
0.023018991753003887,positive,-0.3177182674407959,-0.019020231440663338,0.3144989311695099,34,left_finger,7,0.022413771599531174,2.1725601982325315e-05,0.0006052201534727138,0,follower_left,left_finger_positive,0.5666666666666667,m
0.023050508899780296,positive,-0.31771835684776306,-0.01902022957801819,0.314497172832489,35,left_finger,7,0.022418515756726265,2.2331340005621314e-05,0.0006319931430540313,0,follower_left,left_finger_positive,0.5833333333333334,m
0.023082355264663696,positive,-0.3177182376384735,-0.01902019791305065,0.3144975006580353,36,left_finger,7,0.02242385968565941,2.2843247279524803e-05,0.0006584955790042875,0,follower_left,left_finger_positive,0.6,m
0.023114497925843396,positive,-0.31771835684776306,-0.01902025006711483,0.31449857354164124,37,left_finger,7,0.02242998778820038,2.3340500774793327e-05,0.0006845101376430178,0,follower_left,left_finger_positive,0.6166666666666667,m
0.02314690396150869,positive,-0.3177182376384735,-0.01902022585272789,0.3144988417625427,38,left_finger,7,0.022437185049057007,2.3887449060566723e-05,0.0007097189124516817,0,follower_left,left_finger_positive,0.6333333333333333,m
0.023179540449848882,positive,-0.3177182972431183,-0.01902022957801819,0.31449800729751587,39,left_finger,7,0.02244562655687332,2.440258685965091e-05,0.0007339138929755608,0,follower_left,left_finger_positive,0.65,m
0.023212374469053273,positive,-0.3177182376384735,-0.019020266830921173,0.31449782848358154,40,left_finger,7,0.022455304861068726,2.478716487530619e-05,0.0007570696079845472,0,follower_left,left_finger_positive,0.6666666666666666,m
0.02324537309731116,positive,-0.3177182674407959,-0.019020233303308487,0.3144981563091278,41,left_finger,7,0.022466229274868965,2.4889115593396127e-05,0.0007791438224421937,0,follower_left,left_finger_positive,0.6833333333333333,m
0.023278503412811846,positive,-0.3177182674407959,-0.019020266830921173,0.31449851393699646,42,left_finger,7,0.022478433325886726,2.87993170786649e-05,0.0008000700869251198,0,follower_left,left_finger_positive,0.7,m
0.02331173249374463,positive,-0.3177182972431183,-0.01902025379240513,0.3144982159137726,43,left_finger,7,0.02249183878302574,3.050232771784067e-05,0.0008198937107188886,0,follower_left,left_finger_positive,0.7166666666666667,m
0.023345027418298813,positive,-0.3177182674407959,-0.019020263105630875,0.31449806690216064,44,left_finger,7,0.02250633016228676,3.202742664143443e-05,0.0008386972560120547,0,follower_left,left_finger_positive,0.7333333333333333,m
0.023378355264663697,positive,-0.31771835684776306,-0.01902027055621147,0.31449824571609497,45,left_finger,7,0.02252177894115448,7.382320472970605e-05,0.0008565763235092172,0,follower_left,left_finger_positive,0.75,m
0.02341168311102858,positive,-0.3177183270454407,-0.019020317122340202,0.3144984245300293,46,left_finger,7,0.02253817208111286,0.00013196479994803667,0.0008735110299157196,0,follower_left,left_finger_positive,0.7666666666666667,m
0.023444978035582764,positive,-0.3177183270454407,-0.01902029663324356,0.3144981861114502,47,left_finger,7,0.022555451840162277,0.0001841453486122191,0.0008895261954204869,0,follower_left,left_finger_positive,0.7833333333333333,m
0.023478207116515548,positive,-0.3177182674407959,-0.019020341336727142,0.3144981265068054,48,left_finger,7,0.022573646157979965,0.0002338219783268869,0.0009045609585355829,0,follower_left,left_finger_positive,0.8,m
0.023511337432016235,positive,-0.3177182972431183,-0.019020376726984978,0.31449824571609497,49,left_finger,7,0.022593189030885696,0.000294573197606951,0.0009181484011305391,0,follower_left,left_finger_positive,0.8166666666666667,m
0.02354433606027412,positive,-0.31771835684776306,-0.019020378589630127,0.31449827551841736,50,left_finger,7,0.02261410281062126,0.0003510052338242531,0.0009302332496528599,0,follower_left,left_finger_positive,0.8333333333333334,m
0.023577170079478512,positive,-0.3177182674407959,-0.019020387902855873,0.3144981265068054,51,left_finger,7,0.022636158391833305,0.00039423408452421427,0.0009410116876452067,0,follower_left,left_finger_positive,0.85,m
0.023609806567818706,positive,-0.3177182376384735,-0.019020434468984604,0.3144981563091278,52,left_finger,7,0.022658992558717728,0.0004212812054902315,0.0009508140091009781,0,follower_left,left_finger_positive,0.8666666666666667,m
0.023642212603483998,positive,-0.3177183270454407,-0.019020438194274902,0.31449833512306213,53,left_finger,7,0.022682221606373787,0.0004329564981162548,0.0009599909971102112,0,follower_left,left_finger_positive,0.8833333333333333,m
0.0236743552646637,positive,-0.3177183270454407,-0.01902046799659729,0.31449833512306213,54,left_finger,7,0.022705530747771263,0.0004323890316300094,0.0009688245168924352,0,follower_left,left_finger_positive,0.9,m
0.023706201629547098,positive,-0.31771835684776306,-0.019020428881049156,0.3144981861114502,55,left_finger,7,0.022728698328137398,0.0004232442006468773,0.0009775033014097004,0,follower_left,left_finger_positive,0.9166666666666666,m
0.023737718776323507,positive,-0.3177182376384735,-0.019020499661564827,0.3144981861114502,56,left_finger,7,0.022751562297344208,0.0004088801797479391,0.0009861564789792991,0,follower_left,left_finger_positive,0.9333333333333333,m
0.023768873783182216,positive,-0.31771838665008545,-0.019020458683371544,0.31449824571609497,57,left_finger,7,0.022774042561650276,0.00039217708399519324,0.0009948312215319402,0,follower_left,left_finger_positive,0.95,m
0.023799633728312532,positive,-0.3177182674407959,-0.019020525738596916,0.31449827551841736,58,left_finger,7,0.02279612235724926,0.0003750384785234928,0.0010035113710632725,0,follower_left,left_finger_positive,0.9666666666666667,m
0.023829965689903754,positive,-0.3177182972431183,-0.019020486623048782,0.3144981563091278,59,left_finger,7,0.022817788645625114,0.0003584709484130144,0.0010121770442786393,0,follower_left,left_finger_positive,0.9833333333333333,m
0.02385983674614518,positive,-0.3177182674407959,-0.01902049034833908,0.3144981265068054,60,left_finger,7,0.022839076817035675,0.00034283119020983577,0.0010207599291095042,0,follower_left,left_finger_positive,1.0,m
0.02388921397522611,positive,-0.3177183270454407,-0.019020549952983856,0.31449830532073975,61,left_finger,7,0.022860009223222733,0.00032795919105410576,0.0010292047520033785,0,follower_left,left_finger_positive,1.0166666666666666,m
0.02391806445533585,positive,-0.3177182972431183,-0.019020484760403633,0.3144982159137726,62,left_finger,7,0.022880587726831436,0.00031353626400232315,0.0010374767285044155,0,follower_left,left_finger_positive,1.0333333333333334,m
0.023946355264663696,positive,-0.3177182674407959,-0.019020501524209976,0.31449806690216064,63,left_finger,7,0.022900816053152084,0.00029916956555098295,0.0010455392115116119,0,follower_left,left_finger_positive,1.05,m
0.02397405348139895,positive,-0.31771838665008545,-0.019020551815629005,0.31449824571609497,64,left_finger,7,0.022920697927474976,0.0002842762041836977,0.001053355553923975,0,follower_left,left_finger_positive,1.0666666666666667,m
0.024001126183730914,positive,-0.3177183270454407,-0.019020549952983856,0.3144981861114502,65,left_finger,7,0.02294021099805832,0.0002685717190615833,0.0010609151856725944,0,follower_left,left_finger_positive,1.0833333333333333,m
0.024027540449848884,positive,-0.3177182674407959,-0.01902056857943535,0.3144981861114502,66,left_finger,7,0.022959334775805473,0.00025187869323417544,0.0010682056740434105,0,follower_left,left_finger_positive,1.1,m
0.02405326335794216,positive,-0.31771835684776306,-0.019020531326532364,0.3144981265068054,67,left_finger,7,0.022978032007813454,0.00023399497149512172,0.0010752313501287067,0,follower_left,left_finger_positive,1.1166666666666667,m
0.02407826198620005,positive,-0.3177182972431183,-0.019020583480596542,0.31449824571609497,68,left_finger,7,0.022996332496404648,0.0002164410543628037,0.001081929489795401,0,follower_left,left_finger_positive,1.1333333333333333,m
0.024102503412811845,positive,-0.31771838665008545,-0.019020577892661095,0.31449824571609497,69,left_finger,7,0.02301446907222271,0.00020627491176128387,0.001088034340589135,0,follower_left,left_finger_positive,1.15,m
0.024125954715966853,positive,-0.3177182972431183,-0.019020574167370796,0.3144981563091278,70,left_finger,7,0.0230324175208807,0.00019381847232580185,0.0010935371950861542,0,follower_left,left_finger_positive,1.1666666666666667,m
0.02414858297385437,positive,-0.3177182972431183,-0.019020570442080498,0.3144981563091278,71,left_finger,7,0.023050135001540184,0.00017852126620709896,0.0010984479723141864,0,follower_left,left_finger_positive,1.1833333333333333,m
0.024170355264663698,positive,-0.3177182376384735,-0.01902061328291893,0.3144982159137726,72,left_finger,7,0.023067578673362732,0.0001604913268238306,0.0011027765913009663,0,follower_left,left_finger_positive,1.2,m
0.02419123866658414,positive,-0.31771835684776306,-0.01902058534324169,0.31449824571609497,73,left_finger,7,0.023084696382284164,0.00013989274157211185,0.0011065422842999745,0,follower_left,left_finger_positive,1.2166666666666666,m
0.024211200257804988,positive,-0.3177182376384735,-0.01902063749730587,0.3144982159137726,74,left_finger,7,0.023101452738046646,0.00011693808482959867,0.0011097475197583417,0,follower_left,left_finger_positive,1.2333333333333334,m
0.02423020711651555,positive,-0.31771835684776306,-0.01902058720588684,0.3144982159137726,75,left_finger,7,0.023117808625102043,9.148841490969062e-05,0.0011123984914135077,0,follower_left,left_finger_positive,1.25,m
0.024248226320905123,positive,-0.3177182972431183,-0.01902061328291893,0.31449827551841736,76,left_finger,7,0.02313373237848282,6.399943958967924e-05,0.0011144939424223045,0,follower_left,left_finger_positive,1.2666666666666666,m
0.02426522494916301,positive,-0.31771838665008545,-0.01902059093117714,0.31449824571609497,77,left_finger,7,0.02314917929470539,3.4374184906482697e-05,0.0011160456544576196,0,follower_left,left_finger_positive,1.2833333333333334,m
0.024281170079478512,positive,-0.3177182972431183,-0.019020579755306244,0.3144981563091278,78,left_finger,7,0.02316412515938282,3.184494562447071e-05,0.0011170449200956917,0,follower_left,left_finger_positive,1.3,m
0.024296028790040926,positive,-0.3177182972431183,-0.019020602107048035,0.3144981563091278,79,left_finger,7,0.023178597912192345,3.1145347747951746e-05,0.0011174308778485811,0,follower_left,left_finger_positive,1.3166666666666667,m
0.024309768159039555,positive,-0.3177182078361511,-0.019020630046725273,0.31449824571609497,80,left_finger,7,0.02319256216287613,3.040058072656393e-05,0.0011172059961634256,0,follower_left,left_finger_positive,1.3333333333333333,m
0.024322355264663698,positive,-0.31771838665008545,-0.01902059279382229,0.31449824571609497,81,left_finger,7,0.023205986246466637,2.9611954232677817e-05,0.001116369018197061,0,follower_left,left_finger_positive,1.35,m
0.024333757185102656,positive,-0.3177182376384735,-0.019020630046725273,0.3144981861114502,82,left_finger,7,0.023218858987092972,2.9033981263637543e-05,0.0011148981980096846,0,follower_left,left_finger_positive,1.3666666666666667,m
0.024343940998545727,positive,-0.31771838665008545,-0.019020607694983482,0.3144981563091278,83,left_finger,7,0.02323116734623909,2.8912967536598444e-05,0.0011127736523066367,0,follower_left,left_finger_positive,1.3833333333333333,m
0.024352873783182218,positive,-0.3177182376384735,-0.019020628184080124,0.3144981861114502,84,left_finger,7,0.023242933675646782,2.8860580641776323e-05,0.0011099401075354356,0,follower_left,left_finger_positive,1.4,m
0.02436052261720142,positive,-0.31771838665008545,-0.01902061142027378,0.31449824571609497,85,left_finger,7,0.02325415425002575,2.883147681131959e-05,0.0011063683671756717,0,follower_left,left_finger_positive,1.4166666666666667,m
0.024366854578792643,positive,-0.3177182376384735,-0.01902063749730587,0.3144981861114502,86,left_finger,7,0.023264821618795395,2.8805487090721726e-05,0.0011020329599972477,0,follower_left,left_finger_positive,1.4333333333333333,m
0.02437183674614518,positive,-0.31771838665008545,-0.019020598381757736,0.31449824571609497,87,left_finger,7,0.023274922743439674,2.8782087611034513e-05,0.0010969140027055069,0,follower_left,left_finger_positive,1.45,m
0.024375436197448336,positive,-0.3177182674407959,-0.019020607694983482,0.3144981861114502,88,left_finger,7,0.02328445017337799,2.875752397812903e-05,0.001090986024070345,0,follower_left,left_finger_positive,1.4666666666666666,m
0.02437762001089141,positive,-0.31771835684776306,-0.01902060955762863,0.3144981861114502,89,left_finger,7,0.023293403908610344,2.8731563361361623e-05,0.0010842161022810645,0,follower_left,left_finger_positive,1.4833333333333334,m
0.024378355264663698,positive,-0.31771835684776306,-0.019020630046725273,0.31449827551841736,90,left_finger,7,0.02330183982849121,2.8702430427074432e-05,0.0010765154361724871,0,follower_left,left_finger_positive,1.5,m
-5.730048418517733e-05,negative,-0.3176986277103424,-0.019024427980184555,0.31386637687683105,1,waist,0,2.370505399085232e-06,-0.0008575861575081944,-5.967098958426256e-05,1,follower_left,waist_negative,0.016666666666666666,rad
-0.00027184095057749554,negative,-0.3177039325237274,-0.019036857411265373,0.3143138587474823,2,waist,0,-6.730513996444643e-05,-0.0006846310570836067,-0.00020453581061304912,1,follower_left,waist_negative,0.03333333333333333,rad
-0.0006213608408381266,negative,-0.3177006244659424,-0.019055387005209923,0.31468483805656433,3,waist,0,-0.00020940735703334212,-0.0012240293435752392,-0.0004119534838047845,1,follower_left,waist_negative,0.05,rad
-0.001099275792827153,negative,-0.31772810220718384,-0.019089724868535995,0.31444835662841797,4,waist,0,-0.00044055102625861764,-0.002147556282579899,-0.0006587247665685353,1,follower_left,waist_negative,0.06666666666666667,rad
-0.0016990014444046558,negative,-0.31770503520965576,-0.01914013735949993,0.31437399983406067,5,waist,0,-0.0007696518441662192,-0.0029928432777523994,-0.0009293496002384365,1,follower_left,waist_negative,0.08333333333333333,rad
-0.0024139534334307196,negative,-0.3177230656147003,-0.019270624965429306,0.31448614597320557,6,waist,0,-0.0016292025102302432,-0.003590129315853119,-0.0007847509232004764,1,follower_left,waist_negative,0.1,rad
-0.0032375473977654247,negative,-0.3177160322666168,-0.019390283152461052,0.31458380818367004,7,waist,0,-0.0024220901541411877,-0.003722616471350193,-0.000815457243624237,1,follower_left,waist_negative,0.11666666666666667,rad
-0.004163198975268854,negative,-0.31772300601005554,-0.019545532763004303,0.31452280282974243,8,waist,0,-0.0034488581586629152,-0.003989106975495815,-0.0007143408166059391,1,follower_left,waist_negative,0.13333333333333333,rad
-0.005184323803801091,negative,-0.31771665811538696,-0.019699443131685257,0.3144392967224121,9,waist,0,-0.004462735261768103,-0.004183660261332989,-0.0007215885420329884,1,follower_left,waist_negative,0.15,rad
-0.006294337521222214,negative,-0.31772100925445557,-0.019879885017871857,0.3144691586494446,10,waist,0,-0.0056503829546272755,-0.004637598060071468,-0.0006439545665949389,1,follower_left,waist_negative,0.16666666666666666,rad
-0.00748665576539231,negative,-0.31772124767303467,-0.020060811191797256,0.3145315945148468,11,waist,0,-0.006844037212431431,-0.0048804571852087975,-0.0006426185529608795,1,follower_left,waist_negative,0.18333333333333332,rad
-0.00875469417417146,negative,-0.3177247643470764,-0.020261842757463455,0.314528226852417,12,waist,0,-0.008171495981514454,-0.005429811775684357,-0.0005831981926570067,1,follower_left,waist_negative,0.2,rad
-0.010091868385419745,negative,-0.3177247643470764,-0.020465675741434097,0.3144778311252594,13,waist,0,-0.00951465219259262,-0.005778088234364986,-0.0005772161928271242,1,follower_left,waist_negative,0.21666666666666667,rad
-0.01149159403699725,negative,-0.3177270293235779,-0.02068507857620716,0.31447380781173706,14,waist,0,-0.010960291139781475,-0.006647556088864803,-0.0005313028972157748,1,follower_left,waist_negative,0.23333333333333334,rad
-0.012947286766764052,negative,-0.3177299201488495,-0.020907051861286163,0.3145056962966919,15,waist,0,-0.012423301115632057,-0.007303737103939056,-0.0005239856511319949,1,follower_left,waist_negative,0.25,rad
-0.01445236221258024,negative,-0.31773367524147034,-0.02114039473235607,0.31451937556266785,16,waist,0,-0.013961618766188622,-0.008956262841820717,-0.0004907434463916182,1,follower_left,waist_negative,0.26666666666666666,rad
-0.01600023601230589,negative,-0.317736953496933,-0.02137613482773304,0.3144954442977905,17,waist,0,-0.015516327694058418,-0.009319530799984932,-0.0004839083182474717,1,follower_left,waist_negative,0.2833333333333333,rad
-0.017584323803801094,negative,-0.317740261554718,-0.02162018232047558,0.31448355317115784,18,waist,0,-0.01712377928197384,-0.010587974451482296,-0.00046054452182725525,1,follower_left,waist_negative,0.3,rad
-0.019198041224925917,negative,-0.3177451491355896,-0.021865814924240112,0.31449562311172485,19,waist,0,-0.018742384389042854,-0.010941602289676666,-0.0004556568358830629,1,follower_left,waist_negative,0.31666666666666665,rad
-0.02083480391354046,negative,-0.31775009632110596,-0.022116292268037796,0.31450948119163513,20,waist,0,-0.020393168553709984,-0.011682208627462387,-0.00044163535983047716,1,follower_left,waist_negative,0.3333333333333333,rad
-0.022488027507504796,negative,-0.3177557587623596,-0.022367240861058235,0.31450140476226807,21,waist,0,-0.02204771526157856,-0.011875071562826633,-0.00044031224592623597,1,follower_left,waist_negative,0.35,rad
-0.024151127644679003,negative,-0.31776097416877747,-0.022620605304837227,0.31449106335639954,22,waist,0,-0.023717446252703667,-0.012207658030092716,-0.00043368139197533587,1,follower_left,waist_negative,0.36666666666666664,rad
-0.02581751996292317,negative,-0.3177673816680908,-0.02287300117313862,0.31449341773986816,23,waist,0,-0.025381041690707207,-0.012003691866993904,-0.00043647827221596214,1,follower_left,waist_negative,0.38333333333333336,rad
-0.027480620100097386,negative,-0.31777405738830566,-0.023125119507312775,0.3145027458667755,24,waist,0,-0.027042964473366737,-0.012256772257387638,-0.0004376556267306486,1,follower_left,waist_negative,0.4,rad
-0.029133843694061724,negative,-0.31778132915496826,-0.023374885320663452,0.3145022988319397,25,waist,0,-0.02868914231657982,-0.011863079853355885,-0.0004447013774819056,1,follower_left,waist_negative,0.4166666666666667,rad
-0.030770606382676258,negative,-0.31778833270072937,-0.02362186647951603,0.3144957423210144,26,waist,0,-0.030317362397909164,-0.011891375295817852,-0.00045324398476709327,1,follower_left,waist_negative,0.43333333333333335,rad
-0.032384323803801095,negative,-0.3177960216999054,-0.023864885792136192,0.31449446082115173,27,waist,0,-0.03191913291811943,-0.011467551812529564,-0.00046519088568166417,1,follower_left,waist_negative,0.45,rad
-0.03396841159529629,negative,-0.31780385971069336,-0.02410290017724037,0.3144989609718323,28,waist,0,-0.03348855301737785,-0.01107785850763321,-0.000479858577918435,1,follower_left,waist_negative,0.4666666666666667,rad
-0.03551628539502195,negative,-0.3178120255470276,-0.02433505281805992,0.3145008385181427,29,waist,0,-0.0350189283490181,-0.01034292671829462,-0.0004973570460038504,1,follower_left,waist_negative,0.48333333333333334,rad
-0.037021360840838125,negative,-0.3178199827671051,-0.02456030808389187,0.3144978880882263,30,waist,0,-0.03650372475385666,-0.009375005960464478,-0.0005176360869814656,1,follower_left,waist_negative,0.5,rad
-0.038477053570604935,negative,-0.31782811880111694,-0.02477753907442093,0.3144959807395935,31,waist,0,-0.03793581575155258,-0.008369299583137035,-0.0005412378190523537,1,follower_left,waist_negative,0.5166666666666667,rad
-0.03987677922218244,negative,-0.3178361654281616,-0.0249859057366848,0.31449779868125916,32,waist,0,-0.03930949792265892,-0.00742562860250473,-0.0005672812995235199,1,follower_left,waist_negative,0.5333333333333333,rad
-0.04121395343343072,negative,-0.3178441822528839,-0.025184273719787598,0.31449952721595764,33,waist,0,-0.04061710461974144,-0.007191863842308521,-0.0005968488136892797,1,follower_left,waist_negative,0.55,rad
-0.04248199184220987,negative,-0.3178519606590271,-0.025371791794896126,0.3144984245300293,34,waist,0,-0.04185359925031662,-0.006886595860123634,-0.0006283925918932481,1,follower_left,waist_negative,0.5666666666666667,rad
-0.04367431008637997,negative,-0.317859411239624,-0.025547396391630173,0.31449711322784424,35,waist,0,-0.04301108419895172,-0.006504032760858536,-0.0006632258874282454,1,follower_left,waist_negative,0.5833333333333334,rad
-0.044784323803801096,negative,-0.31786659359931946,-0.025710124522447586,0.3144974410533905,36,waist,0,-0.04408369958400726,-0.006239204667508602,-0.0007006242197938328,1,follower_left,waist_negative,0.6,rad
-0.04580544863233332,negative,-0.3178732693195343,-0.025859026238322258,0.31449878215789795,37,waist,0,-0.04506561532616615,-0.006004984490573406,-0.0007398333061671702,1,follower_left,waist_negative,0.6166666666666667,rad
-0.04673110020983676,negative,-0.31787940859794617,-0.02599301002919674,0.31449851393699646,38,waist,0,-0.045948732644319534,-0.005780717357993126,-0.0007823675655172224,1,follower_left,waist_negative,0.6333333333333333,rad
-0.047554694174171463,negative,-0.3178848922252655,-0.026111643761396408,0.314497709274292,39,waist,0,-0.046730250120162964,-0.0055186329409480095,-0.0008244440540084996,1,follower_left,waist_negative,0.65,rad
-0.048269646163197524,negative,-0.3178896903991699,-0.026213763281702995,0.31449735164642334,40,waist,0,-0.04740258678793907,-0.005191614851355553,-0.0008670593752584527,1,follower_left,waist_negative,0.6666666666666666,rad
-0.04886937181477503,negative,-0.3178938031196594,-0.026298724114894867,0.3144983649253845,41,waist,0,-0.047961704432964325,-0.004795579239726067,-0.000907667381810702,1,follower_left,waist_negative,0.6833333333333333,rad
-0.04934728676676406,negative,-0.317897230386734,-0.026366395875811577,0.314498633146286,42,waist,0,-0.04840681329369545,-0.004362584091722965,-0.0009404734730686093,1,follower_left,waist_negative,0.7,rad
-0.04969680665702469,negative,-0.31789976358413696,-0.026419129222631454,0.3144979476928711,43,waist,0,-0.04875357821583748,-0.004022561013698578,-0.0009432284411872091,1,follower_left,waist_negative,0.7166666666666667,rad
-0.04991134712341701,negative,-0.3179020583629608,-0.026465095579624176,0.3144977390766144,44,waist,0,-0.049055907875299454,-0.003708573989570141,-0.0008554392481175538,1,follower_left,waist_negative,0.7333333333333333,rad
-0.04998432380380109,negative,-0.31790393590927124,-0.02650187350809574,0.3144981265068054,45,waist,0,-0.04929758608341217,-0.003191940486431122,-0.0006867377203889219,1,follower_left,waist_negative,0.75,rad
8.865287658299828e-05,positive,-0.3176986873149872,-0.019018622115254402,0.3138662874698639,1,waist,0,4.089486537850462e-05,-0.0005379008944146335,4.775801120449366e-05,1,follower_left,waist_positive,0.016666666666666666,rad
0.0003031933429753165,positive,-0.3177039623260498,-0.019009556621313095,0.31431394815444946,2,waist,0,0.00011293494753772393,0.0005167867057025433,0.00019025839543759256,1,follower_left,waist_positive,0.03333333333333333,rad
0.0006527132332359476,positive,-0.3177005648612976,-0.01898433454334736,0.31468504667282104,3,waist,0,0.00025990186259150505,0.0011721388436853886,0.0003928113706444425,1,follower_left,waist_positive,0.05,rad
0.0011306281852249739,positive,-0.31772804260253906,-0.01894802413880825,0.31444838643074036,4,waist,0,0.0004942018422298133,0.00168647151440382,0.0006364263429951605,1,follower_left,waist_positive,0.06666666666666667,rad
0.0017303538368024767,positive,-0.3177049458026886,-0.018896181136369705,0.3143739104270935,5,waist,0,0.0008393411408178508,0.0023795533925294876,0.0008910126959846259,1,follower_left,waist_positive,0.08333333333333333,rad
0.0024453058258285406,positive,-0.3177233636379242,-0.018767818808555603,0.3144862949848175,6,waist,0,0.0016870154067873955,0.0030261287465691566,0.0007582904190411451,1,follower_left,waist_positive,0.1,rad
0.0032688997901632456,positive,-0.31771621108055115,-0.018644291907548904,0.31458383798599243,7,waist,0,0.0024966145865619183,0.003208867274224758,0.0007722852036013274,1,follower_left,waist_positive,0.11666666666666667,rad
0.004194551367666675,positive,-0.3177233040332794,-0.018491657450795174,0.31452277302742004,8,waist,0,0.003500454593449831,0.0033689849078655243,0.0006940967742168442,1,follower_left,waist_positive,0.13333333333333333,rad
0.005215676196198912,positive,-0.3177168369293213,-0.018334610387682915,0.3144390285015106,9,waist,0,0.004536119289696217,0.003497292287647724,0.0006795569065026954,1,follower_left,waist_positive,0.15,rad
0.006325689913620035,positive,-0.3177211880683899,-0.01815861649811268,0.31446945667266846,10,waist,0,0.0056989300064742565,0.003679269924759865,0.0006267599071457788,1,follower_left,waist_positive,0.16666666666666666,rad
0.007518008157790131,positive,-0.317721426486969,-0.017974253743886948,0.3145316541194916,11,waist,0,0.0069133928045630455,0.00390070304274559,0.0006046153532270858,1,follower_left,waist_positive,0.18333333333333332,rad
0.008786046566569282,positive,-0.31772488355636597,-0.017775563523173332,0.31452834606170654,12,waist,0,0.008221135474741459,0.004094038624316454,0.0005649110918278227,1,follower_left,waist_positive,0.2,rad
0.010123220777817566,positive,-0.3177247643470764,-0.017569195479154587,0.31447774171829224,13,waist,0,0.009581740945577621,0.00430395407602191,0.0005414798322399446,1,follower_left,waist_positive,0.21666666666666667,rad
0.01152294642939507,positive,-0.3177269995212555,-0.01735263131558895,0.3144742250442505,14,waist,0,0.011010206304490566,0.004526631440967321,0.0005127401249045045,1,follower_left,waist_positive,0.23333333333333334,rad
0.012978639159161873,positive,-0.3177299201488495,-0.017128612846136093,0.3145058751106262,15,waist,0,0.012486543506383896,0.004739551804959774,0.0004920956527779772,1,follower_left,waist_positive,0.25,rad
0.01448371460497806,positive,-0.3177334666252136,-0.016897017136216164,0.314519464969635,16,waist,0,0.014012668281793594,0.0049494169652462006,0.0004710463231844663,1,follower_left,waist_positive,0.26666666666666666,rad
0.01603158840470371,positive,-0.31773677468299866,-0.016659492626786232,0.31449562311172485,17,waist,0,0.01557763572782278,0.005160681903362274,0.0004539526768809303,1,follower_left,waist_positive,0.2833333333333333,rad
0.017615676196198915,positive,-0.3177400827407837,-0.01641707681119442,0.31448379158973694,18,waist,0,0.01717587746679783,0.005444453563541174,0.00043979872940108633,1,follower_left,waist_positive,0.3,rad
0.019229393617323738,positive,-0.3177449405193329,-0.016170591115951538,0.3144958019256592,19,waist,0,0.018801255151629448,0.005709175486117601,0.0004281384656942902,1,follower_left,waist_positive,0.31666666666666665,rad
0.020866156305938282,positive,-0.3177497684955597,-0.01592092774808407,0.31450986862182617,20,waist,0,0.020446280017495155,0.005918457638472319,0.0004198762884431266,1,follower_left,waist_positive,0.3333333333333333,rad
0.022519379899902617,positive,-0.31775546073913574,-0.015669068321585655,0.31450167298316956,21,waist,0,0.022105764597654343,0.006084911525249481,0.00041361530224827414,1,follower_left,waist_positive,0.35,rad
0.024182480037076824,positive,-0.317760705947876,-0.015416327863931656,0.3144915997982025,22,waist,0,0.02377132698893547,0.006213514134287834,0.0004111530481413529,1,follower_left,waist_positive,0.36666666666666664,rad
0.02584887235532099,positive,-0.3177669942378998,-0.015163581818342209,0.314493864774704,23,waist,0,0.02543773502111435,0.006338351871818304,0.00041113733420664045,1,follower_left,waist_positive,0.38333333333333336,rad
0.027511972492495207,positive,-0.3177735507488251,-0.014911822974681854,0.3145030736923218,24,waist,0,0.02709764428436756,0.006422529462724924,0.0004143282081276456,1,follower_left,waist_positive,0.4,rad
0.029165196086459545,positive,-0.3177807927131653,-0.01466185599565506,0.3145022988319397,25,waist,0,0.028744908049702644,0.006516200490295887,0.0004202880367569009,1,follower_left,waist_positive,0.4166666666666667,rad
0.03080195877507408,positive,-0.317787766456604,-0.014414936304092407,0.314496248960495,26,waist,0,0.030372757464647293,0.006525411736220121,0.00042920131042678555,1,follower_left,waist_positive,0.43333333333333335,rad
0.032415676196198916,positive,-0.3177952468395233,-0.014171949587762356,0.3144948184490204,27,waist,0,0.031974922865629196,0.0064736707136034966,0.0004407533305697195,1,follower_left,waist_positive,0.45,rad
0.03399976398769411,positive,-0.31780296564102173,-0.013933906331658363,0.3144993782043457,28,waist,0,0.03354404494166374,0.006416993215680122,0.0004557190460303673,1,follower_left,waist_positive,0.4666666666666667,rad
0.03554763778741977,positive,-0.31781116127967834,-0.013701685704290867,0.31450122594833374,29,waist,0,0.03507477045059204,0.006382144521921873,0.00047286733682772725,1,follower_left,waist_positive,0.48333333333333334,rad
0.037052713233235945,positive,-0.3178190588951111,-0.013476361520588398,0.31449824571609497,30,waist,0,0.03655986860394478,0.006344207562506199,0.000492844629291167,1,follower_left,waist_positive,0.5,rad
0.038508405963002756,positive,-0.31782713532447815,-0.013259077444672585,0.31449630856513977,31,waist,0,0.03799276053905487,0.006294914986938238,0.0005156454239478858,1,follower_left,waist_positive,0.5166666666666667,rad
0.03990813161458026,positive,-0.3178350031375885,-0.013050668872892857,0.31449803709983826,32,waist,0,0.03936656191945076,0.006277834065258503,0.0005415696951295013,1,follower_left,waist_positive,0.5333333333333333,rad
0.04124530582582854,positive,-0.31784307956695557,-0.012852105312049389,0.3144998848438263,33,waist,0,0.040675390511751175,0.0062141199596226215,0.0005699153140773655,1,follower_left,waist_positive,0.55,rad
0.04251334423460769,positive,-0.31785082817077637,-0.012664545327425003,0.3144988417625427,34,waist,0,0.041912030428647995,0.006111970171332359,0.000601313805959694,1,follower_left,waist_positive,0.5666666666666667,rad
0.04370566247877779,positive,-0.31785812973976135,-0.012488584034144878,0.3144974112510681,35,waist,0,0.04307163506746292,0.005988914519548416,0.0006340274113148664,1,follower_left,waist_positive,0.5833333333333334,rad
0.04481567619619892,positive,-0.31786537170410156,-0.01232575997710228,0.31449776887893677,36,waist,0,0.044145386666059494,0.005873284302651882,0.0006702895301394229,1,follower_left,waist_positive,0.6,rad
0.045836801024731144,positive,-0.31787195801734924,-0.012176506221294403,0.3144988715648651,37,waist,0,0.045128993690013885,0.005672106519341469,0.0007078073347172587,1,follower_left,waist_positive,0.6166666666666667,rad
0.04676245260223458,positive,-0.31787800788879395,-0.012042109854519367,0.3144986629486084,38,waist,0,0.04601489007472992,0.005452539771795273,0.0007475625275046582,1,follower_left,waist_positive,0.6333333333333333,rad
0.047586046566569284,positive,-0.3178834319114685,-0.011923152953386307,0.3144979476928711,39,waist,0,0.04679807648062706,0.005189157091081142,0.0007879700859422245,1,follower_left,waist_positive,0.65,rad
0.048300998555595345,positive,-0.3178883194923401,-0.011820778250694275,0.3144979178905487,40,waist,0,0.04747258126735687,0.004834247753024101,0.0008284172882384727,1,follower_left,waist_positive,0.6666666666666666,rad
0.04890072420717285,positive,-0.31789231300354004,-0.011735307984054089,0.3144984245300293,41,waist,0,0.04803486540913582,0.0044240448623895645,0.0008658587980370294,1,follower_left,waist_positive,0.6833333333333333,rad
0.04937863915916188,positive,-0.31789565086364746,-0.011666923761367798,0.3144988715648651,42,waist,0,0.048484548926353455,0.003993023186922073,0.0008940902328084255,1,follower_left,waist_positive,0.7,rad
0.04972815904942251,positive,-0.317898154258728,-0.011613492853939533,0.3144981861114502,43,waist,0,0.04883573204278946,0.003672565333545208,0.0008924270066330495,1,follower_left,waist_positive,0.7166666666666667,rad
0.04994269951581483,positive,-0.31790032982826233,-0.01156819611787796,0.31449806690216064,44,waist,0,0.04913317412137985,0.003285313956439495,0.0008095253944349762,1,follower_left,waist_positive,0.7333333333333333,rad
0.05001567619619891,positive,-0.31790217757225037,-0.011532003059983253,0.3144984245300293,45,waist,0,0.04937101528048515,0.002811029553413391,0.00064466091571376,1,follower_left,waist_positive,0.75,rad
-0.9600234237629036,negative,-0.31770291924476624,-0.01902221143245697,0.31386852264404297,1,shoulder,1,-0.9598224759101868,0.14075057208538055,-0.00020094785271684845,1,follower_left,shoulder_negative,0.016666666666666666,rad
-0.960237964229296,negative,-0.31773078441619873,-0.019024409353733063,0.3143405318260193,2,shoulder,1,-0.9601205587387085,-0.002113758586347103,-0.0001174054905874744,1,follower_left,shoulder_negative,0.03333333333333333,rad
-0.9605874841195565,negative,-0.3178269565105438,-0.01902148686349392,0.31478309631347656,3,shoulder,1,-0.9607943296432495,0.07188357412815094,0.00020684552369298892,1,follower_left,shoulder_negative,0.05,rad
-0.9610653990715456,negative,-0.3179246783256531,-0.019020691514015198,0.31465229392051697,4,shoulder,1,-0.9611178636550903,0.03474299609661102,5.246458354468686e-05,1,follower_left,shoulder_negative,0.06666666666666667,rad
-0.961665124723123,negative,-0.318015456199646,-0.019020920619368553,0.3146637976169586,5,shoulder,1,-0.9617246389389038,0.06437795609235764,5.951421578076488e-05,1,follower_left,shoulder_negative,0.08333333333333333,rad
-0.9623800767121492,negative,-0.318144291639328,-0.019021280109882355,0.31486091017723083,6,shoulder,1,-0.9624885320663452,0.023512540385127068,0.00010845535419601315,1,follower_left,shoulder_negative,0.1,rad
-0.9632036706764838,negative,-0.31829729676246643,-0.019020656123757362,0.3150862753391266,7,shoulder,1,-0.9634146690368652,0.054577894508838654,0.00021099836038140918,1,follower_left,shoulder_negative,0.11666666666666667,rad
-0.9641293222539873,negative,-0.3184477984905243,-0.019020212814211845,0.31517747044563293,8,shoulder,1,-0.964286744594574,0.03817159682512283,0.00015742234058668814,1,follower_left,shoulder_negative,0.13333333333333333,rad
-0.9651504470825195,negative,-0.31862807273864746,-0.01902025006711483,0.31525951623916626,9,shoulder,1,-0.9653525352478027,0.05524427443742752,0.0002020881652832207,1,follower_left,shoulder_negative,0.15,rad
-0.9662604607999407,negative,-0.31881070137023926,-0.019020481035113335,0.3154450058937073,10,shoulder,1,-0.9664605259895325,0.03725734353065491,0.00020006518959181374,1,follower_left,shoulder_negative,0.16666666666666666,rad
-0.9674527790441108,negative,-0.31902459263801575,-0.019020305946469307,0.3156762719154358,11,shoulder,1,-0.9677366614341736,0.048792123794555664,0.00028388239006282845,1,follower_left,shoulder_negative,0.18333333333333332,rad
-0.96872081745289,negative,-0.31923699378967285,-0.01902010478079319,0.3158671259880066,12,shoulder,1,-0.9689889550209045,0.042552269995212555,0.00026813756801458144,1,follower_left,shoulder_negative,0.2,rad
-0.9700579916641382,negative,-0.31946951150894165,-0.01902006007730961,0.31603801250457764,13,shoulder,1,-0.9703609347343445,0.0509403795003891,0.0003029430702062852,1,follower_left,shoulder_negative,0.21666666666666667,rad
-0.9714577173157157,negative,-0.3197053372859955,-0.01902008429169655,0.3162404000759125,14,shoulder,1,-0.9717620015144348,0.044356368482112885,0.00030428419871908474,1,follower_left,shoulder_negative,0.23333333333333334,rad
-0.9729134100454825,negative,-0.31995514035224915,-0.019020022824406624,0.31647688150405884,15,shoulder,1,-0.9732469916343689,0.05020594224333763,0.0003335815888864113,1,follower_left,shoulder_negative,0.25,rad
-0.9744184854912987,negative,-0.32021182775497437,-0.01902000792324543,0.31670963764190674,16,shoulder,1,-0.9747613668441772,0.04662135988473892,0.0003428813528785213,1,follower_left,shoulder_negative,0.26666666666666666,rad
-0.9759663592910244,negative,-0.3204793334007263,-0.0190199576318264,0.3169334828853607,17,shoulder,1,-0.9763356447219849,0.050450436770915985,0.0003692854309604865,1,follower_left,shoulder_negative,0.2833333333333333,rad
-0.9775504470825196,negative,-0.32074788212776184,-0.019019998610019684,0.3171652555465698,18,shoulder,1,-0.9779176115989685,0.04859470948576927,0.00036716451644891457,1,follower_left,shoulder_negative,0.3,rad
-0.9791641645036444,negative,-0.32102465629577637,-0.019019898027181625,0.31740936636924744,19,shoulder,1,-0.9795469641685486,0.05143119394779205,0.0003827996649041765,1,follower_left,shoulder_negative,0.31666666666666665,rad
-0.9808009271922589,negative,-0.3213033378124237,-0.01901983469724655,0.31765511631965637,20,shoulder,1,-0.9811827540397644,0.05065393075346947,0.00038182684750553975,1,follower_left,shoulder_negative,0.3333333333333333,rad
-0.9824541507862232,negative,-0.3215872049331665,-0.019019871950149536,0.317898690700531,21,shoulder,1,-0.9828452467918396,0.05270194262266159,0.0003910960056163759,1,follower_left,shoulder_negative,0.35,rad
-0.9841172509233974,negative,-0.32187098264694214,-0.019019870087504387,0.31814277172088623,22,shoulder,1,-0.9845059514045715,0.05216670781373978,0.00038870048117412015,1,follower_left,shoulder_negative,0.36666666666666664,rad
-0.9857836432416416,negative,-0.32215699553489685,-0.019019776955246925,0.318389892578125,23,shoulder,1,-0.986177384853363,0.05335867032408714,0.0003937416117214543,1,follower_left,shoulder_negative,0.38333333333333336,rad
-0.9874467433788159,negative,-0.32244181632995605,-0.019019758328795433,0.31863656640052795,24,shoulder,1,-0.9878381490707397,0.05296702682971954,0.0003914056919238629,1,follower_left,shoulder_negative,0.4,rad
-0.9890999669727802,negative,-0.32272592186927795,-0.019019808620214462,0.3188804090023041,25,shoulder,1,-0.9894922971725464,0.05367978289723396,0.00039233019976614436,1,follower_left,shoulder_negative,0.4166666666666667,rad
-0.9907367296613947,negative,-0.323006808757782,-0.01901969313621521,0.31912070512771606,26,shoulder,1,-0.9911245107650757,0.05327807366847992,0.0003877811036809842,1,follower_left,shoulder_negative,0.43333333333333335,rad
-0.9923504470825195,negative,-0.32328441739082336,-0.01901976391673088,0.3193579912185669,27,shoulder,1,-0.9927359819412231,0.05348663032054901,0.0003855348587036289,1,follower_left,shoulder_negative,0.45,rad
-0.9939345348740147,negative,-0.32355570793151855,-0.01901974156498909,0.31959089636802673,28,shoulder,1,-0.9943078756332397,0.05371604859828949,0.00037334075922501597,1,follower_left,shoulder_negative,0.4666666666666667,rad
-0.9954824086737404,negative,-0.32382017374038696,-0.019019678235054016,0.3198164701461792,29,shoulder,1,-0.9958378672599792,0.055085815489292145,0.00035545858623886595,1,follower_left,shoulder_negative,0.48333333333333334,rad
-0.9969874841195566,negative,-0.3240785002708435,-0.019019702449440956,0.3200334906578064,30,shoulder,1,-0.997330367565155,0.054776839911937714,0.00034288344559840755,1,follower_left,shoulder_negative,0.5,rad
-0.9984431768493234,negative,-0.32432976365089417,-0.019019702449440956,0.3202454149723053,31,shoulder,1,-0.9987793564796448,0.054389841854572296,0.0003361796303213982,1,follower_left,shoulder_negative,0.5166666666666667,rad
-0.9998429025009009,negative,-0.3245692253112793,-0.01901973970234394,0.32045167684555054,32,shoulder,1,-1.0001585483551025,0.054776631295681,0.0003156458542016294,1,follower_left,shoulder_negative,0.5333333333333333,rad
-1.0011800767121493,negative,-0.3247975707054138,-0.01901969313621521,0.3206460475921631,33,shoulder,1,-1.001471996307373,0.05573367327451706,0.0002919195952237885,1,follower_left,shoulder_negative,0.55,rad
-1.0024481151209284,negative,-0.3250166177749634,-0.019019639119505882,0.32082703709602356,34,shoulder,1,-1.002728819847107,0.054911449551582336,0.0002807047261785822,1,follower_left,shoulder_negative,0.5666666666666667,rad
-1.0036404333650983,negative,-0.3252180814743042,-0.019019609317183495,0.3209988474845886,35,shoulder,1,-1.0038836002349854,0.05665227398276329,0.00024316686988701264,1,follower_left,shoulder_negative,0.5833333333333334,rad
-1.0047504470825195,negative,-0.3254086673259735,-0.019019655883312225,0.32115933299064636,36,shoulder,1,-1.0049762725830078,0.056092772632837296,0.00022582550048833028,1,follower_left,shoulder_negative,0.6,rad
-1.0057715719110518,negative,-0.3255827724933624,-0.019019680097699165,0.3213055431842804,37,shoulder,1,-1.0059727430343628,0.05706018581986427,0.00020117112331097253,1,follower_left,shoulder_negative,0.6166666666666667,rad
-1.0066972234885552,negative,-0.32573938369750977,-0.01901960000395775,0.3214382529258728,38,shoulder,1,-1.0068683624267578,0.05759795010089874,0.0001711389382026418,1,follower_left,shoulder_negative,0.6333333333333333,rad
-1.00752081745289,negative,-0.32587793469429016,-0.019019626080989838,0.32155483961105347,39,shoulder,1,-1.0076607465744019,0.058630429208278656,0.00013992912151183923,1,follower_left,shoulder_negative,0.65,rad
-1.008235769441916,negative,-0.3259994089603424,-0.019019639119505882,0.3216552734375,40,shoulder,1,-1.0083571672439575,0.05945241451263428,0.00012139780204156736,1,follower_left,shoulder_negative,0.6666666666666666,rad
-1.0088354950934935,negative,-0.3260969817638397,-0.01901966519653797,0.3217392861843109,41,shoulder,1,-1.0089155435562134,0.061184998601675034,8.004846271991717e-05,1,follower_left,shoulder_negative,0.6833333333333333,rad
-1.0093134100454826,negative,-0.32617416977882385,-0.01901961676776409,0.32180550694465637,42,shoulder,1,-1.0093578100204468,0.06216100975871086,4.4399974964193234e-05,1,follower_left,shoulder_negative,0.7,rad
-1.0096629299357431,negative,-0.32623112201690674,-0.019019633531570435,0.32185181975364685,43,shoulder,1,-1.0096867084503174,0.06484946608543396,2.37785145742464e-05,1,follower_left,shoulder_negative,0.7166666666666667,rad
-1.0098774704021354,negative,-0.3262614905834198,-0.019019711762666702,0.3218754231929779,44,shoulder,1,-1.0098609924316406,0.0671878457069397,-1.6477970494754857e-05,1,follower_left,shoulder_negative,0.7333333333333333,rad
-1.0099504470825196,negative,-0.32626858353614807,-0.019019652158021927,0.32187792658805847,45,shoulder,1,-1.009902000427246,0.07038035243749619,-4.844665527348191e-05,1,follower_left,shoulder_negative,0.75,rad
-0.9598774704021354,positive,-0.3176681399345398,-0.01902206800878048,0.3138515055179596,1,shoulder,1,-0.9596219062805176,0.1449412852525711,-0.00025556412161786835,1,follower_left,shoulder_positive,0.016666666666666666,rad
-0.9596629299357431,positive,-0.31764692068099976,-0.01902424916625023,0.3142569959163666,2,shoulder,1,-0.9596162438392639,-0.0021114698611199856,-4.668609647917599e-05,1,follower_left,shoulder_positive,0.03333333333333333,rad
-0.9593134100454825,positive,-0.31755873560905457,-0.01902119442820549,0.314563125371933,3,shoulder,1,-0.959197461605072,0.09842966496944427,-0.00011594844041051822,1,follower_left,shoulder_positive,0.05,rad
-0.9588354950934934,positive,-0.3175075650215149,-0.01902039907872677,0.31424713134765625,4,shoulder,1,-0.9586269855499268,0.052661728113889694,-0.00020850954356665952,1,follower_left,shoulder_positive,0.06666666666666667,rad
-0.958235769441916,positive,-0.3173767030239105,-0.01902082748711109,0.31407755613327026,5,shoulder,1,-0.9579344391822815,0.09318085759878159,-0.00030133025963452464,1,follower_left,shoulder_positive,0.08333333333333333,rad
-0.9575208174528899,positive,-0.3172661066055298,-0.019021103158593178,0.3140610158443451,6,shoulder,1,-0.9572498798370361,0.051047708839178085,-0.000270937615853728,1,follower_left,shoulder_positive,0.1,rad
-0.9566972234885552,positive,-0.31711116433143616,-0.019020454958081245,0.31400930881500244,7,shoulder,1,-0.9563331604003906,0.08365858346223831,-0.0003640630881646123,1,follower_left,shoulder_positive,0.11666666666666667,rad
-0.9557715719110518,positive,-0.31696170568466187,-0.019020115956664085,0.31381744146347046,8,shoulder,1,-0.9554252028465271,0.07152128219604492,-0.0003463690645246764,1,follower_left,shoulder_positive,0.13333333333333333,rad
-0.9547504470825195,positive,-0.31677645444869995,-0.01902027055621147,0.3135881721973419,9,shoulder,1,-0.9543082118034363,0.08842172473669052,-0.00044223527908326954,1,follower_left,shoulder_positive,0.15,rad
-0.9536404333650984,positive,-0.3165917694568634,-0.01902051828801632,0.313434362411499,10,shoulder,1,-0.9532055854797363,0.07318242639303207,-0.0004348478853620774,1,follower_left,shoulder_positive,0.16666666666666666,rad
-0.9524481151209283,positive,-0.31638479232788086,-0.019020406529307365,0.3132924735546112,11,shoulder,1,-0.9519637227058411,0.08426162600517273,-0.0004843924150872425,1,follower_left,shoulder_positive,0.18333333333333332,rad
-0.9511800767121491,positive,-0.3161708116531372,-0.01902020536363125,0.3130914270877838,12,shoulder,1,-0.9506778717041016,0.07891909778118134,-0.0005022050080475404,1,follower_left,shoulder_positive,0.2,rad
-0.9498429025009009,positive,-0.3159433603286743,-0.019020136445760727,0.3128449618816376,13,shoulder,1,-0.9492982029914856,0.08695264160633087,-0.0005446995094152696,1,follower_left,shoulder_positive,0.21666666666666667,rad
-0.9484431768493233,positive,-0.31571027636528015,-0.019020335748791695,0.3126274049282074,14,shoulder,1,-0.9478935599327087,0.08388692885637283,-0.0005496169166145926,1,follower_left,shoulder_positive,0.23333333333333334,rad
-0.9469874841195566,positive,-0.3154640793800354,-0.01902027800679207,0.3124257028102875,15,shoulder,1,-0.9464088082313538,0.08579059690237045,-0.0005786758882028176,1,follower_left,shoulder_positive,0.25,rad
-0.9454824086737403,positive,-0.31521332263946533,-0.019020356237888336,0.31219565868377686,16,shoulder,1,-0.9448934197425842,0.08546436578035355,-0.0005889889311561092,1,follower_left,shoulder_positive,0.26666666666666666,rad
-0.9439345348740147,positive,-0.31495383381843567,-0.019020210951566696,0.311934232711792,17,shoulder,1,-0.9433175921440125,0.08752869814634323,-0.0006169427300022345,1,follower_left,shoulder_positive,0.2833333333333333,rad
-0.9423504470825195,positive,-0.31469085812568665,-0.019020317122340202,0.31167954206466675,18,shoulder,1,-0.9417203664779663,0.08487997949123383,-0.0006300806045531626,1,follower_left,shoulder_positive,0.3,rad
-0.9407367296613947,positive,-0.31442323327064514,-0.019020352512598038,0.31143999099731445,19,shoulder,1,-0.9400959610939026,0.08519744127988815,-0.0006407685674920671,1,follower_left,shoulder_positive,0.31666666666666665,rad
-0.9390999669727802,positive,-0.31415310502052307,-0.01902039907872677,0.3111932575702667,20,shoulder,1,-0.9384536743164062,0.08460558205842972,-0.000646292656373948,1,follower_left,shoulder_positive,0.3333333333333333,rad
-0.9374467433788158,positive,-0.3138810098171234,-0.019020315259695053,0.3109268248081207,21,shoulder,1,-0.9367930293083191,0.08563430607318878,-0.000653714070496747,1,follower_left,shoulder_positive,0.35,rad
-0.9357836432416416,positive,-0.31360796093940735,-0.01902029849588871,0.31065893173217773,22,shoulder,1,-0.9351240396499634,0.08420154452323914,-0.0006596035916782705,1,follower_left,shoulder_positive,0.36666666666666664,rad
-0.9341172509233975,positive,-0.31333595514297485,-0.01902037486433983,0.31040292978286743,23,shoulder,1,-0.9334596991539001,0.08359670639038086,-0.0006575517694973332,1,follower_left,shoulder_positive,0.38333333333333336,rad
-0.9324541507862232,positive,-0.31306466460227966,-0.019020436331629753,0.31015053391456604,24,shoulder,1,-0.9317998290061951,0.08290021866559982,-0.0006543217800281109,1,follower_left,shoulder_positive,0.4,rad
-0.9308009271922588,positive,-0.3127964735031128,-0.019020387902855873,0.30989012122154236,25,shoulder,1,-0.9301535487174988,0.08297262340784073,-0.0006473784747600408,1,follower_left,shoulder_positive,0.4166666666666667,rad
-0.9291641645036444,positive,-0.31253141164779663,-0.01902046427130699,0.30962884426116943,26,shoulder,1,-0.9285226464271545,0.08211910724639893,-0.0006415180764898221,1,follower_left,shoulder_positive,0.43333333333333335,rad
-0.9275504470825195,positive,-0.3122715353965759,-0.01902049407362938,0.30937659740448,27,shoulder,1,-0.9269216060638428,0.08110474795103073,-0.0006288410186767734,1,follower_left,shoulder_positive,0.45,rad
-0.9259663592910243,positive,-0.31201687455177307,-0.01902041770517826,0.3091340661048889,28,shoulder,1,-0.9253520965576172,0.0802542045712471,-0.0006142627334071449,1,follower_left,shoulder_positive,0.4666666666666667,rad
-0.9244184854912987,positive,-0.3117693066596985,-0.019020473584532738,0.3088930547237396,29,shoulder,1,-0.9238229393959045,0.07967665791511536,-0.0005955460953941394,1,follower_left,shoulder_positive,0.48333333333333334,rad
-0.9229134100454824,positive,-0.3115290403366089,-0.019020523875951767,0.30865517258644104,30,shoulder,1,-0.9223365187644958,0.07895451039075851,-0.0005768912809865911,1,follower_left,shoulder_positive,0.5,rad
-0.9214577173157157,positive,-0.31129810214042664,-0.019020551815629005,0.3084266483783722,31,shoulder,1,-0.9209044575691223,0.07777905464172363,-0.0005532597465933708,1,follower_left,shoulder_positive,0.5166666666666667,rad
-0.9200579916641382,positive,-0.3110766112804413,-0.01902059093117714,0.30821090936660767,32,shoulder,1,-0.9195313453674316,0.0768061950802803,-0.0005266462967065122,1,follower_left,shoulder_positive,0.5333333333333333,rad
-0.9187208174528899,positive,-0.31086617708206177,-0.019020603969693184,0.30800411105155945,33,shoulder,1,-0.9182231426239014,0.07568465918302536,-0.000497674828988548,1,follower_left,shoulder_positive,0.55,rad
-0.9174527790441107,positive,-0.3106657564640045,-0.019020577892661095,0.30780521035194397,34,shoulder,1,-0.9169782400131226,0.07278638333082199,-0.00047453903098815253,1,follower_left,shoulder_positive,0.5666666666666667,rad
-0.9162604607999406,positive,-0.31047847867012024,-0.019020607694983482,0.3076167106628418,35,shoulder,1,-0.9158122539520264,0.06946613639593124,-0.00044820684791424537,1,follower_left,shoulder_positive,0.5833333333333334,rad
-0.9151504470825195,positive,-0.31030699610710144,-0.01902066171169281,0.30744504928588867,36,shoulder,1,-0.9147424101829529,0.06858987361192703,-0.0004080368995665884,1,follower_left,shoulder_positive,0.6,rad
-0.9141293222539872,positive,-0.31014955043792725,-0.019020630046725273,0.30729058384895325,37,shoulder,1,-0.9137612581253052,0.06704231351613998,-0.0003680641286820663,1,follower_left,shoulder_positive,0.6166666666666667,rad
-0.9132036706764838,positive,-0.3100067377090454,-0.019020648673176765,0.30714914202690125,38,shoulder,1,-0.9128691554069519,0.0639311745762825,-0.0003345152695318765,1,follower_left,shoulder_positive,0.6333333333333333,rad
-0.9123800767121492,positive,-0.3098801374435425,-0.01902061142027378,0.3070221543312073,39,shoulder,1,-0.9120782613754272,0.05976032093167305,-0.0003018153367219112,1,follower_left,shoulder_positive,0.65,rad
-0.9116651247231231,positive,-0.30977553129196167,-0.019020702689886093,0.30691689252853394,40,shoulder,1,-0.9114215970039368,0.059639278799295425,-0.00024352771918634275,1,follower_left,shoulder_positive,0.6666666666666666,rad
-0.9110653990715456,positive,-0.30968326330184937,-0.019020719453692436,0.3068305552005768,41,shoulder,1,-0.9108489155769348,0.05446085333824158,-0.0002164834946107863,1,follower_left,shoulder_positive,0.6833333333333333,rad
-0.9105874841195565,positive,-0.30961695313453674,-0.019020656123757362,0.3067616820335388,42,shoulder,1,-0.910429060459137,0.05276339873671532,-0.0001584236604195155,1,follower_left,shoulder_positive,0.7,rad
-0.9102379642292959,positive,-0.30956414341926575,-0.019020678475499153,0.30671384930610657,43,shoulder,1,-0.9101032614707947,0.04758128523826599,-0.00013470275850124835,1,follower_left,shoulder_positive,0.7166666666666667,rad
-0.9100234237629036,positive,-0.3095386028289795,-0.019020697101950645,0.3066885769367218,44,shoulder,1,-0.9099392890930176,0.04409471154212952,-8.41346698859935e-05,1,follower_left,shoulder_positive,0.7333333333333333,rad
-0.9099504470825195,positive,-0.3095327317714691,-0.019020693376660347,0.3066883087158203,45,shoulder,1,-0.909905195236206,0.04108353704214096,-4.5251846313432154e-05,1,follower_left,shoulder_positive,0.75,rad
1.1611726078075308,negative,-0.31780487298965454,-0.01902049593627453,0.31342488527297974,1,elbow,2,1.1634198427200317,-0.2178821712732315,-0.002247234912500895,1,follower_left,elbow_negative,0.016666666666666666,rad
1.1609580673411386,negative,-0.3177418112754822,-0.019024966284632683,0.3137631416320801,2,elbow,2,1.1624521017074585,-0.30430519580841064,-0.0014940343663198963,1,follower_left,elbow_negative,0.03333333333333333,rad
1.160608547450878,negative,-0.31771916151046753,-0.01902267336845398,0.3144819140434265,3,elbow,2,1.1610945463180542,-0.2308698445558548,-0.0004859988671761517,1,follower_left,elbow_negative,0.05,rad
1.160130632498889,negative,-0.31772446632385254,-0.01902085356414318,0.31456440687179565,4,elbow,2,1.1612029075622559,-0.19250580668449402,-0.0010722750633669342,1,follower_left,elbow_negative,0.06666666666666667,rad
1.1595309068473114,negative,-0.3176690936088562,-0.01902090758085251,0.3146221935749054,5,elbow,2,1.1606948375701904,-0.23207354545593262,-0.0011639307228790141,1,follower_left,elbow_negative,0.08333333333333333,rad
1.1588159548582855,negative,-0.3176392614841461,-0.019021518528461456,0.31493741273880005,6,elbow,2,1.15988028049469,-0.2558485269546509,-0.0010643256364044618,1,follower_left,elbow_negative,0.1,rad
1.1579923608939506,negative,-0.31758999824523926,-0.019021106883883476,0.31539103388786316,7,elbow,2,1.1588233709335327,-0.27075013518333435,-0.0008310100395820808,1,follower_left,elbow_negative,0.11666666666666667,rad
1.1570667093164473,negative,-0.3175489902496338,-0.019020479172468185,0.3157321810722351,8,elbow,2,1.1579352617263794,-0.23668350279331207,-0.0008685524099321107,1,follower_left,elbow_negative,0.13333333333333333,rad
1.156045584487915,negative,-0.31748369336128235,-0.01902036927640438,0.3160163164138794,9,elbow,2,1.1569890975952148,-0.24737009406089783,-0.0009435131072998981,1,follower_left,elbow_negative,0.15,rad
1.1549355707704938,negative,-0.31742507219314575,-0.01902068965137005,0.31641656160354614,10,elbow,2,1.1558271646499634,-0.2597317695617676,-0.0008915938794695766,1,follower_left,elbow_negative,0.16666666666666666,rad
1.1537432525263238,negative,-0.3173627257347107,-0.019020667299628258,0.31692376732826233,11,elbow,2,1.154523491859436,-0.2754400372505188,-0.0007802393331122204,1,follower_left,elbow_negative,0.18333333333333332,rad
1.1524752141175447,negative,-0.3173021376132965,-0.01902041770517826,0.31741631031036377,12,elbow,2,1.153228521347046,-0.26231440901756287,-0.0007533072295011767,1,follower_left,elbow_negative,0.2,rad
1.1511380399062965,negative,-0.31722915172576904,-0.01902017369866371,0.3178715407848358,13,elbow,2,1.1519182920455933,-0.2633131444454193,-0.0007802521392967776,1,follower_left,elbow_negative,0.21666666666666667,rad
1.1497383142547188,negative,-0.3171570599079132,-0.01902042329311371,0.3183659017086029,14,elbow,2,1.1505038738250732,-0.26814571022987366,-0.0007655595703544016,1,follower_left,elbow_negative,0.23333333333333334,rad
1.148282621524952,negative,-0.31708383560180664,-0.019020430743694305,0.31892383098602295,15,elbow,2,1.1489931344985962,-0.27815282344818115,-0.0007105129736442173,1,follower_left,elbow_negative,0.25,rad
1.1467775460791358,negative,-0.3170105814933777,-0.019020313397049904,0.31950050592422485,16,elbow,2,1.1474355459213257,-0.2736252248287201,-0.0006579998421898381,1,follower_left,elbow_negative,0.26666666666666666,rad
1.1452296722794102,negative,-0.31693482398986816,-0.01902017369866371,0.32005614042282104,17,elbow,2,1.1459022760391235,-0.2730379104614258,-0.0006726037597133416,1,follower_left,elbow_negative,0.2833333333333333,rad
1.143645584487915,negative,-0.31685778498649597,-0.01902019791305065,0.32062065601348877,18,elbow,2,1.144321084022522,-0.27443668246269226,-0.0006754995346069936,1,follower_left,elbow_negative,0.3,rad
1.1420318670667902,negative,-0.31678128242492676,-0.019020283594727516,0.32121607661247253,19,elbow,2,1.1426893472671509,-0.279881089925766,-0.0006574802003607161,1,follower_left,elbow_negative,0.31666666666666665,rad
1.1403951043781757,negative,-0.31670621037483215,-0.019020279869437218,0.32182684540748596,20,elbow,2,1.1410331726074219,-0.28000444173812866,-0.0006380682292461692,1,follower_left,elbow_negative,0.3333333333333333,rad
1.1387418807842113,negative,-0.3166298568248749,-0.019020147621631622,0.32243120670318604,21,elbow,2,1.1393767595291138,-0.2789861857891083,-0.0006348787449024229,1,follower_left,elbow_negative,0.35,rad
1.137078780647037,negative,-0.3165540397167206,-0.019020147621631622,0.3230302929878235,22,elbow,2,1.1377211809158325,-0.2785317897796631,-0.0006424002687954733,1,follower_left,elbow_negative,0.36666666666666664,rad
1.135412388328793,negative,-0.31647902727127075,-0.019020194187760353,0.3236369788646698,23,elbow,2,1.1360512971878052,-0.2803298532962799,-0.0006389088590121883,1,follower_left,elbow_negative,0.38333333333333336,rad
1.1337492881916187,negative,-0.3164062201976776,-0.01902015507221222,0.3242485225200653,24,elbow,2,1.134381651878357,-0.28023773431777954,-0.0006323636867382465,1,follower_left,elbow_negative,0.4,rad
1.1320960645976543,negative,-0.3163343071937561,-0.019020134583115578,0.3248530626296997,25,elbow,2,1.1327269077301025,-0.2789938151836395,-0.0006308431324482111,1,follower_left,elbow_negative,0.4166666666666667,rad
1.1304593019090399,negative,-0.31626397371292114,-0.019020091742277145,0.3254458010196686,26,elbow,2,1.1310968399047852,-0.2772673964500427,-0.0006375379957452854,1,follower_left,elbow_negative,0.43333333333333335,rad
1.128845584487915,negative,-0.3161954879760742,-0.01902008429169655,0.3260306119918823,27,elbow,2,1.1294883489608765,-0.27655577659606934,-0.0006427644729614101,1,follower_left,elbow_negative,0.45,rad
1.1272614966964198,negative,-0.31612956523895264,-0.019020065665245056,0.3266075849533081,28,elbow,2,1.127907156944275,-0.27525097131729126,-0.0006456602478550622,1,follower_left,elbow_negative,0.4666666666666667,rad
1.1257136228966942,negative,-0.3160671591758728,-0.019020097330212593,0.3271683156490326,29,elbow,2,1.1263781785964966,-0.2741948068141937,-0.0006645556998023938,1,follower_left,elbow_negative,0.48333333333333334,rad
1.124208547450878,negative,-0.3160068094730377,-0.01902003586292267,0.3277122378349304,30,elbow,2,1.1248903274536133,-0.2725641131401062,-0.0006817800027352217,1,follower_left,elbow_negative,0.5,rad
1.1227528547211112,negative,-0.3159496784210205,-0.01902000419795513,0.3282363712787628,31,elbow,2,1.1234594583511353,-0.2713131904602051,-0.0007066036300240608,1,follower_left,elbow_negative,0.5166666666666667,rad
1.1213531290695338,negative,-0.3158954977989197,-0.019020022824406624,0.32874155044555664,32,elbow,2,1.1220813989639282,-0.2694668173789978,-0.000728269894394451,1,follower_left,elbow_negative,0.5333333333333333,rad
1.1200159548582853,negative,-0.31584489345550537,-0.01902003586292267,0.32922282814979553,33,elbow,2,1.1207720041275024,-0.2671273350715637,-0.0007560492692171294,1,follower_left,elbow_negative,0.55,rad
1.1187479164495062,negative,-0.31579580903053284,-0.019020039588212967,0.3296814560890198,34,elbow,2,1.1195133924484253,-0.2636101245880127,-0.000765475998919074,1,follower_left,elbow_negative,0.5666666666666667,rad
1.1175555982053362,negative,-0.31575149297714233,-0.019019970670342445,0.3301082253456116,35,elbow,2,1.118348240852356,-0.2598912715911865,-0.0007926426470197256,1,follower_left,elbow_negative,0.5833333333333334,rad
1.116445584487915,negative,-0.31571173667907715,-0.019019944593310356,0.33050060272216797,36,elbow,2,1.1172828674316406,-0.25726601481437683,-0.0008372829437255369,1,follower_left,elbow_negative,0.6,rad
1.1154244596593827,negative,-0.31567519903182983,-0.019019972532987595,0.3308630585670471,37,elbow,2,1.1162962913513184,-0.2542594373226166,-0.0008718316919356095,1,follower_left,elbow_negative,0.6166666666666667,rad
1.1144988080818794,negative,-0.31564146280288696,-0.019019950181245804,0.33119648694992065,38,elbow,2,1.11538565158844,-0.2502876818180084,-0.0008868435065605418,1,follower_left,elbow_negative,0.6333333333333333,rad
1.1136752141175446,negative,-0.31561416387557983,-0.019019918516278267,0.33148759603500366,39,elbow,2,1.114601969718933,-0.24560658633708954,-0.0009267556013885514,1,follower_left,elbow_negative,0.65,rad
1.1129602621285186,negative,-0.31558990478515625,-0.019019898027181625,0.3317314386367798,40,elbow,2,1.1139405965805054,-0.2411479651927948,-0.000980334451986753,1,follower_left,elbow_negative,0.6666666666666666,rad
1.112360536476941,negative,-0.3155689239501953,-0.019019916653633118,0.3319379687309265,41,elbow,2,1.1133651733398438,-0.2364453375339508,-0.0010046368629026414,1,follower_left,elbow_negative,0.6833333333333333,rad
1.111882621524952,negative,-0.31555432081222534,-0.019019918516278267,0.3320975601673126,42,elbow,2,1.1129403114318848,-0.23209239542484283,-0.0010576899069327794,1,follower_left,elbow_negative,0.7,rad
1.1115331016346914,negative,-0.31554436683654785,-0.01901993900537491,0.33220919966697693,43,elbow,2,1.1126418113708496,-0.22709666192531586,-0.0011087097361581755,1,follower_left,elbow_negative,0.7166666666666667,rad
1.1113185611682992,negative,-0.3155365586280823,-0.019019799306988716,0.3322758376598358,44,elbow,2,1.1124454736709595,-0.22097960114479065,-0.0011269125026602822,1,follower_left,elbow_negative,0.7333333333333333,rad
1.111245584487915,negative,-0.3155388832092285,-0.01901986263692379,0.332275927066803,45,elbow,2,1.1124637126922607,-0.21531617641448975,-0.0012181282043457475,1,follower_left,elbow_negative,0.75,rad
1.1613185611682992,positive,-0.3178151249885559,-0.019020328298211098,0.31337133049964905,1,elbow,2,1.1635773181915283,-0.21421632170677185,-0.0022587570232290854,1,follower_left,elbow_positive,0.016666666666666666,rad
1.1615331016346915,positive,-0.3177907466888428,-0.01902458816766739,0.31354019045829773,2,elbow,2,1.1631882190704346,-0.28841352462768555,-0.001655117435743092,1,follower_left,elbow_positive,0.03333333333333333,rad
1.161882621524952,positive,-0.31780102849006653,-0.019021984189748764,0.3139593005180359,3,elbow,2,1.1625696420669556,-0.21240097284317017,-0.0006870205420035358,1,follower_left,elbow_positive,0.05,rad
1.1623605364769412,positive,-0.3178614377975464,-0.01902037300169468,0.3135950267314911,4,elbow,2,1.1638381481170654,-0.1424851268529892,-0.0014776116401242767,1,follower_left,elbow_positive,0.06666666666666667,rad
1.1629602621285187,positive,-0.3178817331790924,-0.01902048848569393,0.3132135272026062,5,elbow,2,1.1645184755325317,-0.1858837604522705,-0.0015582134040130757,1,follower_left,elbow_positive,0.08333333333333333,rad
1.1636752141175446,positive,-0.3179311156272888,-0.019021032378077507,0.31300413608551025,6,elbow,2,1.1652469635009766,-0.196212500333786,-0.001571749383431964,1,follower_left,elbow_positive,0.1,rad
1.1644988080818794,positive,-0.31797316670417786,-0.019020603969693184,0.31281304359436035,7,elbow,2,1.1659393310546875,-0.1946655511856079,-0.001440522972808056,1,follower_left,elbow_positive,0.11666666666666667,rad
1.1654244596593828,positive,-0.3180350065231323,-0.019019953906536102,0.31244024634361267,8,elbow,2,1.1669442653656006,-0.1568755954504013,-0.0015198057062177917,1,follower_left,elbow_positive,0.13333333333333333,rad
1.1664455844879151,positive,-0.31808775663375854,-0.01901991479098797,0.31196892261505127,9,elbow,2,1.1680775880813599,-0.16687940061092377,-0.0016320035934447308,1,follower_left,elbow_positive,0.15,rad
1.1675555982053363,positive,-0.31815358996391296,-0.01902029663324356,0.31154483556747437,10,elbow,2,1.1692415475845337,-0.1696396917104721,-0.0016859493791974156,1,follower_left,elbow_positive,0.16666666666666666,rad
1.1687479164495063,positive,-0.31821995973587036,-0.019020283594727516,0.3111526072025299,11,elbow,2,1.1704010963439941,-0.1744907945394516,-0.0016531798944878773,1,follower_left,elbow_positive,0.18333333333333332,rad
1.1700159548582854,positive,-0.31829753518104553,-0.019020073115825653,0.31069618463516235,12,elbow,2,1.1716796159744263,-0.1569778174161911,-0.0016636611161409132,1,follower_left,elbow_positive,0.2,rad
1.1713531290695336,positive,-0.31837350130081177,-0.01901988685131073,0.3101671040058136,13,elbow,2,1.1730657815933228,-0.15846511721611023,-0.0017126525237891599,1,follower_left,elbow_positive,0.21666666666666667,rad
1.1727528547211112,positive,-0.3184563219547272,-0.019020039588212967,0.30963221192359924,14,elbow,2,1.174504041671753,-0.15562734007835388,-0.0017511869506416922,1,follower_left,elbow_positive,0.23333333333333334,rad
1.174208547450878,positive,-0.31854087114334106,-0.019020112231373787,0.3091120719909668,15,elbow,2,1.175961971282959,-0.1591230183839798,-0.0017534238320808804,1,follower_left,elbow_positive,0.25,rad
1.1757136228966942,positive,-0.3186322748661041,-0.019020065665245056,0.30857276916503906,16,elbow,2,1.177469253540039,-0.1522485911846161,-0.0017556306433448299,1,follower_left,elbow_positive,0.26666666666666666,rad
1.1772614966964199,positive,-0.31872570514678955,-0.019019994884729385,0.3079943060874939,17,elbow,2,1.1790467500686646,-0.15304838120937347,-0.0017852533722446662,1,follower_left,elbow_positive,0.2833333333333333,rad
1.178845584487915,positive,-0.3188228905200958,-0.019020047038793564,0.3073999285697937,18,elbow,2,1.1806676387786865,-0.15195974707603455,-0.0018220542907714243,1,follower_left,elbow_positive,0.3,rad
1.18045930190904,positive,-0.3189208507537842,-0.01902017742395401,0.3068137764930725,19,elbow,2,1.1822887659072876,-0.1531481146812439,-0.0018294639982476824,1,follower_left,elbow_positive,0.31666666666666665,rad
1.1820960645976544,positive,-0.3190223276615143,-0.019020134583115578,0.3062283396720886,20,elbow,2,1.1839206218719482,-0.15066905319690704,-0.0018245572742938698,1,follower_left,elbow_positive,0.3333333333333333,rad
1.1837492881916187,positive,-0.31912481784820557,-0.019020086154341698,0.30562737584114075,21,elbow,2,1.1855759620666504,-0.15061859786510468,-0.0018266738750316591,1,follower_left,elbow_positive,0.35,rad
1.185412388328793,positive,-0.31922951340675354,-0.01902012899518013,0.30501651763916016,22,elbow,2,1.1872503757476807,-0.14975517988204956,-0.0018379874188876322,1,follower_left,elbow_positive,0.36666666666666664,rad
1.187078780647037,positive,-0.31933510303497314,-0.01902015693485737,0.30441126227378845,23,elbow,2,1.1889231204986572,-0.1503503918647766,-0.001844339851620136,1,follower_left,elbow_positive,0.38333333333333336,rad
1.1887418807842114,positive,-0.31944137811660767,-0.019020192325115204,0.3038156032562256,24,elbow,2,1.19058096408844,-0.14961053431034088,-0.0018390833042285504,1,follower_left,elbow_positive,0.4,rad
1.1903951043781758,positive,-0.3195480704307556,-0.019020145758986473,0.3032222092151642,25,elbow,2,1.1922298669815063,-0.1495547741651535,-0.0018347626033305975,1,follower_left,elbow_positive,0.4166666666666667,rad
1.1920318670667902,positive,-0.3196547329425812,-0.019020160660147667,0.30263012647628784,26,elbow,2,1.1938681602478027,-0.14943404495716095,-0.0018362931810125271,1,follower_left,elbow_positive,0.43333333333333335,rad
1.193645584487915,positive,-0.3197599947452545,-0.019020212814211845,0.30204975605010986,27,elbow,2,1.1954737901687622,-0.15018494427204132,-0.0018282056808471836,1,follower_left,elbow_positive,0.45,rad
1.1952296722794102,positive,-0.3198639750480652,-0.019020237028598785,0.30148616433143616,28,elbow,2,1.1970411539077759,-0.15116512775421143,-0.001811481628365641,1,follower_left,elbow_positive,0.4666666666666667,rad
1.196777546079136,positive,-0.3199664354324341,-0.019020235165953636,0.3009357452392578,29,elbow,2,1.1985729932785034,-0.15225200355052948,-0.001795447199367528,1,follower_left,elbow_positive,0.48333333333333334,rad
1.198282621524952,positive,-0.320066899061203,-0.01902025192975998,0.30039888620376587,30,elbow,2,1.2000625133514404,-0.15362179279327393,-0.0017798918264884112,1,follower_left,elbow_positive,0.5,rad
1.1997383142547189,positive,-0.32016444206237793,-0.019020315259695053,0.2998815178871155,31,elbow,2,1.2014994621276855,-0.15599049627780914,-0.0017611478729666619,1,follower_left,elbow_positive,0.5166666666666667,rad
1.2011380399062963,positive,-0.32025980949401855,-0.019020291045308113,0.2993851900100708,32,elbow,2,1.2028900384902954,-0.1580481380224228,-0.0017519985839991037,1,follower_left,elbow_positive,0.5333333333333333,rad
1.2024752141175448,positive,-0.32035163044929504,-0.0190203208476305,0.2989124357700348,33,elbow,2,1.2042183876037598,-0.16067363321781158,-0.0017431734862149995,1,follower_left,elbow_positive,0.55,rad
1.2037432525263239,positive,-0.32043713331222534,-0.019020359963178635,0.2984701097011566,34,elbow,2,1.2054517269134521,-0.1638782024383545,-0.0017084743871282893,1,follower_left,elbow_positive,0.5666666666666667,rad
1.2049355707704938,positive,-0.32051801681518555,-0.01902039721608162,0.29805564880371094,35,elbow,2,1.2066103219985962,-0.16643796861171722,-0.0016747512281023447,1,follower_left,elbow_positive,0.5833333333333334,rad
1.206045584487915,positive,-0.32059401273727417,-0.01902037113904953,0.29766783118247986,36,elbow,2,1.2076948881149292,-0.16929319500923157,-0.0016493036270142092,1,follower_left,elbow_positive,0.6,rad
1.2070667093164473,positive,-0.320665568113327,-0.019020315259695053,0.2973102331161499,37,elbow,2,1.208705186843872,-0.17288243770599365,-0.001638477527424742,1,follower_left,elbow_positive,0.6166666666666667,rad
1.2079923608939507,positive,-0.32072725892066956,-0.01902046427130699,0.2969975769519806,38,elbow,2,1.2095766067504883,-0.17787836492061615,-0.0015842458565376027,1,follower_left,elbow_positive,0.6333333333333333,rad
1.2088159548582855,positive,-0.32078316807746887,-0.01902039721608162,0.2967208921909332,39,elbow,2,1.2103586196899414,-0.18082955479621887,-0.0015426648316558822,1,follower_left,elbow_positive,0.65,rad
1.2095309068473115,positive,-0.32083365321159363,-0.01902034506201744,0.29647454619407654,40,elbow,2,1.2110611200332642,-0.18462201952934265,-0.0015302131859527002,1,follower_left,elbow_positive,0.6666666666666666,rad
1.210130632498889,positive,-0.32087159156799316,-0.019020384177565575,0.2962789237499237,41,elbow,2,1.2115980386734009,-0.1902087777853012,-0.0014674061745119094,1,follower_left,elbow_positive,0.6833333333333333,rad
1.210608547450878,positive,-0.3209037780761719,-0.019020356237888336,0.29612648487091064,42,elbow,2,1.2120394706726074,-0.19459761679172516,-0.00143092322172933,1,follower_left,elbow_positive,0.7,rad
1.2109580673411386,positive,-0.32092660665512085,-0.019020363688468933,0.2960178256034851,43,elbow,2,1.2123539447784424,-0.19965176284313202,-0.0013958774373037386,1,follower_left,elbow_positive,0.7166666666666667,rad
1.2111726078075309,positive,-0.3209367096424103,-0.019020413979887962,0.29596224427223206,44,elbow,2,1.2125003337860107,-0.204844132065773,-0.0013277259784798545,1,follower_left,elbow_positive,0.7333333333333333,rad
1.211245584487915,positive,-0.32094132900238037,-0.019020384177565575,0.2959497570991516,45,elbow,2,1.212556004524231,-0.21046759188175201,-0.0013104200363158736,1,follower_left,elbow_positive,0.75,rad
0.0010408994379406092,negative,-0.3176986575126648,-0.01902742125093937,0.3138660192489624,1,forearm_roll,3,0.0015114318812265992,0.01601739227771759,-0.00047053244328599,1,follower_left,forearm_roll_negative,0.016666666666666666,rad
0.000826358971548291,negative,-0.3177040219306946,-0.019032619893550873,0.31431400775909424,2,forearm_roll,3,0.0017444535624235868,-0.00403705146163702,-0.0009180945908752959,1,follower_left,forearm_roll_negative,0.03333333333333333,rad
0.00047683908128765993,negative,-0.31770059466362,-0.01903013326227665,0.3146849274635315,3,forearm_roll,3,0.001607191632501781,-0.011602954007685184,-0.001130352551214121,1,follower_left,forearm_roll_negative,0.05,rad
-1.0758707013663795e-06,negative,-0.31772807240486145,-0.019027207046747208,0.31444835662841797,4,forearm_roll,3,0.0014541945420205593,-0.009946014732122421,-0.0014552704127219257,1,follower_left,forearm_roll_negative,0.06666666666666667,rad
-0.0006008015222788692,negative,-0.3177049458026886,-0.019022831693291664,0.3143741190433502,5,forearm_roll,3,0.0012441447470337152,-0.013542486354708672,-0.0018449462693125845,1,follower_left,forearm_roll_negative,0.08333333333333333,rad
-0.001315753511304933,negative,-0.31772300601005554,-0.01901562511920929,0.3144863545894623,6,forearm_roll,3,0.0008843915420584381,-0.01983838900923729,-0.002200145053363371,1,follower_left,forearm_roll_negative,0.1,rad
-0.002139347475639638,negative,-0.3177156150341034,-0.019005103036761284,0.3145837187767029,7,forearm_roll,3,0.00036438240204006433,-0.02420949935913086,-0.0025037298776797025,1,follower_left,forearm_roll_negative,0.11666666666666667,rad
-0.0030649990531430677,negative,-0.3177224099636078,-0.01899251528084278,0.3145226836204529,8,forearm_roll,3,-0.0002568554482422769,-0.02655835822224617,-0.002808143604900791,1,follower_left,forearm_roll_negative,0.13333333333333333,rad
-0.0040861238816753045,negative,-0.3177153170108795,-0.018978288397192955,0.3144390285015106,9,forearm_roll,3,-0.0009558953461237252,-0.028815798461437225,-0.0031302285355515793,1,follower_left,forearm_roll_negative,0.15,rad
-0.005196137599096428,negative,-0.3177187442779541,-0.0189620740711689,0.31446900963783264,10,forearm_roll,3,-0.0017565588932484388,-0.033063605427742004,-0.003439578705847989,1,follower_left,forearm_roll_negative,0.16666666666666666,rad
-0.006388455843266524,negative,-0.3177178204059601,-0.01894323341548443,0.31453120708465576,11,forearm_roll,3,-0.002680832287296653,-0.03650113195180893,-0.003707623555969871,1,follower_left,forearm_roll_negative,0.18333333333333332,rad
-0.007656494252045674,negative,-0.3177199065685272,-0.018922487273812294,0.3145277500152588,12,forearm_roll,3,-0.0037002768367528915,-0.03904156759381294,-0.0039562174152927825,1,follower_left,forearm_roll_negative,0.2,rad
-0.008993668463293959,negative,-0.317717969417572,-0.018900444731116295,0.31447702646255493,13,forearm_roll,3,-0.004790549166500568,-0.04085990786552429,-0.00420311929679339,1,follower_left,forearm_roll_negative,0.21666666666666667,rad
-0.010393394114871463,negative,-0.3177182376384735,-0.018876833841204643,0.31447285413742065,14,forearm_roll,3,-0.005952246021479368,-0.04362925514578819,-0.004441148093392095,1,follower_left,forearm_roll_negative,0.23333333333333334,rad
-0.011849086844638266,negative,-0.3177185654640198,-0.01885145530104637,0.3145040273666382,15,forearm_roll,3,-0.007198397070169449,-0.04624916985630989,-0.004650689774468817,1,follower_left,forearm_roll_negative,0.25,rad
-0.013354162290454453,negative,-0.31771913170814514,-0.01882455311715603,0.3145174980163574,16,forearm_roll,3,-0.00851832889020443,-0.04836504906415939,-0.0048358334002500235,1,follower_left,forearm_roll_negative,0.26666666666666666,rad
-0.014902036090180103,negative,-0.3177191913127899,-0.01879669539630413,0.31449317932128906,17,forearm_roll,3,-0.009893503040075302,-0.049757517874240875,-0.005008533050104801,1,follower_left,forearm_roll_negative,0.2833333333333333,rad
-0.016486123881675308,negative,-0.31771838665008545,-0.018767908215522766,0.3144809603691101,18,forearm_roll,3,-0.011315394192934036,-0.05144282430410385,-0.005170729688741271,1,follower_left,forearm_roll_negative,0.3,rad
-0.01809984130280013,negative,-0.31771913170814514,-0.01873786747455597,0.3144921660423279,19,forearm_roll,3,-0.0127881383523345,-0.053133659064769745,-0.005311702950465631,1,follower_left,forearm_roll_negative,0.31666666666666665,rad
-0.019736603991414674,negative,-0.31771913170814514,-0.01870694011449814,0.31450551748275757,20,forearm_roll,3,-0.014307364821434021,-0.05456271767616272,-0.0054292391699806535,1,follower_left,forearm_roll_negative,0.3333333333333333,rad
-0.02138982758537901,negative,-0.3177196979522705,-0.01867533288896084,0.3144970238208771,21,forearm_roll,3,-0.01586064323782921,-0.05542752519249916,-0.005529184347549801,1,follower_left,forearm_roll_negative,0.35,rad
-0.023052927722553216,negative,-0.3177192509174347,-0.01864347979426384,0.31448596715927124,22,forearm_roll,3,-0.017437312752008438,-0.056237269192934036,-0.005615614970544778,1,follower_left,forearm_roll_negative,0.36666666666666664,rad
-0.024719320040797382,negative,-0.3177195191383362,-0.01861095242202282,0.3144873380661011,23,forearm_roll,3,-0.019035309553146362,-0.05702361464500427,-0.00568401048765102,1,follower_left,forearm_roll_negative,0.38333333333333336,rad
-0.0263824201779716,negative,-0.3177197575569153,-0.018578026443719864,0.3144955039024353,24,forearm_roll,3,-0.02065143547952175,-0.05765300989151001,-0.005730984698449848,1,follower_left,forearm_roll_negative,0.4,rad
-0.028035643771935938,negative,-0.3177202343940735,-0.018544865772128105,0.314494252204895,25,forearm_roll,3,-0.02227708138525486,-0.05788717418909073,-0.005758562386681078,1,follower_left,forearm_roll_negative,0.4166666666666667,rad
-0.02967240646055047,negative,-0.3177201747894287,-0.018511952832341194,0.3144870400428772,26,forearm_roll,3,-0.023902378976345062,-0.057909395545721054,-0.005770027484205409,1,follower_left,forearm_roll_negative,0.43333333333333335,rad
-0.03128612388167531,negative,-0.3177204430103302,-0.018479058519005775,0.3144846260547638,27,forearm_roll,3,-0.025521857663989067,-0.057839829474687576,-0.005764266217686241,1,follower_left,forearm_roll_negative,0.45,rad
-0.0328702116731705,negative,-0.31772056221961975,-0.018446311354637146,0.31448811292648315,28,forearm_roll,3,-0.02713146060705185,-0.057635676115751266,-0.0057387510661186525,1,follower_left,forearm_roll_negative,0.4666666666666667,rad
-0.03441808547289616,negative,-0.3177209198474884,-0.018413865938782692,0.31448888778686523,29,forearm_roll,3,-0.02872450277209282,-0.05714990943670273,-0.0056935827008033416,1,follower_left,forearm_roll_negative,0.48333333333333334,rad
-0.03592316091871234,negative,-0.3177211284637451,-0.018382057547569275,0.31448492407798767,30,forearm_roll,3,-0.03029242344200611,-0.05641385540366173,-0.005630737476706227,1,follower_left,forearm_roll_negative,0.5,rad
-0.03737885364847915,negative,-0.31772133708000183,-0.01835087314248085,0.3144816756248474,31,forearm_roll,3,-0.0318283773958683,-0.05551980435848236,-0.0055504762526108475,1,follower_left,forearm_roll_negative,0.5166666666666667,rad
-0.038778579300056654,negative,-0.31772148609161377,-0.01832043193280697,0.3144821524620056,32,forearm_roll,3,-0.03332698345184326,-0.05447906628251076,-0.005451595848213392,1,follower_left,forearm_roll_negative,0.5333333333333333,rad
-0.04011575351130493,negative,-0.31772181391716003,-0.01829073391854763,0.31448280811309814,33,forearm_roll,3,-0.0347822941839695,-0.05321706458926201,-0.005333459327335435,1,follower_left,forearm_roll_negative,0.55,rad
-0.04138379192008408,negative,-0.31772202253341675,-0.01826229691505432,0.31448087096214294,34,forearm_roll,3,-0.03618684783577919,-0.0517122820019722,-0.005196944084304891,1,follower_left,forearm_roll_negative,0.5666666666666667,rad
-0.04257611016425418,negative,-0.3177223205566406,-0.01823490858078003,0.3144783079624176,35,forearm_roll,3,-0.03753357753157616,-0.0500127449631691,-0.005042532632678023,1,follower_left,forearm_roll_negative,0.5833333333333334,rad
-0.04368612388167531,negative,-0.31772246956825256,-0.018208837136626244,0.3144773542881012,36,forearm_roll,3,-0.03881649300456047,-0.04814693331718445,-0.004869630877114839,1,follower_left,forearm_roll_negative,0.6,rad
-0.04470724871020754,negative,-0.31772273778915405,-0.01818418875336647,0.31447744369506836,37,forearm_roll,3,-0.04002963751554489,-0.04608457535505295,-0.004677611194662645,1,follower_left,forearm_roll_negative,0.6166666666666667,rad
-0.04563290028771097,negative,-0.31772294640541077,-0.018161101266741753,0.31447625160217285,38,forearm_roll,3,-0.04116621986031532,-0.04379769042134285,-0.004466680427395647,1,follower_left,forearm_roll_negative,0.6333333333333333,rad
-0.04645649425204568,negative,-0.3177231550216675,-0.018139654770493507,0.31447461247444153,39,forearm_roll,3,-0.04221915826201439,-0.04130341485142708,-0.004237335990031288,1,follower_left,forearm_roll_negative,0.65,rad
-0.04717144624107174,negative,-0.31772321462631226,-0.01812012866139412,0.3144734799861908,40,forearm_roll,3,-0.04318207502365112,-0.03862288221716881,-0.003989371217420615,1,follower_left,forearm_roll_negative,0.6666666666666666,rad
-0.04777117189264924,negative,-0.3177233338356018,-0.018102452158927917,0.31447312235832214,41,forearm_roll,3,-0.04404880106449127,-0.03558142110705376,-0.0037223708281579684,1,follower_left,forearm_roll_negative,0.6833333333333333,rad
-0.04824908684463827,negative,-0.31772372126579285,-0.018086928874254227,0.3144724667072296,42,forearm_roll,3,-0.04481273517012596,-0.0323077067732811,-0.0034363516745123113,1,follower_left,forearm_roll_negative,0.7,rad
-0.0485986067348989,negative,-0.3177236318588257,-0.018073659390211105,0.3144715428352356,43,forearm_roll,3,-0.04546702280640602,-0.028837358579039574,-0.00313158392849288,1,follower_left,forearm_roll_negative,0.7166666666666667,rad
-0.04881314720129122,negative,-0.31772381067276,-0.018062667921185493,0.3144707977771759,44,forearm_roll,3,-0.04600514844059944,-0.02519628405570984,-0.0028079987606917794,1,follower_left,forearm_roll_negative,0.7333333333333333,rad
-0.048886123881675306,negative,-0.3177238702774048,-0.018054204061627388,0.3144705891609192,45,forearm_roll,3,-0.046420685946941376,-0.021368207409977913,-0.00246543793473393,1,follower_left,forearm_roll_negative,0.75,rad
0.0011868527987087848,positive,-0.3176986873149872,-0.019028179347515106,0.3138659596443176,1,forearm_roll,3,0.0015489927027374506,0.017176568508148193,-0.00036213990402866577,1,follower_left,forearm_roll_positive,0.016666666666666666,rad
0.001401393265101103,positive,-0.31770387291908264,-0.01903618685901165,0.3143139183521271,2,forearm_roll,3,0.0019210504833608866,0.000626963097602129,-0.0005196572182597835,1,follower_left,forearm_roll_positive,0.03333333333333333,rad
0.001750913155361734,positive,-0.3177006244659424,-0.0190394576638937,0.3146851062774658,3,forearm_roll,3,0.002068886300548911,-0.0020127445459365845,-0.000317973145187177,1,follower_left,forearm_roll_positive,0.05,rad
0.0022288281073507606,positive,-0.3177280128002167,-0.019045807421207428,0.3144483268260956,4,forearm_roll,3,0.0023760886397212744,0.004933283664286137,-0.00014726053237051374,1,follower_left,forearm_roll_positive,0.06666666666666667,rad
0.0028285537589282633,positive,-0.31770485639572144,-0.01905457116663456,0.31437408924102783,5,forearm_roll,3,0.0028195034246891737,0.007336340844631195,9.05033423908956e-06,1,follower_left,forearm_roll_positive,0.08333333333333333,rad
0.003543505747954327,positive,-0.31772297620773315,-0.01906484179198742,0.3144862651824951,6,forearm_roll,3,0.0033162280451506376,0.007921773009002209,0.0002272777028036895,1,follower_left,forearm_roll_positive,0.1,rad
0.004367099712289033,positive,-0.3177156448364258,-0.019076071679592133,0.314583957195282,7,forearm_roll,3,0.0038595767691731453,0.01005389541387558,0.0005075229431158873,1,follower_left,forearm_roll_positive,0.11666666666666667,rad
0.005292751289792462,positive,-0.3177223205566406,-0.019089138135313988,0.3145231008529663,8,forearm_roll,3,0.004507390316575766,0.013852173462510109,0.0007853609732166962,1,follower_left,forearm_roll_positive,0.13333333333333333,rad
0.0063138761183246985,positive,-0.3177151381969452,-0.019104579463601112,0.3144392669200897,9,forearm_roll,3,0.0052789305336773396,0.01768708974123001,0.001034945584647359,1,follower_left,forearm_roll_positive,0.15,rad
0.007423889835745822,positive,-0.3177185356616974,-0.019122177734971046,0.314469575881958,10,forearm_roll,3,0.006144148763269186,0.019420526921749115,0.0012797410724766358,1,follower_left,forearm_roll_positive,0.16666666666666666,rad
0.008616208079915918,positive,-0.31771767139434814,-0.019141294062137604,0.31453174352645874,11,forearm_roll,3,0.007073576562106609,0.021655093878507614,0.0015426315178093085,1,follower_left,forearm_roll_positive,0.18333333333333332,rad
0.009884246488695068,positive,-0.31771963834762573,-0.019161881878972054,0.3145286440849304,12,forearm_roll,3,0.008085551671683788,0.024429094046354294,0.0017986948170112798,1,follower_left,forearm_roll_positive,0.2,rad
0.011221420699943353,positive,-0.3177178204059601,-0.019184108823537827,0.3144780993461609,13,forearm_roll,3,0.00919328536838293,0.027638515457510948,0.002028135331560422,1,follower_left,forearm_roll_positive,0.21666666666666667,rad
0.012621146351520857,positive,-0.31771790981292725,-0.019208304584026337,0.3144742548465729,14,forearm_roll,3,0.010384976863861084,0.029660692438483238,0.0022361694876597733,1,follower_left,forearm_roll_positive,0.23333333333333334,rad
0.01407683908128766,positive,-0.3177180588245392,-0.019233979284763336,0.31450599431991577,15,forearm_roll,3,0.01163709256798029,0.031478628516197205,0.00243974651330737,1,follower_left,forearm_roll_positive,0.25,rad
0.015581914527103847,positive,-0.3177187442779541,-0.019260652363300323,0.31451937556266785,16,forearm_roll,3,0.012947928160429,0.0333704799413681,0.0026339863666748464,1,follower_left,forearm_roll_positive,0.26666666666666666,rad
0.017129788326829497,positive,-0.31771859526634216,-0.019288498908281326,0.31449538469314575,17,forearm_roll,3,0.014323036186397076,0.03558606654405594,0.002806752140432422,1,follower_left,forearm_roll_positive,0.2833333333333333,rad
0.0187138761183247,positive,-0.31771790981292725,-0.01931748352944851,0.3144834339618683,18,forearm_roll,3,0.01575792022049427,0.03720936179161072,0.0029559558978304312,1,follower_left,forearm_roll_positive,0.3,rad
0.020327593539449525,positive,-0.31771841645240784,-0.01934765838086605,0.31449535489082336,19,forearm_roll,3,0.017236748710274696,0.03848036006093025,0.0030908448291748283,1,follower_left,forearm_roll_positive,0.31666666666666665,rad
0.02196435622806407,positive,-0.3177185356616974,-0.019378559663891792,0.31450897455215454,20,forearm_roll,3,0.018751272931694984,0.03959452733397484,0.003213083296369084,1,follower_left,forearm_roll_positive,0.3333333333333333,rad
0.023617579822028403,positive,-0.3177190124988556,-0.019409947097301483,0.3145003020763397,21,forearm_roll,3,0.020300600677728653,0.040837496519088745,0.0033169791442997504,1,follower_left,forearm_roll_positive,0.35,rad
0.02528067995920261,positive,-0.3177184760570526,-0.019442010670900345,0.3144899010658264,22,forearm_roll,3,0.021881820634007454,0.041777100414037704,0.003398859325195156,1,follower_left,forearm_roll_positive,0.36666666666666664,rad
0.026947072277446776,positive,-0.3177188038825989,-0.019474627450108528,0.3144920766353607,23,forearm_roll,3,0.023484457284212112,0.0423947349190712,0.003462614993234664,1,follower_left,forearm_roll_positive,0.38333333333333336,rad
0.028610172414620993,positive,-0.3177189528942108,-0.019507553428411484,0.3145006597042084,24,forearm_roll,3,0.025099163874983788,0.04277462139725685,0.003511008539637206,1,follower_left,forearm_roll_positive,0.4,rad
0.030263396008585332,positive,-0.31771934032440186,-0.019540540874004364,0.3144991993904114,25,forearm_roll,3,0.02672143094241619,0.043118372559547424,0.0035419650661691407,1,follower_left,forearm_roll_positive,0.4166666666666667,rad
0.031900158697199865,positive,-0.31771916151046753,-0.019573507830500603,0.3144923448562622,26,forearm_roll,3,0.028347456827759743,0.04327661171555519,0.0035527018694401225,1,follower_left,forearm_roll_positive,0.43333333333333335,rad
0.0335138761183247,positive,-0.31771934032440186,-0.019606389105319977,0.31449076533317566,27,forearm_roll,3,0.029969627037644386,0.04316652938723564,0.003544249080680316,1,follower_left,forearm_roll_positive,0.45,rad
0.035097963909819896,positive,-0.3177195191383362,-0.019639229401946068,0.31449466943740845,28,forearm_roll,3,0.03157920762896538,0.0428103469312191,0.003518756280854518,1,follower_left,forearm_roll_positive,0.4666666666666667,rad
0.036645837709545555,positive,-0.31771981716156006,-0.019671568647027016,0.31449538469314575,29,forearm_roll,3,0.03316974639892578,0.042317647486925125,0.0034760913106197736,1,follower_left,forearm_roll_positive,0.48333333333333334,rad
0.03815091315536173,positive,-0.31771987676620483,-0.019703367725014687,0.3144918382167816,30,forearm_roll,3,0.03473638743162155,0.04166339337825775,0.0034145257237401805,1,follower_left,forearm_roll_positive,0.5,rad
0.03960660588512854,positive,-0.317719966173172,-0.01973457634449005,0.31448930501937866,31,forearm_roll,3,0.036272719502449036,0.0407833568751812,0.0033338863826795073,1,follower_left,forearm_roll_positive,0.5166666666666667,rad
0.04100633153670605,positive,-0.3177201747894287,-0.01976502500474453,0.31449031829833984,32,forearm_roll,3,0.037771206349134445,0.03967190161347389,0.0032351251875716025,1,follower_left,forearm_roll_positive,0.5333333333333333,rad
0.04234350574795433,positive,-0.31772053241729736,-0.019794635474681854,0.3144911825656891,33,forearm_roll,3,0.03922504559159279,0.038380466401576996,0.0031184601563615383,1,follower_left,forearm_roll_positive,0.55,rad
0.043611544156733476,positive,-0.3177207112312317,-0.019823091104626656,0.3144891560077667,34,forearm_roll,3,0.040628425776958466,0.03691684827208519,0.00298311837977501,1,follower_left,forearm_roll_positive,0.5666666666666667,rad
0.044803862400903574,positive,-0.3177209198474884,-0.019850417971611023,0.31448715925216675,35,forearm_roll,3,0.041975170373916626,0.03525148704648018,0.002828692026986948,1,follower_left,forearm_roll_positive,0.5833333333333334,rad
0.045913876118324704,positive,-0.3177209794521332,-0.019876493141055107,0.3144868314266205,36,forearm_roll,3,0.043258268386125565,0.033367447555065155,0.002655607732199139,1,follower_left,forearm_roll_positive,0.6,rad
0.04693500094685693,positive,-0.31772130727767944,-0.019901150837540627,0.31448718905448914,37,forearm_roll,3,0.0444708988070488,0.03128740191459656,0.002464102139808133,1,follower_left,forearm_roll_positive,0.6166666666666667,rad
0.047860652524360364,positive,-0.3177214562892914,-0.019924230873584747,0.31448620557785034,38,forearm_roll,3,0.04560675844550133,0.029024381190538406,0.0022538940788590367,1,follower_left,forearm_roll_positive,0.6333333333333333,rad
0.04868424648869507,positive,-0.31772154569625854,-0.019945640116930008,0.3144845962524414,39,forearm_roll,3,0.04665962606668472,0.026564698666334152,0.002024620422010348,1,follower_left,forearm_roll_positive,0.65,rad
0.04939919847772113,positive,-0.31772175431251526,-0.019965197890996933,0.3144838511943817,40,forearm_roll,3,0.04762273281812668,0.023897025734186172,0.0017764656595944534,1,follower_left,forearm_roll_positive,0.6666666666666666,rad
0.049998924129298634,positive,-0.317721962928772,-0.019982848316431046,0.31448397040367126,41,forearm_roll,3,0.04848935455083847,0.021026240661740303,0.001509569578460164,1,follower_left,forearm_roll_positive,0.6833333333333333,rad
0.05047683908128767,positive,-0.31772202253341675,-0.019998347386717796,0.3144837021827698,42,forearm_roll,3,0.049252949655056,0.017965996637940407,0.0012238894262316669,1,follower_left,forearm_roll_positive,0.7,rad
0.050826358971548295,positive,-0.31772202253341675,-0.02001171186566353,0.31448259949684143,43,forearm_roll,3,0.04990715533494949,0.014653842896223068,0.0009192036365988018,1,follower_left,forearm_roll_positive,0.7166666666666667,rad
0.051040899437940615,positive,-0.31772223114967346,-0.020022621378302574,0.3144818842411041,44,forearm_roll,3,0.05044546723365784,0.01091250590980053,0.0005954322042827781,1,follower_left,forearm_roll_positive,0.7333333333333333,rad
0.0511138761183247,positive,-0.317722350358963,-0.020031094551086426,0.31448179483413696,45,forearm_roll,3,0.050861258059740067,0.0069473618641495705,0.00025261805858463326,1,follower_left,forearm_roll_positive,0.75,rad
-0.29594605240403216,negative,-0.3176639676094055,-0.019020628184080124,0.31362760066986084,1,wrist_angle,4,-0.28646570444107056,-0.08529960364103317,-0.0094803479629616,1,follower_left,wrist_angle_negative,0.016666666666666666,rad
-0.29616059287042446,negative,-0.3176875412464142,-0.01902451179921627,0.31378161907196045,2,wrist_angle,4,-0.28837117552757263,-0.12037093937397003,-0.007789417342851823,1,follower_left,wrist_angle_negative,0.03333333333333333,rad
-0.2965101127606851,negative,-0.3176656663417816,-0.019022513180971146,0.3144061267375946,3,wrist_angle,4,-0.2908937931060791,-0.19729793071746826,-0.005616319654606017,1,follower_left,wrist_angle_negative,0.05,rad
-0.29698802771267413,negative,-0.31770551204681396,-0.01902063749730587,0.314347505569458,4,wrist_angle,4,-0.2931901514530182,-0.029841773211956024,-0.0037978762596559412,1,follower_left,wrist_angle_negative,0.06666666666666667,rad
-0.29758775336425164,negative,-0.31769850850105286,-0.019020944833755493,0.31420284509658813,5,wrist_angle,4,-0.2926044464111328,-0.05198116600513458,-0.004983306953118827,1,follower_left,wrist_angle_negative,0.08333333333333333,rad
-0.2983027053532777,negative,-0.3177069425582886,-0.01902155391871929,0.3143329620361328,6,wrist_angle,4,-0.29363885521888733,-0.046006932854652405,-0.004663850134390357,1,follower_left,wrist_angle_negative,0.1,rad
-0.2991262993176124,negative,-0.31770744919776917,-0.019020892679691315,0.3145020604133606,7,wrist_angle,4,-0.2951364517211914,-0.03342718258500099,-0.0039898475964210145,1,follower_left,wrist_angle_negative,0.11666666666666667,rad
-0.3000519508951158,negative,-0.3177230656147003,-0.01902053691446781,0.31452685594558716,8,wrist_angle,4,-0.2961687743663788,-0.03147924691438675,-0.0038831765287370423,1,follower_left,wrist_angle_negative,0.13333333333333333,rad
-0.30107307572364805,negative,-0.3177241384983063,-0.019020646810531616,0.3145589828491211,9,wrist_angle,4,-0.2968690097332001,-0.037442896515131,-0.0042040659904479805,1,follower_left,wrist_angle_negative,0.15,rad
-0.3021830894410692,negative,-0.31773513555526733,-0.019020702689886093,0.3146570026874542,10,wrist_angle,4,-0.2980327606201172,-0.0364561602473259,-0.0041503288209520095,1,follower_left,wrist_angle_negative,0.16666666666666666,rad
-0.3033754076852393,negative,-0.3177395761013031,-0.019020549952983856,0.31476059556007385,11,wrist_angle,4,-0.2993472218513489,-0.03417324647307396,-0.004028185833890419,1,follower_left,wrist_angle_negative,0.18333333333333332,rad
-0.30464344609401844,negative,-0.3177511692047119,-0.0190205629914999,0.31483879685401917,12,wrist_angle,4,-0.30056044459342957,-0.03521007299423218,-0.004083001500588879,1,follower_left,wrist_angle_negative,0.2,rad
-0.30598062030526674,negative,-0.3177580237388611,-0.01902049407362938,0.31492042541503906,13,wrist_angle,4,-0.30182668566703796,-0.036527369171381,-0.004153934638228773,1,follower_left,wrist_angle_negative,0.21666666666666667,rad
-0.3073803459568442,negative,-0.31776905059814453,-0.01902052015066147,0.3150221109390259,14,wrist_angle,4,-0.3031797409057617,-0.03740834817290306,-0.0042006050510824955,1,follower_left,wrist_angle_negative,0.23333333333333334,rad
-0.308836038686611,negative,-0.3177771270275116,-0.01902041956782341,0.31512320041656494,15,wrist_angle,4,-0.30460017919540405,-0.038065046072006226,-0.0042358594912069725,1,follower_left,wrist_angle_negative,0.25,rad
-0.3103411141324272,negative,-0.31778931617736816,-0.01902039535343647,0.3152199387550354,16,wrist_angle,4,-0.30604344606399536,-0.039228152483701706,-0.004297668068431848,1,follower_left,wrist_angle_negative,0.26666666666666666,rad
-0.31188898793215286,negative,-0.3177988827228546,-0.01902035064995289,0.31532469391822815,17,wrist_angle,4,-0.3075364828109741,-0.04025110602378845,-0.00435250512117874,1,follower_left,wrist_angle_negative,0.2833333333333333,rad
-0.3134730757236481,negative,-0.3178108036518097,-0.019020339474081993,0.3154352009296417,18,wrist_angle,4,-0.30906927585601807,-0.04121820256114006,-0.004403799867630009,1,follower_left,wrist_angle_negative,0.3,rad
-0.3150867931447729,negative,-0.317822128534317,-0.01902031898498535,0.3155423700809479,19,wrist_angle,4,-0.31064146757125854,-0.041995491832494736,-0.004445325573514347,1,follower_left,wrist_angle_negative,0.31666666666666665,rad
-0.31672355583338746,negative,-0.3178348243236542,-0.019020291045308113,0.3156530261039734,20,wrist_angle,4,-0.31223082542419434,-0.04288963973522186,-0.004492730409193124,1,follower_left,wrist_angle_negative,0.3333333333333333,rad
-0.31837677942735176,negative,-0.3178466856479645,-0.019020210951566696,0.31576794385910034,21,wrist_angle,4,-0.3138508200645447,-0.04351654276251793,-0.004525959362807086,1,follower_left,wrist_angle_negative,0.35,rad
-0.32003987956452595,negative,-0.3178600072860718,-0.01902019791305065,0.3158816993236542,22,wrist_angle,4,-0.3154873847961426,-0.04402173310518265,-0.004552494768383375,1,follower_left,wrist_angle_negative,0.36666666666666664,rad
-0.3217062718827701,negative,-0.3178727328777313,-0.01902015507221222,0.3159955143928528,23,wrist_angle,4,-0.3171355426311493,-0.04437205567955971,-0.004570729251620831,1,follower_left,wrist_angle_negative,0.38333333333333336,rad
-0.32336937201994437,negative,-0.3178861737251282,-0.019020115956664085,0.3161119222640991,24,wrist_angle,4,-0.3187875747680664,-0.04459023103117943,-0.0045817972518779615,1,follower_left,wrist_angle_negative,0.4,rad
-0.32502259561390867,negative,-0.317899614572525,-0.01902006007730961,0.3162272870540619,25,wrist_angle,4,-0.3204421401023865,-0.04457753151655197,-0.004580455511522197,1,follower_left,wrist_angle_negative,0.4166666666666667,rad
-0.32665935830252324,negative,-0.31791335344314575,-0.01902000978589058,0.3163411021232605,26,wrist_angle,4,-0.32208797335624695,-0.04442247003316879,-0.004571384946276291,1,follower_left,wrist_angle_negative,0.43333333333333335,rad
-0.32827307572364806,negative,-0.31792715191841125,-0.019019916653633118,0.3164553642272949,27,wrist_angle,4,-0.32372164726257324,-0.044062864035367966,-0.0045514284610748135,1,follower_left,wrist_angle_negative,0.45,rad
-0.32985716351514327,negative,-0.31794098019599915,-0.019019868224859238,0.3165680170059204,28,wrist_angle,4,-0.3253364861011505,-0.04350483790040016,-0.0045206774139927575,1,follower_left,wrist_angle_negative,0.4666666666666667,rad
-0.3314050373148689,negative,-0.3179545998573303,-0.019019851461052895,0.31667834520339966,29,wrist_angle,4,-0.32692572474479675,-0.04274947941303253,-0.004479312570072169,1,follower_left,wrist_angle_negative,0.48333333333333334,rad
-0.3329101127606851,negative,-0.3179681599140167,-0.019019778817892075,0.3167865574359894,30,wrist_angle,4,-0.3284817636013031,-0.041815511882305145,-0.004428349159382006,1,follower_left,wrist_angle_negative,0.5,rad
-0.3343658054904519,negative,-0.3179815709590912,-0.019019680097699165,0.3168923556804657,31,wrist_angle,4,-0.32999998331069946,-0.040665335953235626,-0.004365822179752454,1,follower_left,wrist_angle_negative,0.5166666666666667,rad
-0.3357655311420294,negative,-0.3179948329925537,-0.01901966519653797,0.3169945180416107,32,wrist_angle,4,-0.3314683139324188,-0.03940357640385628,-0.004297217209610571,1,follower_left,wrist_angle_negative,0.5333333333333333,rad
-0.3371027053532777,negative,-0.31800758838653564,-0.01901962235569954,0.3170924484729767,33,wrist_angle,4,-0.33288025856018066,-0.038027167320251465,-0.004222446793097023,1,follower_left,wrist_angle_negative,0.55,rad
-0.33837074376205684,negative,-0.3180198669433594,-0.019019538536667824,0.31718581914901733,34,wrist_angle,4,-0.334224134683609,-0.03662874549627304,-0.004146609078447827,1,follower_left,wrist_angle_negative,0.5666666666666667,rad
-0.33956306200622693,negative,-0.3180316388607025,-0.019019445404410362,0.3172742426395416,35,wrist_angle,4,-0.3354910612106323,-0.03525429591536522,-0.00407200079559461,1,follower_left,wrist_angle_negative,0.5833333333333334,rad
-0.3406730757236481,negative,-0.3180426061153412,-0.019019421190023422,0.3173561692237854,36,wrist_angle,4,-0.33666878938674927,-0.03400927409529686,-0.00400428633689881,1,follower_left,wrist_angle_negative,0.6,rad
-0.3416942005521803,negative,-0.3180530071258545,-0.01901930943131447,0.31743037700653076,37,wrist_angle,4,-0.33774709701538086,-0.0329580120742321,-0.003947103536799446,1,follower_left,wrist_angle_negative,0.6166666666666667,rad
-0.3426198521296837,negative,-0.3180621564388275,-0.019019264727830887,0.31749656796455383,38,wrist_angle,4,-0.3387115001678467,-0.03224688768386841,-0.003908351961837031,1,follower_left,wrist_angle_negative,0.6333333333333333,rad
-0.34344344609401845,negative,-0.31807029247283936,-0.01901918463408947,0.3175542652606964,39,wrist_angle,4,-0.339556485414505,-0.031860560178756714,-0.0038869606795134404,1,follower_left,wrist_angle_negative,0.65,rad
-0.3441583980830445,negative,-0.3180773854255676,-0.01901913993060589,0.3176037669181824,40,wrist_angle,4,-0.3402787744998932,-0.031733594834804535,-0.0038796235831513037,1,follower_left,wrist_angle_negative,0.6666666666666666,rad
-0.344758123734622,negative,-0.31808310747146606,-0.019019175320863724,0.3176441490650177,41,wrist_angle,4,-0.34087488055229187,-0.03180817514657974,-0.0038832431823301317,1,follower_left,wrist_angle_negative,0.6833333333333333,rad
-0.345236038686611,negative,-0.31808769702911377,-0.01901903562247753,0.31767532229423523,42,wrist_angle,4,-0.34133920073509216,-0.032069507986307144,-0.00389683795151885,1,follower_left,wrist_angle_negative,0.7,rad
-0.3455855585768717,negative,-0.3180909752845764,-0.01901896297931671,0.3176972568035126,43,wrist_angle,4,-0.34166833758354187,-0.032455869019031525,-0.003917220993329806,1,follower_left,wrist_angle_negative,0.7166666666666667,rad
-0.345800099043264,negative,-0.3180927038192749,-0.019018931314349174,0.31770920753479004,44,wrist_angle,4,-0.34185758233070374,-0.0329303964972496,-0.00394251671256024,1,follower_left,wrist_angle_negative,0.7333333333333333,rad
-0.34587307572364806,negative,-0.31809279322624207,-0.01901892013847828,0.3177111744880676,45,wrist_angle,4,-0.341890424489975,-0.033681366592645645,-0.003982651233673085,1,follower_left,wrist_angle_negative,0.75,rad
-0.295800099043264,positive,-0.3176620900630951,-0.019020559266209602,0.3136194348335266,1,wrist_angle,4,-0.28630879521369934,-0.08879147469997406,-0.009491303829564646,1,follower_left,wrist_angle_positive,0.016666666666666666,rad
-0.2955855585768717,positive,-0.3176843225955963,-0.019024459645152092,0.3137440085411072,2,wrist_angle,4,-0.2878682017326355,-0.11751672625541687,-0.0077173568442361895,1,follower_left,wrist_angle_positive,0.03333333333333333,rad
-0.295236038686611,positive,-0.3176606595516205,-0.019022362306714058,0.314346581697464,3,wrist_angle,4,-0.29001566767692566,-0.12517330050468445,-0.005220371009685365,1,follower_left,wrist_angle_positive,0.05,rad
-0.294758123734622,positive,-0.3176928460597992,-0.019020317122340202,0.31422996520996094,4,wrist_angle,4,-0.29150673747062683,-0.0196915864944458,-0.003251386263995182,1,follower_left,wrist_angle_positive,0.06666666666666667,rad
-0.2941583980830445,positive,-0.3176705241203308,-0.019020171836018562,0.313937783241272,5,wrist_angle,4,-0.28867918252944946,-0.06129726395010948,-0.00547921555359504,1,follower_left,wrist_angle_positive,0.08333333333333333,rad
-0.29344344609401846,positive,-0.3176764249801636,-0.01902121864259243,0.31389909982681274,6,wrist_angle,4,-0.2879665791988373,-0.06114889308810234,-0.005476866895181176,1,follower_left,wrist_angle_positive,0.1,rad
-0.2926198521296837,positive,-0.3176650404930115,-0.01902097463607788,0.31403473019599915,7,wrist_angle,4,-0.28865474462509155,-0.032957013696432114,-0.003965107504592169,1,follower_left,wrist_angle_positive,0.11666666666666667,rad
-0.2916942005521803,positive,-0.3176669478416443,-0.019020071253180504,0.3140014708042145,8,wrist_angle,4,-0.2879818379878998,-0.028300121426582336,-0.003712362564280536,1,follower_left,wrist_angle_positive,0.13333333333333333,rad
-0.2906730757236481,positive,-0.31765472888946533,-0.01901978999376297,0.31377682089805603,9,wrist_angle,4,-0.2858774662017822,-0.04851227626204491,-0.004795609521865862,1,follower_left,wrist_angle_positive,0.15,rad
-0.28956306200622695,positive,-0.3176490068435669,-0.019020406529307365,0.3136434555053711,10,wrist_angle,4,-0.28414803743362427,-0.06000588461756706,-0.005415024572602678,1,follower_left,wrist_angle_positive,0.16666666666666666,rad
-0.28837074376205685,positive,-0.31764140725135803,-0.019020603969693184,0.3136560022830963,11,wrist_angle,4,-0.28379225730895996,-0.04437476024031639,-0.004578486453096886,1,follower_left,wrist_angle_positive,0.18333333333333332,rad
-0.2871027053532777,positive,-0.31763604283332825,-0.019020095467567444,0.31363487243652344,12,wrist_angle,4,-0.2829762101173401,-0.03597703203558922,-0.004126495235937611,1,follower_left,wrist_angle_positive,0.2,rad
-0.2857655311420294,positive,-0.3176271319389343,-0.019019873812794685,0.31347060203552246,13,wrist_angle,4,-0.28116700053215027,-0.044801197946071625,-0.004598530609879137,1,follower_left,wrist_angle_positive,0.21666666666666667,rad
-0.28436580549045193,positive,-0.31761881709098816,-0.019020110368728638,0.31330543756484985,14,wrist_angle,4,-0.2791421711444855,-0.05643577501177788,-0.005223634345966455,1,follower_left,wrist_angle_positive,0.23333333333333334,rad
-0.2829101127606851,positive,-0.31761080026626587,-0.01902039721608162,0.31323620676994324,15,wrist_angle,4,-0.2779808044433594,-0.050911836326122284,-0.004929308317325742,1,follower_left,wrist_angle_positive,0.25,rad
-0.28140503731486893,positive,-0.31760329008102417,-0.019020287320017815,0.31319156289100647,16,wrist_angle,4,-0.2769054174423218,-0.042906470596790314,-0.004499619872547156,1,follower_left,wrist_angle_positive,0.26666666666666666,rad
-0.2798571635151433,positive,-0.3175950050354004,-0.019020047038793564,0.3130651116371155,17,wrist_angle,4,-0.275252103805542,-0.0448877289891243,-0.004605059709601289,1,follower_left,wrist_angle_positive,0.2833333333333333,rad
-0.27827307572364807,positive,-0.317586749792099,-0.019020093604922295,0.3129018247127533,18,wrist_angle,4,-0.27321693301200867,-0.053300779312849045,-0.0050561427116394,1,follower_left,wrist_angle_positive,0.3,rad
-0.27665935830252325,positive,-0.3175785541534424,-0.0190203208476305,0.3127872347831726,19,wrist_angle,4,-0.27160051465034485,-0.05332325026392937,-0.005058843652178402,1,follower_left,wrist_angle_positive,0.31666666666666665,rad
-0.2750225956139087,positive,-0.3175705075263977,-0.019020359963178635,0.3127132058143616,20,wrist_angle,4,-0.2702518403530121,-0.04794655740261078,-0.0047707552608965975,1,follower_left,wrist_angle_positive,0.3333333333333333,rad
-0.2733693720199444,positive,-0.31756290793418884,-0.019020169973373413,0.3126048147678375,21,wrist_angle,4,-0.2686741352081299,-0.046546854078769684,-0.004695236811814496,1,follower_left,wrist_angle_positive,0.35,rad
-0.2717062718827702,positive,-0.3175552487373352,-0.01902022399008274,0.31245744228363037,22,wrist_angle,4,-0.26676008105278015,-0.05123318359255791,-0.004946190829990038,1,follower_left,wrist_angle_positive,0.36666666666666664,rad
-0.270039879564526,positive,-0.3175477683544159,-0.019020285457372665,0.31232592463493347,23,wrist_angle,4,-0.26497966051101685,-0.0533449687063694,-0.005060219053509174,1,follower_left,wrist_angle_positive,0.38333333333333336,rad
-0.2683767794273518,positive,-0.31754034757614136,-0.019020386040210724,0.31223052740097046,24,wrist_angle,4,-0.26346054673194885,-0.050652697682380676,-0.004916232695402922,1,follower_left,wrist_angle_positive,0.4,rad
-0.26672355583338747,positive,-0.31753355264663696,-0.019020317122340202,0.3121299147605896,25,wrist_angle,4,-0.26194021105766296,-0.04817797988653183,-0.004783344775724507,1,follower_left,wrist_angle_positive,0.4166666666666667,rad
-0.2650867931447729,positive,-0.31752684712409973,-0.019020335748791695,0.31200236082077026,26,wrist_angle,4,-0.26020416617393494,-0.050033558160066605,-0.004882626970837967,1,follower_left,wrist_angle_positive,0.43333333333333335,rad
-0.2634730757236481,positive,-0.31752070784568787,-0.01902036741375923,0.31187403202056885,27,wrist_angle,4,-0.2584739327430725,-0.05220111459493637,-0.004999142980575577,1,follower_left,wrist_angle_positive,0.45,rad
-0.2618889879321529,positive,-0.3175143897533417,-0.01902051270008087,0.31177040934562683,28,wrist_angle,4,-0.25693902373313904,-0.051277779042720795,-0.004949964199013834,1,follower_left,wrist_angle_positive,0.4666666666666667,rad
-0.2603411141324272,positive,-0.3175085783004761,-0.019020460546016693,0.3116762340068817,29,wrist_angle,4,-0.25551027059555054,-0.0490570142865181,-0.004830843536876683,1,follower_left,wrist_angle_positive,0.48333333333333334,rad
-0.25883603868661104,positive,-0.3175031840801239,-0.019020425155758858,0.311569482088089,30,wrist_angle,4,-0.2540030777454376,-0.04910096526145935,-0.004832960941173414,1,follower_left,wrist_angle_positive,0.5,rad
-0.2573803459568442,positive,-0.31749826669692993,-0.01902048848569393,0.31145724654197693,31,wrist_angle,4,-0.25247329473495483,-0.05048125609755516,-0.004907051221889391,1,follower_left,wrist_angle_positive,0.5166666666666667,rad
-0.25598062030526675,positive,-0.31749364733695984,-0.01902046427130699,0.3113596439361572,32,wrist_angle,4,-0.25107961893081665,-0.05036405101418495,-0.004901001374450098,1,follower_left,wrist_angle_positive,0.5333333333333333,rad
-0.25464344609401846,positive,-0.3174892067909241,-0.019020572304725647,0.31127607822418213,33,wrist_angle,4,-0.24982871115207672,-0.04875366762280464,-0.004814734941941734,1,follower_left,wrist_angle_positive,0.55,rad
-0.2533754076852393,positive,-0.3174852132797241,-0.019020508974790573,0.31119152903556824,34,wrist_angle,4,-0.2486063539981842,-0.047904085367918015,-0.004769053687055103,1,follower_left,wrist_angle_positive,0.5666666666666667,rad
-0.2521830894410692,positive,-0.31748166680336,-0.01902061700820923,0.3111037611961365,35,wrist_angle,4,-0.24739158153533936,-0.04832373932003975,-0.004791507905729853,1,follower_left,wrist_angle_positive,0.5833333333333334,rad
-0.25107307572364806,positive,-0.31747859716415405,-0.01902061328291893,0.3110244870185852,36,wrist_angle,4,-0.24628093838691711,-0.04833325743675232,-0.0047921373367309505,1,follower_left,wrist_angle_positive,0.6,rad
-0.25005195089511584,positive,-0.3174755573272705,-0.01902073621749878,0.3109593391418457,37,wrist_angle,4,-0.24531947076320648,-0.04721865430474281,-0.004732480131909356,1,follower_left,wrist_angle_positive,0.6166666666666667,rad
-0.24912629931761243,positive,-0.31747299432754517,-0.019020743668079376,0.310901015996933,38,wrist_angle,4,-0.24445827305316925,-0.04601709544658661,-0.004668026264443181,1,follower_left,wrist_angle_positive,0.6333333333333333,rad
-0.2483027053532777,positive,-0.31747105717658997,-0.019020700827240944,0.31084364652633667,39,wrist_angle,4,-0.2436552345752716,-0.045634675770998,-0.004647470778006091,1,follower_left,wrist_angle_positive,0.65,rad
-0.24758775336425165,positive,-0.3174692392349243,-0.0190208088606596,0.31079304218292236,40,wrist_angle,4,-0.24295076727867126,-0.04543787240982056,-0.004636986085580386,1,follower_left,wrist_angle_positive,0.6666666666666666,rad
-0.24698802771267414,positive,-0.3174678087234497,-0.019020820036530495,0.3107551634311676,41,wrist_angle,4,-0.242397278547287,-0.0445743203163147,-0.0045907491653871535,1,follower_left,wrist_angle_positive,0.6833333333333333,rad
-0.24651011276068513,positive,-0.3174667954444885,-0.01902085728943348,0.31072816252708435,42,wrist_angle,4,-0.2419845163822174,-0.04335980489850044,-0.004525596378467722,1,follower_left,wrist_angle_positive,0.7,rad
-0.2461605928704245,positive,-0.317466139793396,-0.01902083121240139,0.3107067942619324,43,wrist_angle,4,-0.24168136715888977,-0.04249392822384834,-0.004479225711534723,1,follower_left,wrist_angle_positive,0.7166666666666667,rad
-0.24594605240403217,positive,-0.31746599078178406,-0.019020961597561836,0.31069284677505493,44,wrist_angle,4,-0.2414940446615219,-0.04198519140481949,-0.0044520077425102556,1,follower_left,wrist_angle_positive,0.7333333333333333,rad
-0.24587307572364808,positive,-0.31746622920036316,-0.01902095414698124,0.3106909394264221,45,wrist_angle,4,-0.24146555364131927,-0.04115375131368637,-0.0044075220823288075,1,follower_left,wrist_angle_positive,0.75,rad
-7.347696084825408e-05,negative,-0.3176986277103424,-0.019022144377231598,0.3138662278652191,1,wrist_rotate,5,-1.8259765056427568e-05,-0.0009720214293338358,-5.5217195791826515e-05,1,follower_left,wrist_rotate_negative,0.016666666666666666,rad
-0.0002880174272405723,negative,-0.31770384311676025,-0.019024381414055824,0.3143138885498047,2,wrist_rotate,5,-9.228194539900869e-05,-0.0005304894875735044,-0.0001957354818415636,1,follower_left,wrist_rotate_negative,0.03333333333333333,rad
-0.0006375373175012034,negative,-0.3177006244659424,-0.019021430984139442,0.3146849274635315,3,wrist_rotate,5,-0.000237350890529342,-0.0005310261622071266,-0.00040018642697186137,1,follower_left,wrist_rotate_negative,0.05,rad
-0.0011154522694902297,negative,-0.3177281320095062,-0.019020676612854004,0.31444835662841797,4,wrist_rotate,5,-0.0004695367533713579,-0.0010659219697117805,-0.0006459155161188718,1,follower_left,wrist_rotate_negative,0.06666666666666667,rad
-0.0017151779210677325,negative,-0.3177049160003662,-0.019021224230527878,0.31437399983406067,5,wrist_rotate,5,-0.0007996782078407705,-0.0010789968073368073,-0.000915499713226962,1,follower_left,wrist_rotate_negative,0.08333333333333333,rad
-0.0024301299100937964,negative,-0.3177229166030884,-0.019021498039364815,0.314486026763916,6,wrist_rotate,5,-0.0012323964620009065,-0.0011034086346626282,-0.00119773344809289,1,follower_left,wrist_rotate_negative,0.1,rad
-0.0032537238744285014,negative,-0.31771570444107056,-0.01902085542678833,0.31458377838134766,7,wrist_rotate,5,-0.0017683814512565732,-0.0011218339204788208,-0.0014853424231719282,1,follower_left,wrist_rotate_negative,0.11666666666666667,rad
-0.004179375451931931,negative,-0.317722350358963,-0.019020453095436096,0.3145228922367096,8,wrist_rotate,5,-0.0024072928354144096,-0.0011302679777145386,-0.0017720826165175214,1,follower_left,wrist_rotate_negative,0.13333333333333333,rad
-0.005200500280464168,negative,-0.3177150785923004,-0.019020626321434975,0.3144391179084778,9,wrist_rotate,5,-0.0031473843846470118,-0.0011403746902942657,-0.002053115895817156,1,follower_left,wrist_rotate_negative,0.15,rad
-0.006310513997885291,negative,-0.31771862506866455,-0.019021054729819298,0.3144691586494446,10,wrist_rotate,5,-0.003985827323049307,-0.0011600181460380554,-0.0023246866748359843,1,follower_left,wrist_rotate_negative,0.16666666666666666,rad
-0.007502832242055387,negative,-0.3177177906036377,-0.01902087964117527,0.31453147530555725,11,wrist_rotate,5,-0.004917840473353863,-0.0011767931282520294,-0.0025849917687015243,1,follower_left,wrist_rotate_negative,0.18333333333333332,rad
-0.008770870650834537,negative,-0.31771960854530334,-0.019020652398467064,0.3145284354686737,12,wrist_rotate,5,-0.005938586313277483,-0.0011883378028869629,-0.0028322843375570544,1,follower_left,wrist_rotate_negative,0.2,rad
-0.010108044862082822,negative,-0.31771788001060486,-0.019020698964595795,0.3144777715206146,13,wrist_rotate,5,-0.007042796351015568,-0.0011968761682510376,-0.003065248511067254,1,follower_left,wrist_rotate_negative,0.21666666666666667,rad
-0.011507770513660327,negative,-0.31771793961524963,-0.01902090758085251,0.3144740164279938,14,wrist_rotate,5,-0.008225226774811745,-0.001209992915391922,-0.003282543738848582,1,follower_left,wrist_rotate_negative,0.23333333333333334,rad
-0.012963463243427129,negative,-0.3177182972431183,-0.019020933657884598,0.31450557708740234,15,wrist_rotate,5,-0.009479857981204987,-0.0012226775288581848,-0.0034836052622221423,1,follower_left,wrist_rotate_negative,0.25,rad
-0.014468538689243316,negative,-0.3177187144756317,-0.019020864740014076,0.3145192563533783,16,wrist_rotate,5,-0.01080052275210619,-0.0012327581644058228,-0.0036680159371371267,1,follower_left,wrist_rotate_negative,0.26666666666666666,rad
-0.016016412488968967,negative,-0.3177185356616974,-0.01902077905833721,0.3144955635070801,17,wrist_rotate,5,-0.012180899269878864,-0.001239389181137085,-0.0038355132190901024,1,follower_left,wrist_rotate_negative,0.2833333333333333,rad
-0.01760050028046417,negative,-0.31771785020828247,-0.019020939245820045,0.3144836127758026,18,wrist_rotate,5,-0.013614877127110958,-0.0012473464012145996,-0.003985623153353213,1,follower_left,wrist_rotate_negative,0.3,rad
-0.019214217701588994,negative,-0.3177182674407959,-0.019021011888980865,0.3144955039024353,19,wrist_rotate,5,-0.015096151269972324,-0.0012554004788398743,-0.00411806643161667,1,follower_left,wrist_rotate_negative,0.31666666666666665,rad
-0.020850980390203538,negative,-0.31771841645240784,-0.01902100443840027,0.3145093023777008,20,wrist_rotate,5,-0.016618242487311363,-0.0012621954083442688,-0.0042327379028921745,1,follower_left,wrist_rotate_negative,0.3333333333333333,rad
-0.022504203984167873,negative,-0.31771862506866455,-0.01902090013027191,0.31450146436691284,21,wrist_rotate,5,-0.01817454770207405,-0.0012662336230278015,-0.004329656282093822,1,follower_left,wrist_rotate_negative,0.35,rad
-0.02416730412134208,negative,-0.31771811842918396,-0.019020874053239822,0.31449130177497864,22,wrist_rotate,5,-0.019758619368076324,-0.0012699887156486511,-0.004408684753265755,1,follower_left,wrist_rotate_negative,0.36666666666666664,rad
-0.025833696439586246,negative,-0.31771817803382874,-0.01902097463607788,0.31449365615844727,23,wrist_rotate,5,-0.02136402577161789,-0.0012734606862068176,-0.004469670667968356,1,follower_left,wrist_rotate_negative,0.38333333333333336,rad
-0.027496796576760463,negative,-0.31771835684776306,-0.01902095228433609,0.31450268626213074,24,wrist_rotate,5,-0.02298426628112793,-0.0012762770056724548,-0.004512530295632533,1,follower_left,wrist_rotate_negative,0.4,rad
-0.0291500201707248,negative,-0.31771841645240784,-0.019020967185497284,0.31450194120407104,25,wrist_rotate,5,-0.02461269311606884,-0.0012771785259246826,-0.004537327054655961,1,follower_left,wrist_rotate_negative,0.4166666666666667,rad
-0.030786782859339334,negative,-0.31771817803382874,-0.019020913168787956,0.3144957423210144,26,wrist_rotate,5,-0.026242723688483238,-0.0012770295143127441,-0.004544059170856096,1,follower_left,wrist_rotate_negative,0.43333333333333335,rad
-0.03240050028046417,negative,-0.3177182972431183,-0.019020915031433105,0.3144945502281189,27,wrist_rotate,5,-0.027867864817380905,-0.0012763887643814087,-0.004532635463083266,1,follower_left,wrist_rotate_negative,0.45,rad
-0.033984588071959365,negative,-0.3177182376384735,-0.01902090199291706,0.3144989311695099,28,wrist_rotate,5,-0.029481595382094383,-0.001275092363357544,-0.004502992689864982,1,follower_left,wrist_rotate_negative,0.4666666666666667,rad
-0.035532461871685024,negative,-0.31771841645240784,-0.019020862877368927,0.31450045108795166,29,wrist_rotate,5,-0.031077314168214798,-0.0012723952531814575,-0.004455147703470226,1,follower_left,wrist_rotate_negative,0.48333333333333334,rad
-0.0370375373175012,negative,-0.3177182972431183,-0.019020838662981987,0.3144978880882263,30,wrist_rotate,5,-0.032648395746946335,-0.0012684762477874756,-0.004389141570554866,1,follower_left,wrist_rotate_negative,0.5,rad
-0.03849323004726801,negative,-0.3177182674407959,-0.019020836800336838,0.3144959807395935,31,wrist_rotate,5,-0.03418829292058945,-0.0012638047337532043,-0.004304937126678565,1,follower_left,wrist_rotate_negative,0.5166666666666667,rad
-0.03989295569884552,negative,-0.3177182674407959,-0.019020777195692062,0.3144974708557129,32,wrist_rotate,5,-0.035690464079380035,-0.0012584403157234192,-0.0042024916194654816,1,follower_left,wrist_rotate_negative,0.5333333333333333,rad
-0.041230129910093796,negative,-0.31771835684776306,-0.019020719453692436,0.31449922919273376,33,wrist_rotate,5,-0.03714835271239281,-0.00125189870595932,-0.004081777197700989,1,follower_left,wrist_rotate_negative,0.55,rad
-0.042498168318872945,negative,-0.31771835684776306,-0.019020704552531242,0.3144984841346741,34,wrist_rotate,5,-0.0385553352534771,-0.0012442618608474731,-0.003942833065395848,1,follower_left,wrist_rotate_negative,0.5666666666666667,rad
-0.04369048656304304,negative,-0.31771817803382874,-0.019020704552531242,0.3144969940185547,35,wrist_rotate,5,-0.039904844015836716,-0.0012356191873550415,-0.0037856425472063276,1,follower_left,wrist_rotate_negative,0.5833333333333334,rad
-0.04480050028046417,negative,-0.31771817803382874,-0.019020646810531616,0.314497172832489,36,wrist_rotate,5,-0.041190363466739655,-0.001226179301738739,-0.0036101368137245182,1,follower_left,wrist_rotate_negative,0.6,rad
-0.0458216251089964,negative,-0.3177182376384735,-0.019020579755306244,0.3144983649253845,37,wrist_rotate,5,-0.0424053817987442,-0.0012158192694187164,-0.0034162433102521983,1,follower_left,wrist_rotate_negative,0.6166666666666667,rad
-0.046747276686499833,negative,-0.3177183270454407,-0.01902054250240326,0.3144983947277069,38,wrist_rotate,5,-0.043543606996536255,-0.00120437890291214,-0.0032036696899635786,1,follower_left,wrist_rotate_negative,0.6333333333333333,rad
-0.04757087065083454,negative,-0.3177182674407959,-0.019020510837435722,0.3144975006580353,39,wrist_rotate,5,-0.044598307460546494,-0.0011919476091861725,-0.0029725631902880467,1,follower_left,wrist_rotate_negative,0.65,rad
-0.0482858226398606,negative,-0.3177182674407959,-0.019020486623048782,0.31449735164642334,40,wrist_rotate,5,-0.04556283727288246,-0.0011785998940467834,-0.0027229853669781395,1,follower_left,wrist_rotate_negative,0.6666666666666666,rad
-0.048885548291438104,negative,-0.3177182674407959,-0.019020477309823036,0.31449785828590393,41,wrist_rotate,5,-0.0464305505156517,-0.0011643581092357635,-0.002454997775786401,1,follower_left,wrist_rotate_negative,0.6833333333333333,rad
-0.049363463243427136,negative,-0.3177182674407959,-0.01902046427130699,0.31449827551841736,42,wrist_rotate,5,-0.04719482734799385,-0.0011490806937217712,-0.002168635895433285,1,follower_left,wrist_rotate_negative,0.7,rad
-0.049712983133687765,negative,-0.3177183270454407,-0.019020380452275276,0.31449782848358154,43,wrist_rotate,5,-0.04784904420375824,-0.001132730394601822,-0.0018639389299295248,1,follower_left,wrist_rotate_negative,0.7166666666666667,rad
-0.049927523600080084,negative,-0.3177182078361511,-0.01902029849588871,0.3144974708557129,44,wrist_rotate,5,-0.04838655889034271,-0.001115448772907257,-0.0015409647097373719,1,follower_left,wrist_rotate_negative,0.7333333333333333,rad
-0.05000050028046417,negative,-0.31771835684776306,-0.01902027614414692,0.3144977390766144,45,wrist_rotate,5,-0.048800840973854065,-0.0009313654154539108,-0.0011996593066101041,1,follower_left,wrist_rotate_negative,0.75,rad
7.247639991992152e-05,positive,-0.3176986575126648,-0.019022122025489807,0.3138662278652191,1,wrist_rotate,5,2.0477826183196157e-05,-0.0009663262171670794,5.1998573736725364e-05,1,follower_left,wrist_rotate_positive,0.016666666666666666,rad
0.00028701686631223974,positive,-0.31770390272140503,-0.01902429573237896,0.3143139183521271,2,wrist_rotate,5,8.877683285390958e-05,3.818306140601635e-05,0.00019824003345833015,1,follower_left,wrist_rotate_positive,0.03333333333333333,rad
0.0006365367565728708,positive,-0.31770065426826477,-0.01902124285697937,0.3146849274635315,3,wrist_rotate,5,0.0002335522585781291,0.0006329268217086792,0.0004029844979947417,1,follower_left,wrist_rotate_positive,0.05,rad
0.0011144517085618971,positive,-0.3177281320095062,-0.01902042143046856,0.3144483268260956,4,wrist_rotate,5,0.00046763100544922054,0.00045357830822467804,0.0006468207031126766,1,follower_left,wrist_rotate_positive,0.06666666666666667,rad
0.0017141773601394,positive,-0.317704975605011,-0.019020898267626762,0.3143739402294159,5,wrist_rotate,5,0.0007980021182447672,0.0006512235850095749,0.0009161752418946328,1,follower_left,wrist_rotate_positive,0.08333333333333333,rad
0.002429129349165464,positive,-0.3177229166030884,-0.01902109384536743,0.31448617577552795,6,wrist_rotate,5,0.001229734974913299,0.0011135730892419815,0.0011993943742521647,1,follower_left,wrist_rotate_positive,0.1,rad
0.003252723313500169,positive,-0.31771576404571533,-0.019020356237888336,0.3145836591720581,7,wrist_rotate,5,0.0017655572155490518,0.0011273939162492752,0.001487166097951117,1,follower_left,wrist_rotate_positive,0.11666666666666667,rad
0.0041783748910035985,positive,-0.31772226095199585,-0.019019857048988342,0.3145228624343872,8,wrist_rotate,5,0.002404967788606882,0.0011455602943897247,0.0017734071023967164,1,follower_left,wrist_rotate_positive,0.13333333333333333,rad
0.005199499719535835,positive,-0.31771528720855713,-0.01901989057660103,0.3144392967224121,9,wrist_rotate,5,0.0031453995034098625,0.0011653713881969452,0.0020541002161259727,1,follower_left,wrist_rotate_positive,0.15,rad
0.0063095134369569586,positive,-0.31771865487098694,-0.019020186737179756,0.3144691586494446,10,wrist_rotate,5,0.003983227536082268,0.0011756308376789093,0.002326285900874691,1,follower_left,wrist_rotate_positive,0.16666666666666666,rad
0.0075018316811270545,positive,-0.3177177906036377,-0.019019998610019684,0.3145315945148468,11,wrist_rotate,5,0.004915100988000631,0.0011881999671459198,0.002586730693126423,1,follower_left,wrist_rotate_positive,0.18333333333333332,rad
0.008769870089906205,positive,-0.3177197277545929,-0.019019655883312225,0.31452837586402893,12,wrist_rotate,5,0.00593607360497117,0.001201540231704712,0.0028337964849350344,1,follower_left,wrist_rotate_positive,0.2,rad
0.01010704430115449,positive,-0.3177177906036377,-0.01901964284479618,0.31447795033454895,13,wrist_rotate,5,0.0070406594313681126,0.0012171752750873566,0.0030663848697863767,1,follower_left,wrist_rotate_positive,0.21666666666666667,rad
0.011506769952731994,positive,-0.31771790981292725,-0.019019730389118195,0.3144739270210266,14,wrist_rotate,5,0.00822293758392334,0.0012274086475372314,0.003283832368808654,1,follower_left,wrist_rotate_positive,0.23333333333333334,rad
0.012962462682498796,positive,-0.31771817803382874,-0.01901974156498909,0.31450578570365906,15,wrist_rotate,5,0.009477466344833374,0.0012369975447654724,0.0034849963376654223,1,follower_left,wrist_rotate_positive,0.25,rad
0.014467538128314984,positive,-0.3177188038825989,-0.019019581377506256,0.31451940536499023,16,wrist_rotate,5,0.010798224247992039,0.0012462437152862549,0.003669313880322945,1,follower_left,wrist_rotate_positive,0.26666666666666666,rad
0.016015411928040634,positive,-0.3177186846733093,-0.019019443541765213,0.31449565291404724,17,wrist_rotate,5,0.012178879231214523,0.0012567639350891113,0.003836532696826111,1,follower_left,wrist_rotate_positive,0.2833333333333333,rad
0.017599499719535838,positive,-0.31771793961524963,-0.01901957206428051,0.3144838213920593,18,wrist_rotate,5,0.013612903654575348,0.0012646019458770752,0.00398659606496049,1,follower_left,wrist_rotate_positive,0.3,rad
0.01921321714066066,positive,-0.3177182972431183,-0.019019585102796555,0.3144957423210144,19,wrist_rotate,5,0.015094145201146603,0.0012709274888038635,0.004119071939514059,1,follower_left,wrist_rotate_positive,0.31666666666666665,rad
0.020849979829275205,positive,-0.31771835684776306,-0.019019557163119316,0.31450963020324707,20,wrist_rotate,5,0.016616279259324074,0.0012763217091560364,0.004233700569951131,1,follower_left,wrist_rotate_positive,0.3333333333333333,rad
0.02250320342323954,positive,-0.3177187144756317,-0.01901947148144245,0.31450167298316956,21,wrist_rotate,5,0.018172772601246834,0.0012821033596992493,0.004330430821992706,1,follower_left,wrist_rotate_positive,0.35,rad
0.024166303560413747,positive,-0.31771814823150635,-0.01901945471763611,0.3144913911819458,22,wrist_rotate,5,0.019756950438022614,0.0012864544987678528,0.004409353122391133,1,follower_left,wrist_rotate_positive,0.36666666666666664,rad
0.025832695878657913,positive,-0.3177182972431183,-0.019019486382603645,0.3144938051700592,23,wrist_rotate,5,0.021362388506531715,0.0012893080711364746,0.004470307372126198,1,follower_left,wrist_rotate_positive,0.38333333333333336,rad
0.02749579601583213,positive,-0.3177183270454407,-0.019019529223442078,0.31450286507606506,24,wrist_rotate,5,0.022982656955718994,0.0012909621000289917,0.004513139060113136,1,follower_left,wrist_rotate_positive,0.4,rad
0.02914901960979647,positive,-0.3177185654640198,-0.019019512459635735,0.3145023286342621,25,wrist_rotate,5,0.0246112123131752,0.0012923181056976318,0.004537807296621267,1,follower_left,wrist_rotate_positive,0.4166666666666667,rad
0.030785782298411002,positive,-0.3177183270454407,-0.019019581377506256,0.31449633836746216,26,wrist_rotate,5,0.02624136209487915,0.0012927725911140442,0.0045444202035318515,1,follower_left,wrist_rotate_positive,0.43333333333333335,rad
0.03239949971953584,positive,-0.3177182674407959,-0.019019562751054764,0.31449490785598755,27,wrist_rotate,5,0.02786657027900219,0.0012919828295707703,0.004532929440533649,1,follower_left,wrist_rotate_positive,0.45,rad
0.03398358751103103,positive,-0.3177182376384735,-0.019019538536667824,0.3144994378089905,28,wrist_rotate,5,0.029480351135134697,0.00128994882106781,0.004503236375896336,1,follower_left,wrist_rotate_positive,0.4666666666666667,rad
0.03553146131075669,positive,-0.317718505859375,-0.01901954412460327,0.31450116634368896,29,wrist_rotate,5,0.031076164916157722,0.001287207007408142,0.004455296394598969,1,follower_left,wrist_rotate_positive,0.48333333333333334,rad
0.03703653675657287,positive,-0.3177182972431183,-0.019019534811377525,0.3144981265068054,30,wrist_rotate,5,0.03264736384153366,0.0012836605310440063,0.004389172915039208,1,follower_left,wrist_rotate_positive,0.5,rad
0.03849222948633968,positive,-0.31771835684776306,-0.019019655883312225,0.31449639797210693,31,wrist_rotate,5,0.03418734669685364,0.001278996467590332,0.004304882789486042,1,follower_left,wrist_rotate_positive,0.5166666666666667,rad
0.039891955137917184,positive,-0.3177182674407959,-0.019019631668925285,0.31449809670448303,32,wrist_rotate,5,0.03568960726261139,0.001273222267627716,0.004202347875305795,1,follower_left,wrist_rotate_positive,0.5333333333333333,rad
0.041229129349165464,positive,-0.31771835684776306,-0.019019683822989464,0.31450003385543823,33,wrist_rotate,5,0.03714761137962341,0.0012665241956710815,0.004081517969542051,1,follower_left,wrist_rotate_positive,0.55,rad
0.04249716775794461,positive,-0.3177184462547302,-0.019019700586795807,0.31449902057647705,34,wrist_rotate,5,0.038554828613996506,0.0012590587139129639,0.0039423391439481065,1,follower_left,wrist_rotate_positive,0.5666666666666667,rad
0.04368948600211471,positive,-0.31771835684776306,-0.01901974156498909,0.3144975006580353,35,wrist_rotate,5,0.03990466892719269,0.0012504979968070984,0.003784817074922023,1,follower_left,wrist_rotate_positive,0.5833333333333334,rad
0.04479949971953584,positive,-0.3177183270454407,-0.0190197192132473,0.3144979476928711,36,wrist_rotate,5,0.04119062051177025,0.0012409314513206482,0.003608879207765592,1,follower_left,wrist_rotate_positive,0.6,rad
0.04582062454806807,positive,-0.31771841645240784,-0.019019832834601402,0.3144991993904114,37,wrist_rotate,5,0.042406100779771805,0.0012303777039051056,0.0034145237682962626,1,follower_left,wrist_rotate_positive,0.6166666666666667,rad
0.0467462761255715,positive,-0.31771838665008545,-0.019019832834601402,0.31449928879737854,38,wrist_rotate,5,0.04354449361562729,0.0012189075350761414,0.003201782509944212,1,follower_left,wrist_rotate_positive,0.6333333333333333,rad
0.04756987008990621,positive,-0.31771841645240784,-0.019019808620214462,0.3144981265068054,39,wrist_rotate,5,0.04459918662905693,0.0012065134942531586,0.002970683460849277,1,follower_left,wrist_rotate_positive,0.65,rad
0.04828482207893227,positive,-0.3177182674407959,-0.01901986449956894,0.31449800729751587,40,wrist_rotate,5,0.045563556253910065,0.0011930949985980988,0.002721265825022204,1,follower_left,wrist_rotate_positive,0.6666666666666666,rad
0.04888454773050977,positive,-0.31771835684776306,-0.019019940868020058,0.3144986629486084,41,wrist_rotate,5,0.046431027352809906,0.001178652048110962,0.002453520377699865,1,follower_left,wrist_rotate_positive,0.6833333333333333,rad
0.0493624626824988,positive,-0.3177184462547302,-0.0190199576318264,0.3144991099834442,42,wrist_rotate,5,0.047195035964250565,0.0011632777750492096,0.0021674267182482387,1,follower_left,wrist_rotate_positive,0.7,rad
0.04971198257275943,positive,-0.31771841645240784,-0.01902000606060028,0.31449857354164124,43,wrist_rotate,5,0.04784895479679108,0.0011469386518001556,0.0018630277759683553,1,follower_left,wrist_rotate_positive,0.7166666666666667,rad
0.04992652303915175,positive,-0.3177182674407959,-0.019020043313503265,0.3144982159137726,44,wrist_rotate,5,0.04838622361421585,0.0009837709367275238,0.0015402994249359009,1,follower_left,wrist_rotate_positive,0.7333333333333333,rad
0.049999499719535836,positive,-0.3177182972431183,-0.019020147621631622,0.31449854373931885,45,wrist_rotate,5,0.0488002747297287,0.0006765127182006836,0.0011992249898071378,1,follower_left,wrist_rotate_positive,0.75,rad
-7.295391607276294e-05,negative,-0.3176986575126648,-0.019022144377231598,0.3138662278652191,1,gripper,6,-1.9420132957748137e-05,4.6811532229185104e-05,-5.35337831150148e-05,1,follower_left,gripper_negative,0.016666666666666666,rad
-0.00028749438246508115,negative,-0.31770384311676025,-0.019024332985281944,0.3143139183521271,2,gripper,6,-9.045758633874357e-05,1.0933959856629372e-05,-0.00019703679612633759,1,follower_left,gripper_negative,0.03333333333333333,rad
-0.0006370142727257122,negative,-0.3177006244659424,-0.019021276384592056,0.31468483805656433,3,gripper,6,-0.00023549338220618665,-2.8694048523902893e-06,-0.00040152089051952557,1,follower_left,gripper_negative,0.05,rad
-0.0011149292247147385,negative,-0.31772807240486145,-0.019020535051822662,0.3144482970237732,4,gripper,6,-0.000468924903543666,2.2355467081069946e-05,-0.0006460043211710725,1,follower_left,gripper_negative,0.06666666666666667,rad
-0.0017146548762922414,negative,-0.3177049160003662,-0.019021039828658104,0.31437399983406067,5,gripper,6,-0.0007995484629645944,3.139115869998932e-05,-0.000915106413327647,1,follower_left,gripper_negative,0.08333333333333333,rad
-0.0024296068653183052,negative,-0.3177230656147003,-0.01902131736278534,0.31448614597320557,6,gripper,6,-0.0012321526883170009,1.6940757632255554e-05,-0.0011974541770013044,1,follower_left,gripper_negative,0.1,rad
-0.0032532008296530103,negative,-0.3177156448364258,-0.019020603969693184,0.31458383798599243,7,gripper,6,-0.001768537680618465,1.4608725905418396e-05,-0.0014846631490345453,1,follower_left,gripper_negative,0.11666666666666667,rad
-0.00417885240715644,negative,-0.3177223801612854,-0.019020117819309235,0.31452274322509766,8,gripper,6,-0.0024082488380372524,2.1461397409439087e-05,-0.0017706035691191875,1,follower_left,gripper_negative,0.13333333333333333,rad
-0.005199977235688677,negative,-0.3177151083946228,-0.019020291045308113,0.31443923711776733,9,gripper,6,-0.003149189753457904,2.864748239517212e-05,-0.0020507874822307728,1,follower_left,gripper_negative,0.15,rad
-0.0063099909531098,negative,-0.3177185654640198,-0.019020603969693184,0.31446924805641174,10,gripper,6,-0.003988067153841257,2.092495560646057e-05,-0.002321923799268543,1,follower_left,gripper_negative,0.16666666666666666,rad
-0.007502309197279896,negative,-0.31771785020828247,-0.019020410254597664,0.314531534910202,11,gripper,6,-0.004920751787722111,1.782923936843872e-05,-0.002581557409557785,1,follower_left,gripper_negative,0.18333333333333332,rad
-0.008770347606059046,negative,-0.31771978735923767,-0.019020184874534607,0.3145284950733185,12,gripper,6,-0.005942448507994413,1.957640051841736e-05,-0.002827899098064633,1,follower_left,gripper_negative,0.2,rad
-0.01010752181730733,negative,-0.3177177906036377,-0.01902018114924431,0.31447795033454895,13,gripper,6,-0.0070478771813213825,2.467632293701172e-05,-0.003059644635985948,1,follower_left,gripper_negative,0.21666666666666667,rad
-0.011507247468884835,negative,-0.31771788001060486,-0.019020313397049904,0.31447380781173706,14,gripper,6,-0.008231407962739468,2.2545456886291504e-05,-0.003275839506145368,1,follower_left,gripper_negative,0.23333333333333334,rad
-0.012962940198651638,negative,-0.3177182376384735,-0.019020285457372665,0.31450554728507996,15,gripper,6,-0.009487170726060867,1.9855797290802002e-05,-0.0034757694725907704,1,follower_left,gripper_negative,0.25,rad
-0.014468015644467825,negative,-0.3177188038825989,-0.01902014948427677,0.3145195245742798,16,gripper,6,-0.010809102095663548,1.9595026969909668e-05,-0.003658913548804278,1,follower_left,gripper_negative,0.26666666666666666,rad
-0.016015889444193476,negative,-0.31771862506866455,-0.019020119681954384,0.3144955337047577,17,gripper,6,-0.012191002257168293,2.2448599338531494e-05,-0.0038248871870251826,1,follower_left,gripper_negative,0.2833333333333333,rad
-0.01759997723568868,negative,-0.31771790981292725,-0.019020212814211845,0.3144836723804474,18,gripper,6,-0.013626563362777233,2.2485852241516113e-05,-0.0039734138729114465,1,follower_left,gripper_negative,0.3,rad
-0.019213694656813503,negative,-0.3177183270454407,-0.019020281732082367,0.31449568271636963,19,gripper,6,-0.015109406784176826,2.0973384380340576e-05,-0.004104287872636676,1,follower_left,gripper_negative,0.31666666666666665,rad
-0.020850457345428047,negative,-0.3177184462547302,-0.01902019791305065,0.3145095705986023,20,gripper,6,-0.01663309894502163,2.016127109527588e-05,-0.004217358400406417,1,follower_left,gripper_negative,0.3333333333333333,rad
-0.02250368093939238,negative,-0.3177186846733093,-0.019020160660147667,0.31450170278549194,21,gripper,6,-0.018191173672676086,2.1457672119140625e-05,-0.004312507266716295,1,follower_left,gripper_negative,0.35,rad
-0.024166781076566588,negative,-0.3177182674407959,-0.01902012526988983,0.3144913911819458,22,gripper,6,-0.019777122884988785,2.2113323211669922e-05,-0.004389658191577803,1,follower_left,gripper_negative,0.36666666666666664,rad
-0.025833173394810754,negative,-0.31771835684776306,-0.01902017742395401,0.3144935369491577,23,gripper,6,-0.02138442173600197,2.1420419216156006e-05,-0.004448751658808786,1,follower_left,gripper_negative,0.38333333333333336,rad
-0.02749627353198497,negative,-0.3177182376384735,-0.019020207226276398,0.3145025968551636,24,gripper,6,-0.023006528615951538,2.0720064640045166e-05,-0.0044897449160334335,1,follower_left,gripper_negative,0.4,rad
-0.02914949712594931,negative,-0.3177184760570526,-0.019020207226276398,0.31450220942497253,25,gripper,6,-0.024636900052428246,2.111494541168213e-05,-0.004512597073521064,1,follower_left,gripper_negative,0.4166666666666667,rad
-0.030786259814563843,negative,-0.3177183270454407,-0.019020240753889084,0.31449615955352783,26,gripper,6,-0.026268964633345604,2.1688640117645264e-05,-0.004517295181218239,1,follower_left,gripper_negative,0.43333333333333335,rad
-0.03239997723568868,negative,-0.3177182972431183,-0.01902025006711483,0.31449463963508606,27,gripper,6,-0.02789616398513317,2.1539628505706787e-05,-0.004503813250555509,1,follower_left,gripper_negative,0.45,rad
-0.033984065027183874,negative,-0.3177182972431183,-0.01902017742395401,0.314499169588089,28,gripper,6,-0.029511919245123863,2.104043960571289e-05,-0.004472145782060011,1,follower_left,gripper_negative,0.4666666666666667,rad
-0.03553193882690953,negative,-0.31771838665008545,-0.01902020163834095,0.314501017332077,29,gripper,6,-0.031109660863876343,2.1107494831085205e-05,-0.00442227796303319,1,follower_left,gripper_negative,0.48333333333333334,rad
-0.03703701427272571,negative,-0.3177182972431183,-0.01902017742395401,0.3144982159137726,30,gripper,6,-0.03268280625343323,2.1472573280334473e-05,-0.004354208019292483,1,follower_left,gripper_negative,0.5,rad
-0.03849270700249252,negative,-0.31771835684776306,-0.01902022212743759,0.31449612975120544,31,gripper,6,-0.03422477841377258,2.1502375602722168e-05,-0.004267928588719938,1,follower_left,gripper_negative,0.5166666666666667,rad
-0.039892432654070026,negative,-0.3177182972431183,-0.019020188599824905,0.31449779868125916,32,gripper,6,-0.035728998482227325,2.1316111087799072e-05,-0.0041634341718427,1,follower_left,gripper_negative,0.5333333333333333,rad
-0.041229606865318305,negative,-0.3177184462547302,-0.019020184874534607,0.3144996762275696,33,gripper,6,-0.03718888759613037,2.1189451217651367e-05,-0.004040719269187934,1,follower_left,gripper_negative,0.55,rad
-0.042497645274097454,negative,-0.3177184462547302,-0.019020166248083115,0.3144989013671875,34,gripper,6,-0.03859785199165344,2.1345913410186768e-05,-0.0038997932824440112,1,follower_left,gripper_negative,0.5666666666666667,rad
-0.04368996351826755,negative,-0.3177182972431183,-0.019020184874534607,0.31449729204177856,35,gripper,6,-0.03994932770729065,2.148747444152832e-05,-0.003740635810976903,1,follower_left,gripper_negative,0.5833333333333334,rad
-0.04479997723568868,negative,-0.3177182972431183,-0.019020210951566696,0.31449753046035767,36,gripper,6,-0.04123670980334282,2.136826515197754e-05,-0.0035632674323458624,1,follower_left,gripper_negative,0.6,rad
-0.04582110206422091,negative,-0.3177184462547302,-0.01902020163834095,0.314498633146286,37,gripper,6,-0.04245344176888466,2.1286308765411377e-05,-0.00336766029533625,1,follower_left,gripper_negative,0.6166666666666667,rad
-0.04674675364172434,negative,-0.31771838665008545,-0.01902017369866371,0.3144989311695099,38,gripper,6,-0.0435929074883461,2.1342188119888306e-05,-0.0031538461533782425,1,follower_left,gripper_negative,0.6333333333333333,rad
-0.04757034760605905,negative,-0.31771841645240784,-0.019020184874534607,0.3144979774951935,39,gripper,6,-0.044648535549640656,2.142786979675293e-05,-0.0029218120564183936,1,follower_left,gripper_negative,0.65,rad
-0.04828529959508511,negative,-0.3177182972431183,-0.019020183011889458,0.31449776887893677,40,gripper,6,-0.045613761991262436,2.1416693925857544e-05,-0.002671537603822674,1,follower_left,gripper_negative,0.6666666666666666,rad
-0.04888502524666261,negative,-0.31771841645240784,-0.019020169973373413,0.31449830532073975,41,gripper,6,-0.04648197442293167,2.1383166313171387e-05,-0.0024030508237309414,1,follower_left,gripper_negative,0.6833333333333333,rad
-0.049362940198651645,negative,-0.31771838665008545,-0.01902020536363125,0.3144986033439636,42,gripper,6,-0.047246601432561874,2.1375715732574463e-05,-0.0021163387660897703,1,follower_left,gripper_negative,0.7,rad
-0.04971246008891227,negative,-0.31771835684776306,-0.019020164385437965,0.31449827551841736,43,gripper,6,-0.047901056706905365,2.1439045667648315e-05,-0.0018114033820069084,1,follower_left,gripper_negative,0.7166666666666667,rad
-0.04992700055530459,negative,-0.3177183270454407,-0.019020196050405502,0.3144979476928711,44,gripper,6,-0.04843875765800476,2.1455809473991394e-05,-0.0014882428972998324,1,follower_left,gripper_negative,0.7333333333333333,rad
-0.04999997723568868,negative,-0.31771835684776306,-0.0190201997756958,0.31449827551841736,45,gripper,6,-0.04885312169790268,2.1440908312797546e-05,-0.0011468555377859985,1,follower_left,gripper_negative,0.75,rad
7.299944469541267e-05,positive,-0.3176986575126648,-0.019022144377231598,0.3138662278652191,1,gripper,6,1.9316359612275846e-05,4.681199789047241e-05,5.368308508313682e-05,1,follower_left,gripper_positive,0.016666666666666666,rad
0.0002875399110877309,positive,-0.31770384311676025,-0.019024332985281944,0.31431394815444946,2,gripper,6,9.061393211595714e-05,1.094769686460495e-05,0.00019692597897177374,1,follower_left,gripper_positive,0.03333333333333333,rad
0.000637059801348362,positive,-0.3177006244659424,-0.019021280109882355,0.31468483805656433,3,gripper,6,0.0002356643381062895,-2.843327820301056e-06,0.00040139546324207244,1,follower_left,gripper_positive,0.05,rad
0.0011149747533373883,positive,-0.317728191614151,-0.01902051456272602,0.3144483268260956,4,gripper,6,0.00046900968300178647,2.2416934370994568e-05,0.0006459650703356018,1,follower_left,gripper_positive,0.06666666666666667,rad
0.001714700404914891,positive,-0.3177049160003662,-0.01902102306485176,0.31437399983406067,5,gripper,6,0.000799616624135524,3.1460076570510864e-05,0.0009150837807793671,1,follower_left,gripper_positive,0.08333333333333333,rad
0.002429652393940955,positive,-0.31772303581237793,-0.01902131363749504,0.3144861161708832,6,gripper,6,0.0012322510592639446,1.7043203115463257e-05,0.0011974013346770103,1,follower_left,gripper_positive,0.1,rad
0.00325324635827566,positive,-0.3177156448364258,-0.01902061142027378,0.3145838677883148,7,gripper,6,0.001768637215718627,1.4707446098327637e-05,0.001484609142557033,1,follower_left,gripper_positive,0.11666666666666667,rad
0.00417889793577909,positive,-0.3177223801612854,-0.019020123407244682,0.31452274322509766,8,gripper,6,0.0024083221796900034,2.1636486053466797e-05,0.0017705757560890862,1,follower_left,gripper_positive,0.13333333333333333,rad
0.005200022764311326,positive,-0.3177151083946228,-0.01902029849588871,0.31443923711776733,9,gripper,6,0.0031492402777075768,2.882629632949829e-05,0.0020507824866037496,1,follower_left,gripper_positive,0.15,rad
0.00631003648173245,positive,-0.3177185654640198,-0.01902061700820923,0.31446921825408936,10,gripper,6,0.003988134209066629,2.11372971534729e-05,0.0023219022726658203,1,follower_left,gripper_positive,0.16666666666666666,rad
0.007502354725902546,positive,-0.3177178204059601,-0.019020428881049156,0.31453144550323486,11,gripper,6,0.0049208239652216434,1.8034130334854126e-05,0.0025815307606809022,1,follower_left,gripper_positive,0.18333333333333332,rad
0.008770393134681696,positive,-0.31771978735923767,-0.01902017556130886,0.31452852487564087,12,gripper,6,0.005942510906606913,1.9799917936325073e-05,0.0028278822280747833,1,follower_left,gripper_positive,0.2,rad
0.01010756734592998,positive,-0.3177177906036377,-0.019020207226276398,0.31447792053222656,13,gripper,6,0.007047923281788826,2.491101622581482e-05,0.0030596440641411544,1,follower_left,gripper_positive,0.21666666666666667,rad
0.011507292997507485,positive,-0.3177179992198944,-0.019020305946469307,0.31447380781173706,14,gripper,6,0.008231458254158497,2.2776424884796143e-05,0.0032758347433489883,1,follower_left,gripper_positive,0.23333333333333334,rad
0.012962985727274287,positive,-0.31771817803382874,-0.019020291045308113,0.3145054578781128,15,gripper,6,0.009487221017479897,2.0131468772888184e-05,0.003475764709794391,1,follower_left,gripper_positive,0.25,rad
0.014468061173090475,positive,-0.3177188038825989,-0.01902015134692192,0.3145195245742798,16,gripper,6,0.010809151455760002,1.990795135498047e-05,0.003658909717330473,1,follower_left,gripper_positive,0.26666666666666666,rad
0.016015934972816125,positive,-0.31771865487098694,-0.019020115956664085,0.3144955039024353,17,gripper,6,0.012191042304039001,2.2739171981811523e-05,0.003824892668777124,1,follower_left,gripper_positive,0.2833333333333333,rad
0.01760002276431133,positive,-0.31771788001060486,-0.019020220264792442,0.314483642578125,18,gripper,6,0.013626603409647942,2.2813677787780762e-05,0.003973419354663388,1,follower_left,gripper_positive,0.3,rad
0.019213740185436153,positive,-0.31771835684776306,-0.01902027800679207,0.31449568271636963,19,gripper,6,0.01510944589972496,2.1278858184814453e-05,0.004104294285711192,1,follower_left,gripper_positive,0.31666666666666665,rad
0.020850502874050696,positive,-0.3177184462547302,-0.019020207226276398,0.3145095705986023,20,gripper,6,0.016633138060569763,2.047419548034668e-05,0.004217364813480933,1,follower_left,gripper_positive,0.3333333333333333,rad
0.02250372646801503,positive,-0.3177186846733093,-0.01902015693485737,0.31450173258781433,21,gripper,6,0.018191207200288773,2.1770596504211426e-05,0.004312519267726259,1,follower_left,gripper_positive,0.35,rad
0.024166826605189238,positive,-0.3177182674407959,-0.019020123407244682,0.3144914209842682,22,gripper,6,0.019777152687311172,2.2433698177337646e-05,0.004389673917878065,1,follower_left,gripper_positive,0.36666666666666664,rad
0.025833218923433404,positive,-0.31771835684776306,-0.019020168110728264,0.3144935369491577,23,gripper,6,0.021384451538324356,2.1770596504211426e-05,0.004448767385109048,1,follower_left,gripper_positive,0.38333333333333336,rad
0.02749631906060762,positive,-0.3177182972431183,-0.01902022771537304,0.3145025074481964,24,gripper,6,0.023006556555628777,2.101808786392212e-05,0.004489762504978845,1,follower_left,gripper_positive,0.4,rad
0.02914954265457196,positive,-0.317718505859375,-0.019020186737179756,0.3145023286342621,25,gripper,6,0.024636918678879738,2.146512269973755e-05,0.004512623975692222,1,follower_left,gripper_positive,0.4166666666666667,rad
0.030786305343186493,positive,-0.3177183270454407,-0.01902022585272789,0.31449609994888306,26,gripper,6,0.026268979534506798,2.2001564502716064e-05,0.004517325808679695,1,follower_left,gripper_positive,0.43333333333333335,rad
0.03240002276431133,positive,-0.3177182972431183,-0.01902024634182453,0.31449463963508606,27,gripper,6,0.027896173298358917,2.189725637435913e-05,0.004503849465952413,1,follower_left,gripper_positive,0.45,rad
0.033984110555806524,positive,-0.3177183270454407,-0.01902017928659916,0.3144991993904114,28,gripper,6,0.02951192483305931,2.1435320377349854e-05,0.004472185722747213,1,follower_left,gripper_positive,0.4666666666666667,rad
0.03553198435553218,positive,-0.31771838665008545,-0.019020190462470055,0.31450098752975464,29,gripper,6,0.03110966645181179,2.1435320377349854e-05,0.004422317903720392,1,follower_left,gripper_positive,0.48333333333333334,rad
0.03703705980134836,positive,-0.31771835684776306,-0.019020166248083115,0.3144981265068054,30,gripper,6,0.03268280252814293,2.1748244762420654e-05,0.004354257273205431,1,follower_left,gripper_positive,0.5,rad
0.03849275253111517,positive,-0.3177183270454407,-0.019020231440663338,0.31449612975120544,31,gripper,6,0.03422477841377258,2.1807849407196045e-05,0.004267974117342588,1,follower_left,gripper_positive,0.5166666666666667,rad
0.039892478182692676,positive,-0.3177182376384735,-0.019020255655050278,0.31449800729751587,32,gripper,6,0.035728998482227325,2.1591782569885254e-05,0.00416347970046535,1,follower_left,gripper_positive,0.5333333333333333,rad
0.041229652393940955,positive,-0.3177184462547302,-0.019020162522792816,0.31449955701828003,33,gripper,6,0.03718887269496918,2.152472734451294e-05,0.004040779698971778,1,follower_left,gripper_positive,0.55,rad
0.0424976908027201,positive,-0.3177183270454407,-0.019020166248083115,0.3144988715648651,34,gripper,6,0.03859785571694374,2.1614134311676025e-05,0.0038998350857763625,1,follower_left,gripper_positive,0.5666666666666667,rad
0.0436900090468902,positive,-0.3177182972431183,-0.01902022771537304,0.3144972026348114,35,gripper,6,0.039949316531419754,2.1725893020629883e-05,0.003740692515470448,1,follower_left,gripper_positive,0.5833333333333334,rad
0.04480002276431133,positive,-0.3177182674407959,-0.01902015507221222,0.31449753046035767,36,gripper,6,0.04123670235276222,2.16066837310791e-05,0.003563320411549109,1,follower_left,gripper_positive,0.6,rad
0.04582114759284356,positive,-0.31771838665008545,-0.019020196050405502,0.3144986629486084,37,gripper,6,0.04245341569185257,2.1494925022125244e-05,0.003367731900990989,1,follower_left,gripper_positive,0.6166666666666667,rad
0.04674679917034699,positive,-0.3177184462547302,-0.01902017556130886,0.31449875235557556,38,gripper,6,0.04359288513660431,2.1535903215408325e-05,0.003153914033742683,1,follower_left,gripper_positive,0.6333333333333333,rad
0.0475703931346817,positive,-0.31771838665008545,-0.019020166248083115,0.3144979476928711,39,gripper,6,0.04464852809906006,2.1591782569885254e-05,0.0029218650356216402,1,follower_left,gripper_positive,0.65,rad
0.04828534512370776,positive,-0.3177182972431183,-0.019020212814211845,0.31449779868125916,40,gripper,6,0.045613739639520645,2.1573156118392944e-05,0.0026716054841871145,1,follower_left,gripper_positive,0.6666666666666666,rad
0.04888507077528526,positive,-0.3177184462547302,-0.019020162522792816,0.31449830532073975,41,gripper,6,0.04648195207118988,2.1539628505706787e-05,0.002403118704095382,1,follower_left,gripper_positive,0.6833333333333333,rad
0.049362985727274294,positive,-0.31771838665008545,-0.019020196050405502,0.3144986033439636,42,gripper,6,0.04724658280611038,2.1502375602722168e-05,0.0021164029211639124,1,follower_left,gripper_positive,0.7,rad
0.04971250561753492,positive,-0.31771838665008545,-0.01902017369866371,0.31449824571609497,43,gripper,6,0.04790104553103447,2.1517276763916016e-05,0.0018114600865004535,1,follower_left,gripper_positive,0.7166666666666667,rad
0.04992704608392724,positive,-0.3177182972431183,-0.019020194187760353,0.3144979178905487,44,gripper,6,0.04843873903155327,2.15284526348114e-05,0.0014883070523739744,1,follower_left,gripper_positive,0.7333333333333333,rad
0.05000002276431133,positive,-0.31771835684776306,-0.01902015320956707,0.3144981861114502,45,gripper,6,0.04885310307145119,2.1493062376976013e-05,0.0011469196928601405,1,follower_left,gripper_positive,0.75,rad
0.022377922069482893,negative,-0.3176986575126648,-0.019022144377231598,0.3138662278652191,1,left_finger,7,0.022377803921699524,-0.00017609585484024137,1.1814778336921572e-07,1,follower_left,left_finger_negative,0.016666666666666666,m
0.022376635415139904,negative,-0.31770384311676025,-0.019024332985281944,0.31431394815444946,2,left_finger,7,0.022377153858542442,5.172529199626297e-06,-5.184434025383433e-07,1,follower_left,left_finger_negative,0.03333333333333333,m
0.022374514698433875,negative,-0.3177006244659424,-0.019021280109882355,0.31468483805656433,3,left_finger,7,0.022376717999577522,-2.1744131117884535e-06,-2.203301143647446e-06,1,follower_left,left_finger_negative,0.05,m
0.022371579316163945,negative,-0.317728191614151,-0.019020531326532364,0.3144483268260956,4,left_finger,7,0.02237624116241932,9.092972504731733e-06,-4.661846255374358e-06,1,follower_left,left_finger_negative,0.06666666666666667,m
0.022367848665129256,negative,-0.3177049160003662,-0.01902102492749691,0.31437399983406067,5,left_finger,7,0.02237570472061634,1.3814541489409748e-05,-7.856055487084207e-06,1,follower_left,left_finger_negative,0.08333333333333333,m
0.022363342142128945,negative,-0.31772303581237793,-0.019021309912204742,0.31448614597320557,6,left_finger,7,0.022375164553523064,6.9824454840272665e-06,-1.1822411394118298e-05,1,follower_left,left_finger_negative,0.1,m
0.022358079143962154,negative,-0.3177156448364258,-0.019020605832338333,0.31458383798599243,7,left_finger,7,0.022374577820301056,5.672112365573412e-06,-1.6498676338901758e-05,1,follower_left,left_finger_negative,0.11666666666666667,m
0.022352079067428025,negative,-0.3177224099636078,-0.019020121544599533,0.31452274322509766,8,left_finger,7,0.02237396314740181,8.845183401717804e-06,-2.188407997378433e-05,1,follower_left,left_finger_negative,0.13333333333333333,m
0.022345361309325695,negative,-0.3177151083946228,-0.01902029849588871,0.31443923711776733,9,left_finger,7,0.022373303771018982,1.202098519570427e-05,-2.7942461693287318e-05,1,follower_left,left_finger_negative,0.15,m
0.022337945266454308,negative,-0.31771859526634216,-0.019020598381757736,0.31446921825408936,10,left_finger,7,0.02237262763082981,8.360941137652844e-06,-3.468236437550315e-05,1,follower_left,left_finger_negative,0.16666666666666666,m
0.022329850335613004,negative,-0.3177178204059601,-0.019020430743694305,0.31453144550323486,11,left_finger,7,0.022371908649802208,6.6618276832741685e-06,-4.20583141892035e-05,1,follower_left,left_finger_negative,0.18333333333333332,m
0.022321095913600923,negative,-0.31771978735923767,-0.01902017742395401,0.31452852487564087,12,left_finger,7,0.02237113006412983,7.3737010097829625e-06,-5.0034150528906196e-05,1,follower_left,left_finger_negative,0.2,m
0.022311701397217203,negative,-0.3177177906036377,-0.0190202035009861,0.31447792053222656,13,left_finger,7,0.022370299324393272,9.53121343627572e-06,-5.859792717606907e-05,1,follower_left,left_finger_negative,0.21666666666666667,m
0.022301686183260987,negative,-0.3177179992198944,-0.019020311534404755,0.31447380781173706,14,left_finger,7,0.022369425743818283,8.410195732722059e-06,-6.773956055729571e-05,1,follower_left,left_finger_negative,0.23333333333333334,m
0.022291069668531418,negative,-0.3177182078361511,-0.01902027800679207,0.3145054578781128,15,left_finger,7,0.022368518635630608,6.9090838223928586e-06,-7.744896709918972e-05,1,follower_left,left_finger_negative,0.25,m
0.02227987124982763,negative,-0.3177188038825989,-0.01902015320956707,0.3145195245742798,16,left_finger,7,0.02236754819750786,6.5987642301479355e-06,-8.767694768022777e-05,1,follower_left,left_finger_negative,0.26666666666666666,m
0.02226811032394877,negative,-0.31771862506866455,-0.01902012526988983,0.3144955039024353,17,left_finger,7,0.022366518154740334,7.677326721022837e-06,-9.840783079156229e-05,1,follower_left,left_finger_negative,0.2833333333333333,m
0.022255806287693976,negative,-0.31771788001060486,-0.0190202035009861,0.3144836723804474,18,left_finger,7,0.022365430369973183,7.521171937696636e-06,-0.00010962408227920689,1,follower_left,left_finger_negative,0.3,m
0.02224297853786239,negative,-0.31771838665008545,-0.019020279869437218,0.31449568271636963,19,left_finger,7,0.022364282980561256,6.527829100377858e-06,-0.00012130444269886631,1,follower_left,left_finger_negative,0.31666666666666665,m
0.022229646471253146,negative,-0.31771841645240784,-0.01902018114924431,0.31450963020324707,20,left_finger,7,0.022363051772117615,5.923211574554443e-06,-0.0001334053008644684,1,follower_left,left_finger_negative,0.3333333333333333,m
0.022215829484665394,negative,-0.3177186846733093,-0.019020168110728264,0.31450170278549194,21,left_finger,7,0.022361749783158302,6.256246706470847e-06,-0.00014592029849290825,1,follower_left,left_finger_negative,0.35,m
0.02220154697489827,negative,-0.31771817803382874,-0.019020140171051025,0.3144913911819458,22,left_finger,7,0.02236037515103817,6.297046638792381e-06,-0.00015882817613990102,1,follower_left,left_finger_negative,0.36666666666666664,m
0.02218681833875091,negative,-0.31771835684776306,-0.019020162522792816,0.3144935369491577,23,left_finger,7,0.022358937188982964,5.714486178476363e-06,-0.00017211885023205378,1,follower_left,left_finger_negative,0.38333333333333336,m
0.02217166297302246,negative,-0.3177182972431183,-0.019020218402147293,0.3145025074481964,24,left_finger,7,0.022357432171702385,5.094236257718876e-06,-0.0001857691986799255,1,follower_left,left_finger_negative,0.4,m
0.02215610027451206,negative,-0.3177184760570526,-0.01902017928659916,0.3145023584365845,25,left_finger,7,0.022355834022164345,4.9881855375133455e-06,-0.00019973374765228438,1,follower_left,left_finger_negative,0.4166666666666667,m
0.022140149640018852,negative,-0.3177183270454407,-0.01902019791305065,0.31449607014656067,26,left_finger,7,0.022354159504175186,4.958819772582501e-06,-0.0002140098641563344,1,follower_left,left_finger_negative,0.43333333333333335,m
0.022123830466341973,negative,-0.3177183270454407,-0.019020194187760353,0.31449463963508606,27,left_finger,7,0.022352419793605804,4.59836155641824e-06,-0.00022858932726383188,1,follower_left,left_finger_negative,0.45,m
0.022107162150280562,negative,-0.3177183270454407,-0.019020184874534607,0.31449922919273376,28,left_finger,7,0.022350585088133812,4.072222509421408e-06,-0.00024342293785325,1,follower_left,left_finger_negative,0.4666666666666667,m
0.022090164088633766,negative,-0.31771841645240784,-0.01902017742395401,0.31450098752975464,29,left_finger,7,0.022348672151565552,3.7626668927259743e-06,-0.0002585080629317858,1,follower_left,left_finger_negative,0.48333333333333334,m
0.02207285567820072,negative,-0.3177182972431183,-0.019020171836018562,0.3144981265068054,30,left_finger,7,0.02234668657183647,3.602195647545159e-06,-0.0002738308936357514,1,follower_left,left_finger_negative,0.5,m
0.022055256315780567,negative,-0.3177183270454407,-0.01902022957801819,0.31449609994888306,31,left_finger,7,0.022344600409269333,3.312867193017155e-06,-0.00028934409348876575,1,follower_left,left_finger_negative,0.5166666666666667,m
0.02203738539817245,negative,-0.3177182972431183,-0.01902022399008274,0.31449800729751587,32,left_finger,7,0.022342439740896225,2.875574864447117e-06,-0.0003050543427237755,1,follower_left,left_finger_negative,0.5333333333333333,m
0.022019262322175503,negative,-0.3177184462547302,-0.019020169973373413,0.31449955701828003,33,left_finger,7,0.022340182214975357,2.5046247174032032e-06,-0.00032091989279985425,1,follower_left,left_finger_negative,0.55,m
0.02200090648458887,negative,-0.3177183270454407,-0.019020166248083115,0.3144988715648651,34,left_finger,7,0.022337844595313072,2.239605237264186e-06,-0.00033693811072420254,1,follower_left,left_finger_negative,0.5666666666666667,m
0.021982337282211693,negative,-0.3177182972431183,-0.019020214676856995,0.3144972026348114,35,left_finger,7,0.02233540639281273,1.9517901819199324e-06,-0.00035306911060103627,1,follower_left,left_finger_negative,0.5833333333333334,m
0.021963574111843107,negative,-0.3177183270454407,-0.01902014948427677,0.31449761986732483,36,left_finger,7,0.02233288809657097,1.5741898096166551e-06,-0.00036931398472786134,1,follower_left,left_finger_negative,0.6,m
0.02194463637028226,negative,-0.3177184462547302,-0.01902020163834095,0.3144986927509308,37,left_finger,7,0.02233026921749115,1.1918164091184735e-06,-0.0003856328472088902,1,follower_left,left_finger_negative,0.6166666666666667,m
0.02192554345432829,negative,-0.31771835684776306,-0.019020194187760353,0.31449878215789795,38,left_finger,7,0.022327566519379616,8.717470336705446e-07,-0.0004020230650513268,1,follower_left,left_finger_negative,0.6333333333333333,m
0.021906314760780334,negative,-0.3177183270454407,-0.01902017742395401,0.3144978880882263,39,left_finger,7,0.022324761375784874,5.652254913002253e-07,-0.00041844661500453975,1,follower_left,left_finger_negative,0.65,m
0.021886969686437534,negative,-0.3177182972431183,-0.019020212814211845,0.31449776887893677,40,left_finger,7,0.022321874275803566,2.1867163013666868e-07,-0.0004349045893660315,1,follower_left,left_finger_negative,0.6666666666666666,m
0.021867527628099036,negative,-0.3177184462547302,-0.019020188599824905,0.3144983649253845,41,left_finger,7,0.02231888473033905,-1.523731043562293e-07,-0.0004513571022400145,1,follower_left,left_finger_negative,0.6833333333333333,m
0.02184800798256397,negative,-0.31771838665008545,-0.019020164385437965,0.3144987225532532,42,left_finger,7,0.022315815091133118,-4.939502105116844e-07,-0.00046780710856914737,1,follower_left,left_finger_negative,0.7,m
0.021828430146631488,negative,-0.31771838665008545,-0.01902014948427677,0.3144982159137726,43,left_finger,7,0.02231263741850853,-8.120550774037838e-07,-0.0004842072718770421,1,follower_left,left_finger_negative,0.7166666666666667,m
0.021808813517100723,negative,-0.3177182972431183,-0.01902017369866371,0.3144979178905487,44,left_finger,7,0.022309377789497375,-1.1430092854425311e-06,-0.0005005642723966523,1,follower_left,left_finger_negative,0.7333333333333333,m
0.021789177490770816,negative,-0.31771835684776306,-0.01902012713253498,0.31449809670448303,45,left_finger,7,0.022306008264422417,-1.4825345715507865e-06,-0.0005168307736516005,1,follower_left,left_finger_negative,0.75,m
0.02176954146444091,negative,-0.31771838665008545,-0.019020184874534607,0.3144983649253845,46,left_finger,7,0.02230255678296089,-1.8087885109707713e-06,-0.0005330153185199825,1,follower_left,left_finger_negative,0.7666666666666667,m
0.021749924834910145,negative,-0.31771838665008545,-0.019020145758986473,0.3144981861114502,47,left_finger,7,0.022298986092209816,-2.109765773639083e-06,-0.0005490612572996711,1,follower_left,left_finger_negative,0.7833333333333333,m
0.021730346998977662,negative,-0.3177182972431183,-0.019020117819309235,0.31449809670448303,48,left_finger,7,0.022295324131846428,-2.659478923305869e-06,-0.0005649771328687658,1,follower_left,left_finger_negative,0.8,m
0.021710827353442597,negative,-0.3177183270454407,-0.019020160660147667,0.31449824571609497,49,left_finger,7,0.02229153923690319,-4.036759492009878e-06,-0.000580711883460594,1,follower_left,left_finger_negative,0.8166666666666667,m
0.021691385295104098,negative,-0.3177183270454407,-0.019020164385437965,0.31449827551841736,50,left_finger,7,0.022287650033831596,-5.402893293648958e-06,-0.0005962647387274984,1,follower_left,left_finger_negative,0.8333333333333334,m
0.021672040220761298,negative,-0.31771841645240784,-0.019020114094018936,0.3144981265068054,51,left_finger,7,0.02228364907205105,-1.3044074876233935e-05,-0.0006116088512897501,1,follower_left,left_finger_negative,0.85,m
0.021652811527213343,negative,-0.3177182972431183,-0.019020164385437965,0.31449827551841736,52,left_finger,7,0.022279532626271248,-2.5310597266070545e-05,-0.0006267210990579045,1,follower_left,left_finger_negative,0.8666666666666667,m
0.021633718611259373,negative,-0.31771838665008545,-0.019020097330212593,0.3144981861114502,53,left_finger,7,0.02227531000971794,-3.755220677703619e-05,-0.0006415913984585686,1,follower_left,left_finger_negative,0.8833333333333333,m
0.021614780869698525,negative,-0.31771838665008545,-0.019020140171051025,0.31449833512306213,54,left_finger,7,0.02227095700800419,-5.152443191036582e-05,-0.0006561761383056634,1,follower_left,left_finger_negative,0.9,m
0.02159601769932994,negative,-0.3177182972431183,-0.019020099192857742,0.3144981861114502,55,left_finger,7,0.022266477346420288,-6.502229371108115e-05,-0.0006704596470903483,1,follower_left,left_finger_negative,0.9166666666666666,m
0.021577448496952763,negative,-0.3177182674407959,-0.01902015507221222,0.3144981563091278,56,left_finger,7,0.022261889651417732,-7.826965884305537e-05,-0.0006844411544649695,1,follower_left,left_finger_negative,0.9333333333333333,m
0.02155909265936613,negative,-0.3177182674407959,-0.019020095467567444,0.3144982159137726,57,left_finger,7,0.022257180884480476,-9.096402209252119e-05,-0.0006980882251143468,1,follower_left,left_finger_negative,0.95,m
0.021540969583369183,negative,-0.3177182972431183,-0.01902013085782528,0.31449824571609497,58,left_finger,7,0.02225235104560852,-0.00010330131044611335,-0.0007113814622393376,1,follower_left,left_finger_negative,0.9666666666666667,m
0.021523098665761065,negative,-0.31771835684776306,-0.019020091742277145,0.3144981563091278,59,left_finger,7,0.022247420623898506,-0.00011517642997205257,-0.0007243219581374409,1,follower_left,left_finger_negative,0.9833333333333333,m
0.021505499303340912,negative,-0.3177182376384735,-0.019020147621631622,0.3144981563091278,60,left_finger,7,0.022242385894060135,-0.00012672945740632713,-0.0007368865907192226,1,follower_left,left_finger_negative,1.0,m
0.021488190892907866,negative,-0.3177182078361511,-0.01902010664343834,0.3144982159137726,61,left_finger,7,0.022237250581383705,-0.00013765660696662962,-0.0007490596884758387,1,follower_left,left_finger_negative,1.0166666666666666,m
0.021471192831261067,negative,-0.3177182078361511,-0.019020147621631622,0.31449824571609497,62,left_finger,7,0.022232022136449814,-0.00014820066280663013,-0.0007608293051887469,1,follower_left,left_finger_negative,1.0333333333333334,m
0.02145452451519966,negative,-0.3177182972431183,-0.01902008056640625,0.3144981563091278,63,left_finger,7,0.02222670242190361,-0.0001582053955644369,-0.0007721779067039504,1,follower_left,left_finger_negative,1.05,m
0.02143820534152278,negative,-0.3177182972431183,-0.019020115956664085,0.3144981861114502,64,left_finger,7,0.022221291437745094,-0.00016781603335402906,-0.0007830860962223136,1,follower_left,left_finger_negative,1.0666666666666667,m
0.021422254707029572,negative,-0.3177182376384735,-0.01902010850608349,0.3144981861114502,65,left_finger,7,0.022215794771909714,-0.00017674066475592554,-0.0007935400648801418,1,follower_left,left_finger_negative,1.0833333333333333,m
0.021406692008519173,negative,-0.3177182674407959,-0.01902008056640625,0.31449833512306213,66,left_finger,7,0.022210214287042618,-0.00018521520541980863,-0.0008035222785234448,1,follower_left,left_finger_negative,1.1,m
0.021391536642790723,negative,-0.3177183270454407,-0.019020039588212967,0.31449806690216064,67,left_finger,7,0.022204553708434105,-0.00019308101036585867,-0.0008130170656433823,1,follower_left,left_finger_negative,1.1166666666666667,m
0.021376808006643364,negative,-0.3177182972431183,-0.019020093604922295,0.31449824571609497,68,left_finger,7,0.022198809310793877,-0.0002004859852604568,-0.0008220013041505131,1,follower_left,left_finger_negative,1.1333333333333333,m
0.02136252549687624,negative,-0.3177183270454407,-0.019020041450858116,0.3144981563091278,69,left_finger,7,0.02219299040734768,-0.00020712503464892507,-0.0008304649104714408,1,follower_left,left_finger_negative,1.15,m
0.021348708510288486,negative,-0.3177182674407959,-0.019020097330212593,0.31449833512306213,70,left_finger,7,0.02218710444867611,-0.00021327051217667758,-0.0008383959383876233,1,follower_left,left_finger_negative,1.1666666666666667,m
0.021335376443679242,negative,-0.31771838665008545,-0.019020043313503265,0.31449806690216064,71,left_finger,7,0.02218116633594036,-0.0002187509962823242,-0.0008457898922611187,1,follower_left,left_finger_negative,1.1833333333333333,m
0.021322548693847657,negative,-0.3177183270454407,-0.01902008429169655,0.31449824571609497,72,left_finger,7,0.02217516116797924,-0.00022371226805262268,-0.0008526124741315838,1,follower_left,left_finger_negative,1.2,m
0.02131024465759286,negative,-0.31771838665008545,-0.019020037725567818,0.3144981563091278,73,left_finger,7,0.02216910943388939,-0.00022787554189562798,-0.0008588647762965279,1,follower_left,left_finger_negative,1.2166666666666666,m
0.021298483731714002,negative,-0.3177182972431183,-0.019020074978470802,0.31449833512306213,74,left_finger,7,0.022163014858961105,-0.00023148965556174517,-0.0008645311272471035,1,follower_left,left_finger_negative,1.2333333333333334,m
0.021287285313010215,negative,-0.3177182972431183,-0.01902003400027752,0.3144981861114502,75,left_finger,7,0.022156881168484688,-0.00023436459014192224,-0.0008695958554744733,1,follower_left,left_finger_negative,1.25,m
0.021276668798280645,negative,-0.3177182674407959,-0.01902005635201931,0.31449827551841736,76,left_finger,7,0.022150710225105286,-0.0002366616390645504,-0.0008740414268246406,1,follower_left,left_finger_negative,1.2666666666666666,m
0.02126665358432443,negative,-0.3177182972431183,-0.01902002841234207,0.31449824571609497,77,left_finger,7,0.02214452624320984,-0.00023816150496713817,-0.0008778726588854098,1,follower_left,left_finger_negative,1.2833333333333334,m
0.02125725906794071,negative,-0.3177183270454407,-0.019020041450858116,0.31449827551841736,78,left_finger,7,0.022138308733701706,-0.00023906485876068473,-0.0008810496657609967,1,follower_left,left_finger_negative,1.3,m
0.021248504645928628,negative,-0.3177183270454407,-0.019020024687051773,0.3144981861114502,79,left_finger,7,0.022132080048322678,-0.00023915889323689044,-0.0008835754023940497,1,follower_left,left_finger_negative,1.3166666666666667,m
0.021240409715087324,negative,-0.3177182972431183,-0.01902005635201931,0.31449827551841736,80,left_finger,7,0.02212584763765335,-0.00023861852241680026,-0.0008854379225660264,1,follower_left,left_finger_negative,1.3333333333333333,m
0.021232993672215938,negative,-0.3177182972431183,-0.019020015373826027,0.3144981861114502,81,left_finger,7,0.022119620814919472,-0.00023726187646389008,-0.000886627142703534,1,follower_left,left_finger_negative,1.35,m
0.021226275914113607,negative,-0.3177182972431183,-0.019020019099116325,0.31449827551841736,82,left_finger,7,0.022113405168056488,-0.00023526765289716423,-0.000887129253942881,1,follower_left,left_finger_negative,1.3666666666666667,m
0.021220275837579478,negative,-0.3177183270454407,-0.019020013511180878,0.3144981861114502,83,left_finger,7,0.02210719883441925,-0.00023241422604769468,-0.0008869229968397722,1,follower_left,left_finger_negative,1.3833333333333333,m
0.021215012839412687,negative,-0.3177182972431183,-0.01902002841234207,0.31449827551841736,84,left_finger,7,0.022101014852523804,-0.0002288794203195721,-0.0008860020131111167,1,follower_left,left_finger_negative,1.4,m
0.021210506316412376,negative,-0.3177182972431183,-0.01902003400027752,0.3144981861114502,85,left_finger,7,0.022094855085015297,-0.00022447662195190787,-0.000884348768602921,1,follower_left,left_finger_negative,1.4166666666666667,m
0.021206775665377688,negative,-0.3177182972431183,-0.01902002841234207,0.31449827551841736,86,left_finger,7,0.02208872325718403,-0.0002193790569435805,-0.000881947591806341,1,follower_left,left_finger_negative,1.4333333333333333,m
0.021203840283107758,negative,-0.3177182674407959,-0.019020024687051773,0.3144981861114502,87,left_finger,7,0.022082628682255745,-0.00021336806821636856,-0.0008787883991479874,1,follower_left,left_finger_negative,1.45,m
0.02120171956640173,negative,-0.3177182674407959,-0.01902002841234207,0.31449827551841736,88,left_finger,7,0.022076599299907684,-0.00020666990894824266,-0.0008748797335059559,1,follower_left,left_finger_negative,1.4666666666666666,m
0.02120043291205874,negative,-0.3177182674407959,-0.019020022824406624,0.3144981861114502,89,left_finger,7,0.02207060717046261,-0.00019901877385564148,-0.0008701742584038691,1,follower_left,left_finger_negative,1.4833333333333334,m
0.021199999716877936,negative,-0.3177182674407959,-0.01902003027498722,0.31449827551841736,90,left_finger,7,0.022064683958888054,-0.00019066373351961374,-0.0008646842420101178,1,follower_left,left_finger_negative,1.5,m
0.022379090518435986,positive,-0.3176986575126648,-0.019022144377231598,0.3138662278652191,1,left_finger,7,0.022377805784344673,-0.00017587729962542653,1.2847340913127447e-06,1,follower_left,left_finger_positive,0.016666666666666666,m
0.02238127433187906,positive,-0.31770384311676025,-0.019024332985281944,0.31431394815444946,2,left_finger,7,0.022377176210284233,5.266900188871659e-06,4.098121594825477e-06,1,follower_left,left_finger_positive,0.03333333333333333,m
0.022384873783182213,positive,-0.3177006244659424,-0.019021280109882355,0.31468483805656433,3,left_finger,7,0.02237679623067379,-1.962950136658037e-06,8.077552508423125e-06,1,follower_left,left_finger_positive,0.05,m
0.022389855950534752,positive,-0.31772807240486145,-0.01902053691446781,0.3144482970237732,4,left_finger,7,0.022376427426934242,9.465887160331476e-06,1.3428523600509529e-05,1,follower_left,left_finger_positive,0.06666666666666667,m
0.022396187912125973,positive,-0.3177049160003662,-0.01902102120220661,0.31437399983406067,5,left_finger,7,0.022376038134098053,1.4392652701644693e-05,2.0149778027920423e-05,1,follower_left,left_finger_positive,0.08333333333333333,m
0.022403836746145177,positive,-0.31772303581237793,-0.01902131550014019,0.31448614597320557,6,left_finger,7,0.022375719621777534,7.804503184161149e-06,2.81171243676423e-05,1,follower_left,left_finger_positive,0.1,m
0.022412769530781668,positive,-0.3177156448364258,-0.019020600244402885,0.31458383798599243,7,left_finger,7,0.022375427186489105,6.783178832847625e-06,3.7342344292562446e-05,1,follower_left,left_finger_positive,0.11666666666666667,m
0.022422953344224738,positive,-0.3177223801612854,-0.019020121544599533,0.31452274322509766,8,left_finger,7,0.02237519435584545,1.0283316441928037e-05,4.7758988379286577e-05,1,follower_left,left_finger_positive,0.13333333333333333,m
0.022434355264663697,positive,-0.3177151083946228,-0.019020292907953262,0.31443920731544495,9,left_finger,7,0.022375017404556274,1.382243681291584e-05,5.933786010742237e-05,1,follower_left,left_finger_positive,0.15,m
0.02244694237028784,positive,-0.3177185654640198,-0.019020603969693184,0.31446924805641174,10,left_finger,7,0.02237490564584732,1.0560828741290607e-05,7.2036724440519e-05,1,follower_left,left_finger_positive,0.16666666666666666,m
0.02246068173928647,positive,-0.31771785020828247,-0.019020412117242813,0.314531534910202,11,left_finger,7,0.022374892607331276,9.299112207372673e-06,8.578913195519261e-05,1,follower_left,left_finger_positive,0.18333333333333332,m
0.022475540449848883,positive,-0.31771978735923767,-0.019020183011889458,0.3145284950733185,12,left_finger,7,0.022374959662556648,1.0484642189112492e-05,0.0001005807872922343,1,follower_left,left_finger_positive,0.2,m
0.022491485580164384,positive,-0.3177177906036377,-0.019020184874534607,0.31447795033454895,13,left_finger,7,0.02237510122358799,1.3144755939720199e-05,0.00011638435657639404,1,follower_left,left_finger_positive,0.21666666666666667,m
0.02250848420842227,positive,-0.3177178204059601,-0.019020333886146545,0.31447380781173706,14,left_finger,7,0.022375350818037987,1.2553748092614114e-05,0.00013313339038428448,1,follower_left,left_finger_positive,0.23333333333333334,m
0.022526503412811844,positive,-0.3177182078361511,-0.01902032271027565,0.3145054876804352,15,left_finger,7,0.02237567864358425,1.161741602118127e-05,0.00015082476922759214,1,follower_left,left_finger_positive,0.25,m
0.022545510271522406,positive,-0.3177188038825989,-0.019020188599824905,0.3145194947719574,16,left_finger,7,0.022376133129000664,1.1903463018825278e-05,0.00016937714252174274,1,follower_left,left_finger_positive,0.26666666666666666,m
0.02256547186274326,positive,-0.31771862506866455,-0.019020115956664085,0.3144955635070801,17,left_finger,7,0.022376716136932373,1.3604902051156387e-05,0.00018875572581088587,1,follower_left,left_finger_positive,0.2833333333333333,m
0.022586355264663696,positive,-0.31771788001060486,-0.019020214676856995,0.3144836723804474,18,left_finger,7,0.022377440705895424,1.4097044186200947e-05,0.00020891455876827225,1,follower_left,left_finger_positive,0.3,m
0.022608127555473024,positive,-0.3177183270454407,-0.019020291045308113,0.31449559330940247,19,left_finger,7,0.022378267720341682,1.3777142157778144e-05,0.00022985983513134148,1,follower_left,left_finger_positive,0.31666666666666665,m
0.02263075581336054,positive,-0.3177183270454407,-0.019020183011889458,0.3145095407962799,20,left_finger,7,0.022379249334335327,1.3868739188183099e-05,0.0002515064790252139,1,follower_left,left_finger_positive,0.3333333333333333,m
0.02265420711651555,positive,-0.3177186846733093,-0.01902017928659916,0.31450164318084717,21,left_finger,7,0.02238038368523121,1.4921854017302394e-05,0.000273823431284341,1,follower_left,left_finger_positive,0.35,m
0.022678448543127346,positive,-0.3177182078361511,-0.019020164385437965,0.31449148058891296,22,left_finger,7,0.02238168567419052,1.570110907778144e-05,0.0002967628689368243,1,follower_left,left_finger_positive,0.36666666666666664,m
0.022703447171385234,positive,-0.3177182674407959,-0.019020158797502518,0.3144935965538025,23,left_finger,7,0.022383131086826324,1.5881909348536283e-05,0.00032031608455890953,1,follower_left,left_finger_positive,0.38333333333333336,m
0.02272917007947851,positive,-0.3177182972431183,-0.01902022212743759,0.3145025372505188,24,left_finger,7,0.022384747862815857,1.6046302334871143e-05,0.0003444222166626536,1,follower_left,left_finger_positive,0.4,m
0.02275558434559648,positive,-0.3177184760570526,-0.01902022957801819,0.31450212001800537,25,left_finger,7,0.022386549040675163,1.6738675185479224e-05,0.00036903530492131756,1,follower_left,left_finger_positive,0.4166666666666667,m
0.022782657047928444,positive,-0.3177183270454407,-0.019020214676856995,0.31449615955352783,26,left_finger,7,0.022388575598597527,1.7519174434710294e-05,0.0003940814493309172,1,follower_left,left_finger_positive,0.43333333333333335,m
0.022810355264663698,positive,-0.3177183270454407,-0.019020218402147293,0.31449466943740845,27,left_finger,7,0.02239079587161541,1.7986312741413713e-05,0.00041955939304828826,1,follower_left,left_finger_positive,0.45,m
0.022838646073991543,positive,-0.3177182376384735,-0.019020186737179756,0.314499169588089,28,left_finger,7,0.022393228486180305,1.8304766854271293e-05,0.0004454175878112372,1,follower_left,left_finger_positive,0.4666666666666667,m
0.022867496554101283,positive,-0.31771838665008545,-0.01902022957801819,0.3145008683204651,29,left_finger,7,0.022395920008420944,1.8850143533200026e-05,0.00047157654568033905,1,follower_left,left_finger_positive,0.48333333333333334,m
0.022896873783182215,positive,-0.31771838665008545,-0.019020242616534233,0.31449830532073975,30,left_finger,7,0.02239885739982128,1.9552346202544868e-05,0.0004980163833609337,1,follower_left,left_finger_positive,0.5,m
0.02292674483942364,positive,-0.3177183270454407,-0.019020231440663338,0.31449607014656067,31,left_finger,7,0.022402094677090645,2.01394286705181e-05,0.0005246501623329958,1,follower_left,left_finger_positive,0.5166666666666667,m
0.022957076801014862,positive,-0.3177182376384735,-0.019020261242985725,0.3144979476928711,32,left_finger,7,0.022405626252293587,2.058673999272287e-05,0.0005514505487212752,1,follower_left,left_finger_positive,0.5333333333333333,m
0.022987836746145178,positive,-0.31771838665008545,-0.019020235165953636,0.31449952721595764,33,left_finger,7,0.022409498691558838,2.1095896954648197e-05,0.0005783380545863401,1,follower_left,left_finger_positive,0.55,m
0.023018991753003887,positive,-0.3177182674407959,-0.019020231440663338,0.3144989311695099,34,left_finger,7,0.022413771599531174,2.1725601982325315e-05,0.0006052201534727138,1,follower_left,left_finger_positive,0.5666666666666667,m
0.023050508899780296,positive,-0.31771835684776306,-0.01902022957801819,0.314497172832489,35,left_finger,7,0.022418515756726265,2.2331340005621314e-05,0.0006319931430540313,1,follower_left,left_finger_positive,0.5833333333333334,m
0.023082355264663696,positive,-0.3177182376384735,-0.01902019791305065,0.3144975006580353,36,left_finger,7,0.02242385968565941,2.2843247279524803e-05,0.0006584955790042875,1,follower_left,left_finger_positive,0.6,m
0.023114497925843396,positive,-0.31771835684776306,-0.01902025006711483,0.31449857354164124,37,left_finger,7,0.02242998778820038,2.3340500774793327e-05,0.0006845101376430178,1,follower_left,left_finger_positive,0.6166666666666667,m
0.02314690396150869,positive,-0.3177182376384735,-0.01902022585272789,0.3144988417625427,38,left_finger,7,0.022437185049057007,2.3887449060566723e-05,0.0007097189124516817,1,follower_left,left_finger_positive,0.6333333333333333,m
0.023179540449848882,positive,-0.3177182972431183,-0.01902022957801819,0.31449800729751587,39,left_finger,7,0.02244562655687332,2.440258685965091e-05,0.0007339138929755608,1,follower_left,left_finger_positive,0.65,m
0.023212374469053273,positive,-0.3177182376384735,-0.019020266830921173,0.31449782848358154,40,left_finger,7,0.022455304861068726,2.478716487530619e-05,0.0007570696079845472,1,follower_left,left_finger_positive,0.6666666666666666,m
0.02324537309731116,positive,-0.3177182674407959,-0.019020233303308487,0.3144981563091278,41,left_finger,7,0.022466229274868965,2.4889115593396127e-05,0.0007791438224421937,1,follower_left,left_finger_positive,0.6833333333333333,m
0.023278503412811846,positive,-0.3177182674407959,-0.019020266830921173,0.31449851393699646,42,left_finger,7,0.022478433325886726,2.87993170786649e-05,0.0008000700869251198,1,follower_left,left_finger_positive,0.7,m
0.02331173249374463,positive,-0.3177182972431183,-0.01902025379240513,0.3144982159137726,43,left_finger,7,0.02249183878302574,3.050232771784067e-05,0.0008198937107188886,1,follower_left,left_finger_positive,0.7166666666666667,m
0.023345027418298813,positive,-0.3177182674407959,-0.019020263105630875,0.31449806690216064,44,left_finger,7,0.02250633016228676,3.202742664143443e-05,0.0008386972560120547,1,follower_left,left_finger_positive,0.7333333333333333,m
0.023378355264663697,positive,-0.31771835684776306,-0.01902027055621147,0.31449824571609497,45,left_finger,7,0.02252177894115448,7.382320472970605e-05,0.0008565763235092172,1,follower_left,left_finger_positive,0.75,m
0.02341168311102858,positive,-0.3177183270454407,-0.019020317122340202,0.3144984245300293,46,left_finger,7,0.02253817208111286,0.00013196479994803667,0.0008735110299157196,1,follower_left,left_finger_positive,0.7666666666666667,m
0.023444978035582764,positive,-0.3177183270454407,-0.01902029663324356,0.3144981861114502,47,left_finger,7,0.022555451840162277,0.0001841453486122191,0.0008895261954204869,1,follower_left,left_finger_positive,0.7833333333333333,m
0.023478207116515548,positive,-0.3177182674407959,-0.019020341336727142,0.3144981265068054,48,left_finger,7,0.022573646157979965,0.0002338219783268869,0.0009045609585355829,1,follower_left,left_finger_positive,0.8,m
0.023511337432016235,positive,-0.3177182972431183,-0.019020376726984978,0.31449824571609497,49,left_finger,7,0.022593189030885696,0.000294573197606951,0.0009181484011305391,1,follower_left,left_finger_positive,0.8166666666666667,m
0.02354433606027412,positive,-0.31771835684776306,-0.019020378589630127,0.31449827551841736,50,left_finger,7,0.02261410281062126,0.0003510052338242531,0.0009302332496528599,1,follower_left,left_finger_positive,0.8333333333333334,m
0.023577170079478512,positive,-0.3177182674407959,-0.019020387902855873,0.3144981265068054,51,left_finger,7,0.022636158391833305,0.00039423408452421427,0.0009410116876452067,1,follower_left,left_finger_positive,0.85,m
0.023609806567818706,positive,-0.3177182376384735,-0.019020434468984604,0.3144981563091278,52,left_finger,7,0.022658992558717728,0.0004212812054902315,0.0009508140091009781,1,follower_left,left_finger_positive,0.8666666666666667,m
0.023642212603483998,positive,-0.3177183270454407,-0.019020438194274902,0.31449833512306213,53,left_finger,7,0.022682221606373787,0.0004329564981162548,0.0009599909971102112,1,follower_left,left_finger_positive,0.8833333333333333,m
0.0236743552646637,positive,-0.3177183270454407,-0.01902046799659729,0.31449833512306213,54,left_finger,7,0.022705530747771263,0.0004323890316300094,0.0009688245168924352,1,follower_left,left_finger_positive,0.9,m
0.023706201629547098,positive,-0.31771835684776306,-0.019020428881049156,0.3144981861114502,55,left_finger,7,0.022728698328137398,0.0004232442006468773,0.0009775033014097004,1,follower_left,left_finger_positive,0.9166666666666666,m
0.023737718776323507,positive,-0.3177182376384735,-0.019020499661564827,0.3144981861114502,56,left_finger,7,0.022751562297344208,0.0004088801797479391,0.0009861564789792991,1,follower_left,left_finger_positive,0.9333333333333333,m
0.023768873783182216,positive,-0.31771838665008545,-0.019020458683371544,0.31449824571609497,57,left_finger,7,0.022774042561650276,0.00039217708399519324,0.0009948312215319402,1,follower_left,left_finger_positive,0.95,m
0.023799633728312532,positive,-0.3177182674407959,-0.019020525738596916,0.31449827551841736,58,left_finger,7,0.02279612235724926,0.0003750384785234928,0.0010035113710632725,1,follower_left,left_finger_positive,0.9666666666666667,m
0.023829965689903754,positive,-0.3177182972431183,-0.019020486623048782,0.3144981563091278,59,left_finger,7,0.022817788645625114,0.0003584709484130144,0.0010121770442786393,1,follower_left,left_finger_positive,0.9833333333333333,m
0.02385983674614518,positive,-0.3177182674407959,-0.01902049034833908,0.3144981265068054,60,left_finger,7,0.022839076817035675,0.00034283119020983577,0.0010207599291095042,1,follower_left,left_finger_positive,1.0,m
0.02388921397522611,positive,-0.3177183270454407,-0.019020549952983856,0.31449830532073975,61,left_finger,7,0.022860009223222733,0.00032795919105410576,0.0010292047520033785,1,follower_left,left_finger_positive,1.0166666666666666,m
0.02391806445533585,positive,-0.3177182972431183,-0.019020484760403633,0.3144982159137726,62,left_finger,7,0.022880587726831436,0.00031353626400232315,0.0010374767285044155,1,follower_left,left_finger_positive,1.0333333333333334,m
0.023946355264663696,positive,-0.3177182674407959,-0.019020501524209976,0.31449806690216064,63,left_finger,7,0.022900816053152084,0.00029916956555098295,0.0010455392115116119,1,follower_left,left_finger_positive,1.05,m
0.02397405348139895,positive,-0.31771838665008545,-0.019020551815629005,0.31449824571609497,64,left_finger,7,0.022920697927474976,0.0002842762041836977,0.001053355553923975,1,follower_left,left_finger_positive,1.0666666666666667,m
0.024001126183730914,positive,-0.3177183270454407,-0.019020549952983856,0.3144981861114502,65,left_finger,7,0.02294021099805832,0.0002685717190615833,0.0010609151856725944,1,follower_left,left_finger_positive,1.0833333333333333,m
0.024027540449848884,positive,-0.3177182674407959,-0.01902056857943535,0.3144981861114502,66,left_finger,7,0.022959334775805473,0.00025187869323417544,0.0010682056740434105,1,follower_left,left_finger_positive,1.1,m
0.02405326335794216,positive,-0.31771835684776306,-0.019020531326532364,0.3144981265068054,67,left_finger,7,0.022978032007813454,0.00023399497149512172,0.0010752313501287067,1,follower_left,left_finger_positive,1.1166666666666667,m
0.02407826198620005,positive,-0.3177182972431183,-0.019020583480596542,0.31449824571609497,68,left_finger,7,0.022996332496404648,0.0002164410543628037,0.001081929489795401,1,follower_left,left_finger_positive,1.1333333333333333,m
0.024102503412811845,positive,-0.31771838665008545,-0.019020577892661095,0.31449824571609497,69,left_finger,7,0.02301446907222271,0.00020627491176128387,0.001088034340589135,1,follower_left,left_finger_positive,1.15,m
0.024125954715966853,positive,-0.3177182972431183,-0.019020574167370796,0.3144981563091278,70,left_finger,7,0.0230324175208807,0.00019381847232580185,0.0010935371950861542,1,follower_left,left_finger_positive,1.1666666666666667,m
0.02414858297385437,positive,-0.3177182972431183,-0.019020570442080498,0.3144981563091278,71,left_finger,7,0.023050135001540184,0.00017852126620709896,0.0010984479723141864,1,follower_left,left_finger_positive,1.1833333333333333,m
0.024170355264663698,positive,-0.3177182376384735,-0.01902061328291893,0.3144982159137726,72,left_finger,7,0.023067578673362732,0.0001604913268238306,0.0011027765913009663,1,follower_left,left_finger_positive,1.2,m
0.02419123866658414,positive,-0.31771835684776306,-0.01902058534324169,0.31449824571609497,73,left_finger,7,0.023084696382284164,0.00013989274157211185,0.0011065422842999745,1,follower_left,left_finger_positive,1.2166666666666666,m
0.024211200257804988,positive,-0.3177182376384735,-0.01902063749730587,0.3144982159137726,74,left_finger,7,0.023101452738046646,0.00011693808482959867,0.0011097475197583417,1,follower_left,left_finger_positive,1.2333333333333334,m
0.02423020711651555,positive,-0.31771835684776306,-0.01902058720588684,0.3144982159137726,75,left_finger,7,0.023117808625102043,9.148841490969062e-05,0.0011123984914135077,1,follower_left,left_finger_positive,1.25,m
0.024248226320905123,positive,-0.3177182972431183,-0.01902061328291893,0.31449827551841736,76,left_finger,7,0.02313373237848282,6.399943958967924e-05,0.0011144939424223045,1,follower_left,left_finger_positive,1.2666666666666666,m
0.02426522494916301,positive,-0.31771838665008545,-0.01902059093117714,0.31449824571609497,77,left_finger,7,0.02314917929470539,3.4374184906482697e-05,0.0011160456544576196,1,follower_left,left_finger_positive,1.2833333333333334,m
0.024281170079478512,positive,-0.3177182972431183,-0.019020579755306244,0.3144981563091278,78,left_finger,7,0.02316412515938282,3.184494562447071e-05,0.0011170449200956917,1,follower_left,left_finger_positive,1.3,m
0.024296028790040926,positive,-0.3177182972431183,-0.019020602107048035,0.3144981563091278,79,left_finger,7,0.023178597912192345,3.1145347747951746e-05,0.0011174308778485811,1,follower_left,left_finger_positive,1.3166666666666667,m
0.024309768159039555,positive,-0.3177182078361511,-0.019020630046725273,0.31449824571609497,80,left_finger,7,0.02319256216287613,3.040058072656393e-05,0.0011172059961634256,1,follower_left,left_finger_positive,1.3333333333333333,m
0.024322355264663698,positive,-0.31771838665008545,-0.01902059279382229,0.31449824571609497,81,left_finger,7,0.023205986246466637,2.9611954232677817e-05,0.001116369018197061,1,follower_left,left_finger_positive,1.35,m
0.024333757185102656,positive,-0.3177182376384735,-0.019020630046725273,0.3144981861114502,82,left_finger,7,0.023218858987092972,2.9033981263637543e-05,0.0011148981980096846,1,follower_left,left_finger_positive,1.3666666666666667,m
0.024343940998545727,positive,-0.31771838665008545,-0.019020607694983482,0.3144981563091278,83,left_finger,7,0.02323116734623909,2.8912967536598444e-05,0.0011127736523066367,1,follower_left,left_finger_positive,1.3833333333333333,m
0.024352873783182218,positive,-0.3177182376384735,-0.019020628184080124,0.3144981861114502,84,left_finger,7,0.023242933675646782,2.8860580641776323e-05,0.0011099401075354356,1,follower_left,left_finger_positive,1.4,m
0.02436052261720142,positive,-0.31771838665008545,-0.01902061142027378,0.31449824571609497,85,left_finger,7,0.02325415425002575,2.883147681131959e-05,0.0011063683671756717,1,follower_left,left_finger_positive,1.4166666666666667,m
0.024366854578792643,positive,-0.3177182376384735,-0.01902063749730587,0.3144981861114502,86,left_finger,7,0.023264821618795395,2.8805487090721726e-05,0.0011020329599972477,1,follower_left,left_finger_positive,1.4333333333333333,m
0.02437183674614518,positive,-0.31771838665008545,-0.019020598381757736,0.31449824571609497,87,left_finger,7,0.023274922743439674,2.8782087611034513e-05,0.0010969140027055069,1,follower_left,left_finger_positive,1.45,m
0.024375436197448336,positive,-0.3177182674407959,-0.019020607694983482,0.3144981861114502,88,left_finger,7,0.02328445017337799,2.875752397812903e-05,0.001090986024070345,1,follower_left,left_finger_positive,1.4666666666666666,m
0.02437762001089141,positive,-0.31771835684776306,-0.01902060955762863,0.3144981861114502,89,left_finger,7,0.023293403908610344,2.8731563361361623e-05,0.0010842161022810645,1,follower_left,left_finger_positive,1.4833333333333334,m
0.024378355264663698,positive,-0.31771835684776306,-0.019020630046725273,0.31449827551841736,90,left_finger,7,0.02330183982849121,2.8702430427074432e-05,0.0010765154361724871,1,follower_left,left_finger_positive,1.5,m
