command_target,direction,end_effector_x_m,end_effector_y_m,end_effector_z_m,frame,joint,joint_index,joint_readback,joint_velocity,position_error,repeat,robot,test,time_s,unit
-5.730042961549522e-05,negative,0.31769856810569763,-0.018975635990500454,0.3138662278652191,1,waist,0,2.370571564824786e-06,-0.0008575750980526209,-5.967100118032001e-05,0,follower_right,waist_negative,0.016666666666666666,rad
-0.00027184089600781344,negative,0.3177040219306946,-0.018963135778903965,0.3143137991428375,2,waist,0,-6.730501627316698e-05,-0.0006846296600997448,-0.00020453587973464645,0,follower_right,waist_negative,0.03333333333333333,rad
-0.0006213607862684445,negative,0.3177006244659424,-0.018944650888442997,0.3146848678588867,3,waist,0,-0.0002094072988256812,-0.0012240223586559296,-0.0004119534874427633,0,follower_right,waist_negative,0.05,rad
-0.0010992757382574708,negative,0.31772810220718384,-0.01891027204692364,0.31444838643074036,4,waist,0,-0.00044055114267393947,-0.0021475497633218765,-0.0006587245955835313,0,follower_right,waist_negative,0.06666666666666667,rad
-0.0016990013898349737,negative,0.317704975605011,-0.018859915435314182,0.31437385082244873,5,waist,0,-0.0007696520769968629,-0.0029928945004940033,-0.0009293493128381108,0,follower_right,waist_negative,0.08333333333333333,rad
-0.0024139533788610375,negative,0.3177230954170227,-0.018729364499449733,0.31448617577552795,6,waist,0,-0.001629199250601232,-0.0035901572555303574,-0.0007847541282598055,0,follower_right,waist_negative,0.1,rad
-0.0032375473431957426,negative,0.31771600246429443,-0.018609786406159404,0.31458374857902527,7,waist,0,-0.002422093413770199,-0.0037226099520921707,-0.0008154539294255437,0,follower_right,waist_negative,0.11666666666666667,rad
-0.004163198920699172,negative,0.3177230954170227,-0.018454506993293766,0.31452274322509766,8,waist,0,-0.0034488539677113295,-0.003989133983850479,-0.0007143449529878427,0,follower_right,waist_negative,0.13333333333333333,rad
-0.005184323749231409,negative,0.31771668791770935,-0.01830062083899975,0.31443923711776733,9,waist,0,-0.004462739452719688,-0.004183676093816757,-0.0007215842965117205,0,follower_right,waist_negative,0.15,rad
-0.006294337466652532,negative,0.31772100925445557,-0.018120191991329197,0.3144691288471222,10,waist,0,-0.005650382023304701,-0.0046376194804906845,-0.0006439554433478314,0,follower_right,waist_negative,0.16666666666666666,rad
-0.007486655710822628,negative,0.31772133708000183,-0.01793928258121014,0.3145316541194916,11,waist,0,-0.006844035815447569,-0.0048804087564349174,-0.0006426198953750593,0,follower_right,waist_negative,0.18333333333333332,rad
-0.008754694119601778,negative,0.31772473454475403,-0.017738234251737598,0.314528226852417,12,waist,0,-0.008171494118869305,-0.00542978011071682,-0.0005832000007324738,0,follower_right,waist_negative,0.2,rad
-0.010091868330850063,negative,0.31772470474243164,-0.01753437146544457,0.3144778609275818,13,waist,0,-0.009514650329947472,-0.005778087303042412,-0.0005772180009025914,0,follower_right,waist_negative,0.21666666666666667,rad
-0.011491593982427568,negative,0.3177270293235779,-0.017314946278929714,0.3144737780094147,14,waist,0,-0.010960289277136326,-0.006647693924605846,-0.0005313047052912419,0,follower_right,waist_negative,0.23333333333333334,rad
-0.01294728671219437,negative,0.31773003935813904,-0.017092986032366756,0.3145056962966919,15,waist,0,-0.012423301115632057,-0.007303589954972267,-0.0005239855965623128,0,follower_right,waist_negative,0.25,rad
-0.014452362158010558,negative,0.31773367524147034,-0.016859646886587146,0.31451931595802307,16,waist,0,-0.013961619697511196,-0.00895676389336586,-0.0004907424604993615,0,follower_right,waist_negative,0.26666666666666666,rad
-0.016000235957736208,negative,0.317736953496933,-0.01662389934062958,0.3144954442977905,17,waist,0,-0.015516324900090694,-0.009319380857050419,-0.0004839110576455134,0,follower_right,waist_negative,0.2833333333333333,rad
-0.017584323749231412,negative,0.3177403211593628,-0.01637983322143555,0.31448355317115784,18,waist,0,-0.017123783007264137,-0.010588221251964569,-0.0004605407419672747,0,follower_right,waist_negative,0.3,rad
-0.019198041170356235,negative,0.317745178937912,-0.016134275123476986,0.31449562311172485,19,waist,0,-0.018742382526397705,-0.01094145979732275,-0.00045565864395853,0,follower_right,waist_negative,0.31666666666666665,rad
-0.02083480385897078,negative,0.31775009632110596,-0.015883713960647586,0.31450948119163513,20,waist,0,-0.020393164828419685,-0.01168209407478571,-0.0004416390305510935,0,follower_right,waist_negative,0.3333333333333333,rad
-0.022488027452935114,negative,0.3177557587623596,-0.015632776543498043,0.3145013451576233,21,waist,0,-0.02204771898686886,-0.011875118128955364,-0.0004403084660662554,0,follower_right,waist_negative,0.35,rad
-0.02415112759010932,negative,0.31776103377342224,-0.015379427000880243,0.31449103355407715,22,waist,0,-0.023717446252703667,-0.012207841500639915,-0.00043368133740565376,0,follower_right,waist_negative,0.36666666666666664,rad
-0.025817519908353487,negative,0.31776750087738037,-0.01512710750102997,0.3144935369491577,23,waist,0,-0.025381041690707207,-0.012003470212221146,-0.00043647821764628003,0,follower_right,waist_negative,0.38333333333333336,rad
-0.027480620045527704,negative,0.31777411699295044,-0.014874923974275592,0.31450265645980835,24,waist,0,-0.027042964473366737,-0.012256549671292305,-0.0004376555721609665,0,follower_right,waist_negative,0.4,rad
-0.029133843639492042,negative,0.31778132915496826,-0.014625165611505512,0.314502090215683,25,waist,0,-0.028689144179224968,-0.01186360977590084,-0.00044469946026707424,0,follower_right,waist_negative,0.4166666666666667,rad
-0.030770606328106576,negative,0.3177884817123413,-0.01437812298536301,0.3144957721233368,26,waist,0,-0.030317364260554314,-0.011891023255884647,-0.00045324206755226193,0,follower_right,waist_negative,0.43333333333333335,rad
-0.03238432374923141,negative,0.3177960515022278,-0.01413516886532307,0.31449446082115173,27,waist,0,-0.031919121742248535,-0.011467867530882359,-0.00046520200698287745,0,follower_right,waist_negative,0.45,rad
-0.033968411540726606,negative,0.31780385971069336,-0.013897131197154525,0.31449899077415466,28,waist,0,-0.033488571643829346,-0.011078334413468838,-0.0004798398968972606,0,follower_right,waist_negative,0.4666666666666667,rad
-0.035516285340452265,negative,0.3178119659423828,-0.013664982281625274,0.3145007789134979,29,waist,0,-0.0350189208984375,-0.010341833345592022,-0.0004973644420147652,0,follower_right,waist_negative,0.48333333333333334,rad
-0.03702136078626844,negative,0.31782007217407227,-0.013439725153148178,0.3144979774951935,30,waist,0,-0.03650372847914696,-0.009375222027301788,-0.000517632307121485,0,follower_right,waist_negative,0.5,rad
-0.03847705351603525,negative,0.31782811880111694,-0.013222457841038707,0.3144959807395935,31,waist,0,-0.03793580085039139,-0.0083690220490098,-0.0005412526656438654,0,follower_right,waist_negative,0.5166666666666667,rad
-0.03987677916761276,negative,0.31783610582351685,-0.013014137744903568,0.3144977390766144,32,waist,0,-0.03930950164794922,-0.007425702176988125,-0.0005672775196635393,0,follower_right,waist_negative,0.5333333333333333,rad
-0.04121395337886104,negative,0.3178442716598511,-0.0128158163279295,0.3144995868206024,33,waist,0,-0.040617093443870544,-0.0071918899193406105,-0.000596859934990493,0,follower_right,waist_negative,0.55,rad
-0.042481991787640186,negative,0.31785205006599426,-0.012628273107111457,0.3144984841346741,34,waist,0,-0.04185360670089722,-0.006886670365929604,-0.0006283850867429691,0,follower_right,waist_negative,0.5666666666666667,rad
-0.043674310031810284,negative,0.3178594410419464,-0.012452632188797,0.31449711322784424,35,waist,0,-0.04301108419895172,-0.006503974087536335,-0.0006632258328585633,0,follower_right,waist_negative,0.5833333333333334,rad
-0.044784323749231414,negative,0.31786656379699707,-0.01228992082178593,0.3144974708557129,36,waist,0,-0.04408368468284607,-0.006239208392798901,-0.0007006390663853446,0,follower_right,waist_negative,0.6,rad
-0.04580544857776364,negative,0.3178732991218567,-0.012140967883169655,0.31449878215789795,37,waist,0,-0.04506563022732735,-0.006005032919347286,-0.0007398183504362943,0,follower_right,waist_negative,0.6166666666666667,rad
-0.046731100155267075,negative,0.31787943840026855,-0.01200700365006924,0.31449857354164124,38,waist,0,-0.04594872519373894,-0.005780637264251709,-0.0007823749615281372,0,follower_right,waist_negative,0.6333333333333333,rad
-0.04755469411960178,negative,0.31788498163223267,-0.011888401582837108,0.31449782848358154,39,waist,0,-0.046730250120162964,-0.005518651567399502,-0.0008244439994388175,0,follower_right,waist_negative,0.65,rad
-0.04826964610862784,negative,0.3178897798061371,-0.011786302551627163,0.3144975006580353,40,waist,0,-0.04740258306264877,-0.005191604606807232,-0.000867063045979069,0,follower_right,waist_negative,0.6666666666666666,rad
-0.048869371760205345,negative,0.3178938031196594,-0.011701308190822605,0.3144984543323517,41,waist,0,-0.047961704432964325,-0.00479562021791935,-0.0009076673272410199,0,follower_right,waist_negative,0.6833333333333333,rad
-0.04934728671219438,negative,0.3178972005844116,-0.011633640155196193,0.3144986033439636,42,waist,0,-0.04840681701898575,-0.004362616688013077,-0.0009404696932086287,0,follower_right,waist_negative,0.7,rad
-0.049696806602455006,negative,0.31789976358413696,-0.011580894701182846,0.3144979774951935,43,waist,0,-0.04875357821583748,-0.004022578708827496,-0.000943228386617527,0,follower_right,waist_negative,0.7166666666666667,rad
-0.049911347068847325,negative,0.3179020583629608,-0.011534880846738819,0.31449782848358154,44,waist,0,-0.049055907875299454,-0.0037085851654410362,-0.0008554391935478717,0,follower_right,waist_negative,0.7333333333333333,rad
-0.04998432374923141,negative,0.31790393590927124,-0.011498162522912029,0.3144981563091278,45,waist,0,-0.04929758608341217,-0.0031919674947857857,-0.0006867376658192398,0,follower_right,waist_negative,0.75,rad
8.865293115268038e-05,positive,0.3176986575126648,-0.018981428816914562,0.31386637687683105,1,waist,0,4.089492722414434e-05,-0.0005378899513743818,4.7758003928536044e-05,0,follower_right,waist_positive,0.016666666666666666,rad
0.0003031933975449986,positive,0.3177039325237274,-0.018990483134984974,0.3143140375614166,2,waist,0,0.0001129350348492153,0.0005167843773961067,0.0001902583626957833,0,follower_right,waist_positive,0.03333333333333333,rad
0.0006527132878056297,positive,0.3177006244659424,-0.0190157312899828,0.31468501687049866,3,waist,0,0.00025990200811065733,0.0011721309274435043,0.00039281127969497233,0,follower_right,waist_positive,0.05,rad
0.001130628239794656,positive,0.31772810220718384,-0.019051991403102878,0.3144484758377075,4,waist,0,0.0004942020168527961,0.0016864771023392677,0.0006364262229418599,0,follower_right,waist_positive,0.06666666666666667,rad
0.0017303538913721588,positive,0.3177050054073334,-0.019103838130831722,0.3143738806247711,5,waist,0,0.0008393411408178508,0.0023795748129487038,0.000891012750554308,0,follower_right,waist_positive,0.08333333333333333,rad
0.0024453058803982227,positive,0.3177233338356018,-0.01923218555748463,0.3144861161708832,6,waist,0,0.0016870169201865792,0.003026154823601246,0.0007582889602116435,0,follower_right,waist_positive,0.1,rad
0.0032688998447329277,positive,0.31771621108055115,-0.01935570687055588,0.3145838677883148,7,waist,0,0.0024966136552393436,0.003208874724805355,0.0007722861894935841,0,follower_right,waist_positive,0.11666666666666667,rad
0.004194551422236357,positive,0.3177233636379242,-0.019508374854922298,0.31452280282974243,8,waist,0,0.003500456688925624,0.0033689960837364197,0.0006940947333107335,0,follower_right,waist_positive,0.13333333333333333,rad
0.005215676250768594,positive,0.3177168667316437,-0.019665401428937915,0.3144392967224121,9,waist,0,0.004536118358373642,0.0034973034635186195,0.0006795578923949521,0,follower_right,waist_positive,0.15,rad
0.006325689968189717,positive,0.3177212178707123,-0.019841441884636882,0.3144693076610565,10,waist,0,0.0056989300064742565,0.003679228015244007,0.0006267599617154609,0,follower_right,waist_positive,0.16666666666666666,rad
0.007518008212359813,positive,0.3177213668823242,-0.020025800913572315,0.3145316243171692,11,waist,0,0.0069133928045630455,0.00390066672116518,0.0006046154077967679,0,follower_right,waist_positive,0.18333333333333332,rad
0.008786046621138964,positive,0.31772491335868835,-0.020224511623382572,0.3145284056663513,12,waist,0,0.00822113361209631,0.00409405492246151,0.000564913009042654,0,follower_right,waist_positive,0.2,rad
0.010123220832387248,positive,0.3177247941493988,-0.02043084986507893,0.314477801322937,13,waist,0,0.009581741876900196,0.004303945694118738,0.0005414789554870521,0,follower_right,waist_positive,0.21666666666666667,rad
0.011522946483964753,positive,0.3177269995212555,-0.020647337660193447,0.3144742250442505,14,waist,0,0.011010203510522842,0.0045266300439834595,0.0005127429734419105,0,follower_right,waist_positive,0.23333333333333334,rad
0.012978639213731555,positive,0.31772997975349426,-0.02087139524519444,0.31450584530830383,15,waist,0,0.012486549094319344,0.004739480093121529,0.0004920901194122116,0,follower_right,waist_positive,0.25,rad
0.014483714659547743,positive,0.3177335262298584,-0.021103018894791607,0.3145195245742798,16,waist,0,0.014012669213116169,0.004949405323714018,0.0004710454464315738,0,follower_right,waist_positive,0.26666666666666666,rad
0.016031588459273393,positive,0.3177369236946106,-0.021340582519769672,0.3144955635070801,17,waist,0,0.01557763572782278,0.005160677246749401,0.0004539527314506124,0,follower_right,waist_positive,0.2833333333333333,rad
0.017615676250768597,positive,0.3177400827407837,-0.021582923829555515,0.3144838809967041,18,waist,0,0.01717587746679783,0.00544443354010582,0.00043979878397076844,0,follower_right,waist_positive,0.3,rad
0.01922939367189342,positive,0.31774500012397766,-0.02182942256331444,0.31449583172798157,19,waist,0,0.018801257014274597,0.005709188058972359,0.0004281366576188231,0,follower_right,waist_positive,0.31666666666666665,rad
0.020866156360507964,positive,0.3177497982978821,-0.022079132497310642,0.314509779214859,20,waist,0,0.020446280017495155,0.005918406881392002,0.0004198763430128087,0,follower_right,waist_positive,0.3333333333333333,rad
0.0225193799544723,positive,0.3177555203437805,-0.022330969572067264,0.31450164318084717,21,waist,0,0.022105764597654343,0.006084868218749762,0.00041361535681795625,0,follower_right,waist_positive,0.35,rad
0.024182480091646506,positive,0.317760705947876,-0.022583657875657085,0.3144916594028473,22,waist,0,0.02377132698893547,0.006213491782546043,0.00041115310271103503,0,follower_right,waist_positive,0.36666666666666664,rad
0.025848872409890672,positive,0.3177669942378998,-0.022836474701762203,0.314493864774704,23,waist,0,0.0254377331584692,0.006338362582027912,0.0004111392514214718,0,follower_right,waist_positive,0.38333333333333336,rad
0.02751197254706489,positive,0.3177734911441803,-0.023088222369551662,0.3145029842853546,24,waist,0,0.02709764987230301,0.006422498729079962,0.00041432267476188,0,follower_right,waist_positive,0.4,rad
0.029165196141029227,positive,0.3177807629108429,-0.02333818376064301,0.3145022988319397,25,waist,0,0.028744906187057495,0.006516205612570047,0.00042028995397173224,0,follower_right,waist_positive,0.4166666666666667,rad
0.03080195882964376,positive,0.317787766456604,-0.023585118353366855,0.31449630856513977,26,waist,0,0.030372759327292442,0.006525441072881222,0.00042919950235131843,0,follower_right,waist_positive,0.43333333333333335,rad
0.0324156762507686,positive,0.3177952766418457,-0.023828143253922466,0.3144949972629547,27,waist,0,0.031974926590919495,0.006473608780652285,0.00044074965984910314,0,follower_right,waist_positive,0.45,rad
0.03399976404226379,positive,0.3178030252456665,-0.024066140875220302,0.3144994378089905,28,waist,0,0.03354404866695404,0.006416960619390011,0.0004557153753097509,0,follower_right,waist_positive,0.4666666666666667,rad
0.03554763784198945,positive,0.31781113147735596,-0.024298293516039852,0.3145011365413666,29,waist,0,0.035074759274721146,0.006382116582244635,0.00047287856726830474,0,follower_right,waist_positive,0.48333333333333334,rad
0.03705271328780563,positive,0.31781911849975586,-0.024523638188838962,0.31449827551841736,30,waist,0,0.036559876054525375,0.006344236899167299,0.0004928372332802522,0,follower_right,waist_positive,0.5,rad
0.03850840601757244,positive,0.31782716512680054,-0.02474099770188332,0.3144964277744293,31,waist,0,0.037992753088474274,0.006294869352132082,0.0005156529290981648,0,follower_right,waist_positive,0.5166666666666667,rad
0.03990813166914994,positive,0.3178350329399109,-0.02494936622679234,0.31449806690216064,32,waist,0,0.03936656937003136,0.006277842912822962,0.0005415622991185864,0,follower_right,waist_positive,0.5333333333333333,rad
0.04124530588039822,positive,0.3178431987762451,-0.025147933512926105,0.3144998550415039,33,waist,0,0.040675386786460876,0.006214074324816465,0.0005699190939373461,0,follower_right,waist_positive,0.55,rad
0.04251334428917737,positive,0.31785082817077637,-0.025335440412163738,0.3144989013671875,34,waist,0,0.041912030428647995,0.0061119371093809605,0.0006013138605293761,0,follower_right,waist_positive,0.5666666666666667,rad
0.04370566253334747,positive,0.3178582191467285,-0.025511436164379123,0.3144974410533905,35,waist,0,0.04307163134217262,0.005988936871290207,0.000634031191174847,0,follower_right,waist_positive,0.5833333333333334,rad
0.0448156762507686,positive,0.3178652822971344,-0.02567430026829243,0.31449776887893677,36,waist,0,0.04414539039134979,0.0058732847683131695,0.0006702858594188066,0,follower_right,waist_positive,0.6,rad
0.045836801079300826,positive,0.31787192821502686,-0.025823613628745083,0.3144989013671875,37,waist,0,0.04512898996472359,0.005672108847647905,0.0007078111145772392,0,follower_right,waist_positive,0.6166666666666667,rad
0.04676245265680426,positive,0.31787803769111633,-0.02595789358019829,0.3144987225532532,38,waist,0,0.046014897525310516,0.0054525407031178474,0.0007475551314937434,0,follower_right,waist_positive,0.6333333333333333,rad
0.04758604662113897,positive,0.3178834915161133,-0.026076903566718105,0.3144979178905487,39,waist,0,0.04679807275533676,0.005189115181565285,0.0007879738658022051,0,follower_right,waist_positive,0.65,rad
0.04830099861016503,positive,0.3178882598876953,-0.026179241016507152,0.3144978880882263,40,waist,0,0.04747258871793747,0.0048342375084757805,0.0008284098922275579,0,follower_right,waist_positive,0.6666666666666666,rad
0.04890072426174253,positive,0.3178923726081848,-0.026264708489179615,0.3144984841346741,41,waist,0,0.04803486913442612,0.004424002952873707,0.0008658551273164131,0,follower_right,waist_positive,0.6833333333333333,rad
0.04937863921373156,positive,0.3178955614566803,-0.026333134621381763,0.31449854373931885,42,waist,0,0.04848455265164375,0.003993002697825432,0.0008940865620878091,0,follower_right,waist_positive,0.7,rad
0.04972815910399219,positive,0.31789812445640564,-0.02638654410839081,0.31449800729751587,43,waist,0,0.04883573576807976,0.0036725522950291634,0.0008924233359124331,0,follower_right,waist_positive,0.7166666666666667,rad
0.04994269957038451,positive,0.3179003596305847,-0.02643181942403317,0.31449806690216064,44,waist,0,0.04913317784667015,0.003285338170826435,0.0008095217237143598,0,follower_right,waist_positive,0.7333333333333333,rad
0.050015676250768595,positive,0.31790217757225037,-0.026467980816960338,0.3144983649253845,45,waist,0,0.04937101900577545,0.0028110360726714134,0.0006446572449931437,0,follower_right,waist_positive,0.75,rad
-0.9600234833675484,negative,0.31770309805870056,-0.018977809697389606,0.3138684928417206,1,shoulder,1,-0.9598225951194763,0.1407487839460373,-0.00020088824807207306,0,follower_right,shoulder_negative,0.016666666666666666,rad
-0.9602380238339407,negative,0.3177308440208435,-0.018975654616951946,0.31434059143066406,2,shoulder,1,-0.960120677947998,-0.0021137604489922523,-0.00011734588594269901,0,follower_right,shoulder_negative,0.03333333333333333,rad
-0.9605875437242013,negative,0.3178269863128662,-0.01897850260138512,0.3147830665111542,3,shoulder,1,-0.9607943296432495,0.07188323140144348,0.00020678591904821353,0,follower_right,shoulder_negative,0.05,rad
-0.9610654586761904,negative,0.3179246783256531,-0.018979331478476528,0.31465229392051697,4,shoulder,1,-0.9611178636550903,0.03474096208810806,5.240497889991147e-05,0,follower_right,shoulder_negative,0.06666666666666667,rad
-0.9616651843277678,negative,0.3180154263973236,-0.018979048356413845,0.31466376781463623,5,shoulder,1,-0.9617248177528381,0.06437797844409943,5.963342507031566e-05,0,follower_right,shoulder_negative,0.08333333333333333,rad
-0.962380136316794,negative,0.3181443512439728,-0.018978806212544445,0.31486091017723083,6,shoulder,1,-0.9624885320663452,0.023512322455644608,0.00010839574955123776,0,follower_right,shoulder_negative,0.1,rad
-0.9632037302811286,negative,0.3182971775531769,-0.018979379907250408,0.3150861859321594,7,shoulder,1,-0.96341472864151,0.05457795411348343,0.00021099836038140918,0,follower_right,shoulder_negative,0.11666666666666667,rad
-0.9641293818586321,negative,0.3184478282928467,-0.01897983253002167,0.31517747044563293,8,shoulder,1,-0.9642868041992188,0.03817171975970268,0.00015742234058668814,0,follower_right,shoulder_negative,0.13333333333333333,rad
-0.9651505066871643,negative,0.31862813234329224,-0.018979802727699283,0.31525954604148865,9,shoulder,1,-0.9653525948524475,0.05524403229355812,0.0002020881652832207,0,follower_right,shoulder_negative,0.15,rad
-0.9662605204045854,negative,0.31881073117256165,-0.018979562446475032,0.3154449462890625,10,shoulder,1,-0.9664605855941772,0.03725768253207207,0.00020006518959181374,0,follower_right,shoulder_negative,0.16666666666666666,rad
-0.9674528386487555,negative,0.31902462244033813,-0.018979722633957866,0.3156762719154358,11,shoulder,1,-0.9677367210388184,0.04879200831055641,0.00028388239006282845,0,follower_right,shoulder_negative,0.18333333333333332,rad
-0.9687208770575347,negative,0.31923699378967285,-0.018979938700795177,0.3158670961856842,12,shoulder,1,-0.9689890146255493,0.04255256801843643,0.00026813756801458144,0,follower_right,shoulder_negative,0.2,rad
-0.970058051268783,negative,0.3194696009159088,-0.018979985266923908,0.3160380423069,13,shoulder,1,-0.9703609943389893,0.05094021186232567,0.0003029430702062852,0,follower_right,shoulder_negative,0.21666666666666667,rad
-0.9714577769203605,negative,0.31970536708831787,-0.01897995732724667,0.3162403702735901,14,shoulder,1,-0.9717620611190796,0.044356465339660645,0.00030428419871908474,0,follower_right,shoulder_negative,0.23333333333333334,rad
-0.9729134696501273,negative,0.31995517015457153,-0.01898002624511719,0.31647688150405884,15,shoulder,1,-0.9732470512390137,0.05020594596862793,0.0003335815888864113,0,follower_right,shoulder_negative,0.25,rad
-0.9744185450959435,negative,0.32021182775497437,-0.018979996442794803,0.3167096674442291,16,shoulder,1,-0.974761426448822,0.046621184796094894,0.0003428813528785213,0,follower_right,shoulder_negative,0.26666666666666666,rad
-0.9759664188956692,negative,0.3204794228076935,-0.0189801286906004,0.3169334828853607,17,shoulder,1,-0.9763357043266296,0.0504504069685936,0.0003692854309604865,0,follower_right,shoulder_negative,0.2833333333333333,rad
-0.9775505066871644,negative,0.32074791193008423,-0.01898005604743958,0.3171652853488922,18,shoulder,1,-0.9779176712036133,0.048594485968351364,0.00036716451644891457,0,follower_right,shoulder_negative,0.3,rad
-0.9791642241082892,negative,0.32102465629577637,-0.018980138003826145,0.31740936636924744,19,shoulder,1,-0.9795470237731934,0.05143105611205101,0.0003827996649041765,0,follower_right,shoulder_negative,0.31666666666666665,rad
-0.9808009867969036,negative,0.3213033080101013,-0.018980210646986965,0.3176550269126892,20,shoulder,1,-0.9811828136444092,0.05065399408340454,0.00038182684750553975,0,follower_right,shoulder_negative,0.3333333333333333,rad
-0.982454210390868,negative,0.3215871751308441,-0.018980178982019428,0.3178986608982086,21,shoulder,1,-0.9828453063964844,0.05270199105143547,0.0003910960056163759,0,follower_right,shoulder_negative,0.35,rad
-0.9841173105280422,negative,0.3218710124492645,-0.018980130553245548,0.31814277172088623,22,shoulder,1,-0.9845060706138611,0.052166640758514404,0.00038876008581889554,0,follower_right,shoulder_negative,0.36666666666666664,rad
-0.9857837028462864,negative,0.32215696573257446,-0.018980240449309353,0.3183898627758026,23,shoulder,1,-0.986177384853363,0.05335558205842972,0.0003936820070766789,0,follower_right,shoulder_negative,0.38333333333333336,rad
-0.9874468029834607,negative,0.32244181632995605,-0.018980257213115696,0.31863653659820557,24,shoulder,1,-0.9878381490707397,0.05297039821743965,0.0003913460872790875,0,follower_right,shoulder_negative,0.4,rad
-0.989100026577425,negative,0.3227258324623108,-0.01898021996021271,0.3188803791999817,25,shoulder,1,-0.9894922971725464,0.053680580109357834,0.00039227059512136897,0,follower_right,shoulder_negative,0.4166666666666667,rad
-0.9907367892660395,negative,0.3230067789554596,-0.018980359658598903,0.3191206455230713,26,shoulder,1,-0.9911247491836548,0.053280383348464966,0.00038795991761531035,0,follower_right,shoulder_negative,0.43333333333333335,rad
-0.9923505066871643,negative,0.3232845067977905,-0.018980257213115696,0.3193580210208893,27,shoulder,1,-0.9927361011505127,0.053477607667446136,0.0003855944633484043,0,follower_right,shoulder_negative,0.45,rad
-0.9939345944786595,negative,0.32355570793151855,-0.018980309367179874,0.3195909857749939,28,shoulder,1,-0.9943079352378845,0.05372548848390579,0.00037334075922501597,0,follower_right,shoulder_negative,0.4666666666666667,rad
-0.9954824682783852,negative,0.3238201141357422,-0.0189803671091795,0.3198164999485016,29,shoulder,1,-0.995837926864624,0.0550798662006855,0.00035545858623886595,0,follower_right,shoulder_negative,0.48333333333333334,rad
-0.9969875437242014,negative,0.32407858967781067,-0.018980335444211963,0.320033460855484,30,shoulder,1,-0.9973305463790894,0.05478160083293915,0.00034300265488795834,0,follower_right,shoulder_negative,0.5,rad
-0.9984432364539682,negative,0.324329674243927,-0.01898031681776047,0.3202454149723053,31,shoulder,1,-0.998779296875,0.054383113980293274,0.0003360604210318474,0,follower_right,shoulder_negative,0.5166666666666667,rad
-0.9998429621055457,negative,0.3245692551136017,-0.018980339169502262,0.32045167684555054,32,shoulder,1,-1.0001585483551025,0.05478062853217125,0.000315586249556854,0,follower_right,shoulder_negative,0.5333333333333333,rad
-1.001180136316794,negative,0.324797660112381,-0.018980355933308605,0.3206460475921631,33,shoulder,1,-1.0014721155166626,0.05573359504342079,0.0002919791998685639,0,follower_right,shoulder_negative,0.55,rad
-1.0024481747255731,negative,0.3250166177749634,-0.01898039504885674,0.32082703709602356,34,shoulder,1,-1.0027289390563965,0.0549100898206234,0.0002807643308233576,0,follower_right,shoulder_negative,0.5666666666666667,rad
-1.0036404929697431,negative,0.3252180516719818,-0.01898043788969517,0.3209989368915558,35,shoulder,1,-1.003883719444275,0.05665295198559761,0.00024322647453178803,0,follower_right,shoulder_negative,0.5833333333333334,rad
-1.0047505066871643,negative,0.3254086673259735,-0.018980352208018306,0.3211592733860016,36,shoulder,1,-1.0049763917922974,0.05608990788459778,0.00022588510513310567,0,follower_right,shoulder_negative,0.6,rad
-1.0057716315156966,negative,0.3255827724933624,-0.0189803671091795,0.32130545377731323,37,shoulder,1,-1.0059728622436523,0.05706331878900528,0.00020123072795574792,0,follower_right,shoulder_negative,0.6166666666666667,rad
-1.0066972830932,negative,0.3257393538951874,-0.018980396911501888,0.321438193321228,38,shoulder,1,-1.0068684816360474,0.05759555846452713,0.0001711985428474172,0,follower_right,shoulder_negative,0.6333333333333333,rad
-1.0075208770575348,negative,0.32587796449661255,-0.01898041181266308,0.32155483961105347,39,shoulder,1,-1.0076608657836914,0.05863222852349281,0.00013998872615661462,0,follower_right,shoulder_negative,0.65,rad
-1.0082358290465607,negative,0.3259994685649872,-0.01898043416440487,0.3216552734375,40,shoulder,1,-1.008357048034668,0.059451889246702194,0.00012121898810724119,0,follower_right,shoulder_negative,0.6666666666666666,rad
-1.0088355546981382,negative,0.3260969817638397,-0.018980376422405243,0.3217392861843109,41,shoulder,1,-1.0089154243469238,0.06118470057845116,7.9869648785591e-05,0,follower_right,shoulder_negative,0.6833333333333333,rad
-1.0093134696501274,negative,0.32617419958114624,-0.018980396911501884,0.321805477142334,42,shoulder,1,-1.0093579292297363,0.06215831637382507,4.4459579608968625e-05,0,follower_right,shoulder_negative,0.7,rad
-1.009662989540388,negative,0.3262311816215515,-0.01898043043911457,0.3218517601490021,43,shoulder,1,-1.0096865892410278,0.06485187262296677,2.359970063992023e-05,0,follower_right,shoulder_negative,0.7166666666666667,rad
-1.0098775300067802,negative,0.32626160979270935,-0.018980352208018303,0.32187536358833313,44,shoulder,1,-1.0098612308502197,0.06717997789382935,-1.6299156560428685e-05,0,follower_right,shoulder_negative,0.7333333333333333,rad
-1.0099505066871644,negative,0.32626861333847046,-0.018980417400598526,0.32187801599502563,45,shoulder,1,-1.0099022388458252,0.07038528472185135,-4.826784133915574e-05,0,follower_right,shoulder_negative,0.75,rad
-0.9598775300067802,positive,0.31766822934150696,-0.01897799223661423,0.31385156512260437,1,shoulder,1,-0.9596219658851624,0.14494167268276215,-0.00025556412161786835,0,follower_right,shoulder_positive,0.016666666666666666,rad
-0.9596629895403879,positive,0.31764698028564453,-0.018975777551531795,0.3142569661140442,2,shoulder,1,-0.9596162438392639,-0.0021114577539265156,-4.674570112395138e-05,0,follower_right,shoulder_positive,0.03333333333333333,rad
-0.9593134696501273,positive,0.31755879521369934,-0.01897879131138325,0.31456318497657776,3,shoulder,1,-0.9591975212097168,0.09842535853385925,-0.00011594844041051822,0,follower_right,shoulder_positive,0.05,rad
-0.9588355546981382,positive,0.31750762462615967,-0.018979625776410106,0.31424716114997864,4,shoulder,1,-0.9586270451545715,0.05266346409916878,-0.00020850954356665952,0,follower_right,shoulder_positive,0.06666666666666667,rad
-0.9582358290465608,positive,0.3173767626285553,-0.018979186192154888,0.31407755613327026,5,shoulder,1,-0.9579344987869263,0.09317956119775772,-0.00030133025963452464,0,follower_right,shoulder_positive,0.08333333333333333,rad
-0.9575208770575346,positive,0.3172660768032074,-0.01897895894944668,0.3140609860420227,6,shoulder,1,-0.9572498798370361,0.051048848778009415,-0.0002709972204985034,0,follower_right,shoulder_positive,0.1,rad
-0.9566972830932,positive,0.31711116433143616,-0.018979560583829883,0.3140093982219696,7,shoulder,1,-0.9563331604003906,0.0836537629365921,-0.0003641226928093877,0,follower_right,shoulder_positive,0.11666666666666667,rad
-0.9557716315156966,positive,0.31696179509162903,-0.01897990331053734,0.31381750106811523,8,shoulder,1,-0.9554252028465271,0.07151764631271362,-0.0003464286691694518,0,follower_right,shoulder_positive,0.13333333333333333,rad
-0.9547505066871643,positive,0.31677645444869995,-0.018979823216795925,0.31358832120895386,9,shoulder,1,-0.9543083906173706,0.08841780573129654,-0.00044211606979371876,0,follower_right,shoulder_positive,0.15,rad
-0.9536404929697432,positive,0.31659185886383057,-0.018979582935571674,0.3134342133998871,10,shoulder,1,-0.9532057046890259,0.07318985462188721,-0.000434788280717302,0,follower_right,shoulder_positive,0.16666666666666666,rad
-0.9524481747255731,positive,0.316384881734848,-0.018979631364345554,0.31329256296157837,11,shoulder,1,-0.9519637227058411,0.0842636376619339,-0.0004844520197320179,0,follower_right,shoulder_positive,0.18333333333333332,rad
-0.9511801363167939,positive,0.316170871257782,-0.018979841843247417,0.31309130787849426,12,shoulder,1,-0.9506781101226807,0.07890868932008743,-0.0005020261941132143,0,follower_right,shoulder_positive,0.2,rad
-0.9498429621055456,positive,0.31594333052635193,-0.01897988095879555,0.3128449618816376,13,shoulder,1,-0.9492980241775513,0.08697506785392761,-0.0005449379279943711,0,follower_right,shoulder_positive,0.21666666666666667,rad
-0.9484432364539681,positive,0.31571030616760254,-0.01897966861724854,0.3126274347305298,14,shoulder,1,-0.9478936791419983,0.08386160433292389,-0.0005495573119698172,0,follower_right,shoulder_positive,0.23333333333333334,rad
-0.9469875437242014,positive,0.3154640793800354,-0.018979743123054508,0.3124256730079651,15,shoulder,1,-0.9464086890220642,0.08580802381038666,-0.0005788547021371437,0,follower_right,shoulder_positive,0.25,rad
-0.9454824682783851,positive,0.31521332263946533,-0.018979677930474285,0.3121955990791321,16,shoulder,1,-0.9448935389518738,0.08544718474149704,-0.0005889293265113338,0,follower_right,shoulder_positive,0.26666666666666666,rad
-0.9439345944786595,positive,0.3149539530277252,-0.018979778513312343,0.3119342625141144,17,shoulder,1,-0.9433176517486572,0.08754342049360275,-0.0006169427300022345,0,follower_right,shoulder_positive,0.2833333333333333,rad
-0.9423505066871642,positive,0.31469082832336426,-0.01897966302931309,0.31167954206466675,18,shoulder,1,-0.9417206645011902,0.08486723899841309,-0.000629842185974061,0,follower_right,shoulder_positive,0.3,rad
-0.9407367892660394,positive,0.3144233226776123,-0.018979657441377643,0.3114400804042816,19,shoulder,1,-0.9400959014892578,0.08521296083927155,-0.0006408877767816179,0,follower_right,shoulder_positive,0.31666666666666665,rad
-0.939100026577425,positive,0.31415316462516785,-0.01897959038615227,0.31119319796562195,20,shoulder,1,-0.9384539723396301,0.08459416776895523,-0.0006460542377948464,0,follower_right,shoulder_positive,0.3333333333333333,rad
-0.9374468029834606,positive,0.3138810694217682,-0.018979698419570926,0.3109267055988312,21,shoulder,1,-0.9367927312850952,0.08565054088830948,-0.0006540716983653994,0,follower_right,shoulder_positive,0.35,rad
-0.9357837028462864,positive,0.3136080205440521,-0.018979668617248535,0.3106590807437897,22,shoulder,1,-0.9351243376731873,0.08417811989784241,-0.000659365173099169,0,follower_right,shoulder_positive,0.36666666666666664,rad
-0.9341173105280423,positive,0.3133358955383301,-0.01897963508963585,0.3104029595851898,23,shoulder,1,-0.933459460735321,0.08361690491437912,-0.0006578497927212101,0,follower_right,shoulder_positive,0.38333333333333336,rad
-0.932454210390868,positive,0.31306469440460205,-0.018979612737894058,0.31015047430992126,24,shoulder,1,-0.9318002462387085,0.08288486301898956,-0.0006539641521594586,0,follower_right,shoulder_positive,0.4,rad
-0.9308009867969036,positive,0.31279659271240234,-0.01897965371608734,0.30989012122154236,25,shoulder,1,-0.9301533102989197,0.0829918384552002,-0.0006476764979839178,0,follower_right,shoulder_positive,0.4166666666666667,rad
-0.9291642241082891,positive,0.31253156065940857,-0.018979651853442192,0.30962875485420227,26,shoulder,1,-0.9285227656364441,0.08208565413951874,-0.0006414584718450467,0,follower_right,shoulder_positive,0.43333333333333335,rad
-0.9275505066871643,positive,0.3122716248035431,-0.01897955872118473,0.309376984834671,27,shoulder,1,-0.9269217252731323,0.08112957328557968,-0.000628781414031998,0,follower_right,shoulder_positive,0.45,rad
-0.9259664188956691,positive,0.31201693415641785,-0.01897960901260376,0.30913394689559937,28,shoulder,1,-0.9253522753715515,0.08023901283740997,-0.0006141435241175941,0,follower_right,shoulder_positive,0.4666666666666667,rad
-0.9244185450959435,positive,0.3117693066596985,-0.018979553133249283,0.3088931143283844,29,shoulder,1,-0.9238228797912598,0.07970871031284332,-0.0005956653046836902,0,follower_right,shoulder_positive,0.48333333333333334,rad
-0.9229134696501272,positive,0.3115292489528656,-0.018979568034410477,0.3086549937725067,30,shoulder,1,-0.922336757183075,0.0789116844534874,-0.000576712467052265,0,follower_right,shoulder_positive,0.5,rad
-0.9214577769203605,positive,0.311298131942749,-0.018979499116539955,0.3084268867969513,31,shoulder,1,-0.9209043979644775,0.07781968265771866,-0.0005533789558829216,0,follower_right,shoulder_positive,0.5166666666666667,rad
-0.9200580512687829,positive,0.3110767602920532,-0.018979387357831,0.3082108497619629,32,shoulder,1,-0.9195312857627869,0.07675772905349731,-0.000526765505996063,0,follower_right,shoulder_positive,0.5333333333333333,rad
-0.9187208770575347,positive,0.3108660578727722,-0.018979448825120926,0.3080042600631714,33,shoulder,1,-0.9182231426239014,0.0757146030664444,-0.0004977344336333234,0,follower_right,shoulder_positive,0.55,rad
-0.9174528386487555,positive,0.3106657862663269,-0.018979433923959732,0.30780529975891113,34,shoulder,1,-0.9169782996177673,0.0727543830871582,-0.00047453903098815253,0,follower_right,shoulder_positive,0.5666666666666667,rad
-0.9162605204045854,positive,0.3104786276817322,-0.018979432061314583,0.30761682987213135,35,shoulder,1,-0.9158123135566711,0.06949011981487274,-0.00044820684791424537,0,follower_right,shoulder_positive,0.5833333333333334,rad
-0.9151505066871642,positive,0.3103070855140686,-0.018979378044605255,0.3074447214603424,36,shoulder,1,-0.9147424101829529,0.0685703456401825,-0.0004080965042113638,0,follower_right,shoulder_positive,0.6,rad
-0.914129381858632,positive,0.31014958024024963,-0.01897936500608921,0.30729061365127563,37,shoulder,1,-0.9137611985206604,0.06705179810523987,-0.00036818333797161706,0,follower_right,shoulder_positive,0.6166666666666667,rad
-0.9132037302811286,positive,0.3100067377090454,-0.018979329615831375,0.30714932084083557,38,shoulder,1,-0.9128692746162415,0.06389565765857697,-0.0003344556648871011,0,follower_right,shoulder_positive,0.6333333333333333,rad
-0.9123801363167939,positive,0.30988022685050964,-0.01897941716015339,0.30702221393585205,39,shoulder,1,-0.9120784401893616,0.0597991868853569,-0.0003016961274323604,0,follower_right,shoulder_positive,0.65,rad
-0.9116651843277679,positive,0.30977559089660645,-0.01897931843996048,0.30691686272621155,40,shoulder,1,-0.9114217162132263,0.0596378892660141,-0.00024346811454156736,0,follower_right,shoulder_positive,0.6666666666666666,rad
-0.9110654586761904,positive,0.30968326330184937,-0.018979374319314957,0.306830495595932,41,shoulder,1,-0.9108487367630005,0.05446517840027809,-0.00021672191318988787,0,follower_right,shoulder_positive,0.6833333333333333,rad
-0.9105875437242013,positive,0.3096168637275696,-0.018979378044605255,0.30676162242889404,42,shoulder,1,-0.9104291200637817,0.052739568054676056,-0.0001584236604195155,0,follower_right,shoulder_positive,0.7,rad
-0.9102380238339407,positive,0.3095642328262329,-0.018979387357831,0.3067139983177185,43,shoulder,1,-0.9101033210754395,0.04758831113576889,-0.00013470275850124835,0,follower_right,shoulder_positive,0.7166666666666667,rad
-0.9100234833675483,positive,0.3095385730266571,-0.01897936686873436,0.30668869614601135,44,shoulder,1,-0.9099393486976624,0.04409211874008179,-8.41346698859935e-05,0,follower_right,shoulder_positive,0.7333333333333333,rad
-0.9099505066871643,positive,0.3095327913761139,-0.018979346379637718,0.3066881000995636,45,shoulder,1,-0.9099052548408508,0.0410931259393692,-4.5251846313432154e-05,0,follower_right,shoulder_positive,0.75,rad
1.1611724885982413,negative,0.31780481338500977,-0.018979514017701152,0.3134249746799469,1,elbow,2,1.1634197235107422,-0.21787938475608826,-0.002247234912500895,0,follower_right,elbow_negative,0.016666666666666666,rad
1.160957948131849,negative,0.317741721868515,-0.018974959850311283,0.31376326084136963,2,elbow,2,1.162451982498169,-0.304302453994751,-0.0014940343663198963,0,follower_right,elbow_negative,0.03333333333333333,rad
1.1606084282415885,negative,0.3177192509174347,-0.018977370113134388,0.3144820034503937,3,elbow,2,1.1610944271087646,-0.23087099194526672,-0.0004859988671761517,0,follower_right,elbow_negative,0.05,rad
1.1601305132895994,negative,0.31772446632385254,-0.018979215994477276,0.3145644962787628,4,elbow,2,1.1612027883529663,-0.19250638782978058,-0.0010722750633669342,0,follower_right,elbow_negative,0.06666666666666667,rad
1.1595307876380219,negative,0.3176690936088562,-0.018979137763381008,0.31462228298187256,5,elbow,2,1.1606947183609009,-0.2320735603570938,-0.0011639307228790141,0,follower_right,elbow_negative,0.08333333333333333,rad
1.158815835648996,negative,0.3176393508911133,-0.01897852867841721,0.31493741273880005,6,elbow,2,1.1598801612854004,-0.2558458149433136,-0.0010643256364044618,0,follower_right,elbow_negative,0.1,rad
1.157992241684661,negative,0.31758999824523926,-0.01897894218564034,0.3153911530971527,7,elbow,2,1.1588232517242432,-0.2707523703575134,-0.0008310100395820808,0,follower_right,elbow_negative,0.11666666666666667,rad
1.1570665901071577,negative,0.31754910945892334,-0.018979525193572048,0.31573230028152466,8,elbow,2,1.1579351425170898,-0.23668454587459564,-0.0008685524099321107,0,follower_right,elbow_negative,0.13333333333333333,rad
1.1560454652786254,negative,0.3174836337566376,-0.01897964254021645,0.3160163462162018,9,elbow,2,1.1569889783859253,-0.24736849963665009,-0.0009435131072998981,0,follower_right,elbow_negative,0.15,rad
1.1549354515612043,negative,0.31742507219314575,-0.01897940039634705,0.3164166510105133,10,elbow,2,1.1558270454406738,-0.2597307562828064,-0.0008915938794695766,0,follower_right,elbow_negative,0.16666666666666666,rad
1.1537431333170343,negative,0.3173626959323883,-0.018979368731379512,0.3169237971305847,11,elbow,2,1.1545233726501465,-0.27544310688972473,-0.0007802393331122204,0,follower_right,elbow_negative,0.18333333333333332,rad
1.1524750949082552,negative,0.3173021972179413,-0.018979659304022792,0.31741634011268616,12,elbow,2,1.1532284021377563,-0.2623152732849121,-0.0007533072295011767,0,follower_right,elbow_negative,0.2,rad
1.151137920697007,negative,0.3172292113304138,-0.018979825079441074,0.3178715705871582,13,elbow,2,1.1519181728363037,-0.26331233978271484,-0.0007802521392967776,0,follower_right,elbow_negative,0.21666666666666667,rad
1.1497381950454293,negative,0.3171570301055908,-0.01897961460053921,0.31836602091789246,14,elbow,2,1.1505037546157837,-0.2681465744972229,-0.0007655595703544016,0,follower_right,elbow_negative,0.23333333333333334,rad
1.1482825023156624,negative,0.3170838952064514,-0.01897962018847466,0.3189239203929901,15,elbow,2,1.1489930152893066,-0.2781529128551483,-0.0007105129736442173,0,follower_right,elbow_negative,0.25,rad
1.1467774268698463,negative,0.3170105814933777,-0.018979800865054134,0.31950056552886963,16,elbow,2,1.1474354267120361,-0.27362507581710815,-0.0006579998421898381,0,follower_right,elbow_negative,0.26666666666666666,rad
1.1452295530701206,negative,0.3169347941875458,-0.018979890272021297,0.3200562000274658,17,elbow,2,1.145902156829834,-0.27303728461265564,-0.0006726037597133416,0,follower_right,elbow_negative,0.2833333333333333,rad
1.1436454652786254,negative,0.3168579041957855,-0.018979825079441074,0.32062068581581116,18,elbow,2,1.1443209648132324,-0.27443698048591614,-0.0006754995346069936,0,follower_right,elbow_negative,0.3,rad
1.1420317478575006,negative,0.31678134202957153,-0.01897973567247391,0.32121607661247253,19,elbow,2,1.1426892280578613,-0.27988144755363464,-0.0006574802003607161,0,follower_right,elbow_negative,0.31666666666666665,rad
1.1403949851688862,negative,0.31670626997947693,-0.01897978223860264,0.32182684540748596,20,elbow,2,1.1410330533981323,-0.28000444173812866,-0.0006380682292461692,0,follower_right,elbow_negative,0.3333333333333333,rad
1.1387417615749218,negative,0.31662988662719727,-0.018979849293828014,0.3224312663078308,21,elbow,2,1.1393766403198242,-0.2789863348007202,-0.0006348787449024229,0,follower_right,elbow_negative,0.35,rad
1.1370786614377475,negative,0.3165540397167206,-0.018979867920279506,0.32303035259246826,22,elbow,2,1.137721061706543,-0.27853184938430786,-0.0006424002687954733,0,follower_right,elbow_negative,0.36666666666666664,rad
1.1354122691195034,negative,0.31647899746894836,-0.01897985488176346,0.3236370384693146,23,elbow,2,1.1360511779785156,-0.2803301513195038,-0.0006389088590121883,0,follower_right,elbow_negative,0.38333333333333336,rad
1.1337491689823291,negative,0.3164062798023224,-0.018979886546731,0.32424864172935486,24,elbow,2,1.1343814134597778,-0.28023797273635864,-0.0006322444774486957,0,follower_right,elbow_negative,0.4,rad
1.1320959453883648,negative,0.3163343071937561,-0.018979886546731,0.32485318183898926,25,elbow,2,1.1327266693115234,-0.27898645401000977,-0.0006307239231586603,0,follower_right,elbow_negative,0.4166666666666667,rad
1.1304591826997503,negative,0.3162640333175659,-0.018979974091053013,0.3254457712173462,26,elbow,2,1.1310968399047852,-0.2772575616836548,-0.0006376572050348361,0,follower_right,elbow_negative,0.43333333333333335,rad
1.1288454652786255,negative,0.3161955177783966,-0.018979946151375774,0.3260304927825928,27,elbow,2,1.129488229751587,-0.2765601873397827,-0.0006427644729614101,0,follower_right,elbow_negative,0.45,rad
1.1272613774871303,negative,0.3161296844482422,-0.018979974091053013,0.32660752534866333,28,elbow,2,1.1279070377349854,-0.2752549648284912,-0.0006456602478550622,0,follower_right,elbow_negative,0.4666666666666667,rad
1.1257135036874046,negative,0.3160671889781952,-0.018979921936988834,0.32716840505599976,29,elbow,2,1.126378059387207,-0.2741924226284027,-0.0006645556998023938,0,follower_right,elbow_negative,0.48333333333333334,rad
1.1242084282415885,negative,0.3160068094730377,-0.01898000575602055,0.3277122378349304,30,elbow,2,1.1248902082443237,-0.2725614905357361,-0.0006817800027352217,0,follower_right,elbow_negative,0.5,rad
1.1227527355118216,negative,0.3159497082233429,-0.01898000575602055,0.3282363712787628,31,elbow,2,1.1234594583511353,-0.27131369709968567,-0.0007067228393136116,0,follower_right,elbow_negative,0.5166666666666667,rad
1.1213530098602442,negative,0.3158954977989197,-0.01898000575602055,0.3287416100502014,32,elbow,2,1.1220812797546387,-0.2694726884365082,-0.000728269894394451,0,follower_right,elbow_negative,0.5333333333333333,rad
1.1200158356489958,negative,0.31584498286247253,-0.018980024382472042,0.32922303676605225,33,elbow,2,1.120771884918213,-0.26713088154792786,-0.0007560492692171294,0,follower_right,elbow_negative,0.55,rad
1.1187477972402167,negative,0.3157959580421448,-0.018980069085955623,0.3296814560890198,34,elbow,2,1.1195132732391357,-0.26360875368118286,-0.000765475998919074,0,follower_right,elbow_negative,0.5666666666666667,rad
1.1175554789960467,negative,0.31575143337249756,-0.01898002810776234,0.33010828495025635,35,elbow,2,1.1183481216430664,-0.25988951325416565,-0.0007926426470197256,0,follower_right,elbow_negative,0.5833333333333334,rad
1.1164454652786255,negative,0.3157118856906891,-0.018980022519826893,0.33050069212913513,36,elbow,2,1.117282748222351,-0.25726646184921265,-0.0008372829437255369,0,follower_right,elbow_negative,0.6,rad
1.1154243404500932,negative,0.315675288438797,-0.018980044871568683,0.3308630883693695,37,elbow,2,1.1162961721420288,-0.25425904989242554,-0.0008718316919356095,0,follower_right,elbow_negative,0.6166666666666667,rad
1.1144986888725898,negative,0.31564149260520935,-0.0189801286906004,0.33119651675224304,38,elbow,2,1.1153855323791504,-0.2502875328063965,-0.0008868435065605418,0,follower_right,elbow_negative,0.6333333333333333,rad
1.113675094908255,negative,0.3156142234802246,-0.018980106338858608,0.33148762583732605,39,elbow,2,1.1146018505096436,-0.24560637772083282,-0.0009267556013885514,0,follower_right,elbow_negative,0.65,rad
1.112960142919229,negative,0.31558993458747864,-0.018980138003826145,0.3317314386367798,40,elbow,2,1.1139404773712158,-0.24114872515201569,-0.000980334451986753,0,follower_right,elbow_negative,0.6666666666666666,rad
1.1123604172676516,negative,0.3155688941478729,-0.018980139866471294,0.3319379687309265,41,elbow,2,1.1133650541305542,-0.23644490540027618,-0.0010046368629026414,0,follower_right,elbow_negative,0.6833333333333333,rad
1.1118825023156624,negative,0.3155544698238373,-0.018980093300342563,0.3320976197719574,42,elbow,2,1.1129401922225952,-0.23209315538406372,-0.0010576899069327794,0,follower_right,elbow_negative,0.7,rad
1.1115329824254019,negative,0.31554436683654785,-0.01898012310266495,0.3322092294692993,43,elbow,2,1.11264169216156,-0.22709734737873077,-0.0011087097361581755,0,follower_right,elbow_negative,0.7166666666666667,rad
1.1113184419590096,negative,0.3155365288257599,-0.01898022554814816,0.332275927066803,44,elbow,2,1.11244535446167,-0.220979243516922,-0.0011269125026602822,0,follower_right,elbow_negative,0.7333333333333333,rad
1.1112454652786254,negative,0.3155389130115509,-0.018980193883180622,0.33227595686912537,45,elbow,2,1.1124635934829712,-0.21531592309474945,-0.0012181282043457475,0,follower_right,elbow_negative,0.75,rad
1.1613184419590097,positive,0.31781530380249023,-0.018979696556925777,0.3133714199066162,1,elbow,2,1.1635771989822388,-0.21421393752098083,-0.0022587570232290854,0,follower_right,elbow_positive,0.016666666666666666,rad
1.161532982425402,positive,0.3177907466888428,-0.018975436687469486,0.3135402500629425,2,elbow,2,1.1631879806518555,-0.288411408662796,-0.0016549982264535412,0,follower_right,elbow_positive,0.03333333333333333,rad
1.1618825023156625,positive,0.31780096888542175,-0.018978085368871692,0.3139592111110687,3,elbow,2,1.1625697612762451,-0.21239446103572845,-0.0006872589605826374,0,follower_right,elbow_positive,0.05,rad
1.1623604172676516,positive,0.3178614675998688,-0.018979674205183986,0.3135949969291687,4,elbow,2,1.1638381481170654,-0.14250127971172333,-0.0014777308494138275,0,follower_right,elbow_positive,0.06666666666666667,rad
1.1629601429192291,positive,0.31788185238838196,-0.018979530781507496,0.313213586807251,5,elbow,2,1.1645183563232422,-0.1859031617641449,-0.0015582134040130757,0,follower_right,elbow_positive,0.08333333333333333,rad
1.163675094908255,positive,0.31793105602264404,-0.018979027867317203,0.31300413608551025,6,elbow,2,1.165246844291687,-0.19620606303215027,-0.001571749383431964,0,follower_right,elbow_positive,0.1,rad
1.16449868887259,positive,0.31797313690185547,-0.01897941902279854,0.3128129839897156,7,elbow,2,1.165939211845398,-0.19466406106948853,-0.001440522972808056,0,follower_right,elbow_positive,0.11666666666666667,rad
1.1654243404500932,positive,0.31803497672080994,-0.01898007653653622,0.3124404549598694,8,elbow,2,1.166944146156311,-0.15687589347362518,-0.0015198057062177917,0,follower_right,elbow_positive,0.13333333333333333,rad
1.1664454652786256,positive,0.3180878460407257,-0.018980139866471294,0.31196895241737366,9,elbow,2,1.1680774688720703,-0.16687749326229095,-0.0016320035934447308,0,follower_right,elbow_positive,0.15,rad
1.1675554789960467,positive,0.3181537985801697,-0.018979728221893314,0.31154492497444153,10,elbow,2,1.1692414283752441,-0.16964206099510193,-0.0016859493791974156,0,follower_right,elbow_positive,0.16666666666666666,rad
1.1687477972402167,positive,0.3182200491428375,-0.018979728221893314,0.31115275621414185,11,elbow,2,1.1704009771347046,-0.17449110746383667,-0.0016531798944878773,0,follower_right,elbow_positive,0.18333333333333332,rad
1.1700158356489958,positive,0.3182975649833679,-0.01897993497550488,0.3106963634490967,12,elbow,2,1.1716794967651367,-0.15698085725307465,-0.0016636611161409132,0,follower_right,elbow_positive,0.2,rad
1.171353009860244,positive,0.31837353110313416,-0.01898014731705189,0.31016722321510315,13,elbow,2,1.1730655431747437,-0.15846574306488037,-0.001712533314499609,0,follower_right,elbow_positive,0.21666666666666667,rad
1.1727527355118217,positive,0.31845635175704956,-0.018979944288730625,0.309632271528244,14,elbow,2,1.1745039224624634,-0.1556200236082077,-0.0017511869506416922,0,follower_right,elbow_positive,0.23333333333333334,rad
1.1742084282415886,positive,0.318541020154953,-0.01897986233234406,0.30911219120025635,15,elbow,2,1.1759618520736694,-0.15912078320980072,-0.0017534238320808804,0,follower_right,elbow_positive,0.25,rad
1.1757135036874047,positive,0.31863224506378174,-0.018979962915182117,0.3085727393627167,16,elbow,2,1.177469253540039,-0.15225058794021606,-0.0017557498526343807,0,follower_right,elbow_positive,0.26666666666666666,rad
1.1772613774871303,positive,0.31872573494911194,-0.018980046734213833,0.3079943060874939,17,elbow,2,1.179046630859375,-0.15305492281913757,-0.0017852533722446662,0,follower_right,elbow_positive,0.2833333333333333,rad
1.1788454652786255,positive,0.3188229203224182,-0.0189800076186657,0.30740004777908325,18,elbow,2,1.180667519569397,-0.1519504338502884,-0.0018220542907714243,0,follower_right,elbow_positive,0.3,rad
1.1804591826997504,positive,0.31892094016075134,-0.018979864194989208,0.3068138360977173,19,elbow,2,1.1822888851165771,-0.1531602293252945,-0.001829702416826784,0,follower_right,elbow_positive,0.31666666666666665,rad
1.1820959453883648,positive,0.3190222382545471,-0.018979901447892192,0.30622854828834534,20,elbow,2,1.18392014503479,-0.1506786048412323,-0.0018241996464252175,0,follower_right,elbow_positive,0.3333333333333333,rad
1.1837491689823292,positive,0.31912490725517273,-0.01897995173931122,0.30562761425971985,21,elbow,2,1.1855754852294922,-0.15059372782707214,-0.0018263162471630068,0,follower_right,elbow_positive,0.35,rad
1.1854122691195035,positive,0.3192296028137207,-0.01897990331053734,0.3050166368484497,22,elbow,2,1.1872498989105225,-0.14975330233573914,-0.0018376297910189798,0,follower_right,elbow_positive,0.36666666666666664,rad
1.1870786614377475,positive,0.31933507323265076,-0.018979826942086223,0.30441102385520935,23,elbow,2,1.1889234781265259,-0.1503412276506424,-0.001844816688778339,0,follower_right,elbow_positive,0.38333333333333336,rad
1.1887417615749218,positive,0.31944143772125244,-0.01897983625531197,0.3038156032562256,24,elbow,2,1.1905808448791504,-0.1496446281671524,-0.0018390833042285504,0,follower_right,elbow_positive,0.4,rad
1.1903949851688862,positive,0.3195480406284332,-0.0189798828214407,0.3032223582267761,25,elbow,2,1.1922295093536377,-0.1495305299758911,-0.001834524184751496,0,follower_right,elbow_positive,0.4166666666666667,rad
1.1920317478575007,positive,0.3196547329425812,-0.0189798828214407,0.3026302456855774,26,elbow,2,1.193867802619934,-0.14943477511405945,-0.0018360547624334256,0,follower_right,elbow_positive,0.43333333333333335,rad
1.1936454652786255,positive,0.31975996494293213,-0.018979825079441074,0.30204978585243225,27,elbow,2,1.195473551750183,-0.15018239617347717,-0.0018280864715576328,0,follower_right,elbow_positive,0.45,rad
1.1952295530701207,positive,0.31986406445503235,-0.01897983811795712,0.3014860153198242,28,elbow,2,1.1970417499542236,-0.15116412937641144,-0.0018121968841029457,0,follower_right,elbow_positive,0.4666666666666667,rad
1.1967774268698463,positive,0.31996655464172363,-0.01897981017827988,0.3009357750415802,29,elbow,2,1.1985727548599243,-0.15230926871299744,-0.0017953279900779773,0,follower_right,elbow_positive,0.48333333333333334,rad
1.1982825023156625,positive,0.3200669586658478,-0.018979791551828388,0.30039894580841064,30,elbow,2,1.2000625133514404,-0.15361951291561127,-0.001780011035777962,0,follower_right,elbow_positive,0.5,rad
1.1997381950454293,positive,0.32016444206237793,-0.018979702144861225,0.29988157749176025,31,elbow,2,1.201499104499817,-0.15598708391189575,-0.0017609094543875603,0,follower_right,elbow_positive,0.5166666666666667,rad
1.2011379206970068,positive,0.32025983929634094,-0.01897971518337727,0.2993852198123932,32,elbow,2,1.2028899192810059,-0.158030703663826,-0.0017519985839991037,0,follower_right,elbow_positive,0.5333333333333333,rad
1.2024750949082552,positive,0.32035166025161743,-0.018979771062731746,0.2989121675491333,33,elbow,2,1.2042186260223389,-0.16068214178085327,-0.0017435311140836518,0,follower_right,elbow_positive,0.55,rad
1.2037431333170343,positive,0.32043716311454773,-0.018979653716087345,0.2984701991081238,34,elbow,2,1.2054516077041626,-0.1639096438884735,-0.0017084743871282893,0,follower_right,elbow_positive,0.5666666666666667,rad
1.2049354515612043,positive,0.3205180764198303,-0.018979659304022792,0.2980557084083557,35,elbow,2,1.2066102027893066,-0.16644030809402466,-0.0016747512281023447,0,follower_right,elbow_positive,0.5833333333333334,rad
1.2060454652786254,positive,0.32059407234191895,-0.018979646265506748,0.29766789078712463,36,elbow,2,1.2076947689056396,-0.16927899420261383,-0.0016493036270142092,0,follower_right,elbow_positive,0.6,rad
1.2070665901071578,positive,0.3206655979156494,-0.018979750573635105,0.29731032252311707,37,elbow,2,1.2087050676345825,-0.1728852540254593,-0.001638477527424742,0,follower_right,elbow_positive,0.6166666666666667,rad
1.2079922416846611,positive,0.32072728872299194,-0.018979601562023166,0.29699769616127014,38,elbow,2,1.2095764875411987,-0.1778794229030609,-0.0015842458565376027,0,follower_right,elbow_positive,0.6333333333333333,rad
1.208815835648996,positive,0.3207832872867584,-0.018979622051119808,0.296720951795578,39,elbow,2,1.2103585004806519,-0.18082833290100098,-0.0015426648316558822,0,follower_right,elbow_positive,0.65,rad
1.209530787638022,positive,0.32083365321159363,-0.018979752436280254,0.2964746356010437,40,elbow,2,1.2110610008239746,-0.18462076783180237,-0.0015302131859527002,0,follower_right,elbow_positive,0.6666666666666666,rad
1.2101305132895994,positive,0.3208716809749603,-0.0189796406775713,0.2962788939476013,41,elbow,2,1.2115979194641113,-0.19020605087280273,-0.0014674061745119094,0,follower_right,elbow_positive,0.6833333333333333,rad
1.2106084282415885,positive,0.32090386748313904,-0.01897963881492615,0.2961265742778778,42,elbow,2,1.2120393514633179,-0.19460222125053406,-0.00143092322172933,0,follower_right,elbow_positive,0.7,rad
1.210957948131849,positive,0.3209266662597656,-0.018979683518409732,0.2960178554058075,43,elbow,2,1.2123538255691528,-0.19964976608753204,-0.0013958774373037386,0,follower_right,elbow_positive,0.7166666666666667,rad
1.2111724885982413,positive,0.32093679904937744,-0.018979601562023166,0.29596230387687683,44,elbow,2,1.2125002145767212,-0.20484425127506256,-0.0013277259784798545,0,follower_right,elbow_positive,0.7333333333333333,rad
1.2112454652786255,positive,0.32094138860702515,-0.018979653716087345,0.2959498465061188,45,elbow,2,1.2125558853149414,-0.21046584844589233,-0.0013104200363158736,0,follower_right,elbow_positive,0.75,rad
0.0010408999036018965,negative,0.3176986873149872,-0.018972564488649372,0.31386587023735046,1,forearm_roll,3,0.0015114188427105546,0.01601717621088028,-0.0004705189391086581,0,follower_right,forearm_roll_negative,0.016666666666666666,rad
0.0008263594372095783,negative,0.3177039623260498,-0.018967328593134884,0.3143140971660614,2,forearm_roll,3,0.0017444747500121593,-0.004037187434732914,-0.0009181153128025811,0,follower_right,forearm_roll_negative,0.03333333333333333,rad
0.00047683954694894724,negative,0.31770059466362,-0.018969913944602016,0.31468504667282104,3,forearm_roll,3,0.0016071777790784836,-0.011603209190070629,-0.0011303382321295363,0,follower_right,forearm_roll_negative,0.05,rad
-1.0754050400790718e-06,negative,0.3177281320095062,-0.018972845748066906,0.31444844603538513,4,forearm_roll,3,0.0014541837153956294,-0.009945136494934559,-0.0014552591204357085,0,follower_right,forearm_roll_negative,0.06666666666666667,rad
-0.0006008010566175819,negative,0.31770503520965576,-0.018977286294102672,0.31437405943870544,5,forearm_roll,3,0.0012441589497029781,-0.013542043045163155,-0.00184496000632056,0,follower_right,forearm_roll_negative,0.08333333333333333,rad
-0.0013157530456436458,negative,0.31772303581237793,-0.018984442576766018,0.31448641419410706,6,forearm_roll,3,0.0008844031835906208,-0.019839083775877953,-0.0022001562292342665,0,follower_right,forearm_roll_negative,0.1,rad
-0.002139347009978351,negative,0.31771567463874817,-0.018994979560375217,0.31458377838134766,7,forearm_roll,3,0.00036437634844332933,-0.024210061877965927,-0.00250372335842168,0,follower_right,forearm_roll_negative,0.11666666666666667,rad
-0.0030649985874817804,negative,0.3177223801612854,-0.019007524475455288,0.3145226538181305,8,forearm_roll,3,-0.00025687218294478953,-0.02655770815908909,-0.002808126404536991,0,follower_right,forearm_roll_negative,0.13333333333333333,rad
-0.004086123416014017,negative,0.31771525740623474,-0.019021719694137577,0.31443899869918823,9,forearm_roll,3,-0.0009558986057527363,-0.02881503850221634,-0.003130224810261281,0,follower_right,forearm_roll_negative,0.15,rad
-0.0051961371334351405,negative,0.3177187442779541,-0.019037954509258274,0.31446897983551025,10,forearm_roll,3,-0.0017565545858815312,-0.03306329995393753,-0.0034395825475536093,0,follower_right,forearm_roll_negative,0.16666666666666666,rad
-0.0063884553776052365,negative,0.3177178204059601,-0.019056817516684536,0.3145311772823334,11,forearm_roll,3,-0.002680827397853136,-0.03650195896625519,-0.0037076279797521004,0,follower_right,forearm_roll_negative,0.18333333333333332,rad
-0.007656493786384387,negative,0.31771987676620483,-0.01907754316926003,0.31452780961990356,12,forearm_roll,3,-0.0037002742756158113,-0.039042286574840546,-0.003956219510768575,0,follower_right,forearm_roll_negative,0.2,rad
-0.008993667997632671,negative,0.31771814823150635,-0.01909960806369782,0.31447696685791016,13,forearm_roll,3,-0.004790551960468292,-0.0408603698015213,-0.004203116037164379,0,follower_right,forearm_roll_negative,0.21666666666666667,rad
-0.010393393649210176,negative,0.31771817803382874,-0.01912316866219044,0.31447285413742065,14,forearm_roll,3,-0.0059522539377212524,-0.04362928122282028,-0.0044411397114889235,0,follower_right,forearm_roll_negative,0.23333333333333334,rad
-0.011849086378976978,negative,0.317718505859375,-0.01914857514202595,0.314503937959671,15,forearm_roll,3,-0.007198401261121035,-0.046249017119407654,-0.004650685117855944,0,follower_right,forearm_roll_negative,0.25,rad
-0.013354161824793166,negative,0.31771913170814514,-0.019175427034497265,0.31451740860939026,16,forearm_roll,3,-0.00851832702755928,-0.04836476594209671,-0.0048358347972338855,0,follower_right,forearm_roll_negative,0.26666666666666666,rad
-0.014902035624518816,negative,0.31771916151046753,-0.019203329458832744,0.31449317932128906,17,forearm_roll,3,-0.009893500246107578,-0.049758195877075195,-0.005008535378411238,0,follower_right,forearm_roll_negative,0.2833333333333333,rad
-0.01648612341601402,negative,0.3177185654640198,-0.019232105463743213,0.3144809305667877,18,forearm_roll,3,-0.011315390467643738,-0.05144360288977623,-0.005170732948370282,0,follower_right,forearm_roll_negative,0.3,rad
-0.018099840837138843,negative,0.31771910190582275,-0.019262157380580906,0.31449219584465027,19,forearm_roll,3,-0.012788145802915096,-0.053134672343730927,-0.005311695034223747,0,follower_right,forearm_roll_negative,0.31666666666666665,rad
-0.019736603525753387,negative,0.31771913170814514,-0.019293086603283886,0.3145054578781128,20,forearm_roll,3,-0.014307377859950066,-0.05456303805112839,-0.0054292256658033215,0,follower_right,forearm_roll_negative,0.3333333333333333,rad
-0.021389827119717722,negative,0.3177196979522705,-0.019324721768498424,0.3144969642162323,21,forearm_roll,3,-0.015860652551054955,-0.05542728304862976,-0.0055291745686627675,0,follower_right,forearm_roll_negative,0.35,rad
-0.02305292725689193,negative,0.31771931052207947,-0.01935655996203423,0.3144858777523041,22,forearm_roll,3,-0.017437312752008438,-0.05623701959848404,-0.005615614504883491,0,follower_right,forearm_roll_negative,0.36666666666666664,rad
-0.024719319575136095,negative,0.31771957874298096,-0.019389117136597637,0.3144872784614563,23,forearm_roll,3,-0.01903531327843666,-0.057023778557777405,-0.005684006296699434,0,follower_right,forearm_roll_negative,0.38333333333333336,rad
-0.026382419712310312,negative,0.3177197575569153,-0.019422018900513652,0.3144955337047577,24,forearm_roll,3,-0.020651444792747498,-0.057653188705444336,-0.005730974919562815,0,follower_right,forearm_roll_negative,0.4,rad
-0.02803564330627465,negative,0.3177202641963959,-0.01945513114333153,0.3144941031932831,25,forearm_roll,3,-0.022277092561125755,-0.05788656324148178,-0.005758550745148895,0,follower_right,forearm_roll_negative,0.4166666666666667,rad
-0.029672405994889184,negative,0.3177201449871063,-0.019488062709569934,0.3144870400428772,26,forearm_roll,3,-0.02390236407518387,-0.057909805327653885,-0.0057700419197053154,0,follower_right,forearm_roll_negative,0.43333333333333335,rad
-0.03128612341601402,negative,0.3177204430103302,-0.01952096819877625,0.3144846260547638,27,forearm_roll,3,-0.02552185021340847,-0.05784051492810249,-0.005764273202605551,0,follower_right,forearm_roll_negative,0.45,rad
-0.032870211207509215,negative,0.31772056221961975,-0.01955370977520943,0.31448814272880554,28,forearm_roll,3,-0.027131475508213043,-0.05763615667819977,-0.005738735699296171,0,follower_right,forearm_roll_negative,0.4666666666666667,rad
-0.03441808500723487,negative,0.3177209198474884,-0.01958616450428963,0.31448888778686523,29,forearm_roll,3,-0.028724515810608864,-0.057149678468704224,-0.00569356919662601,0,follower_right,forearm_roll_negative,0.48333333333333334,rad
-0.03592316045305105,negative,0.31772106885910034,-0.019617980346083645,0.3144848942756653,30,forearm_roll,3,-0.03029242902994156,-0.05641346797347069,-0.005630731423109492,0,follower_right,forearm_roll_negative,0.5,rad
-0.03737885318281786,negative,0.31772124767303467,-0.019649172201752666,0.3144816756248474,31,forearm_roll,3,-0.031828373670578,-0.055520206689834595,-0.005550479512239859,0,follower_right,forearm_roll_negative,0.5166666666666667,rad
-0.038778578834395366,negative,0.31772148609161377,-0.019679617136716846,0.3144822120666504,32,forearm_roll,3,-0.03332699462771416,-0.054479170590639114,-0.005451584206681209,0,follower_right,forearm_roll_negative,0.5333333333333333,rad
-0.040115753045643646,negative,0.31772178411483765,-0.019709287211298946,0.31448274850845337,33,forearm_roll,3,-0.03478230908513069,-0.053216829895973206,-0.005333443960512954,0,follower_right,forearm_roll_negative,0.55,rad
-0.041383791454422794,negative,0.31772202253341675,-0.019737724214792255,0.31448084115982056,34,forearm_roll,3,-0.036186836659908295,-0.05171215534210205,-0.0051969547945144995,0,follower_right,forearm_roll_negative,0.5666666666666667,rad
-0.04257610969859289,negative,0.3177223801612854,-0.01976510509848595,0.3144782781600952,35,forearm_roll,3,-0.037533558905124664,-0.05001320689916611,-0.005042550793468228,0,follower_right,forearm_roll_negative,0.5833333333333334,rad
-0.04368612341601402,negative,0.31772246956825256,-0.019791174679994587,0.3144773244857788,36,forearm_roll,3,-0.03881647810339928,-0.048148103058338165,-0.004869645312614745,0,follower_right,forearm_roll_negative,0.6,rad
-0.04470724824454625,negative,0.3177226781845093,-0.019815832376480106,0.3144773244857788,37,forearm_roll,3,-0.040029626339673996,-0.046084675937891006,-0.004677621904872253,0,follower_right,forearm_roll_negative,0.6166666666666667,rad
-0.04563289982204968,negative,0.317722886800766,-0.019838934764266018,0.31447625160217285,38,forearm_roll,3,-0.04116620495915413,-0.04379761219024658,-0.004466694862895554,0,follower_right,forearm_roll_negative,0.6333333333333333,rad
-0.04645649378638439,negative,0.3177230954170227,-0.019860383123159412,0.314474493265152,39,forearm_roll,3,-0.042219147086143494,-0.04130382090806961,-0.004237346700240896,0,follower_right,forearm_roll_negative,0.65,rad
-0.04717144577541045,negative,0.31772324442863464,-0.0198799055069685,0.31447339057922363,40,forearm_roll,3,-0.04318206384778023,-0.038622912019491196,-0.003989381927630223,0,follower_right,forearm_roll_negative,0.6666666666666666,rad
-0.04777117142698795,negative,0.31772351264953613,-0.019897606223821643,0.31447309255599976,41,forearm_roll,3,-0.044048797339200974,-0.03558172285556793,-0.0037223740877869796,0,follower_right,forearm_roll_negative,0.6833333333333333,rad
-0.048249086378976985,negative,0.3177237808704376,-0.019913086667656902,0.31447234749794006,42,forearm_roll,3,-0.044812727719545364,-0.0323084332048893,-0.003436358659431621,0,follower_right,forearm_roll_negative,0.7,rad
-0.048598606269237614,negative,0.31772375106811523,-0.0199264120310545,0.3144714832305908,43,forearm_roll,3,-0.04546700417995453,-0.028837911784648895,-0.003131602089283085,0,follower_right,forearm_roll_negative,0.7166666666666667,rad
-0.048813146735629934,negative,0.3177238702774048,-0.019937347620725635,0.3144707977771759,44,forearm_roll,3,-0.04600513353943825,-0.025197885930538177,-0.002808013196191686,0,follower_right,forearm_roll_negative,0.7333333333333333,rad
-0.04888612341601402,negative,0.31772392988204956,-0.01994583941996098,0.3144706189632416,45,forearm_roll,3,-0.04642067477107048,-0.02136896550655365,-0.002465448644943538,0,follower_right,forearm_roll_negative,0.75,rad
0.0011868532643700721,positive,0.3176986277103424,-0.01897189393639565,0.31386590003967285,1,forearm_roll,3,0.0015489793149754405,0.017176302149891853,-0.00036212605060536836,0,follower_right,forearm_roll_positive,0.016666666666666666,rad
0.0014013937307623904,positive,0.3177039325237274,-0.018963813781738285,0.31431394815444946,2,forearm_roll,3,0.0019210579339414835,0.0006268690340220928,-0.0005196642031790931,0,follower_right,forearm_roll_positive,0.03333333333333333,rad
0.0017509136210230214,positive,0.31770059466362,-0.018960550427436832,0.314685195684433,3,forearm_roll,3,0.0020688900258392096,-0.0020128509495407343,-0.00031797640481618815,0,follower_right,forearm_roll_positive,0.05,rad
0.002228828573012048,positive,0.31772810220718384,-0.018954247236251835,0.31444841623306274,4,forearm_roll,3,0.0023760709445923567,0.004933066666126251,-0.00014724237158030874,0,follower_right,forearm_roll_positive,0.06666666666666667,rad
0.0028285542245895506,positive,0.3177048861980438,-0.018945487216115,0.31437402963638306,5,forearm_roll,3,0.0028194908518344164,0.007337657734751701,9.063372755134178e-06,0,follower_right,forearm_roll_positive,0.08333333333333333,rad
0.0035435062136156144,positive,0.31772297620773315,-0.018935203552246097,0.3144862651824951,6,forearm_roll,3,0.003316236659884453,0.007921873591840267,0.0002272695537311616,0,follower_right,forearm_roll_positive,0.1,rad
0.00436710017795032,positive,0.3177156150341034,-0.0189239326864481,0.314583957195282,7,forearm_roll,3,0.003859578864648938,0.010054131038486958,0.0005075213133013817,0,follower_right,forearm_roll_positive,0.11666666666666667,rad
0.005292751755453749,positive,0.3177223205566406,-0.018910909071564678,0.3145231306552887,8,forearm_roll,3,0.0045073735527694225,0.013852450996637344,0.0007853782026843266,0,follower_right,forearm_roll_positive,0.13333333333333333,rad
0.006313876583985986,positive,0.3177151381969452,-0.018895432353019718,0.31443920731544495,9,forearm_roll,3,0.005278922151774168,0.017687993124127388,0.0010349544322118178,0,follower_right,forearm_roll_positive,0.15,rad
0.007423890301407109,positive,0.31771862506866455,-0.01887787133455277,0.314469575881958,10,forearm_roll,3,0.006144150160253048,0.019421545788645744,0.0012797401411540612,0,follower_right,forearm_roll_positive,0.16666666666666666,rad
0.008616208545577205,positive,0.3177177608013153,-0.018858728930354122,0.31453174352645874,11,forearm_roll,3,0.007073577959090471,0.02165510505437851,0.0015426305864867339,0,follower_right,forearm_roll_positive,0.18333333333333332,rad
0.009884246954356355,positive,0.31771963834762573,-0.018838137388229374,0.3145286738872528,12,forearm_roll,3,0.008085553534328938,0.024429090321063995,0.0017986934200274179,0,follower_right,forearm_roll_positive,0.2,rad
0.01122142116560464,positive,0.31771785020828247,-0.018815899267792705,0.3144780695438385,13,forearm_roll,3,0.00919328536838293,0.027638442814350128,0.002028135797221709,0,follower_right,forearm_roll_positive,0.21666666666666667,rad
0.012621146817182145,positive,0.31771790981292725,-0.018791701644659046,0.3144742548465729,14,forearm_roll,3,0.010384976863861084,0.02966061607003212,0.0022361699533210606,0,follower_right,forearm_roll_positive,0.23333333333333334,rad
0.014076839546948947,positive,0.3177182376384735,-0.01876608654856682,0.31450599431991577,15,forearm_roll,3,0.011637093499302864,0.03147868812084198,0.002439746047646083,0,follower_right,forearm_roll_positive,0.25,rad
0.015581914992765135,positive,0.31771886348724365,-0.018739406019449237,0.3145194351673126,16,forearm_roll,3,0.012947929091751575,0.03337053209543228,0.002633985901013559,0,follower_right,forearm_roll_positive,0.26666666666666666,rad
0.017129788792490785,positive,0.3177186846733093,-0.018711529672145847,0.31449535489082336,17,forearm_roll,3,0.01432303711771965,0.03558608517050743,0.0028067516747711345,0,follower_right,forearm_roll_positive,0.2833333333333333,rad
0.01871387658398599,positive,0.31771793961524963,-0.01868252828717232,0.3144833743572235,18,forearm_roll,3,0.01575792022049427,0.037209317088127136,0.0029559563634917185,0,follower_right,forearm_roll_positive,0.3,rad
0.020327594005110812,positive,0.31771841645240784,-0.018652372062206272,0.31449517607688904,19,forearm_roll,3,0.017236754298210144,0.03848039358854294,0.003090839706900668,0,follower_right,forearm_roll_positive,0.31666666666666665,rad
0.021964356693725356,positive,0.3177185654640198,-0.018621481955051426,0.31450894474983215,20,forearm_roll,3,0.018751278519630432,0.039594616740942,0.0032130781740949237,0,follower_right,forearm_roll_positive,0.3333333333333333,rad
0.02361758028768969,positive,0.3177189826965332,-0.018590087071061138,0.3145003020763397,21,forearm_roll,3,0.02030060440301895,0.04083750396966934,0.0033169758846707392,0,follower_right,forearm_roll_positive,0.35,rad
0.025280680424863897,positive,0.3177185356616974,-0.018558081239461902,0.31448984146118164,22,forearm_roll,3,0.021881824359297752,0.041777104139328,0.003398856065566145,0,follower_right,forearm_roll_positive,0.36666666666666664,rad
0.026947072743108064,positive,0.31771886348724365,-0.01852538995444775,0.31449195742607117,23,forearm_roll,3,0.02348446100950241,0.04239475354552269,0.0034626117336056528,0,follower_right,forearm_roll_positive,0.38333333333333336,rad
0.02861017288028228,positive,0.3177189230918884,-0.018492508679628376,0.3145005702972412,24,forearm_roll,3,0.025099167600274086,0.042774710804224014,0.003511005280008195,0,follower_right,forearm_roll_positive,0.4,rad
0.03026339647424662,positive,0.31771937012672424,-0.018459545448422435,0.31449922919273376,25,forearm_roll,3,0.02672143094241619,0.043118249624967575,0.003541965531830428,0,follower_right,forearm_roll_positive,0.4166666666666667,rad
0.03190015916286115,positive,0.3177192211151123,-0.018426503986120227,0.3144923746585846,26,forearm_roll,3,0.028347447514533997,0.043277300894260406,0.003552711648327156,0,follower_right,forearm_roll_positive,0.43333333333333335,rad
0.03351387658398599,positive,0.317719429731369,-0.018393648788332943,0.3144907057285309,27,forearm_roll,3,0.029969627037644386,0.043167077004909515,0.0035442495463416032,0,follower_right,forearm_roll_positive,0.45,rad
0.03509796437548118,positive,0.3177194893360138,-0.018360817804932598,0.3144947588443756,28,forearm_roll,3,0.031579215079545975,0.04281036555767059,0.0035187492959352085,0,follower_right,forearm_roll_positive,0.4666666666666667,rad
0.03664583817520684,positive,0.31771981716156006,-0.01832849904894829,0.3144954741001129,29,forearm_roll,3,0.03316972404718399,0.04231828823685646,0.0034761141280228516,0,follower_right,forearm_roll_positive,0.48333333333333334,rad
0.03815091362102302,positive,0.3177199363708496,-0.018296668305993084,0.31449177861213684,30,forearm_roll,3,0.03473636507987976,0.04166354611515999,0.0034145485411432586,0,follower_right,forearm_roll_positive,0.5,rad
0.03960660635078983,positive,0.31772011518478394,-0.018265463411808017,0.3144891858100891,31,forearm_roll,3,0.03627270832657814,0.04078444093465805,0.00333389802421169,0,follower_right,forearm_roll_positive,0.5166666666666667,rad
0.041006332002367335,positive,0.3177201747894287,-0.018235018476843837,0.31449028849601746,32,forearm_roll,3,0.03777119889855385,0.039671577513217926,0.0032351331038134867,0,follower_right,forearm_roll_positive,0.5333333333333333,rad
0.042343506213615614,positive,0.31772056221961975,-0.01820533908903599,0.3144910931587219,33,forearm_roll,3,0.03922503441572189,0.03838026151061058,0.003118471797893721,0,follower_right,forearm_roll_positive,0.55,rad
0.04361154462239476,positive,0.3177207112312317,-0.018176916986703876,0.3144891560077667,34,forearm_roll,3,0.04062841460108757,0.03691699355840683,0.0029831300213071926,0,follower_right,forearm_roll_positive,0.5666666666666667,rad
0.04480386286656486,positive,0.31772083044052124,-0.01814959011971951,0.3144870400428772,35,forearm_roll,3,0.04197516292333603,0.035251639783382416,0.0028286999432288323,0,follower_right,forearm_roll_positive,0.5833333333333334,rad
0.04591387658398599,positive,0.31772106885910034,-0.018123535439372066,0.31448668241500854,36,forearm_roll,3,0.043258264660835266,0.03336777910590172,0.0026556119231507247,0,follower_right,forearm_roll_positive,0.6,rad
0.04693500141251822,positive,0.31772124767303467,-0.01809884235262871,0.3144872486591339,37,forearm_roll,3,0.0444708876311779,0.03128662332892418,0.0024641137813403158,0,follower_right,forearm_roll_positive,0.6166666666666667,rad
0.04786065299002165,positive,0.3177214562892914,-0.018075793981552127,0.3144863247871399,38,forearm_roll,3,0.04560673609375954,0.029025057330727577,0.0022539168962621148,0,follower_right,forearm_roll_positive,0.6333333333333333,rad
0.04868424695435636,positive,0.31772154569625854,-0.018054442480206493,0.314484566450119,39,forearm_roll,3,0.046659596264362335,0.026565084233880043,0.002024650689994023,0,follower_right,forearm_roll_positive,0.65,rad
0.04939919894338242,positive,0.31772172451019287,-0.01803482882678509,0.31448379158973694,40,forearm_roll,3,0.04762274771928787,0.02389763668179512,0.0017764512240945468,0,follower_right,forearm_roll_positive,0.6666666666666666,rad
0.04999892459495992,positive,0.3177219331264496,-0.018017189577221874,0.31448400020599365,41,forearm_roll,3,0.048489365726709366,0.02102581039071083,0.001509558868250556,0,follower_right,forearm_roll_positive,0.6833333333333333,rad
0.050476839546948954,positive,0.3177219331264496,-0.018001690506935123,0.3144835829734802,42,forearm_roll,3,0.049252949655056,0.017965085804462433,0.0012238898918929542,0,follower_right,forearm_roll_positive,0.7,rad
0.05082635943720958,positive,0.3177221119403839,-0.017988299950957302,0.3144826292991638,43,forearm_roll,3,0.04990715533494949,0.014653648249804974,0.0009192041022600891,0,follower_right,forearm_roll_positive,0.7166666666666667,rad
0.0510408999036019,positive,0.31772229075431824,-0.017977386713027958,0.3144820034503937,44,forearm_roll,3,0.050445470958948135,0.010912531986832619,0.0005954289446537669,0,follower_right,forearm_roll_positive,0.7333333333333333,rad
0.05111387658398599,positive,0.3177223205566406,-0.017968909814953807,0.3144817054271698,45,forearm_roll,3,0.050861261785030365,0.006947094574570656,0.0002526147989556221,0,follower_right,forearm_roll_positive,0.75,rad
-0.2959461418109993,negative,0.31766393780708313,-0.018979335203766826,0.31362754106521606,1,wrist_angle,4,-0.28646597266197205,-0.0852384939789772,-0.009480169149027273,0,follower_right,wrist_angle_negative,0.016666666666666666,rad
-0.2961606822773916,negative,0.31768739223480225,-0.018975518643856052,0.3137814700603485,2,wrist_angle,4,-0.28837117552757263,-0.12037387490272522,-0.007789506749818986,0,follower_right,wrist_angle_negative,0.03333333333333333,rad
-0.2965102021676523,negative,0.3176656663417816,-0.01897751167416573,0.3144061267375946,3,wrist_angle,4,-0.2908938229084015,-0.19732113182544708,-0.005616379259250792,0,follower_right,wrist_angle_negative,0.05,rad
-0.2969881171196413,negative,0.3177056312561035,-0.018979428336024288,0.31434744596481323,4,wrist_angle,4,-0.29319027066230774,-0.029840625822544098,-0.0037978464573335535,0,follower_right,wrist_angle_negative,0.06666666666666667,rad
-0.2975878427712188,negative,0.31769850850105286,-0.018979094922542575,0.31420281529426575,5,wrist_angle,4,-0.2926044762134552,-0.05198170244693756,-0.004983366557763602,0,follower_right,wrist_angle_negative,0.08333333333333333,rad
-0.29830279476024485,negative,0.3177069425582886,-0.018978517502546314,0.3143330216407776,6,wrist_angle,4,-0.29363876581192017,-0.04600897803902626,-0.004664028948324683,0,follower_right,wrist_angle_negative,0.1,rad
-0.2991263887245796,negative,0.3177075684070587,-0.01897912845015526,0.31450217962265015,7,wrist_angle,4,-0.2951364815235138,-0.03342946246266365,-0.00398990720106579,0,follower_right,wrist_angle_negative,0.11666666666666667,rad
-0.300052040302083,negative,0.3177231550216675,-0.01897949166595936,0.3145269453525543,8,wrist_angle,4,-0.2961687445640564,-0.03148110583424568,-0.003883295738026593,0,follower_right,wrist_angle_negative,0.13333333333333333,rad
-0.3010731651306152,negative,0.3177240788936615,-0.018979389220476154,0.31455907225608826,9,wrist_angle,4,-0.29686903953552246,-0.03744320943951607,-0.004204125595092756,0,follower_right,wrist_angle_negative,0.15,rad
-0.30218317884803636,negative,0.3177351951599121,-0.018979318439960483,0.31465697288513184,10,wrist_angle,4,-0.29803285002708435,-0.03645589202642441,-0.0041503288209520095,0,follower_right,wrist_angle_negative,0.16666666666666666,rad
-0.30337549709220646,negative,0.3177395761013031,-0.018979460000991825,0.314760684967041,11,wrist_angle,4,-0.2993473708629608,-0.03417307138442993,-0.004028126229245643,0,follower_right,wrist_angle_negative,0.18333333333333332,rad
-0.3046435355009856,negative,0.3177511692047119,-0.018979508429765705,0.3148387372493744,12,wrist_angle,4,-0.3005605936050415,-0.035210542380809784,-0.004082941895944103,0,follower_right,wrist_angle_negative,0.2,rad
-0.3059807097122339,negative,0.31775811314582825,-0.018979560583829883,0.3149203956127167,13,wrist_angle,4,-0.30182650685310364,-0.03653259202837944,-0.004154202859130263,0,follower_right,wrist_angle_negative,0.21666666666666667,rad
-0.3073804353638114,negative,0.3177691698074341,-0.01897954568266869,0.31502214074134827,14,wrist_angle,4,-0.30317991971969604,-0.037407275289297104,-0.004200515644115332,0,follower_right,wrist_angle_negative,0.23333333333333334,rad
-0.3088361280935782,negative,0.317777156829834,-0.01897959038615227,0.3151232600212097,15,wrist_angle,4,-0.3046002984046936,-0.03806497901678085,-0.004235829688884585,0,follower_right,wrist_angle_negative,0.25,rad
-0.3103412035393944,negative,0.31778937578201294,-0.01897959224879742,0.31522002816200256,16,wrist_angle,4,-0.3060435354709625,-0.039228830486536026,-0.004297668068431848,0,follower_right,wrist_angle_negative,0.26666666666666666,rad
-0.31188907733912,negative,0.3177988529205322,-0.01897966302931309,0.3153247535228729,17,wrist_angle,4,-0.30753660202026367,-0.040251318365335464,-0.0043524753188563525,0,follower_right,wrist_angle_negative,0.2833333333333333,rad
-0.31347316513061524,negative,0.31781086325645447,-0.018979674205183986,0.3154352307319641,18,wrist_angle,4,-0.30906930565834045,-0.04121913015842438,-0.004403859472274785,0,follower_right,wrist_angle_negative,0.3,rad
-0.31508688255174006,negative,0.3178221881389618,-0.018979728221893314,0.31554239988327026,19,wrist_angle,4,-0.31064143776893616,-0.0419967956840992,-0.004445444782803898,0,follower_right,wrist_angle_negative,0.31666666666666665,rad
-0.3167236452403546,negative,0.3178347647190094,-0.018979778513312343,0.3156530261039734,20,wrist_angle,4,-0.31223076581954956,-0.04289190098643303,-0.004492879420805063,0,follower_right,wrist_angle_negative,0.3333333333333333,rad
-0.3183768688343189,negative,0.3178466856479645,-0.018979828804731372,0.31576791405677795,21,wrist_angle,4,-0.3138508200645447,-0.043518152087926865,-0.004526048769774249,0,follower_right,wrist_angle_negative,0.35,rad
-0.3200399689714931,negative,0.3178598880767822,-0.018979841843247417,0.315881609916687,22,wrist_angle,4,-0.31548744440078735,-0.04402263090014458,-0.004552524570705763,0,follower_right,wrist_angle_negative,0.36666666666666664,rad
-0.3217063612897373,negative,0.3178727924823761,-0.018979867920279506,0.31599554419517517,23,wrist_angle,4,-0.31713566184043884,-0.044372085481882095,-0.004570699449298443,0,follower_right,wrist_angle_negative,0.38333333333333336,rad
-0.32336946142691153,negative,0.31788623332977295,-0.01897992938756943,0.3161119222640991,24,wrist_angle,4,-0.31878772377967834,-0.04458935931324959,-0.004581737647233186,0,follower_right,wrist_angle_negative,0.4,rad
-0.32502268502087583,negative,0.31789958477020264,-0.01897997595369816,0.3162272274494171,25,wrist_angle,4,-0.3204422891139984,-0.04457724094390869,-0.004580395906877421,0,follower_right,wrist_angle_negative,0.4166666666666667,rad
-0.3266594477094904,negative,0.3179134726524353,-0.01898002624511719,0.3163411021232605,26,wrist_angle,4,-0.3220880329608917,-0.0444217175245285,-0.004571414748598679,0,follower_right,wrist_angle_negative,0.43333333333333335,rad
-0.3282731651306152,negative,0.3179270327091217,-0.01898010447621346,0.31645530462265015,27,wrist_angle,4,-0.323721706867218,-0.04406306892633438,-0.004551458263397201,0,follower_right,wrist_angle_negative,0.45,rad
-0.32985725292211043,negative,0.31794095039367676,-0.018980143591761593,0.316567987203598,28,wrist_angle,4,-0.3253365457057953,-0.043505314737558365,-0.004520707216315145,0,follower_right,wrist_angle_negative,0.4666666666666667,rad
-0.3314051267218361,negative,0.3179546594619751,-0.018980229273438457,0.31667834520339966,29,wrist_angle,4,-0.3269258141517639,-0.042749058455228806,-0.004479312570072169,0,follower_right,wrist_angle_negative,0.48333333333333334,rad
-0.33291020216765227,negative,0.3179682493209839,-0.01898027211427689,0.31678661704063416,30,wrist_angle,4,-0.32848191261291504,-0.04181388020515442,-0.00442828955473723,0,follower_right,wrist_angle_negative,0.5,rad
-0.3343658948974191,negative,0.3179815709590912,-0.018980331718921665,0.3168923258781433,31,wrist_angle,4,-0.3300001621246338,-0.04066364839673042,-0.004365732772785291,0,follower_right,wrist_angle_negative,0.5166666666666667,rad
-0.33576562054899656,negative,0.3179948627948761,-0.018980385735630993,0.31699448823928833,32,wrist_angle,4,-0.33146849274635315,-0.03940199315547943,-0.004297127802643408,0,follower_right,wrist_angle_negative,0.5333333333333333,rad
-0.33710279476024485,negative,0.3180076777935028,-0.01898038946092129,0.3170924484729767,33,wrist_angle,4,-0.3328804075717926,-0.038026947528123856,-0.004222387188452248,0,follower_right,wrist_angle_negative,0.55,rad
-0.338370833169024,negative,0.31801992654800415,-0.018980482593178753,0.3171859681606293,34,wrist_angle,4,-0.3342243731021881,-0.036626700311899185,-0.004146460066835889,0,follower_right,wrist_angle_negative,0.5666666666666667,rad
-0.3395631514131941,negative,0.3180316388607025,-0.0189806092530489,0.3172742426395416,35,wrist_angle,4,-0.3354913890361786,-0.03525066003203392,-0.004071762377015509,0,follower_right,wrist_angle_negative,0.5833333333333334,rad
-0.34067316513061524,negative,0.31804266571998596,-0.018980620428919796,0.3173561096191406,36,wrist_angle,4,-0.33666864037513733,-0.03401421755552292,-0.004004524755477912,0,follower_right,wrist_angle_negative,0.6,rad
-0.34169428995914747,negative,0.3180529773235321,-0.018980702385306362,0.31743037700653076,37,wrist_angle,4,-0.3377472460269928,-0.03295666351914406,-0.00394704393215467,0,follower_right,wrist_angle_negative,0.6166666666666667,rad
-0.3426199415366509,negative,0.3180622458457947,-0.018980750814080242,0.3174966871738434,38,wrist_angle,4,-0.3387116491794586,-0.03224599361419678,-0.003908292357192256,0,follower_right,wrist_angle_negative,0.6333333333333333,rad
-0.3434435355009856,negative,0.3180704712867737,-0.018980832770466808,0.3175542950630188,39,wrist_angle,4,-0.33955639600753784,-0.031863387674093246,-0.0038871394934477665,0,follower_right,wrist_angle_negative,0.65,rad
-0.34415848749001166,negative,0.3180773854255676,-0.018980838358402256,0.31760379672050476,40,wrist_angle,4,-0.34027859568595886,-0.0317387655377388,-0.003879891804052793,0,follower_right,wrist_angle_negative,0.6666666666666666,rad
-0.34475821314158916,negative,0.31808313727378845,-0.018980894237756733,0.31764429807662964,41,wrist_angle,4,-0.3408752381801605,-0.03180418908596039,-0.0038829749614286424,0,follower_right,wrist_angle_negative,0.6833333333333333,rad
-0.3452361280935782,negative,0.318087637424469,-0.018980983644723896,0.31767532229423523,42,wrist_angle,4,-0.3413391709327698,-0.03207039833068848,-0.003896957160808401,0,follower_right,wrist_angle_negative,0.7,rad
-0.34558564798383884,negative,0.3180909752845764,-0.01898107305169106,0.31769728660583496,43,wrist_angle,4,-0.3416680693626404,-0.032460976392030716,-0.003917578621198459,0,follower_right,wrist_angle_negative,0.7166666666666667,rad
-0.34580018845023114,negative,0.3180927038192749,-0.018981074914336208,0.3177092969417572,44,wrist_angle,4,-0.34185782074928284,-0.03292723372578621,-0.003942367700948302,0,follower_right,wrist_angle_negative,0.7333333333333333,rad
-0.3458731651306152,negative,0.31809285283088684,-0.018981138244271282,0.3177111744880676,45,wrist_angle,4,-0.34189069271087646,-0.033678628504276276,-0.003982472419738758,0,follower_right,wrist_angle_negative,0.75,rad
-0.29580018845023115,positive,0.31766220927238464,-0.01897949725389481,0.3136194050312042,1,wrist_angle,4,-0.28630897402763367,-0.08872902393341064,-0.009491214422597483,0,follower_right,wrist_angle_positive,0.016666666666666666,rad
-0.29558564798383885,positive,0.3176843822002411,-0.018975611776113514,0.31374406814575195,2,wrist_angle,4,-0.2878681719303131,-0.11752106994390488,-0.00771747605352574,0,follower_right,wrist_angle_positive,0.03333333333333333,rad
-0.2952361280935782,positive,0.3176606297492981,-0.018977662548422817,0.3143466114997864,3,wrist_angle,4,-0.29001569747924805,-0.1251794397830963,-0.0052204306143301404,0,follower_right,wrist_angle_positive,0.05,rad
-0.2947582131415892,positive,0.31769296526908875,-0.018979705870151523,0.31422996520996094,4,wrist_angle,4,-0.2915067970752716,-0.01969194784760475,-0.0032514160663175695,0,follower_right,wrist_angle_positive,0.06666666666666667,rad
-0.29415848749001167,positive,0.3176705241203308,-0.018979843705892566,0.31393781304359436,5,wrist_angle,4,-0.28867924213409424,-0.06129702925682068,-0.005479245355917428,0,follower_right,wrist_angle_positive,0.08333333333333333,rad
-0.2934435355009856,positive,0.31767648458480835,-0.01897881366312504,0.3138991594314575,6,wrist_angle,4,-0.28796669840812683,-0.06114833801984787,-0.005476837092858788,0,follower_right,wrist_angle_positive,0.1,rad
-0.2926199415366509,positive,0.3176649808883667,-0.01897905953228474,0.31403473019599915,7,wrist_angle,4,-0.28865480422973633,-0.03295658901333809,-0.003965137306914557,0,follower_right,wrist_angle_positive,0.11666666666666667,rad
-0.2916942899591475,positive,0.3176669478416443,-0.018979940563440326,0.31400150060653687,8,wrist_angle,4,-0.28798192739486694,-0.028300520032644272,-0.003712362564280536,0,follower_right,wrist_angle_positive,0.13333333333333333,rad
-0.29067316513061525,positive,0.3176547884941101,-0.018980203196406368,0.31377673149108887,9,wrist_angle,4,-0.28587764501571655,-0.04851052910089493,-0.004795520114898699,0,follower_right,wrist_angle_positive,0.15,rad
-0.2895631514131941,positive,0.31764906644821167,-0.01897964254021645,0.31364351511001587,10,wrist_angle,4,-0.2841479480266571,-0.06000713258981705,-0.005415203386537004,0,follower_right,wrist_angle_positive,0.16666666666666666,rad
-0.288370833169024,positive,0.31764134764671326,-0.01897944323718548,0.3136560618877411,11,wrist_angle,4,-0.2837923765182495,-0.04437614232301712,-0.004578456650774498,0,follower_right,wrist_angle_positive,0.18333333333333332,rad
-0.28710279476024486,positive,0.31763607263565063,-0.018979899585247043,0.31363487243652344,12,wrist_angle,4,-0.28297659754753113,-0.03597361966967583,-0.004126197212713734,0,follower_right,wrist_angle_positive,0.2,rad
-0.28576562054899657,positive,0.3176271617412567,-0.01898020133376122,0.3134705424308777,13,wrist_angle,4,-0.28116708993911743,-0.04480138048529625,-0.004598530609879137,0,follower_right,wrist_angle_positive,0.21666666666666667,rad
-0.2843658948974191,positive,0.31761878728866577,-0.018979961052536968,0.3133053183555603,14,wrist_angle,4,-0.27914169430732727,-0.05644720792770386,-0.005224200590091821,0,follower_right,wrist_angle_positive,0.23333333333333334,rad
-0.2829102021676523,positive,0.3176107406616211,-0.018979627639055256,0.31323620676994324,15,wrist_angle,4,-0.27798083424568176,-0.05091365426778793,-0.004929367921970518,0,follower_right,wrist_angle_positive,0.25,rad
-0.2814051267218361,positive,0.3176032304763794,-0.01897978968918324,0.31319162249565125,16,wrist_angle,4,-0.2769063115119934,-0.04289299249649048,-0.004498815209842688,0,follower_right,wrist_angle_positive,0.26666666666666666,rad
-0.27985725292211044,positive,0.31759515404701233,-0.018979942426085476,0.31306523084640503,17,wrist_angle,4,-0.27525198459625244,-0.04489364102482796,-0.004605268325858003,0,follower_right,wrist_angle_positive,0.2833333333333333,rad
-0.27827316513061523,positive,0.3175867199897766,-0.01897993125021458,0.31290173530578613,18,wrist_angle,4,-0.27321696281433105,-0.05330188572406769,-0.005056202316284175,0,follower_right,wrist_angle_positive,0.3,rad
-0.2766594477094904,positive,0.31757858395576477,-0.01897966302931309,0.31278714537620544,19,wrist_angle,4,-0.2715999186038971,-0.05333743244409561,-0.005059529105593319,0,follower_right,wrist_angle_positive,0.31666666666666665,rad
-0.27502268502087585,positive,0.31757059693336487,-0.01897970959544182,0.31271326541900635,20,wrist_angle,4,-0.27025219798088074,-0.04794207215309143,-0.004770487039995108,0,follower_right,wrist_angle_positive,0.3333333333333333,rad
-0.27336946142691154,positive,0.31756293773651123,-0.01897991076111794,0.3126049339771271,21,wrist_angle,4,-0.26867491006851196,-0.04653673619031906,-0.004694551358399579,0,follower_right,wrist_angle_positive,0.35,rad
-0.27170636128973735,positive,0.3175552785396576,-0.01897985488176346,0.31245729327201843,22,wrist_angle,4,-0.26676011085510254,-0.05123459920287132,-0.0049462504346348135,0,follower_right,wrist_angle_positive,0.36666666666666664,rad
-0.2700399689714932,positive,0.31754782795906067,-0.01897973939776421,0.3123258650302887,23,wrist_angle,4,-0.2649786174297333,-0.05336412414908409,-0.005061351541759906,0,follower_right,wrist_angle_positive,0.38333333333333336,rad
-0.26837686883431894,positive,0.3175402879714966,-0.018979631364345554,0.31223064661026,24,wrist_angle,4,-0.26346150040626526,-0.05063628405332565,-0.004915368428053679,0,follower_right,wrist_angle_positive,0.4,rad
-0.26672364524035463,positive,0.31753355264663696,-0.018979704007506374,0.3121299743652344,25,wrist_angle,4,-0.26194071769714355,-0.04816926270723343,-0.00478292754321108,0,follower_right,wrist_angle_positive,0.4166666666666667,rad
-0.26508688255174007,positive,0.3175268769264221,-0.018979746848344806,0.31200239062309265,26,wrist_angle,4,-0.26020392775535583,-0.05004033446311951,-0.004882954796384231,0,follower_right,wrist_angle_positive,0.43333333333333335,rad
-0.26347316513061525,positive,0.31752070784568787,-0.01897966489195824,0.31187400221824646,27,wrist_angle,4,-0.2584734559059143,-0.052211202681064606,-0.004999709224700943,0,follower_right,wrist_angle_positive,0.45,rad
-0.26188907733912004,positive,0.31751441955566406,-0.018979530781507496,0.311770498752594,28,wrist_angle,4,-0.2569395899772644,-0.051270417869091034,-0.004949487361855631,0,follower_right,wrist_angle_positive,0.4666666666666667,rad
-0.2603412035393944,positive,0.3175085484981537,-0.018979584798216823,0.3116762936115265,29,wrist_angle,4,-0.2555108964443207,-0.04904720559716225,-0.004830307095073705,0,follower_right,wrist_angle_positive,0.48333333333333334,rad
-0.2588361280935782,positive,0.3175032436847687,-0.01897959411144257,0.3115694224834442,30,wrist_angle,4,-0.25400251150131226,-0.04911017417907715,-0.0048336165922659435,0,follower_right,wrist_angle_positive,0.5,rad
-0.2573804353638114,positive,0.3174982964992523,-0.018979527056217197,0.31145724654197693,31,wrist_angle,4,-0.25247329473495483,-0.05048098415136337,-0.0049071406288565544,0,follower_right,wrist_angle_positive,0.5166666666666667,rad
-0.2559807097122339,positive,0.31749364733695984,-0.01897954382002354,0.3113596439361572,32,wrist_angle,4,-0.2510797083377838,-0.050362635403871536,-0.004901001374450098,0,follower_right,wrist_angle_positive,0.5333333333333333,rad
-0.2546435355009856,positive,0.3174891769886017,-0.018979461863636974,0.31127604842185974,33,wrist_angle,4,-0.24982860684394836,-0.04875636845827103,-0.004814928657037254,0,follower_right,wrist_angle_positive,0.55,rad
-0.25337549709220647,positive,0.3174852430820465,-0.018979512155056003,0.31119149923324585,34,wrist_angle,4,-0.24860654771327972,-0.04790203273296356,-0.004768949378926746,0,follower_right,wrist_angle_positive,0.5666666666666667,rad
-0.25218317884803637,positive,0.31748172640800476,-0.01897946931421757,0.3111037611961365,35,wrist_angle,4,-0.24739176034927368,-0.048321548849344254,-0.0047914184987626895,0,follower_right,wrist_angle_positive,0.5833333333333334,rad
-0.25107316513061523,positive,0.31747859716415405,-0.018979428336024288,0.3110244572162628,36,wrist_angle,4,-0.2462809532880783,-0.04833441972732544,-0.00479221184253692,0,follower_right,wrist_angle_positive,0.6,rad
-0.250052040302083,positive,0.3174755871295929,-0.01897930353879929,0.3109593689441681,37,wrist_angle,4,-0.24531951546669006,-0.04721968621015549,-0.004732524835392937,0,follower_right,wrist_angle_positive,0.6166666666666667,rad
-0.2491263887245796,positive,0.31747305393218994,-0.01897932589054108,0.310901015996933,38,wrist_angle,4,-0.24445848166942596,-0.04601556435227394,-0.004667907055153631,0,follower_right,wrist_angle_positive,0.6333333333333333,rad
-0.24830279476024486,positive,0.3174709975719452,-0.01897932216525078,0.31084367632865906,39,wrist_angle,4,-0.24365539848804474,-0.04563315212726593,-0.004647396272200122,0,follower_right,wrist_angle_positive,0.65,rad
-0.2475878427712188,positive,0.3174692392349243,-0.01897925697267056,0.31079307198524475,40,wrist_angle,4,-0.24295079708099365,-0.04543925076723099,-0.004637045690225161,0,follower_right,wrist_angle_positive,0.6666666666666666,rad
-0.2469881171196413,positive,0.3174678385257721,-0.018979270011186603,0.3107551336288452,41,wrist_angle,4,-0.24239733815193176,-0.04457518085837364,-0.004590778967709541,0,follower_right,wrist_angle_positive,0.6833333333333333,rad
-0.2465102021676523,positive,0.31746676564216614,-0.0189791526645422,0.3107281029224396,42,wrist_angle,4,-0.24198465049266815,-0.04335905984044075,-0.004525551674984141,0,follower_right,wrist_angle_positive,0.7,rad
-0.24616068227739166,positive,0.3174661695957184,-0.018979193642735485,0.3107067942619324,43,wrist_angle,4,-0.24168150126934052,-0.042493656277656555,-0.004479181008051142,0,follower_right,wrist_angle_positive,0.7166666666666667,rad
-0.24594614181099933,positive,0.31746605038642883,-0.018979074433445934,0.31069278717041016,44,wrist_angle,4,-0.2414941042661667,-0.04198527708649635,-0.004452037544832643,0,follower_right,wrist_angle_positive,0.7333333333333333,rad
-0.24587316513061525,positive,0.31746625900268555,-0.018979053944349292,0.3106909692287445,45,wrist_angle,4,-0.24146561324596405,-0.0411539152264595,-0.004407551884651195,0,follower_right,wrist_angle_positive,0.75,rad
-7.34766818039109e-05,negative,0.3176986277103424,-0.01897787675261498,0.3138662576675415,1,wrist_rotate,5,-1.825934486987535e-05,-0.0009720235830172896,-5.5217336934035546e-05,0,follower_right,wrist_rotate_negative,0.016666666666666666,rad
-0.0002880171481962291,negative,0.3177039623260498,-0.0189756453037262,0.31431373953819275,2,wrist_rotate,5,-9.228166891261935e-05,-0.0005304920487105846,-0.00019573547928360976,0,follower_right,wrist_rotate_negative,0.03333333333333333,rad
-0.0006375370384568602,negative,0.31770065426826477,-0.01897864416241646,0.31468504667282104,3,wrist_rotate,5,-0.0002373506431467831,-0.0005310159176588058,-0.00040018639531007707,0,follower_right,wrist_rotate_negative,0.05,rad
-0.0011154519904458865,negative,0.3177281618118286,-0.018979310989379886,0.31444844603538513,4,wrist_rotate,5,-0.0004695365496445447,-0.0010659154504537582,-0.0006459154408013418,0,follower_right,wrist_rotate_negative,0.06666666666666667,rad
-0.0017151776420233893,negative,0.3177050054073334,-0.01897882111370564,0.31437399983406067,5,wrist_rotate,5,-0.0007996773929335177,-0.0010789576917886734,-0.0009155002490898716,0,follower_right,wrist_rotate_negative,0.08333333333333333,rad
-0.002430129631049453,negative,0.31772303581237793,-0.018978497013449672,0.314486026763916,6,wrist_rotate,5,-0.0012323958799242973,-0.001103423535823822,-0.0011977337511251559,0,follower_right,wrist_rotate_negative,0.1,rad
-0.0032537235953841582,negative,0.31771570444107056,-0.01897917874157429,0.31458380818367004,7,wrist_rotate,5,-0.001768380869179964,-0.0011218152940273285,-0.0014853427262041942,0,follower_right,wrist_rotate_negative,0.11666666666666667,rad
-0.004179375172887588,negative,0.3177224099636078,-0.01897954754531384,0.31452295184135437,8,wrist_rotate,5,-0.002407292602583766,-0.0011303126811981201,-0.0017720825703038219,0,follower_right,wrist_rotate_negative,0.13333333333333333,rad
-0.005200500001419825,negative,0.31771525740623474,-0.018979433923959736,0.31443920731544495,9,wrist_rotate,5,-0.003147383686155081,-0.0011403337121009827,-0.002053116315264744,0,follower_right,wrist_rotate_negative,0.15,rad
-0.006310513718840948,negative,0.31771865487098694,-0.018978992477059368,0.31446918845176697,10,wrist_rotate,5,-0.003985826391726732,-0.001160014420747757,-0.0023246873271142157,0,follower_right,wrist_rotate_negative,0.16666666666666666,rad
-0.007502831963011044,negative,0.3177178204059601,-0.01897913217544556,0.31453150510787964,11,wrist_rotate,5,-0.004917840473353863,-0.0011767596006393433,-0.002584991489657181,0,follower_right,wrist_rotate_negative,0.18333333333333332,rad
-0.008770870371790194,negative,0.31771957874298096,-0.018979366868734363,0.3145284354686737,12,wrist_rotate,5,-0.005938586313277483,-0.0011883564293384552,-0.002832284058512711,0,follower_right,wrist_rotate_negative,0.2,rad
-0.010108044583038479,negative,0.31771790981292725,-0.018979335203766826,0.314477801322937,13,wrist_rotate,5,-0.007042794954031706,-0.0011968724429607391,-0.003065249629006773,0,follower_right,wrist_rotate_negative,0.21666666666666667,rad
-0.011507770234615983,negative,0.31771788001060486,-0.018979117274284366,0.3144740164279938,14,wrist_rotate,5,-0.00822522398084402,-0.0012099146842956543,-0.0032825462537719625,0,follower_right,wrist_rotate_negative,0.23333333333333334,rad
-0.012963462964382786,negative,0.3177182376384735,-0.01897905953228474,0.3145056366920471,15,wrist_rotate,5,-0.009479857049882412,-0.0012226775288581848,-0.0034836059145003737,0,follower_right,wrist_rotate_negative,0.25,rad
-0.014468538410198973,negative,0.3177187442779541,-0.018979171290993694,0.3145192563533783,16,wrist_rotate,5,-0.010800523683428764,-0.0012327507138252258,-0.003668014726770209,0,follower_right,wrist_rotate_negative,0.26666666666666666,rad
-0.016016412209924624,negative,0.31771865487098694,-0.018979221582412723,0.3144955337047577,17,wrist_rotate,5,-0.012180900201201439,-0.0012394189834594727,-0.0038355120087231846,0,follower_right,wrist_rotate_negative,0.2833333333333333,rad
-0.017600500001419828,negative,0.31771785020828247,-0.01897913590073586,0.3144835829734802,18,wrist_rotate,5,-0.013614878058433533,-0.0012472793459892273,-0.003985621942986295,0,follower_right,wrist_rotate_negative,0.3,rad
-0.01921421742254465,negative,0.3177182972431183,-0.01897900737822056,0.3144954442977905,19,wrist_rotate,5,-0.01509615033864975,-0.0012553855776786804,-0.004118067083894901,0,follower_right,wrist_rotate_negative,0.31666666666666665,rad
-0.020850980111159195,negative,0.31771835684776306,-0.018978999927639965,0.31450924277305603,20,wrist_rotate,5,-0.016618242487311363,-0.001262165606021881,-0.004232737623847831,0,follower_right,wrist_rotate_negative,0.3333333333333333,rad
-0.02250420370512353,negative,0.3177186846733093,-0.018979171290993694,0.31450146436691284,21,wrist_rotate,5,-0.01817454770207405,-0.0012662410736083984,-0.0043296560030494785,0,follower_right,wrist_rotate_negative,0.35,rad
-0.024167303842297736,negative,0.31771817803382874,-0.018979145213961605,0.314491331577301,22,wrist_rotate,5,-0.019758619368076324,-0.0012699589133262634,-0.004408684474221412,0,follower_right,wrist_rotate_negative,0.36666666666666664,rad
-0.025833696160541902,negative,0.31771817803382874,-0.018979089334607128,0.31449365615844727,23,wrist_rotate,5,-0.02136402763426304,-0.0012734830379486084,-0.004469668526278864,0,follower_right,wrist_rotate_negative,0.38333333333333336,rad
-0.02749679629771612,negative,0.31771835684776306,-0.018979139626026157,0.3145025670528412,24,wrist_rotate,5,-0.02298426441848278,-0.0012762844562530518,-0.004512531879233339,0,follower_right,wrist_rotate_negative,0.4,rad
-0.029150019891680458,negative,0.3177185356616974,-0.01897913403809071,0.31450191140174866,25,wrist_rotate,5,-0.02461268939077854,-0.0012772008776664734,-0.004537330500901916,0,follower_right,wrist_rotate_negative,0.4166666666666667,rad
-0.03078678258029499,negative,0.3177183270454407,-0.01897908188402653,0.3144958019256592,26,wrist_rotate,5,-0.02624272182583809,-0.001277051866054535,-0.004544060754456902,0,follower_right,wrist_rotate_negative,0.43333333333333335,rad
-0.03240050000141983,negative,0.3177182972431183,-0.018979046493768695,0.31449443101882935,27,wrist_rotate,5,-0.027867864817380905,-0.001276366412639618,-0.004532635184038923,0,follower_right,wrist_rotate_negative,0.45,rad
-0.03398458779291502,negative,0.3177183270454407,-0.018979115411639217,0.3144989013671875,28,wrist_rotate,5,-0.029481595382094383,-0.00127507746219635,-0.004502992410820639,0,follower_right,wrist_rotate_negative,0.4666666666666667,rad
-0.03553246159264068,negative,0.31771841645240784,-0.01897915825247765,0.31450045108795166,29,wrist_rotate,5,-0.031077316030859947,-0.0012724250555038452,-0.004455145561780734,0,follower_right,wrist_rotate_negative,0.48333333333333334,rad
-0.03703753703845686,negative,0.3177182972431183,-0.018979197368025783,0.31449785828590393,30,wrist_rotate,5,-0.032648395746946335,-0.001268528401851654,-0.004389141291510523,0,follower_right,wrist_rotate_negative,0.5,rad
-0.03849322976822367,negative,0.3177183270454407,-0.018979215994477276,0.3144959807395935,31,wrist_rotate,5,-0.03418829292058945,-0.0012637898325920105,-0.004304936847634222,0,follower_right,wrist_rotate_negative,0.5166666666666667,rad
-0.039892955419801174,negative,0.3177182674407959,-0.01897925697267056,0.3144974410533905,32,wrist_rotate,5,-0.035690464079380035,-0.0012583807110786438,-0.004202491340421138,0,follower_right,wrist_rotate_negative,0.5333333333333333,rad
-0.04123012963104945,negative,0.31771838665008545,-0.018979316577315334,0.31449922919273376,33,wrist_rotate,5,-0.037148356437683105,-0.0012519434094429016,-0.004081773193366348,0,follower_right,wrist_rotate_negative,0.55,rad
-0.0424981680398286,negative,0.3177182674407959,-0.018979337066411976,0.3144984245300293,34,wrist_rotate,5,-0.038555338978767395,-0.0012442544102668762,-0.0039428290610612066,0,follower_right,wrist_rotate_negative,0.5666666666666667,rad
-0.0436904862839987,negative,0.3177182674407959,-0.018979389220476154,0.3144970238208771,35,wrist_rotate,5,-0.039904847741127014,-0.0012355968356132507,-0.003785638542871686,0,follower_right,wrist_rotate_negative,0.5833333333333334,rad
-0.04480050000141983,negative,0.3177182674407959,-0.01897935383021832,0.314497172832489,36,wrist_rotate,5,-0.04119036719202995,-0.0012261942028999329,-0.0036101328093898766,0,follower_right,wrist_rotate_negative,0.6,rad
-0.04582162482995206,negative,0.31771835684776306,-0.01897944323718548,0.3144984245300293,37,wrist_rotate,5,-0.0424053855240345,-0.0012158304452896118,-0.0034162393059175566,0,follower_right,wrist_rotate_negative,0.6166666666666667,rad
-0.04674727640745549,negative,0.31771835684776306,-0.018979458138346676,0.3144986033439636,38,wrist_rotate,5,-0.043543606996536255,-0.0012043826282024384,-0.0032036694109192354,0,follower_right,wrist_rotate_negative,0.6333333333333333,rad
-0.0475708703717902,negative,0.3177183270454407,-0.018979553133249286,0.31449761986732483,39,wrist_rotate,5,-0.044598307460546494,-0.0011919252574443817,-0.0029725629112437035,0,follower_right,wrist_rotate_negative,0.65,rad
-0.04828582236081626,negative,0.3177182972431183,-0.018979558721184734,0.31449732184410095,40,wrist_rotate,5,-0.04556283727288246,-0.001178637146949768,-0.0027229850879337963,0,follower_right,wrist_rotate_negative,0.6666666666666666,rad
-0.04888554801239376,negative,0.3177182972431183,-0.01897959224879742,0.3144977390766144,41,wrist_rotate,5,-0.0464305505156517,-0.001164354383945465,-0.0024549974967420576,0,follower_right,wrist_rotate_negative,0.6833333333333333,rad
-0.04936346296438279,negative,0.3177183270454407,-0.018979586660861972,0.31449824571609497,42,wrist_rotate,5,-0.04719482734799385,-0.001149054616689682,-0.002168635616388942,0,follower_right,wrist_rotate_negative,0.7,rad
-0.04971298285464342,negative,0.3177183270454407,-0.01897968724370003,0.3144978880882263,43,wrist_rotate,5,-0.04784904420375824,-0.0011327378451824188,-0.0018639386508851816,0,follower_right,wrist_rotate_negative,0.7166666666666667,rad
-0.04992752332103574,negative,0.3177182972431183,-0.018979730084538463,0.3144974410533905,44,wrist_rotate,5,-0.04838655889034271,-0.001115472987294197,-0.0015409644306930287,0,follower_right,wrist_rotate_negative,0.7333333333333333,rad
-0.050000500001419826,negative,0.3177183270454407,-0.018979746848344806,0.3144976496696472,45,wrist_rotate,5,-0.048800840973854065,-0.0009310580790042877,-0.001199659027565761,0,follower_right,wrist_rotate_negative,0.75,rad
7.247667896426471e-05,positive,0.3176986575126648,-0.018977887928485874,0.3138662278652191,1,wrist_rotate,5,2.0478461010497995e-05,-0.0009663153905421495,5.1998217953766715e-05,0,follower_right,wrist_rotate_positive,0.016666666666666666,rad
0.0002870171453565829,positive,0.31770390272140503,-0.018975697457790378,0.3143138289451599,2,wrist_rotate,5,8.877742948243394e-05,3.8183992728590965e-05,0.00019823971587414898,0,follower_right,wrist_rotate_positive,0.03333333333333333,rad
0.000636537035617214,positive,0.3177005648612976,-0.01897881552577019,0.31468480825424194,3,wrist_rotate,5,0.00023355330631602556,0.0006329808384180069,0.00040298372930118844,0,follower_right,wrist_rotate_positive,0.05,rad
0.0011144519876062403,positive,0.317728191614151,-0.018979532644152645,0.31444838643074036,4,wrist_rotate,5,0.00046763193677179515,0.0004536239430308342,0.0006468200508344452,0,follower_right,wrist_rotate_positive,0.06666666666666667,rad
0.0017141776391837431,positive,0.31770503520965576,-0.01897917874157429,0.3143738806247711,5,wrist_rotate,5,0.0007980030495673418,0.0006510801613330841,0.0009161745896164013,0,follower_right,wrist_rotate_positive,0.08333333333333333,rad
0.002429129628209807,positive,0.31772297620773315,-0.01897898688912392,0.3144862651824951,6,wrist_rotate,5,0.0012297353241592646,0.0011135544627904892,0.0011993943040505425,0,follower_right,wrist_rotate_positive,0.1,rad
0.003252723592544512,positive,0.3177158236503601,-0.018979679793119434,0.31458359956741333,7,wrist_rotate,5,0.001765557681210339,0.0011274032294750214,0.001487165911334173,0,follower_right,wrist_rotate_positive,0.11666666666666667,rad
0.004178375170047942,positive,0.31772229075431824,-0.018980238586664203,0.314522922039032,8,wrist_rotate,5,0.002404967322945595,0.001145578920841217,0.0017734078471023469,0,follower_right,wrist_rotate_positive,0.13333333333333333,rad
0.005199499998580178,positive,0.3177153468132019,-0.018980136141180996,0.3144393861293793,9,wrist_rotate,5,0.0031453988049179316,0.0011653788387775421,0.002054101193662247,0,follower_right,wrist_rotate_positive,0.15,rad
0.006309513716001302,positive,0.31771862506866455,-0.01897985674440861,0.31446918845176697,10,wrist_rotate,5,0.003983228001743555,0.0011756494641304016,0.0023262857142577467,0,follower_right,wrist_rotate_positive,0.16666666666666666,rad
0.007501831960171398,positive,0.3177177608013153,-0.01898005045950413,0.31453147530555725,11,wrist_rotate,5,0.004915100988000631,0.0011882111430168152,0.0025867309721707664,0,follower_right,wrist_rotate_positive,0.18333333333333332,rad
0.008769870368950548,positive,0.3177196979522705,-0.018980382010340694,0.3145284652709961,12,wrist_rotate,5,0.005936073139309883,0.0012015514075756073,0.002833797229640665,0,follower_right,wrist_rotate_positive,0.2,rad
0.010107044580198832,positive,0.31771793961524963,-0.018980372697114948,0.31447815895080566,13,wrist_rotate,5,0.0070406608283519745,0.0012171976268291473,0.003066383751846858,0,follower_right,wrist_rotate_positive,0.21666666666666667,rad
0.011506770231776337,positive,0.3177180588245392,-0.01898027397692204,0.31447404623031616,14,wrist_rotate,5,0.00822293758392334,0.0012274235486984253,0.0032838326478529974,0,follower_right,wrist_rotate_positive,0.23333333333333334,rad
0.01296246296154314,positive,0.31771817803382874,-0.018980309367179874,0.3145056962966919,15,wrist_rotate,5,0.009477468207478523,0.0012369900941848755,0.0034849947540646162,0,follower_right,wrist_rotate_positive,0.25,rad
0.014467538407359327,positive,0.31771886348724365,-0.018980404362082485,0.31451934576034546,16,wrist_rotate,5,0.010798226110637188,0.0012461990118026733,0.003669312296722139,0,follower_right,wrist_rotate_positive,0.26666666666666666,rad
0.016015412207084977,positive,0.31771865487098694,-0.018980570137500766,0.314495712518692,17,wrist_rotate,5,0.012178881093859673,0.0012567564845085144,0.003836531113225305,0,follower_right,wrist_rotate_positive,0.2833333333333333,rad
0.01759949999858018,positive,0.31771785020828247,-0.01898044347763062,0.3144838809967041,18,wrist_rotate,5,0.013612906448543072,0.0012645646929740906,0.00398659355003711,0,follower_right,wrist_rotate_positive,0.3,rad
0.019213217419705005,positive,0.31771835684776306,-0.018980402499437336,0.3144958019256592,19,wrist_rotate,5,0.015094146132469177,0.0012709274888038635,0.004119071287235827,0,follower_right,wrist_rotate_positive,0.31666666666666665,rad
0.02084998010831955,positive,0.317718505859375,-0.01898049004375935,0.3145095407962799,20,wrist_rotate,5,0.016616279259324074,0.0012762844562530518,0.004233700848995475,0,follower_right,wrist_rotate_positive,0.3333333333333333,rad
0.022503203702283883,positive,0.3177187144756317,-0.018980570137500766,0.31450164318084717,21,wrist_rotate,5,0.018172774463891983,0.0012821406126022339,0.0043304292383919,0,follower_right,wrist_rotate_positive,0.35,rad
0.02416630383945809,positive,0.3177182376384735,-0.01898061111569405,0.31449151039123535,22,wrist_rotate,5,0.019756952300667763,0.001286424696445465,0.004409351538790327,0,follower_right,wrist_rotate_positive,0.36666666666666664,rad
0.025832696157702256,positive,0.3177184462547302,-0.01898056082427502,0.314493864774704,23,wrist_rotate,5,0.021362390369176865,0.00128927081823349,0.004470305788525392,0,follower_right,wrist_rotate_positive,0.38333333333333336,rad
0.027495796294876473,positive,0.31771838665008545,-0.01898048631846905,0.31450289487838745,24,wrist_rotate,5,0.022982658818364143,0.0012909621000289917,0.00451313747651233,0,follower_right,wrist_rotate_positive,0.4,rad
0.02914901988884081,positive,0.31771859526634216,-0.018980482593178753,0.3145023286342621,25,wrist_rotate,5,0.02461121417582035,0.0012923181056976318,0.004537805713020461,0,follower_right,wrist_rotate_positive,0.4166666666666667,rad
0.030785782577455345,positive,0.31771835684776306,-0.01898046396672726,0.31449630856513977,26,wrist_rotate,5,0.026241360232234,0.0012927725911140442,0.004544422345221344,0,follower_right,wrist_rotate_positive,0.43333333333333335,rad
0.03239949999858018,positive,0.31771835684776306,-0.018980525434017185,0.31449490785598755,27,wrist_rotate,5,0.02786657214164734,0.0012919977307319641,0.004532927856932843,0,follower_right,wrist_rotate_positive,0.45,rad
0.033983587790075376,positive,0.3177183270454407,-0.01898051239550114,0.3144994080066681,28,wrist_rotate,5,0.029480352997779846,0.001289963722229004,0.00450323479229553,0,follower_right,wrist_rotate_positive,0.4666666666666667,rad
0.035531461589801035,positive,0.3177184462547302,-0.018980482593178753,0.31450122594833374,29,wrist_rotate,5,0.03107616677880287,0.0012871995568275452,0.004455294810998163,0,follower_right,wrist_rotate_positive,0.48333333333333334,rad
0.03703653703561721,positive,0.3177183270454407,-0.018980477005243305,0.3144981265068054,30,wrist_rotate,5,0.03264736384153366,0.0012836679816246033,0.004389173194083551,0,follower_right,wrist_rotate_positive,0.5,rad
0.03849222976538402,positive,0.31771838665008545,-0.018980409950017933,0.31449633836746216,31,wrist_rotate,5,0.03418734669685364,0.0012790113687515259,0.004304883068530385,0,follower_right,wrist_rotate_positive,0.5166666666666667,rad
0.03989195541696153,positive,0.3177182972431183,-0.01898041553795338,0.3144981265068054,32,wrist_rotate,5,0.03568960726261139,0.0012731701135635376,0.004202348154350138,0,follower_right,wrist_rotate_positive,0.5333333333333333,rad
0.04122912962820981,positive,0.3177184462547302,-0.018980380147695545,0.31449997425079346,33,wrist_rotate,5,0.03714761137962341,0.0012665390968322754,0.004081518248586394,0,follower_right,wrist_rotate_positive,0.55,rad
0.042497168036988955,positive,0.31771841645240784,-0.018980335444211963,0.31449899077415466,34,wrist_rotate,5,0.038554828613996506,0.0012589916586875916,0.00394233942299245,0,follower_right,wrist_rotate_positive,0.5666666666666667,rad
0.043689486281159054,positive,0.31771841645240784,-0.018980327993631366,0.3144974708557129,35,wrist_rotate,5,0.03990466892719269,0.0012504905462265015,0.003784817353966366,0,follower_right,wrist_rotate_positive,0.5833333333333334,rad
0.04479949999858018,positive,0.31771838665008545,-0.0189803671091795,0.3144979178905487,36,wrist_rotate,5,0.04119062051177025,0.0012409016489982605,0.003608879486809935,0,follower_right,wrist_rotate_positive,0.6,rad
0.04582062482711241,positive,0.3177184462547302,-0.018980190157890323,0.3144991397857666,37,wrist_rotate,5,0.042406100779771805,0.0012303665280342102,0.0034145240473406058,0,follower_right,wrist_rotate_positive,0.6166666666666667,rad
0.046746276404615844,positive,0.3177184462547302,-0.018980162218213085,0.31449928879737854,38,wrist_rotate,5,0.04354449361562729,0.001218896359205246,0.0032017827889885553,0,follower_right,wrist_rotate_positive,0.6333333333333333,rad
0.04756987036895055,positive,0.31771835684776306,-0.018980182707309726,0.31449809670448303,39,wrist_rotate,5,0.04459918662905693,0.0012064874172210693,0.0029706837398936203,0,follower_right,wrist_rotate_positive,0.65,rad
0.04828482235797661,positive,0.3177182972431183,-0.01898014731705189,0.31449803709983826,40,wrist_rotate,5,0.045563556253910065,0.0011930502951145172,0.002721266104066547,0,follower_right,wrist_rotate_positive,0.6666666666666666,rad
0.048884548009554114,positive,0.31771838665008545,-0.018980111926794056,0.314498633146286,41,wrist_rotate,5,0.046431027352809906,0.0011786594986915588,0.0024535206567442083,0,follower_right,wrist_rotate_positive,0.6833333333333333,rad
0.049362462961543147,positive,0.31771835684776306,-0.018980065360665325,0.3144991099834442,42,wrist_rotate,5,0.047195035964250565,0.0011632665991783142,0.002167426997292582,0,follower_right,wrist_rotate_positive,0.7,rad
0.049711982851803775,positive,0.31771835684776306,-0.0189800076186657,0.31449857354164124,43,wrist_rotate,5,0.04784895479679108,0.0011469796299934387,0.0018630280550126985,0,follower_right,wrist_rotate_positive,0.7166666666666667,rad
0.049926523318196095,positive,0.3177182674407959,-0.01898003183305264,0.3144981563091278,44,wrist_rotate,5,0.04838622361421585,0.0009837336838245392,0.001540299703980244,0,follower_right,wrist_rotate_positive,0.7333333333333333,rad
0.04999949999858018,positive,0.31771838665008545,-0.018979899585247043,0.31449854373931885,45,wrist_rotate,5,0.0488002747297287,0.0006764829158782959,0.001199225268851481,0,follower_right,wrist_rotate_positive,0.75,rad
-7.295391107409479e-05,negative,0.3176986575126648,-0.018977882340550426,0.3138662576675415,1,gripper,6,-1.9420147509663366e-05,4.680990241467953e-05,-5.353376356443143e-05,0,follower_right,gripper_negative,0.016666666666666666,rad
-0.000287494377466413,negative,0.31770390272140503,-0.018975675106048587,0.3143138587474823,2,gripper,6,-9.045759361470118e-05,1.0934891179203987e-05,-0.00019703678385171183,0,follower_right,gripper_negative,0.03333333333333333,rad
-0.0006370142677270441,negative,0.3177006244659424,-0.018978759646415714,0.3146848678588867,3,gripper,6,-0.00023549338220618665,-2.87545844912529e-06,-0.0004015208855208574,0,follower_right,gripper_negative,0.05,rad
-0.0011149292197160704,negative,0.31772807240486145,-0.018979484215378765,0.31444835662841797,4,gripper,6,-0.000468924903543666,2.2355467081069946e-05,-0.0006460043161724044,0,follower_right,gripper_negative,0.06666666666666667,rad
-0.0017146548712935732,negative,0.3177050054073334,-0.018978970125317577,0.31437399983406067,5,gripper,6,-0.0007995484629645944,3.139860928058624e-05,-0.0009151064083289789,0,follower_right,gripper_negative,0.08333333333333333,rad
-0.002429606860319637,negative,0.3177230954170227,-0.018978757783770565,0.31448617577552795,6,gripper,6,-0.0012321526883170009,1.6955658793449402e-05,-0.0011974541720026362,0,follower_right,gripper_negative,0.1,rad
-0.003253200824654342,negative,0.31771567463874817,-0.018979437649250034,0.3145838677883148,7,gripper,6,-0.001768537680618465,1.4593824744224548e-05,-0.0014846631440358772,0,follower_right,gripper_negative,0.11666666666666667,rad
-0.004178852402157772,negative,0.3177224099636078,-0.018979921936988834,0.31452280282974243,8,gripper,6,-0.0024082486052066088,2.148374915122986e-05,-0.001770603796951163,0,follower_right,gripper_negative,0.13333333333333333,rad
-0.0051999772306900085,negative,0.31771522760391235,-0.018979767337441448,0.31443917751312256,9,gripper,6,-0.003149189753457904,2.864748239517212e-05,-0.0020507874772321046,0,follower_right,gripper_negative,0.15,rad
-0.006309990948111132,negative,0.31771862506866455,-0.018979437649250034,0.31446921825408936,10,gripper,6,-0.00398806668817997,2.0947307348251343e-05,-0.002321924259931162,0,follower_right,gripper_negative,0.16666666666666666,rad
-0.007502309192281228,negative,0.31771785020828247,-0.018979607149958614,0.31453147530555725,11,gripper,6,-0.004920750390738249,1.782551407814026e-05,-0.002581558801542979,0,follower_right,gripper_negative,0.18333333333333332,rad
-0.008770347601060378,negative,0.3177196681499481,-0.018979866057634357,0.31452837586402893,12,gripper,6,-0.0059424471110105515,1.958012580871582e-05,-0.0028279004900498266,0,follower_right,gripper_negative,0.2,rad
-0.010107521812308663,negative,0.3177178204059601,-0.018979888409376148,0.31447792053222656,13,gripper,6,-0.00704787764698267,2.4646520614624023e-05,-0.0030596441653259927,0,follower_right,gripper_negative,0.21666666666666667,rad
-0.011507247463886167,negative,0.3177178204059601,-0.01897974126040936,0.31447386741638184,14,gripper,6,-0.008231407962739468,2.2541731595993042e-05,-0.0032758395011466997,0,follower_right,gripper_negative,0.23333333333333334,rad
-0.01296294019365297,negative,0.3177182674407959,-0.018979744985699657,0.31450554728507996,15,gripper,6,-0.009487170726060867,1.987069845199585e-05,-0.0034757694675921023,0,follower_right,gripper_negative,0.25,rad
-0.014468015639469157,negative,0.3177188038825989,-0.01897986233234406,0.31451940536499023,16,gripper,6,-0.010809102095663548,1.958012580871582e-05,-0.0036589135438056097,0,follower_right,gripper_negative,0.26666666666666666,rad
-0.016015889439194807,negative,0.3177186846733093,-0.018979920074343685,0.3144955635070801,17,gripper,6,-0.012191005051136017,2.2426247596740723e-05,-0.0038248843880587906,0,follower_right,gripper_negative,0.2833333333333333,rad
-0.01759997723069001,negative,0.31771785020828247,-0.018979841843247417,0.3144836723804474,18,gripper,6,-0.013626565225422382,2.2552907466888428e-05,-0.003973412005267629,0,follower_right,gripper_negative,0.3,rad
-0.019213694651814835,negative,0.3177183270454407,-0.0189797580242157,0.31449568271636963,19,gripper,6,-0.015109408646821976,2.095848321914673e-05,-0.004104286004992859,0,follower_right,gripper_negative,0.31666666666666665,rad
-0.02085045734042938,negative,0.3177184462547302,-0.018979815766215328,0.3145095705986023,20,gripper,6,-0.01663309894502163,2.016127109527588e-05,-0.004217358395407749,0,follower_right,gripper_negative,0.3333333333333333,rad
-0.022503680934393713,negative,0.3177186846733093,-0.018979867920279506,0.31450173258781433,21,gripper,6,-0.018191173672676086,2.1472573280334473e-05,-0.004312507261717627,0,follower_right,gripper_negative,0.35,rad
-0.02416678107156792,negative,0.3177182078361511,-0.01897995918989182,0.3144913613796234,22,gripper,6,-0.019777122884988785,2.2113323211669922e-05,-0.004389658186579135,0,follower_right,gripper_negative,0.36666666666666664,rad
-0.025833173389812086,negative,0.3177182376384735,-0.01897988095879555,0.3144935369491577,23,gripper,6,-0.02138442173600197,2.14502215385437e-05,-0.004448751653810118,0,follower_right,gripper_negative,0.38333333333333336,rad
-0.027496273526986303,negative,0.3177182972431183,-0.01897983625531197,0.3145025968551636,24,gripper,6,-0.02300652675330639,2.0682811737060547e-05,-0.004489746773679915,0,follower_right,gripper_negative,0.4,rad
-0.029149497120950642,negative,0.317718505859375,-0.018979849293828014,0.3145022988319397,25,gripper,6,-0.024636898189783096,2.11372971534729e-05,-0.0045125989311675455,0,follower_right,gripper_negative,0.4166666666666667,rad
-0.030786259809565175,negative,0.31771835684776306,-0.01897988095879555,0.3144960403442383,26,gripper,6,-0.026268964633345604,2.1688640117645264e-05,-0.004517295176219571,0,follower_right,gripper_negative,0.43333333333333335,rad
-0.03239997723069001,negative,0.3177183270454407,-0.018979853019118312,0.31449466943740845,27,gripper,6,-0.02789616398513317,2.156198024749756e-05,-0.004503813245556841,0,follower_right,gripper_negative,0.45,rad
-0.033984065022185206,negative,0.3177183270454407,-0.018979849293828014,0.31449922919273376,28,gripper,6,-0.029511919245123863,2.1062791347503662e-05,-0.004472145777061343,0,follower_right,gripper_negative,0.4666666666666667,rad
-0.035531938821910865,negative,0.3177184760570526,-0.018979864194989208,0.3145008385181427,29,gripper,6,-0.031109660863876343,2.111494541168213e-05,-0.004422277958034522,0,follower_right,gripper_negative,0.48333333333333334,rad
-0.03703701426772704,negative,0.3177183270454407,-0.01897983253002167,0.31449827551841736,30,gripper,6,-0.03268280625343323,2.1442770957946777e-05,-0.004354208014293814,0,follower_right,gripper_negative,0.5,rad
-0.03849270699749385,negative,0.31771841645240784,-0.01897983066737652,0.31449607014656067,31,gripper,6,-0.03422477841377258,2.1509826183319092e-05,-0.00426792858372127,0,follower_right,gripper_negative,0.5166666666666667,rad
-0.03989243264907136,negative,0.3177182972431183,-0.01897978410124779,0.3144979178905487,32,gripper,6,-0.035728998482227325,2.1278858184814453e-05,-0.004163434166844032,0,follower_right,gripper_negative,0.5333333333333333,rad
-0.04122960686031964,negative,0.31771841645240784,-0.018979843705892566,0.3144994080066681,33,gripper,6,-0.03718888759613037,2.119690179824829e-05,-0.004040719264189266,0,follower_right,gripper_negative,0.55,rad
-0.042497645269098785,negative,0.3177182972431183,-0.018979845568537716,0.3144988417625427,34,gripper,6,-0.03859785199165344,2.135336399078369e-05,-0.003899793277445343,0,follower_right,gripper_negative,0.5666666666666667,rad
-0.043689963513268884,negative,0.31771841645240784,-0.018979802727699283,0.3144972324371338,35,gripper,6,-0.03994932770729065,2.1435320377349854e-05,-0.0037406358059782346,0,follower_right,gripper_negative,0.5833333333333334,rad
-0.044799977230690013,negative,0.3177183270454407,-0.018979867920279506,0.3144976496696472,36,gripper,6,-0.04123670980334282,2.1412968635559082e-05,-0.0035632674273471943,0,follower_right,gripper_negative,0.6,rad
-0.04582110205922224,negative,0.31771838665008545,-0.01897981204092503,0.3144986629486084,37,gripper,6,-0.04245344176888466,2.1278858184814453e-05,-0.003367660290337582,0,follower_right,gripper_negative,0.6166666666666667,rad
-0.046746753636725674,negative,0.3177183270454407,-0.01897985860705376,0.31449878215789795,38,gripper,6,-0.0435929074883461,2.1334737539291382e-05,-0.0031538461483795743,0,follower_right,gripper_negative,0.6333333333333333,rad
-0.04757034760106038,negative,0.31771838665008545,-0.018979892134666446,0.3144979774951935,39,gripper,6,-0.044648535549640656,2.1453946828842163e-05,-0.0029218120514197254,0,follower_right,gripper_negative,0.65,rad
-0.04828529959008644,negative,0.3177183270454407,-0.018979826942086223,0.31449782848358154,40,gripper,6,-0.045613761991262436,2.140924334526062e-05,-0.002671537598824006,0,follower_right,gripper_negative,0.6666666666666666,rad
-0.048885025241663944,negative,0.31771838665008545,-0.018979853019118312,0.3144982159137726,41,gripper,6,-0.04648197442293167,2.1379441022872925e-05,-0.0024030508187322733,0,follower_right,gripper_negative,0.6833333333333333,rad
-0.04936294019365298,negative,0.3177182972431183,-0.01897983811795712,0.31449851393699646,42,gripper,6,-0.047246601432561874,2.139061689376831e-05,-0.002116338761091102,0,follower_right,gripper_negative,0.7,rad
-0.049712460083913605,negative,0.31771835684776306,-0.018979866057634357,0.3144981265068054,43,gripper,6,-0.047901056706905365,2.1442770957946777e-05,-0.0018114033770082402,0,follower_right,gripper_negative,0.7166666666666667,rad
-0.049927000550305925,negative,0.3177183270454407,-0.018979853019118312,0.31449800729751587,44,gripper,6,-0.04843875765800476,2.1455809473991394e-05,-0.0014882428923011642,0,follower_right,gripper_negative,0.7333333333333333,rad
-0.04999997723069001,negative,0.3177183270454407,-0.01897983625531197,0.31449827551841736,45,gripper,6,-0.04885312169790268,2.1437183022499084e-05,-0.0011468555327873303,0,follower_right,gripper_negative,0.75,rad
7.299944969408081e-05,positive,0.3176986575126648,-0.018977882340550426,0.3138662576675415,1,gripper,6,1.931631049956195e-05,4.680344136431813e-05,5.368313919451886e-05,0,follower_right,gripper_positive,0.016666666666666666,rad
0.000287539916086399,positive,0.3177039325237274,-0.018975676968693737,0.3143138587474823,2,gripper,6,9.061397577170283e-05,1.095794141292572e-05,0.0001969259403146962,0,follower_right,gripper_positive,0.03333333333333333,rad
0.0006370598063470301,positive,0.3177006244659424,-0.018978755921125415,0.3146848678588867,3,gripper,6,0.0002356644399696961,-2.83634290099144e-06,0.000401395366377334,0,follower_right,gripper_positive,0.05,rad
0.0011149747583360564,positive,0.31772807240486145,-0.018979478627443317,0.31444835662841797,4,gripper,6,0.0004690095956902951,2.240389585494995e-05,0.0006459651626457613,0,follower_right,gripper_positive,0.06666666666666667,rad
0.0017147004099135593,positive,0.3177050054073334,-0.018978970125317577,0.31437399983406067,5,gripper,6,0.000799616682343185,3.1482428312301636e-05,0.0009150837275703743,0,follower_right,gripper_positive,0.08333333333333333,rad
0.002429652398939623,positive,0.3177231252193451,-0.018978754058480266,0.31448617577552795,6,gripper,6,0.0012322510592639446,1.7041340470314026e-05,0.0011974013396756785,0,follower_right,gripper_positive,0.1,rad
0.003253246363274328,positive,0.31771570444107056,-0.01897942647337914,0.31458383798599243,7,gripper,6,0.0017686369828879833,1.4701858162879944e-05,0.0014846093803863448,0,follower_right,gripper_positive,0.11666666666666667,rad
0.004178897940777758,positive,0.3177224099636078,-0.018979925662279132,0.31452280282974243,8,gripper,6,0.0024083221796900034,2.1647661924362183e-05,0.0017705757610877544,0,follower_right,gripper_positive,0.13333333333333333,rad
0.0052000227693099945,positive,0.31771522760391235,-0.01897975988686085,0.31443917751312256,9,gripper,6,0.003149240044876933,2.8811395168304443e-05,0.0020507827244330614,0,follower_right,gripper_positive,0.15,rad
0.006310036486731118,positive,0.31771862506866455,-0.018979441374540332,0.31446921825408936,10,gripper,6,0.003988134674727917,2.111867070198059e-05,0.002321901812003201,0,follower_right,gripper_positive,0.16666666666666666,rad
0.007502354730901214,positive,0.3177178204059601,-0.018979603424668316,0.31453147530555725,11,gripper,6,0.0049208239652216434,1.8030405044555664e-05,0.0025815307656795704,0,follower_right,gripper_positive,0.18333333333333332,rad
0.008770393139680364,positive,0.3177196681499481,-0.01897983811795712,0.3145284056663513,12,gripper,6,0.005942510440945625,1.9825994968414307e-05,0.002827882698734739,0,follower_right,gripper_positive,0.2,rad
0.010107567350928649,positive,0.31771785020828247,-0.018979873508214954,0.31447792053222656,13,gripper,6,0.007047923281788826,2.4918466806411743e-05,0.0030596440691398226,0,follower_right,gripper_positive,0.21666666666666667,rad
0.011507293002506153,positive,0.31771785020828247,-0.01897973939776421,0.31447386741638184,14,gripper,6,0.008231458254158497,2.276897430419922e-05,0.0032758347483476564,0,follower_right,gripper_positive,0.23333333333333334,rad
0.012962985732272956,positive,0.3177182674407959,-0.018979744985699657,0.31450554728507996,15,gripper,6,0.009487221017479897,2.0116567611694336e-05,0.003475764714793059,0,follower_right,gripper_positive,0.25,rad
0.014468061178089143,positive,0.3177188038825989,-0.018979864194989208,0.3145194351673126,16,gripper,6,0.010809150524437428,1.989305019378662e-05,0.0036589106536517157,0,follower_right,gripper_positive,0.26666666666666666,rad
0.016015934977814793,positive,0.3177186846733093,-0.018979920074343685,0.3144955635070801,17,gripper,6,0.012191041372716427,2.2761523723602295e-05,0.0038248936050983666,0,follower_right,gripper_positive,0.2833333333333333,rad
0.017600022769309998,positive,0.31771785020828247,-0.01897983625531197,0.3144836723804474,18,gripper,6,0.013626603409647942,2.2821128368377686e-05,0.003973419359662056,0,follower_right,gripper_positive,0.3,rad
0.01921374019043482,positive,0.3177183270454407,-0.0189797580242157,0.31449568271636963,19,gripper,6,0.01510944589972496,2.1241605281829834e-05,0.00410429429070986,0,follower_right,gripper_positive,0.31666666666666665,rad
0.020850502879049364,positive,0.3177184462547302,-0.01897983253002167,0.3145095407962799,20,gripper,6,0.016633138060569763,2.0503997802734375e-05,0.004217364818479601,0,follower_right,gripper_positive,0.3333333333333333,rad
0.0225037264730137,positive,0.3177186846733093,-0.01897990703582764,0.31450173258781433,21,gripper,6,0.018191207200288773,2.1785497665405273e-05,0.004312519272724927,0,follower_right,gripper_positive,0.35,rad
0.024166826610187906,positive,0.3177182078361511,-0.018979944288730625,0.3144913911819458,22,gripper,6,0.019777152687311172,2.2433698177337646e-05,0.0043896739228767336,0,follower_right,gripper_positive,0.36666666666666664,rad
0.025833218928432072,positive,0.3177182674407959,-0.018979875370860103,0.3144935667514801,23,gripper,6,0.021384451538324356,2.1755695343017578e-05,0.004448767390107716,0,follower_right,gripper_positive,0.38333333333333336,rad
0.02749631906560629,positive,0.31771835684776306,-0.01897983811795712,0.3145025372505188,24,gripper,6,0.023006556555628777,2.1025538444519043e-05,0.004489762509977513,0,follower_right,gripper_positive,0.4,rad
0.029149542659570628,positive,0.317718505859375,-0.018979851156473163,0.31450238823890686,25,gripper,6,0.024636918678879738,2.146512269973755e-05,0.00451262398069089,0,follower_right,gripper_positive,0.4166666666666667,rad
0.03078630534818516,positive,0.3177183270454407,-0.01897985860705376,0.31449609994888306,26,gripper,6,0.026268979534506798,2.2038817405700684e-05,0.004517325813678363,0,follower_right,gripper_positive,0.43333333333333335,rad
0.03240002276931,positive,0.3177183270454407,-0.018979839980602268,0.31449469923973083,27,gripper,6,0.027896173298358917,2.189725637435913e-05,0.004503849470951081,0,follower_right,gripper_positive,0.45,rad
0.03398411056080519,positive,0.3177183270454407,-0.018979866057634357,0.314499169588089,28,gripper,6,0.02951192483305931,2.1398067474365234e-05,0.004472185727745881,0,follower_right,gripper_positive,0.4666666666666667,rad
0.03553198436053085,positive,0.3177184462547302,-0.01897983625531197,0.3145008385181427,29,gripper,6,0.03110966645181179,2.1435320377349854e-05,0.00442231790871906,0,follower_right,gripper_positive,0.48333333333333334,rad
0.03703705980634703,positive,0.3177183270454407,-0.018979877233505252,0.31449809670448303,30,gripper,6,0.03268280252814293,2.180039882659912e-05,0.004354257278204099,0,follower_right,gripper_positive,0.5,rad
0.03849275253611384,positive,0.31771841645240784,-0.01897978968918324,0.3144960403442383,31,gripper,6,0.034224774688482285,2.1807849407196045e-05,0.004267977847631554,0,follower_right,gripper_positive,0.5166666666666667,rad
0.039892478187691344,positive,0.3177182972431183,-0.01897978410124779,0.3144979178905487,32,gripper,6,0.03572899475693703,2.1614134311676025e-05,0.004163483430754317,0,follower_right,gripper_positive,0.5333333333333333,rad
0.04122965239893962,positive,0.3177184462547302,-0.01897988468408585,0.31449955701828003,33,gripper,6,0.03718886896967888,2.1494925022125244e-05,0.004040783429260744,0,follower_right,gripper_positive,0.55,rad
0.04249769080771877,positive,0.3177182674407959,-0.01897986233234406,0.3144988417625427,34,gripper,6,0.038597848266363144,2.1599233150482178e-05,0.0038998425413556276,0,follower_right,gripper_positive,0.5666666666666667,rad
0.04369000905188887,positive,0.31771841645240784,-0.018979825079441074,0.314497172832489,35,gripper,6,0.03994930908083916,2.1755695343017578e-05,0.003740699971049713,0,follower_right,gripper_positive,0.5833333333333334,rad
0.04480002276931,positive,0.3177182674407959,-0.01897985860705376,0.31449759006500244,36,gripper,6,0.04123670235276222,2.1614134311676025e-05,0.003563320416547777,0,follower_right,gripper_positive,0.6,rad
0.04582114759784223,positive,0.31771835684776306,-0.018979853019118312,0.314498633146286,37,gripper,6,0.04245341569185257,2.1517276763916016e-05,0.003367731905989657,0,follower_right,gripper_positive,0.6166666666666667,rad
0.04674679917534566,positive,0.31771838665008545,-0.018979843705892566,0.31449878215789795,38,gripper,6,0.04359288886189461,2.1569430828094482e-05,0.0031539103134510527,0,follower_right,gripper_positive,0.6333333333333333,rad
0.04757039313968037,positive,0.31771835684776306,-0.018979877233505252,0.31449806690216064,39,gripper,6,0.04464852437376976,2.1595507860183716e-05,0.002921868765910607,0,follower_right,gripper_positive,0.65,rad
0.04828534512870643,positive,0.3177182972431183,-0.018979851156473163,0.31449782848358154,40,gripper,6,0.04561373591423035,2.16066837310791e-05,0.002671609214476081,0,follower_right,gripper_positive,0.6666666666666666,rad
0.04888507078028393,positive,0.31771835684776306,-0.018979875370860103,0.31449824571609497,41,gripper,6,0.04648194834589958,2.152472734451294e-05,0.0024031224343843485,0,follower_right,gripper_positive,0.6833333333333333,rad
0.04936298573227296,positive,0.31771838665008545,-0.018979819491505626,0.3144986033439636,42,gripper,6,0.047246579080820084,2.1509826183319092e-05,0.002116406651452879,0,follower_right,gripper_positive,0.7,rad
0.04971250562253359,positive,0.31771835684776306,-0.018979871645569805,0.3144981265068054,43,gripper,6,0.04790104553103447,2.1532177925109863e-05,0.0018114600914991216,0,follower_right,gripper_positive,0.7166666666666667,rad
0.04992704608892591,positive,0.3177183270454407,-0.01897981017827988,0.31449800729751587,44,gripper,6,0.04843873903155327,2.1530315279960632e-05,0.0014883070573726426,0,follower_right,gripper_positive,0.7333333333333333,rad
0.050000022769309996,positive,0.3177183270454407,-0.01897983811795712,0.3144981861114502,45,gripper,6,0.04885310307145119,2.1498650312423706e-05,0.0011469196978588087,0,follower_right,gripper_positive,0.75,rad
0.022377922069482893,negative,0.3176986575126648,-0.018977882340550426,0.3138662576675415,1,left_finger,7,0.022377803921699524,-0.00017608744383323938,1.1814778336921572e-07,0,follower_right,left_finger_negative,0.016666666666666666,m
0.022376635415139904,negative,0.3177039325237274,-0.018975678831338886,0.3143138587474823,2,left_finger,7,0.022377153858542442,5.172468263481278e-06,-5.184434025383433e-07,0,follower_right,left_finger_negative,0.03333333333333333,m
0.022374514698433875,negative,0.3177006244659424,-0.018978755921125415,0.3146848678588867,3,left_finger,7,0.022376717999577522,-2.1742837361671263e-06,-2.203301143647446e-06,0,follower_right,left_finger_negative,0.05,m
0.022371579316163945,negative,0.31772807240486145,-0.018979480490088466,0.31444835662841797,4,left_finger,7,0.02237624116241932,9.09175014385255e-06,-4.661846255374358e-06,0,follower_right,left_finger_negative,0.06666666666666667,m
0.022367848665129256,negative,0.3177050054073334,-0.018978970125317577,0.31437399983406067,5,left_finger,7,0.02237570472061634,1.3815713828080334e-05,-7.856055487084207e-06,0,follower_right,left_finger_negative,0.08333333333333333,m
0.022363342142128945,negative,0.3177231252193451,-0.018978757783770565,0.31448617577552795,6,left_finger,7,0.022375164553523064,6.982452759984881e-06,-1.1822411394118298e-05,0,follower_right,left_finger_negative,0.1,m
0.022358079143962154,negative,0.31771570444107056,-0.018979433923959736,0.3145838677883148,7,left_finger,7,0.022374577820301056,5.672042789228726e-06,-1.6498676338901758e-05,0,follower_right,left_finger_negative,0.11666666666666667,m
0.022352079067428025,negative,0.3177224099636078,-0.01897992938756943,0.31452280282974243,8,left_finger,7,0.02237396314740181,8.844465810398106e-06,-2.188407997378433e-05,0,follower_right,left_finger_negative,0.13333333333333333,m
0.022345361309325695,negative,0.31771522760391235,-0.01897975988686085,0.31443920731544495,9,left_finger,7,0.022373303771018982,1.2020838767057285e-05,-2.7942461693287318e-05,0,follower_right,left_finger_negative,0.15,m
0.022337945266454308,negative,0.31771862506866455,-0.018979415297508243,0.31446924805641174,10,left_finger,7,0.02237262763082981,8.361429536307696e-06,-3.468236437550315e-05,0,follower_right,left_finger_negative,0.16666666666666666,m
0.022329850335613004,negative,0.3177177906036377,-0.018979577347636226,0.3145315945148468,11,left_finger,7,0.022371908649802208,6.662394298473373e-06,-4.20583141892035e-05,0,follower_right,left_finger_negative,0.18333333333333332,m
0.022321095913600923,negative,0.3177196681499481,-0.018979875370860103,0.3145284652709961,12,left_finger,7,0.02237113006412983,7.375844688795041e-06,-5.0034150528906196e-05,0,follower_right,left_finger_negative,0.2,m
0.022311701397217203,negative,0.31771790981292725,-0.018979866057634357,0.3144778907299042,13,left_finger,7,0.022370299324393272,9.533009688311722e-06,-5.859792717606907e-05,0,follower_right,left_finger_negative,0.21666666666666667,m
0.022301686183260987,negative,0.31771785020828247,-0.01897973567247391,0.3144738972187042,14,left_finger,7,0.022369425743818283,8.409542715526186e-06,-6.773956055729571e-05,0,follower_right,left_finger_negative,0.23333333333333334,m
0.022291069668531418,negative,0.3177182376384735,-0.01897973753511906,0.31450557708740234,15,left_finger,7,0.022368518635630608,6.908639988978393e-06,-7.744896709918972e-05,0,follower_right,left_finger_negative,0.25,m
0.02227987124982763,negative,0.3177187740802765,-0.01897986233234406,0.31451940536499023,16,left_finger,7,0.02236754819750786,6.600439519388601e-06,-8.767694768022777e-05,0,follower_right,left_finger_negative,0.26666666666666666,m
0.02226811032394877,negative,0.3177186846733093,-0.018979923799633983,0.3144955039024353,17,left_finger,7,0.022366518154740334,7.677765097469091e-06,-9.840783079156229e-05,0,follower_right,left_finger_negative,0.2833333333333333,m
0.022255806287693976,negative,0.31771788001060486,-0.01897983066737652,0.3144837021827698,18,left_finger,7,0.022365430369973183,7.5199350249022245e-06,-0.00010962408227920689,0,follower_right,left_finger_negative,0.3,m
0.02224297853786239,negative,0.31771835684776306,-0.018979771062731746,0.31449568271636963,19,left_finger,7,0.022364282980561256,6.527847290271893e-06,-0.00012130444269886631,0,follower_right,left_finger_negative,0.31666666666666665,m
0.022229646471253146,negative,0.3177184462547302,-0.01897983625531197,0.31450966000556946,20,left_finger,7,0.022363051772117615,5.9229787439107895e-06,-0.0001334053008644684,0,follower_right,left_finger_negative,0.3333333333333333,m
0.022215829484665394,negative,0.3177186846733093,-0.018979923799633983,0.3145017623901367,21,left_finger,7,0.022361749783158302,6.2565777625422925e-06,-0.00014592029849290825,0,follower_right,left_finger_negative,0.35,m
0.02220154697489827,negative,0.31771817803382874,-0.018979914486408237,0.3144914209842682,22,left_finger,7,0.02236037701368332,6.298494554357603e-06,-0.00015883003878505025,0,follower_right,left_finger_negative,0.36666666666666664,m
0.02218681833875091,negative,0.3177183270454407,-0.018979920074343685,0.3144936263561249,23,left_finger,7,0.022358939051628113,5.716523446608335e-06,-0.00017212071287720301,0,follower_right,left_finger_negative,0.38333333333333336,m
0.02217166297302246,negative,0.3177183270454407,-0.018979815766215328,0.31450262665748596,24,left_finger,7,0.022357434034347534,5.0950911827385426e-06,-0.00018577106132507473,0,follower_right,left_finger_negative,0.4,m
0.02215610027451206,negative,0.3177184760570526,-0.01897985860705376,0.31450217962265015,25,left_finger,7,0.022355835884809494,4.989986337022856e-06,-0.0001997356102974336,0,follower_right,left_finger_negative,0.4166666666666667,m
0.022140149640018852,negative,0.3177183270454407,-0.01897981017827988,0.31449612975120544,26,left_finger,7,0.022354161366820335,4.959700163453817e-06,-0.00021401172680148364,0,follower_right,left_finger_negative,0.43333333333333335,m
0.022123830466341973,negative,0.3177183270454407,-0.01897980831563473,0.3144945502281189,27,left_finger,7,0.022352421656250954,4.597801307681948e-06,-0.0002285911899089811,0,follower_right,left_finger_negative,0.45,m
0.022107162150280562,negative,0.3177182674407959,-0.018979819491505626,0.3144990801811218,28,left_finger,7,0.022350585088133812,4.071254807058722e-06,-0.00024342293785325,0,follower_right,left_finger_negative,0.4666666666666667,m
0.022090164088633766,negative,0.3177184760570526,-0.01897983811795712,0.31450092792510986,29,left_finger,7,0.022348672151565552,3.76043317373842e-06,-0.0002585080629317858,0,follower_right,left_finger_negative,0.48333333333333334,m
0.02207285567820072,negative,0.31771835684776306,-0.018979920074343685,0.31449824571609497,30,left_finger,7,0.02234668657183647,3.5991761251352727e-06,-0.0002738308936357514,0,follower_right,left_finger_negative,0.5,m
0.022055256315780567,negative,0.3177183270454407,-0.01897978223860264,0.31449609994888306,31,left_finger,7,0.022344598546624184,3.314569767098874e-06,-0.0002893422308436165,0,follower_right,left_finger_negative,0.5166666666666667,m
0.02203738539817245,negative,0.3177182972431183,-0.018979825079441074,0.3144977390766144,32,left_finger,7,0.022342437878251076,2.879816747736186e-06,-0.00030505248007862626,0,follower_right,left_finger_negative,0.5333333333333333,m
0.022019262322175503,negative,0.31771841645240784,-0.01897991076111794,0.31449973583221436,33,left_finger,7,0.022340180352330208,2.499822585377842e-06,-0.000320918030154705,0,follower_right,left_finger_negative,0.55,m
0.02200090648458887,negative,0.3177184462547302,-0.018979826942086223,0.31449878215789795,34,left_finger,7,0.022337842732667923,2.2371241357177496e-06,-0.0003369362480790533,0,follower_right,left_finger_negative,0.5666666666666667,m
0.021982337282211693,negative,0.3177182674407959,-0.01897985488176346,0.3144973814487457,35,left_finger,7,0.02233540453016758,1.9536528270691633e-06,-0.00035306724795588704,0,follower_right,left_finger_negative,0.5833333333333334,m
0.021963574111843107,negative,0.31771835684776306,-0.018979875370860103,0.31449759006500244,36,left_finger,7,0.02233288623392582,1.5772748156450689e-06,-0.0003693121220827121,0,follower_right,left_finger_negative,0.6,m
0.02194463637028226,negative,0.3177183270454407,-0.018979849293828014,0.31449878215789795,37,left_finger,7,0.022330267354846,1.1907759471796453e-06,-0.00038563098456374095,0,follower_right,left_finger_negative,0.6166666666666667,m
0.02192554345432829,negative,0.3177183270454407,-0.018979847431182865,0.3144989311695099,38,left_finger,7,0.022327564656734467,8.698698366060853e-07,-0.00040202120240617756,0,follower_right,left_finger_negative,0.6333333333333333,m
0.021906314760780334,negative,0.3177182972431183,-0.01897986046969891,0.3144979476928711,39,left_finger,7,0.022324759513139725,5.69620169699192e-07,-0.0004184447523593905,0,follower_right,left_finger_negative,0.65,m
0.021886969686437534,negative,0.3177182972431183,-0.01897985488176346,0.31449779868125916,40,left_finger,7,0.022321872413158417,2.2220774553716183e-07,-0.0004349027267208823,0,follower_right,left_finger_negative,0.6666666666666666,m
0.021867527628099036,negative,0.3177183270454407,-0.018979918211698536,0.31449827551841736,41,left_finger,7,0.0223188828676939,-1.4946272131055593e-07,-0.0004513552395948653,0,follower_right,left_finger_negative,0.6833333333333333,m
0.02184800798256397,negative,0.3177183270454407,-0.018979804590344432,0.3144984841346741,42,left_finger,7,0.02231581322848797,-4.954490577802062e-07,-0.00046780524592399814,0,follower_right,left_finger_negative,0.7,m
0.021828430146631488,negative,0.31771835684776306,-0.018979921936988834,0.31449824571609497,43,left_finger,7,0.02231263555586338,-8.151109796017408e-07,-0.00048420540923189287,0,follower_right,left_finger_negative,0.7166666666666667,m
0.021808813517100723,negative,0.3177182972431183,-0.018979845568537716,0.3144979178905487,44,left_finger,7,0.022309375926852226,-1.1459342204034328e-06,-0.0005005624097515031,0,follower_right,left_finger_negative,0.7333333333333333,m
0.021789177490770816,negative,0.31771835684776306,-0.018979866057634357,0.3144982159137726,45,left_finger,7,0.022306006401777267,-1.4814286259934306e-06,-0.0005168289110064513,0,follower_right,left_finger_negative,0.75,m
0.02176954146444091,negative,0.3177183270454407,-0.018979873508214954,0.3144983947277069,46,left_finger,7,0.022302554920315742,-1.8061255104839802e-06,-0.0005330134558748333,0,follower_right,left_finger_negative,0.7666666666666667,m
0.021749924834910145,negative,0.3177183270454407,-0.018979890272021297,0.3144981861114502,47,left_finger,7,0.022298984229564667,-2.107073669321835e-06,-0.0005490593946545219,0,follower_right,left_finger_negative,0.7833333333333333,m
0.021730346998977662,negative,0.3177182972431183,-0.0189798790961504,0.3144979476928711,48,left_finger,7,0.02229532226920128,-2.6612397050485015e-06,-0.0005649752702236166,0,follower_right,left_finger_negative,0.8,m
0.021710827353442597,negative,0.31771835684776306,-0.018979893997311596,0.31449824571609497,49,left_finger,7,0.02229153737425804,-4.036002792418003e-06,-0.0005807100208154448,0,follower_right,left_finger_negative,0.8166666666666667,m
0.021691385295104098,negative,0.31771838665008545,-0.01897985674440861,0.31449830532073975,50,left_finger,7,0.022287648171186447,-5.396184860728681e-06,-0.0005962628760823492,0,follower_right,left_finger_negative,0.8333333333333334,m
0.021672040220761298,negative,0.3177182972431183,-0.018979912623763088,0.3144981563091278,51,left_finger,7,0.0222836472094059,-1.3039636542089283e-05,-0.0006116069886446009,0,follower_right,left_finger_negative,0.85,m
0.021652811527213343,negative,0.3177183270454407,-0.01897985860705376,0.3144981563091278,52,left_finger,7,0.0222795307636261,-2.5361398002132773e-05,-0.0006267192364127552,0,follower_right,left_finger_negative,0.8666666666666667,m
0.021633718611259373,negative,0.31771838665008545,-0.018979925662279132,0.3144981861114502,53,left_finger,7,0.022275308147072792,-3.757732338272035e-05,-0.0006415895358134194,0,follower_right,left_finger_negative,0.8833333333333333,m
0.021614780869698525,negative,0.3177183270454407,-0.01897985860705376,0.31449824571609497,54,left_finger,7,0.02227095514535904,-5.151215009391308e-05,-0.0006561742756605142,0,follower_right,left_finger_negative,0.9,m
0.02159601769932994,negative,0.3177183270454407,-0.018979938700795177,0.3144981861114502,55,left_finger,7,0.02226647548377514,-6.505227065645158e-05,-0.0006704577844451991,0,follower_right,left_finger_negative,0.9166666666666666,m
0.021577448496952763,negative,0.3177183270454407,-0.018979916349053386,0.3144982159137726,56,left_finger,7,0.022261887788772583,-7.823057239875197e-05,-0.0006844392918198203,0,follower_right,left_finger_negative,0.9333333333333333,m
0.02155909265936613,negative,0.3177182674407959,-0.018979944288730625,0.3144981861114502,57,left_finger,7,0.022257179021835327,-9.093619883060455e-05,-0.0006980863624691976,0,follower_right,left_finger_negative,0.95,m
0.021540969583369183,negative,0.3177183270454407,-0.018979912623763088,0.3144982159137726,58,left_finger,7,0.02225235104560852,-0.00010331446537747979,-0.0007113814622393376,0,follower_right,left_finger_negative,0.9666666666666667,m
0.021523098665761065,negative,0.31771835684776306,-0.018979938700795177,0.31449824571609497,59,left_finger,7,0.022247420623898506,-0.00011518233804963529,-0.0007243219581374409,0,follower_right,left_finger_negative,0.9833333333333333,m
0.021505499303340912,negative,0.3177182972431183,-0.018979916349053386,0.3144982159137726,60,left_finger,7,0.022242385894060135,-0.0001266893814317882,-0.0007368865907192226,0,follower_right,left_finger_negative,1.0,m
0.021488190892907866,negative,0.31771838665008545,-0.01897993125021458,0.31449824571609497,61,left_finger,7,0.022237252444028854,-0.000137635157443583,-0.0007490615511209879,0,follower_right,left_finger_negative,1.0166666666666666,m
0.021471192831261067,negative,0.3177183270454407,-0.01897990703582764,0.3144982159137726,62,left_finger,7,0.022232023999094963,-0.00014821894001215696,-0.0007608311678338961,0,follower_right,left_finger_negative,1.0333333333333334,m
0.02145452451519966,negative,0.31771838665008545,-0.018979942426085476,0.31449824571609497,63,left_finger,7,0.02222670428454876,-0.00015820650150999427,-0.0007721797693490996,0,follower_right,left_finger_negative,1.05,m
0.02143820534152278,negative,0.3177182972431183,-0.018979921936988834,0.3144982159137726,64,left_finger,7,0.022221293300390244,-0.00016777464770711958,-0.0007830879588674629,0,follower_right,left_finger_negative,1.0666666666666667,m
0.021422254707029572,negative,0.31771835684776306,-0.018979938700795177,0.31449824571609497,65,left_finger,7,0.022215796634554863,-0.00017672724789008498,-0.000793541927525291,0,follower_right,left_finger_negative,1.0833333333333333,m
0.021406692008519173,negative,0.31771835684776306,-0.018979970365762714,0.31449827551841736,66,left_finger,7,0.022210216149687767,-0.0001852406421676278,-0.0008035241411685941,0,follower_right,left_finger_negative,1.1,m
0.021391536642790723,negative,0.31771835684776306,-0.018979962915182117,0.3144981861114502,67,left_finger,7,0.022204555571079254,-0.00019308037008158863,-0.0008130189282885315,0,follower_right,left_finger_negative,1.1166666666666667,m
0.021376808006643364,negative,0.31771835684776306,-0.018979961052536968,0.31449827551841736,68,left_finger,7,0.022198811173439026,-0.00020045557175762951,-0.0008220031667956623,0,follower_right,left_finger_negative,1.1333333333333333,m
0.02136252549687624,negative,0.31771838665008545,-0.01897995732724667,0.3144981861114502,69,left_finger,7,0.02219299226999283,-0.00020711778779514134,-0.00083046677311659,0,follower_right,left_finger_negative,1.15,m
0.021348708510288486,negative,0.31771835684776306,-0.018979962915182117,0.31449827551841736,70,left_finger,7,0.02218710631132126,-0.00021329091396182775,-0.0008383978010327725,0,follower_right,left_finger_negative,1.1666666666666667,m
0.021335376443679242,negative,0.31771838665008545,-0.018979961052536968,0.3144981861114502,71,left_finger,7,0.02218116819858551,-0.00021874374942854047,-0.000845791754906268,0,follower_right,left_finger_negative,1.1833333333333333,m
0.021322548693847657,negative,0.31771835684776306,-0.01897995918989182,0.31449827551841736,72,left_finger,7,0.02217516303062439,-0.0002236764703411609,-0.000852614336776733,0,follower_right,left_finger_negative,1.2,m
0.02131024465759286,negative,0.3177183270454407,-0.018979968503117565,0.3144981861114502,73,left_finger,7,0.022169113159179688,-0.00022785950568504632,-0.0008588685015868264,0,follower_right,left_finger_negative,1.2166666666666666,m
0.021298483731714002,negative,0.3177182972431183,-0.01897998154163361,0.31449827551841736,74,left_finger,7,0.022163018584251404,-0.00023149853223003447,-0.0008645348525374019,0,follower_right,left_finger_negative,1.2333333333333334,m
0.021287285313010215,negative,0.3177182972431183,-0.018979988992214206,0.3144981861114502,75,left_finger,7,0.022156884893774986,-0.00023436907213181257,-0.0008695995807647718,0,follower_right,left_finger_negative,1.25,m
0.021276668798280645,negative,0.3177182376384735,-0.0189800038933754,0.3144982159137726,76,left_finger,7,0.022150713950395584,-0.00023665305343456566,-0.0008740451521149391,0,follower_right,left_finger_negative,1.2666666666666666,m
0.02126665358432443,negative,0.3177182972431183,-0.018979966640472416,0.3144982159137726,77,left_finger,7,0.022144529968500137,-0.00023816782049834728,-0.0008778763841757083,0,follower_right,left_finger_negative,1.2833333333333334,m
0.02125725906794071,negative,0.3177182376384735,-0.018979994580149654,0.3144982159137726,78,left_finger,7,0.022138312458992004,-0.00023906611022539437,-0.0008810533910512952,0,follower_right,left_finger_negative,1.3,m
0.021248504645928628,negative,0.3177182972431183,-0.018979990854859356,0.3144981861114502,79,left_finger,7,0.022132083773612976,-0.0002391489688307047,-0.0008835791276843481,0,follower_right,left_finger_negative,1.3166666666666667,m
0.021240409715087324,negative,0.3177182376384735,-0.018979985266923908,0.3144982159137726,80,left_finger,7,0.02212585136294365,-0.00023861657246015966,-0.0008854416478563248,0,follower_right,left_finger_negative,1.3333333333333333,m
0.021232993672215938,negative,0.3177182972431183,-0.01897997781634331,0.3144981861114502,81,left_finger,7,0.02211962454020977,-0.00023726274957880378,-0.0008866308679938324,0,follower_right,left_finger_negative,1.35,m
0.021226275914113607,negative,0.3177182972431183,-0.0189800038933754,0.3144982159137726,82,left_finger,7,0.022113408893346786,-0.00023528034216724336,-0.0008871329792331795,0,follower_right,left_finger_negative,1.3666666666666667,m
0.021220275837579478,negative,0.3177182972431183,-0.018979994580149654,0.3144982159137726,83,left_finger,7,0.02210720255970955,-0.00023240980226546526,-0.0008869267221300707,0,follower_right,left_finger_negative,1.3833333333333333,m
0.021215012839412687,negative,0.3177182674407959,-0.018980016931891445,0.3144982159137726,84,left_finger,7,0.022101018577814102,-0.00022889001411385834,-0.0008860057384014151,0,follower_right,left_finger_negative,1.4,m
0.021210506316412376,negative,0.3177182972431183,-0.018979988992214206,0.3144981861114502,85,left_finger,7,0.022094858810305595,-0.00022448034724220634,-0.0008843524938932194,0,follower_right,left_finger_negative,1.4166666666666667,m
0.021206775665377688,negative,0.3177183270454407,-0.018979994580149654,0.31449824571609497,86,left_finger,7,0.022088726982474327,-0.00021938371355645359,-0.0008819513170966395,0,follower_right,left_finger_negative,1.4333333333333333,m
0.021203840283107758,negative,0.31771838665008545,-0.01897997781634331,0.3144982159137726,87,left_finger,7,0.022082632407546043,-0.00021336934878490865,-0.0008787921244382858,0,follower_right,left_finger_negative,1.45,m
0.02120171956640173,negative,0.3177182972431183,-0.018980015069246296,0.31449827551841736,88,left_finger,7,0.022076603025197983,-0.0002066842862404883,-0.0008748834587962544,0,follower_right,left_finger_negative,1.4666666666666666,m
0.02120043291205874,negative,0.3177183270454407,-0.018980000168085102,0.3144981861114502,89,left_finger,7,0.022070610895752907,-0.0001990337623283267,-0.0008701779836941675,0,follower_right,left_finger_negative,1.4833333333333334,m
0.021199999716877936,negative,0.3177182972431183,-0.018980018794536594,0.3144982159137726,90,left_finger,7,0.022064687684178352,-0.00019066798267886043,-0.0008646879673004162,0,follower_right,left_finger_negative,1.5,m
0.022379090518435986,positive,0.3176986575126648,-0.018977882340550426,0.3138662576675415,1,left_finger,7,0.022377805784344673,-0.0001758679427439347,1.2847340913127447e-06,0,follower_right,left_finger_positive,0.016666666666666666,m
0.02238127433187906,positive,0.3177039325237274,-0.018975678831338886,0.3143138587474823,2,left_finger,7,0.022377176210284233,5.266699645289918e-06,4.098121594825477e-06,0,follower_right,left_finger_positive,0.03333333333333333,m
0.022384873783182213,positive,0.3177006244659424,-0.018978755921125415,0.3146848678588867,3,left_finger,7,0.02237679623067379,-1.963334398169536e-06,8.077552508423125e-06,0,follower_right,left_finger_positive,0.05,m
0.022389855950534752,positive,0.31772807240486145,-0.018979478627443317,0.31444835662841797,4,left_finger,7,0.022376427426934242,9.464858521823771e-06,1.3428523600509529e-05,0,follower_right,left_finger_positive,0.06666666666666667,m
0.022396187912125973,positive,0.3177050054073334,-0.018978970125317577,0.31437399983406067,5,left_finger,7,0.022376038134098053,1.4393382116395514e-05,2.0149778027920423e-05,0,follower_right,left_finger_positive,0.08333333333333333,m
0.022403836746145177,positive,0.3177230954170227,-0.018978763371706012,0.31448617577552795,6,left_finger,7,0.022375719621777534,7.804824235790875e-06,2.81171243676423e-05,0,follower_right,left_finger_positive,0.1,m
0.022412769530781668,positive,0.31771570444107056,-0.018979437649250034,0.3145838677883148,7,left_finger,7,0.022375427186489105,6.782703167118598e-06,3.7342344292562446e-05,0,follower_right,left_finger_positive,0.11666666666666667,m
0.022422953344224738,positive,0.3177224397659302,-0.018979918211698536,0.31452280282974243,8,left_finger,7,0.02237519435584545,1.0282372386427596e-05,4.7758988379286577e-05,0,follower_right,left_finger_positive,0.13333333333333333,m
0.022434355264663697,positive,0.31771522760391235,-0.0189797654747963,0.31443917751312256,9,left_finger,7,0.022375017404556274,1.3821687389281578e-05,5.933786010742237e-05,0,follower_right,left_finger_positive,0.15,m
0.02244694237028784,positive,0.31771862506866455,-0.018979413434863094,0.31446924805641174,10,left_finger,7,0.02237490564584732,1.0561530871200375e-05,7.2036724440519e-05,0,follower_right,left_finger_positive,0.16666666666666666,m
0.02246068173928647,positive,0.3177177906036377,-0.018979584798216823,0.3145315945148468,11,left_finger,7,0.022374892607331276,9.298561053583398e-06,8.578913195519261e-05,0,follower_right,left_finger_positive,0.18333333333333332,m
0.022475540449848883,positive,0.3177196681499481,-0.018979864194989208,0.3145284652709961,12,left_finger,7,0.022374959662556648,1.0484271115274169e-05,0.0001005807872922343,0,follower_right,left_finger_positive,0.2,m
0.022491485580164384,positive,0.31771790981292725,-0.018979869782924656,0.3144778907299042,13,left_finger,7,0.02237510122358799,1.3144934200681746e-05,0.00011638435657639404,0,follower_right,left_finger_positive,0.21666666666666667,m
0.02250848420842227,positive,0.31771790981292725,-0.018979744985699657,0.31447383761405945,14,left_finger,7,0.022375350818037987,1.255402821698226e-05,0.00013313339038428448,0,follower_right,left_finger_positive,0.23333333333333334,m
0.022526503412811844,positive,0.3177182376384735,-0.018979700282216076,0.31450551748275757,15,left_finger,7,0.02237567864358425,1.161755426437594e-05,0.00015082476922759214,0,follower_right,left_finger_positive,0.25,m
0.022545510271522406,positive,0.3177188038825989,-0.01897985860705376,0.31451937556266785,16,left_finger,7,0.022376133129000664,1.1906355211976916e-05,0.00016937714252174274,0,follower_right,left_finger_positive,0.26666666666666666,m
0.02256547186274326,positive,0.3177186846733093,-0.01897990517318249,0.3144955039024353,17,left_finger,7,0.022376716136932373,1.3605356798507273e-05,0.00018875572581088587,0,follower_right,left_finger_positive,0.2833333333333333,m
0.022586355264663696,positive,0.31771788001060486,-0.018979804590344432,0.3144837021827698,18,left_finger,7,0.022377440705895424,1.4095043297857046e-05,0.00020891455876827225,0,follower_right,left_finger_positive,0.3,m
0.022608127555473024,positive,0.31771838665008545,-0.018979698419570926,0.31449562311172485,19,left_finger,7,0.022378267720341682,1.3774493709206581e-05,0.00022985983513134148,0,follower_right,left_finger_positive,0.31666666666666665,m
0.02263075581336054,positive,0.3177184462547302,-0.018979802727699283,0.31450966000556946,20,left_finger,7,0.022379249334335327,1.3869495887774974e-05,0.0002515064790252139,0,follower_right,left_finger_positive,0.3333333333333333,m
0.02265420711651555,positive,0.3177186846733093,-0.01897990703582764,0.31450167298316956,21,left_finger,7,0.02238038368523121,1.4923301932867616e-05,0.000273823431284341,0,follower_right,left_finger_positive,0.35,m
0.022678448543127346,positive,0.3177182078361511,-0.018979925662279132,0.3144913613796234,22,left_finger,7,0.02238168567419052,1.5704994439147413e-05,0.0002967628689368243,0,follower_right,left_finger_positive,0.36666666666666664,m
0.022703447171385234,positive,0.31771835684776306,-0.018979877233505252,0.3144936263561249,23,left_finger,7,0.022383131086826324,1.5884121239650995e-05,0.00032031608455890953,0,follower_right,left_finger_positive,0.38333333333333336,m
0.02272917007947851,positive,0.3177183270454407,-0.018979821354150776,0.31450268626213074,24,left_finger,7,0.022384747862815857,1.6044519725255668e-05,0.0003444222166626536,0,follower_right,left_finger_positive,0.4,m
0.02275558434559648,positive,0.3177185654640198,-0.01897980645298958,0.3145022392272949,25,left_finger,7,0.022386549040675163,1.6737132682465017e-05,0.00036903530492131756,0,follower_right,left_finger_positive,0.4166666666666667,m
0.022782657047928444,positive,0.3177183270454407,-0.018979772925376896,0.31449615955352783,26,left_finger,7,0.022388575598597527,1.7521422705613077e-05,0.0003940814493309172,0,follower_right,left_finger_positive,0.43333333333333335,m
0.022810355264663698,positive,0.3177183270454407,-0.0189797654747963,0.31449460983276367,27,left_finger,7,0.02239079587161541,1.798738958314061e-05,0.00041955939304828826,0,follower_right,left_finger_positive,0.45,m
0.022838646073991543,positive,0.3177183270454407,-0.01897981017827988,0.3144991099834442,28,left_finger,7,0.022393228486180305,1.8303486285731196e-05,0.0004454175878112372,0,follower_right,left_finger_positive,0.4666666666666667,m
0.022867496554101283,positive,0.317718505859375,-0.01897978782653809,0.31450098752975464,29,left_finger,7,0.022395921871066093,1.884697121568024e-05,0.0004715746830351898,0,follower_right,left_finger_positive,0.48333333333333334,m
0.022896873783182215,positive,0.31771838665008545,-0.018979847431182865,0.3144982159137726,30,left_finger,7,0.02239885926246643,1.9551385776139796e-05,0.0004980145207157845,0,follower_right,left_finger_positive,0.5,m
0.02292674483942364,positive,0.31771835684776306,-0.01897973939776421,0.31449609994888306,31,left_finger,7,0.022402096539735794,2.0140345441177487e-05,0.0005246482996878465,0,follower_right,left_finger_positive,0.5166666666666667,m
0.022957076801014862,positive,0.3177182972431183,-0.018979774788022045,0.314497709274292,32,left_finger,7,0.022405628114938736,2.05875257961452e-05,0.000551448686076126,0,follower_right,left_finger_positive,0.5333333333333333,m
0.022987836746145178,positive,0.3177184462547302,-0.018979795277118686,0.3144995868206024,33,left_finger,7,0.022409500554203987,2.1095082047395408e-05,0.0005783361919411908,0,follower_right,left_finger_positive,0.55,m
0.023018991753003887,positive,0.31771841645240784,-0.018979823216795925,0.31449899077415466,34,left_finger,7,0.022413773462176323,2.172173117287457e-05,0.0006052182908275645,0,follower_right,left_finger_positive,0.5666666666666667,m
0.023050508899780296,positive,0.3177183270454407,-0.018979819491505626,0.31449732184410095,35,left_finger,7,0.022418519482016563,2.2332213120535016e-05,0.0006319894177637328,0,follower_right,left_finger_positive,0.5833333333333334,m
0.023082355264663696,positive,0.3177183270454407,-0.01897976361215115,0.3144973814487457,36,left_finger,7,0.022423863410949707,2.2848995286040008e-05,0.000658491853713989,0,follower_right,left_finger_positive,0.6,m
0.023114497925843396,positive,0.31771841645240784,-0.018979804590344432,0.3144986629486084,37,left_finger,7,0.022429991513490677,2.3341941414400935e-05,0.0006845064123527193,0,follower_right,left_finger_positive,0.6166666666666667,m
0.02314690396150869,positive,0.31771838665008545,-0.018979826942086223,0.31449902057647705,38,left_finger,7,0.022437188774347305,2.388481516391039e-05,0.0007097151871613833,0,follower_right,left_finger_positive,0.6333333333333333,m
0.023179540449848882,positive,0.3177182972431183,-0.018979780375957492,0.31449803709983826,39,left_finger,7,0.02244563028216362,2.4404740543104708e-05,0.0007339101676852623,0,follower_right,left_finger_positive,0.65,m
0.023212374469053273,positive,0.3177182972431183,-0.018979793414473537,0.3144976794719696,40,left_finger,7,0.022455308586359024,2.479017712175846e-05,0.0007570658826942488,0,follower_right,left_finger_positive,0.6666666666666666,m
0.02324537309731116,positive,0.31771841645240784,-0.018979780375957492,0.3144981563091278,41,left_finger,7,0.022466231137514114,2.4889915948733687e-05,0.0007791419597970445,0,follower_right,left_finger_positive,0.6833333333333333,m
0.023278503412811846,positive,0.31771835684776306,-0.018979746848344806,0.3144986629486084,42,left_finger,7,0.022478435188531876,2.8797017876058817e-05,0.0008000682242799706,0,follower_right,left_finger_positive,0.7,m
0.02331173249374463,positive,0.3177183270454407,-0.018979778513312343,0.31449824571609497,43,left_finger,7,0.02249184064567089,3.0502502340823412e-05,0.0008198918480737394,0,follower_right,left_finger_positive,0.7166666666666667,m
0.023345027418298813,positive,0.3177183270454407,-0.018979774788022045,0.3144979178905487,44,left_finger,7,0.022506332024931908,3.2026495318859816e-05,0.0008386953933669054,0,follower_right,left_finger_positive,0.7333333333333333,m
0.023378355264663697,positive,0.3177183270454407,-0.01897973567247391,0.3144982159137726,45,left_finger,7,0.02252178080379963,7.374066626653075e-05,0.000856574460864068,0,follower_right,left_finger_positive,0.75,m
0.02341168311102858,positive,0.3177183270454407,-0.018979698419570926,0.3144984841346741,46,left_finger,7,0.02253817208111286,0.0001318733557127416,0.0008735110299157196,0,follower_right,left_finger_positive,0.7666666666666667,m
0.023444978035582764,positive,0.31771835684776306,-0.01897969283163548,0.3144981265068054,47,left_finger,7,0.022555451840162277,0.00018415547674521804,0.0008895261954204869,0,follower_right,left_finger_positive,0.7833333333333333,m
0.023478207116515548,positive,0.3177183270454407,-0.018979659304022792,0.3144979774951935,48,left_finger,7,0.022573646157979965,0.00023388006957247853,0.0009045609585355829,0,follower_right,left_finger_positive,0.8,m
0.023511337432016235,positive,0.3177183270454407,-0.018979655578732494,0.3144982159137726,49,left_finger,7,0.022593189030885696,0.0002945942687802017,0.0009181484011305391,0,follower_right,left_finger_positive,0.8166666666666667,m
0.02354433606027412,positive,0.31771835684776306,-0.01897966489195824,0.31449827551841736,50,left_finger,7,0.022614100947976112,0.0003510031383484602,0.0009302351122980092,0,follower_right,left_finger_positive,0.8333333333333334,m
0.023577170079478512,positive,0.3177183270454407,-0.018979657441377643,0.3144981265068054,51,left_finger,7,0.022636156529188156,0.000394288741517812,0.0009410135502903559,0,follower_right,left_finger_positive,0.85,m
0.023609806567818706,positive,0.3177182972431183,-0.018979649990797046,0.3144981265068054,52,left_finger,7,0.02265899069607258,0.00042135489638894796,0.0009508158717461274,0,follower_right,left_finger_positive,0.8666666666666667,m
0.023642212603483998,positive,0.3177183270454407,-0.018979579210281376,0.31449827551841736,53,left_finger,7,0.022682223469018936,0.0004329820512793958,0.000959989134465062,0,follower_right,left_finger_positive,0.8833333333333333,m
0.0236743552646637,positive,0.3177183270454407,-0.018979597836732868,0.3144981861114502,54,left_finger,7,0.022705532610416412,0.00043238134821876884,0.000968822654247286,0,follower_right,left_finger_positive,0.9,m
0.023706201629547098,positive,0.3177182972431183,-0.018979530781507496,0.31449824571609497,55,left_finger,7,0.022728700190782547,0.0004231940256431699,0.0009775014387645511,0,follower_right,left_finger_positive,0.9166666666666666,m
0.023737718776323507,positive,0.3177183270454407,-0.01897956989705563,0.3144981265068054,56,left_finger,7,0.022751562297344208,0.00040882028406485915,0.0009861564789792991,0,follower_right,left_finger_positive,0.9333333333333333,m
0.023768873783182216,positive,0.3177182972431183,-0.01897951774299145,0.31449827551841736,57,left_finger,7,0.022774042561650276,0.0003921116585843265,0.0009948312215319402,0,follower_right,left_finger_positive,0.95,m
0.023799633728312532,positive,0.3177183270454407,-0.018979560583829883,0.3144981861114502,58,left_finger,7,0.02279612049460411,0.0003749714232981205,0.0010035132337084217,0,follower_right,left_finger_positive,0.9666666666666667,m
0.023829965689903754,positive,0.3177182972431183,-0.0189795196056366,0.3144982159137726,59,left_finger,7,0.022817786782979965,0.0003584279911592603,0.0010121789069237885,0,follower_right,left_finger_positive,0.9833333333333333,m
0.02385983674614518,positive,0.31771835684776306,-0.018979538232088092,0.31449824571609497,60,left_finger,7,0.022839074954390526,0.00034282857086509466,0.0010207617917546534,0,follower_right,left_finger_positive,1.0,m
0.02388921397522611,positive,0.3177182972431183,-0.01897949352860451,0.31449830532073975,61,left_finger,7,0.022860007360577583,0.0003279485390521586,0.0010292066146485278,0,follower_right,left_finger_positive,1.0166666666666666,m
0.02391806445533585,positive,0.3177183270454407,-0.018979534506797794,0.31449824571609497,62,left_finger,7,0.022880585864186287,0.0003135564038529992,0.0010374785911495647,0,follower_right,left_finger_positive,1.0333333333333334,m
0.023946355264663696,positive,0.3177182972431183,-0.018979512155056003,0.3144981861114502,63,left_finger,7,0.022900814190506935,0.0002991128130815923,0.0010455410741567611,0,follower_right,left_finger_positive,1.05,m
0.02397405348139895,positive,0.3177183270454407,-0.018979484215378765,0.31449824571609497,64,left_finger,7,0.022920692339539528,0.00028423196636140347,0.0010533611418594227,0,follower_right,left_finger_positive,1.0666666666666667,m
0.024001126183730914,positive,0.3177182972431183,-0.01897947303950787,0.31449830532073975,65,left_finger,7,0.022940203547477722,0.0002685766667127609,0.0010609226362531914,0,follower_right,left_finger_positive,1.0833333333333333,m
0.024027540449848884,positive,0.31771835684776306,-0.018979435786604885,0.3144981563091278,66,left_finger,7,0.022959329187870026,0.00025194912450388074,0.0010682112619788582,0,follower_right,left_finger_positive,1.1,m
0.02405326335794216,positive,0.31771838665008545,-0.01897947303950787,0.3144981861114502,67,left_finger,7,0.022978028282523155,0.0002340428181923926,0.0010752350754190051,0,follower_right,left_finger_positive,1.1166666666666667,m
0.02407826198620005,positive,0.31771838665008545,-0.01897946745157242,0.31449833512306213,68,left_finger,7,0.02299632877111435,0.00021639949409291148,0.0010819332150856995,0,follower_right,left_finger_positive,1.1333333333333333,m
0.024102503412811845,positive,0.3177182972431183,-0.018979484215378765,0.31449827551841736,69,left_finger,7,0.02301446534693241,0.00020625826437026262,0.0010880380658794334,0,follower_right,left_finger_positive,1.15,m
0.024125954715966853,positive,0.3177182674407959,-0.01897949166595936,0.3144981563091278,70,left_finger,7,0.0230324175208807,0.00019390275701880455,0.0010935371950861542,0,follower_right,left_finger_positive,1.1666666666666667,m
0.02414858297385437,positive,0.3177182972431183,-0.018979411572217945,0.3144982159137726,71,left_finger,7,0.023050133138895035,0.00017850054427981377,0.0010984498349593357,0,follower_right,left_finger_positive,1.1833333333333333,m
0.024170355264663698,positive,0.3177183270454407,-0.01897946931421757,0.3144982159137726,72,left_finger,7,0.023067574948072433,0.00016049202531576157,0.0011027803165912647,0,follower_right,left_finger_positive,1.2,m
0.02419123866658414,positive,0.3177182972431183,-0.01897942274808884,0.31449824571609497,73,left_finger,7,0.023084694519639015,0.0001398990862071514,0.0011065441469451237,0,follower_right,left_finger_positive,1.2166666666666666,m
0.024211200257804988,positive,0.3177183270454407,-0.01897944696247578,0.31449824571609497,74,left_finger,7,0.023101450875401497,0.00011685100616887212,0.001109749382403491,0,follower_right,left_finger_positive,1.2333333333333334,m
0.02423020711651555,positive,0.3177183270454407,-0.01897942088544369,0.31449833512306213,75,left_finger,7,0.023117808625102043,9.154062718153e-05,0.0011123984914135077,0,follower_right,left_finger_positive,1.25,m
0.024248226320905123,positive,0.3177183270454407,-0.01897945068776608,0.3144982159137726,76,left_finger,7,0.02313373237848282,6.401119753718376e-05,0.0011144939424223045,0,follower_right,left_finger_positive,1.2666666666666666,m
0.02426522494916301,positive,0.3177182972431183,-0.01897942274808884,0.3144982159137726,77,left_finger,7,0.02314917929470539,3.4374301321804523e-05,0.0011160456544576196,0,follower_right,left_finger_positive,1.2833333333333334,m
0.024281170079478512,positive,0.3177182972431183,-0.01897944509983063,0.31449824571609497,78,left_finger,7,0.02316412329673767,3.184389788657427e-05,0.001117046782740841,0,follower_right,left_finger_positive,1.3,m
0.024296028790040926,positive,0.3177182972431183,-0.018979409709572796,0.31449824571609497,79,left_finger,7,0.023178596049547195,3.1145522370934486e-05,0.0011174327404937304,0,follower_right,left_finger_positive,1.3166666666666667,m
0.024309768159039555,positive,0.3177183270454407,-0.018979452550411228,0.31449824571609497,80,left_finger,7,0.02319256030023098,3.0400813557207584e-05,0.0011172078588085749,0,follower_right,left_finger_positive,1.3333333333333333,m
0.024322355264663698,positive,0.3177182972431183,-0.018979411572217945,0.31449827551841736,81,left_finger,7,0.023205986246466637,2.9611896025016904e-05,0.001116369018197061,0,follower_right,left_finger_positive,1.35,m
0.024333757185102656,positive,0.3177183270454407,-0.018979452550411228,0.31449824571609497,82,left_finger,7,0.023218858987092972,2.9033864848315716e-05,0.0011148981980096846,0,follower_right,left_finger_positive,1.3666666666666667,m
0.024343940998545727,positive,0.3177182674407959,-0.01897945068776608,0.31449830532073975,83,left_finger,7,0.02323116920888424,2.891282201744616e-05,0.0011127717896614875,0,follower_right,left_finger_positive,1.3833333333333333,m
0.024352873783182218,positive,0.31771835684776306,-0.018979441374540332,0.31449824571609497,84,left_finger,7,0.02324293553829193,2.886017318814993e-05,0.0011099382448902864,0,follower_right,left_finger_positive,1.4,m
0.02436052261720142,positive,0.3177182972431183,-0.018979404121637348,0.3144982159137726,85,left_finger,7,0.023254157975316048,2.8831855161115527e-05,0.0011063646418853733,0,follower_right,left_finger_positive,1.4166666666666667,m
0.024366854578792643,positive,0.3177183270454407,-0.018979415297508243,0.31449824571609497,86,left_finger,7,0.023264825344085693,2.8805312467738986e-05,0.0011020292347069492,0,follower_right,left_finger_positive,1.4333333333333333,m
0.02437183674614518,positive,0.3177182972431183,-0.01897939667105675,0.31449827551841736,87,left_finger,7,0.023274928331375122,2.8782174922525883e-05,0.0010969084147700592,0,follower_right,left_finger_positive,1.45,m
0.024375436197448336,positive,0.3177183270454407,-0.018979433923959736,0.31449824571609497,88,left_finger,7,0.02328445576131344,2.875743666663766e-05,0.0010909804361348974,0,follower_right,left_finger_positive,1.4666666666666666,m
0.02437762001089141,positive,0.3177182674407959,-0.018979413434863094,0.3144981861114502,89,left_finger,7,0.02329340949654579,2.8731097700074315e-05,0.0010842105143456168,0,follower_right,left_finger_positive,1.4833333333333334,m
0.024378355264663698,positive,0.31771835684776306,-0.018979409709572796,0.3144981563091278,90,left_finger,7,0.02330184355378151,2.8701935661956668e-05,0.0010765117108821887,0,follower_right,left_finger_positive,1.5,m
-5.730042961549522e-05,negative,0.31769856810569763,-0.018975635990500454,0.3138662278652191,1,waist,0,2.370571564824786e-06,-0.0008575750980526209,-5.967100118032001e-05,1,follower_right,waist_negative,0.016666666666666666,rad
-0.00027184089600781344,negative,0.3177040219306946,-0.018963135778903965,0.3143137991428375,2,waist,0,-6.730501627316698e-05,-0.0006846296600997448,-0.00020453587973464645,1,follower_right,waist_negative,0.03333333333333333,rad
-0.0006213607862684445,negative,0.3177006244659424,-0.018944650888442997,0.3146848678588867,3,waist,0,-0.0002094072988256812,-0.0012240223586559296,-0.0004119534874427633,1,follower_right,waist_negative,0.05,rad
-0.0010992757382574708,negative,0.31772810220718384,-0.01891027204692364,0.31444838643074036,4,waist,0,-0.00044055114267393947,-0.0021475497633218765,-0.0006587245955835313,1,follower_right,waist_negative,0.06666666666666667,rad
-0.0016990013898349737,negative,0.317704975605011,-0.018859915435314182,0.31437385082244873,5,waist,0,-0.0007696520769968629,-0.0029928945004940033,-0.0009293493128381108,1,follower_right,waist_negative,0.08333333333333333,rad
-0.0024139533788610375,negative,0.3177230954170227,-0.018729364499449733,0.31448617577552795,6,waist,0,-0.001629199250601232,-0.0035901572555303574,-0.0007847541282598055,1,follower_right,waist_negative,0.1,rad
-0.0032375473431957426,negative,0.31771600246429443,-0.018609786406159404,0.31458374857902527,7,waist,0,-0.002422093413770199,-0.0037226099520921707,-0.0008154539294255437,1,follower_right,waist_negative,0.11666666666666667,rad
-0.004163198920699172,negative,0.3177230954170227,-0.018454506993293766,0.31452274322509766,8,waist,0,-0.0034488539677113295,-0.003989133983850479,-0.0007143449529878427,1,follower_right,waist_negative,0.13333333333333333,rad
-0.005184323749231409,negative,0.31771668791770935,-0.01830062083899975,0.31443923711776733,9,waist,0,-0.004462739452719688,-0.004183676093816757,-0.0007215842965117205,1,follower_right,waist_negative,0.15,rad
-0.006294337466652532,negative,0.31772100925445557,-0.018120191991329197,0.3144691288471222,10,waist,0,-0.005650382023304701,-0.0046376194804906845,-0.0006439554433478314,1,follower_right,waist_negative,0.16666666666666666,rad
-0.007486655710822628,negative,0.31772133708000183,-0.01793928258121014,0.3145316541194916,11,waist,0,-0.006844035815447569,-0.0048804087564349174,-0.0006426198953750593,1,follower_right,waist_negative,0.18333333333333332,rad
-0.008754694119601778,negative,0.31772473454475403,-0.017738234251737598,0.314528226852417,12,waist,0,-0.008171494118869305,-0.00542978011071682,-0.0005832000007324738,1,follower_right,waist_negative,0.2,rad
-0.010091868330850063,negative,0.31772470474243164,-0.01753437146544457,0.3144778609275818,13,waist,0,-0.009514650329947472,-0.005778087303042412,-0.0005772180009025914,1,follower_right,waist_negative,0.21666666666666667,rad
-0.011491593982427568,negative,0.3177270293235779,-0.017314946278929714,0.3144737780094147,14,waist,0,-0.010960289277136326,-0.006647693924605846,-0.0005313047052912419,1,follower_right,waist_negative,0.23333333333333334,rad
-0.01294728671219437,negative,0.31773003935813904,-0.017092986032366756,0.3145056962966919,15,waist,0,-0.012423301115632057,-0.007303589954972267,-0.0005239855965623128,1,follower_right,waist_negative,0.25,rad
-0.014452362158010558,negative,0.31773367524147034,-0.016859646886587146,0.31451931595802307,16,waist,0,-0.013961619697511196,-0.00895676389336586,-0.0004907424604993615,1,follower_right,waist_negative,0.26666666666666666,rad
-0.016000235957736208,negative,0.317736953496933,-0.01662389934062958,0.3144954442977905,17,waist,0,-0.015516324900090694,-0.009319380857050419,-0.0004839110576455134,1,follower_right,waist_negative,0.2833333333333333,rad
-0.017584323749231412,negative,0.3177403211593628,-0.01637983322143555,0.31448355317115784,18,waist,0,-0.017123783007264137,-0.010588221251964569,-0.0004605407419672747,1,follower_right,waist_negative,0.3,rad
-0.019198041170356235,negative,0.317745178937912,-0.016134275123476986,0.31449562311172485,19,waist,0,-0.018742382526397705,-0.01094145979732275,-0.00045565864395853,1,follower_right,waist_negative,0.31666666666666665,rad
-0.02083480385897078,negative,0.31775009632110596,-0.015883713960647586,0.31450948119163513,20,waist,0,-0.020393164828419685,-0.01168209407478571,-0.0004416390305510935,1,follower_right,waist_negative,0.3333333333333333,rad
-0.022488027452935114,negative,0.3177557587623596,-0.015632776543498043,0.3145013451576233,21,waist,0,-0.02204771898686886,-0.011875118128955364,-0.0004403084660662554,1,follower_right,waist_negative,0.35,rad
-0.02415112759010932,negative,0.31776103377342224,-0.015379427000880243,0.31449103355407715,22,waist,0,-0.023717446252703667,-0.012207841500639915,-0.00043368133740565376,1,follower_right,waist_negative,0.36666666666666664,rad
-0.025817519908353487,negative,0.31776750087738037,-0.01512710750102997,0.3144935369491577,23,waist,0,-0.025381041690707207,-0.012003470212221146,-0.00043647821764628003,1,follower_right,waist_negative,0.38333333333333336,rad
-0.027480620045527704,negative,0.31777411699295044,-0.014874923974275592,0.31450265645980835,24,waist,0,-0.027042964473366737,-0.012256549671292305,-0.0004376555721609665,1,follower_right,waist_negative,0.4,rad
-0.029133843639492042,negative,0.31778132915496826,-0.014625165611505512,0.314502090215683,25,waist,0,-0.028689144179224968,-0.01186360977590084,-0.00044469946026707424,1,follower_right,waist_negative,0.4166666666666667,rad
-0.030770606328106576,negative,0.3177884817123413,-0.01437812298536301,0.3144957721233368,26,waist,0,-0.030317364260554314,-0.011891023255884647,-0.00045324206755226193,1,follower_right,waist_negative,0.43333333333333335,rad
-0.03238432374923141,negative,0.3177960515022278,-0.01413516886532307,0.31449446082115173,27,waist,0,-0.031919121742248535,-0.011467867530882359,-0.00046520200698287745,1,follower_right,waist_negative,0.45,rad
-0.033968411540726606,negative,0.31780385971069336,-0.013897131197154525,0.31449899077415466,28,waist,0,-0.033488571643829346,-0.011078334413468838,-0.0004798398968972606,1,follower_right,waist_negative,0.4666666666666667,rad
-0.035516285340452265,negative,0.3178119659423828,-0.013664982281625274,0.3145007789134979,29,waist,0,-0.0350189208984375,-0.010341833345592022,-0.0004973644420147652,1,follower_right,waist_negative,0.48333333333333334,rad
-0.03702136078626844,negative,0.31782007217407227,-0.013439725153148178,0.3144979774951935,30,waist,0,-0.03650372847914696,-0.009375222027301788,-0.000517632307121485,1,follower_right,waist_negative,0.5,rad
-0.03847705351603525,negative,0.31782811880111694,-0.013222457841038707,0.3144959807395935,31,waist,0,-0.03793580085039139,-0.0083690220490098,-0.0005412526656438654,1,follower_right,waist_negative,0.5166666666666667,rad
-0.03987677916761276,negative,0.31783610582351685,-0.013014137744903568,0.3144977390766144,32,waist,0,-0.03930950164794922,-0.007425702176988125,-0.0005672775196635393,1,follower_right,waist_negative,0.5333333333333333,rad
-0.04121395337886104,negative,0.3178442716598511,-0.0128158163279295,0.3144995868206024,33,waist,0,-0.040617093443870544,-0.0071918899193406105,-0.000596859934990493,1,follower_right,waist_negative,0.55,rad
-0.042481991787640186,negative,0.31785205006599426,-0.012628273107111457,0.3144984841346741,34,waist,0,-0.04185360670089722,-0.006886670365929604,-0.0006283850867429691,1,follower_right,waist_negative,0.5666666666666667,rad
-0.043674310031810284,negative,0.3178594410419464,-0.012452632188797,0.31449711322784424,35,waist,0,-0.04301108419895172,-0.006503974087536335,-0.0006632258328585633,1,follower_right,waist_negative,0.5833333333333334,rad
-0.044784323749231414,negative,0.31786656379699707,-0.01228992082178593,0.3144974708557129,36,waist,0,-0.04408368468284607,-0.006239208392798901,-0.0007006390663853446,1,follower_right,waist_negative,0.6,rad
-0.04580544857776364,negative,0.3178732991218567,-0.012140967883169655,0.31449878215789795,37,waist,0,-0.04506563022732735,-0.006005032919347286,-0.0007398183504362943,1,follower_right,waist_negative,0.6166666666666667,rad
-0.046731100155267075,negative,0.31787943840026855,-0.01200700365006924,0.31449857354164124,38,waist,0,-0.04594872519373894,-0.005780637264251709,-0.0007823749615281372,1,follower_right,waist_negative,0.6333333333333333,rad
-0.04755469411960178,negative,0.31788498163223267,-0.011888401582837108,0.31449782848358154,39,waist,0,-0.046730250120162964,-0.005518651567399502,-0.0008244439994388175,1,follower_right,waist_negative,0.65,rad
-0.04826964610862784,negative,0.3178897798061371,-0.011786302551627163,0.3144975006580353,40,waist,0,-0.04740258306264877,-0.005191604606807232,-0.000867063045979069,1,follower_right,waist_negative,0.6666666666666666,rad
-0.048869371760205345,negative,0.3178938031196594,-0.011701308190822605,0.3144984543323517,41,waist,0,-0.047961704432964325,-0.00479562021791935,-0.0009076673272410199,1,follower_right,waist_negative,0.6833333333333333,rad
-0.04934728671219438,negative,0.3178972005844116,-0.011633640155196193,0.3144986033439636,42,waist,0,-0.04840681701898575,-0.004362616688013077,-0.0009404696932086287,1,follower_right,waist_negative,0.7,rad
-0.049696806602455006,negative,0.31789976358413696,-0.011580894701182846,0.3144979774951935,43,waist,0,-0.04875357821583748,-0.004022578708827496,-0.000943228386617527,1,follower_right,waist_negative,0.7166666666666667,rad
-0.049911347068847325,negative,0.3179020583629608,-0.011534880846738819,0.31449782848358154,44,waist,0,-0.049055907875299454,-0.0037085851654410362,-0.0008554391935478717,1,follower_right,waist_negative,0.7333333333333333,rad
-0.04998432374923141,negative,0.31790393590927124,-0.011498162522912029,0.3144981563091278,45,waist,0,-0.04929758608341217,-0.0031919674947857857,-0.0006867376658192398,1,follower_right,waist_negative,0.75,rad
8.865293115268038e-05,positive,0.3176986575126648,-0.018981428816914562,0.31386637687683105,1,waist,0,4.089492722414434e-05,-0.0005378899513743818,4.7758003928536044e-05,1,follower_right,waist_positive,0.016666666666666666,rad
0.0003031933975449986,positive,0.3177039325237274,-0.018990483134984974,0.3143140375614166,2,waist,0,0.0001129350348492153,0.0005167843773961067,0.0001902583626957833,1,follower_right,waist_positive,0.03333333333333333,rad
0.0006527132878056297,positive,0.3177006244659424,-0.0190157312899828,0.31468501687049866,3,waist,0,0.00025990200811065733,0.0011721309274435043,0.00039281127969497233,1,follower_right,waist_positive,0.05,rad
0.001130628239794656,positive,0.31772810220718384,-0.019051991403102878,0.3144484758377075,4,waist,0,0.0004942020168527961,0.0016864771023392677,0.0006364262229418599,1,follower_right,waist_positive,0.06666666666666667,rad
0.0017303538913721588,positive,0.3177050054073334,-0.019103838130831722,0.3143738806247711,5,waist,0,0.0008393411408178508,0.0023795748129487038,0.000891012750554308,1,follower_right,waist_positive,0.08333333333333333,rad
0.0024453058803982227,positive,0.3177233338356018,-0.01923218555748463,0.3144861161708832,6,waist,0,0.0016870169201865792,0.003026154823601246,0.0007582889602116435,1,follower_right,waist_positive,0.1,rad
0.0032688998447329277,positive,0.31771621108055115,-0.01935570687055588,0.3145838677883148,7,waist,0,0.0024966136552393436,0.003208874724805355,0.0007722861894935841,1,follower_right,waist_positive,0.11666666666666667,rad
0.004194551422236357,positive,0.3177233636379242,-0.019508374854922298,0.31452280282974243,8,waist,0,0.003500456688925624,0.0033689960837364197,0.0006940947333107335,1,follower_right,waist_positive,0.13333333333333333,rad
0.005215676250768594,positive,0.3177168667316437,-0.019665401428937915,0.3144392967224121,9,waist,0,0.004536118358373642,0.0034973034635186195,0.0006795578923949521,1,follower_right,waist_positive,0.15,rad
0.006325689968189717,positive,0.3177212178707123,-0.019841441884636882,0.3144693076610565,10,waist,0,0.0056989300064742565,0.003679228015244007,0.0006267599617154609,1,follower_right,waist_positive,0.16666666666666666,rad
0.007518008212359813,positive,0.3177213668823242,-0.020025800913572315,0.3145316243171692,11,waist,0,0.0069133928045630455,0.00390066672116518,0.0006046154077967679,1,follower_right,waist_positive,0.18333333333333332,rad
0.008786046621138964,positive,0.31772491335868835,-0.020224511623382572,0.3145284056663513,12,waist,0,0.00822113361209631,0.00409405492246151,0.000564913009042654,1,follower_right,waist_positive,0.2,rad
0.010123220832387248,positive,0.3177247941493988,-0.02043084986507893,0.314477801322937,13,waist,0,0.009581741876900196,0.004303945694118738,0.0005414789554870521,1,follower_right,waist_positive,0.21666666666666667,rad
0.011522946483964753,positive,0.3177269995212555,-0.020647337660193447,0.3144742250442505,14,waist,0,0.011010203510522842,0.0045266300439834595,0.0005127429734419105,1,follower_right,waist_positive,0.23333333333333334,rad
0.012978639213731555,positive,0.31772997975349426,-0.02087139524519444,0.31450584530830383,15,waist,0,0.012486549094319344,0.004739480093121529,0.0004920901194122116,1,follower_right,waist_positive,0.25,rad
0.014483714659547743,positive,0.3177335262298584,-0.021103018894791607,0.3145195245742798,16,waist,0,0.014012669213116169,0.004949405323714018,0.0004710454464315738,1,follower_right,waist_positive,0.26666666666666666,rad
0.016031588459273393,positive,0.3177369236946106,-0.021340582519769672,0.3144955635070801,17,waist,0,0.01557763572782278,0.005160677246749401,0.0004539527314506124,1,follower_right,waist_positive,0.2833333333333333,rad
0.017615676250768597,positive,0.3177400827407837,-0.021582923829555515,0.3144838809967041,18,waist,0,0.01717587746679783,0.00544443354010582,0.00043979878397076844,1,follower_right,waist_positive,0.3,rad
0.01922939367189342,positive,0.31774500012397766,-0.02182942256331444,0.31449583172798157,19,waist,0,0.018801257014274597,0.005709188058972359,0.0004281366576188231,1,follower_right,waist_positive,0.31666666666666665,rad
0.020866156360507964,positive,0.3177497982978821,-0.022079132497310642,0.314509779214859,20,waist,0,0.020446280017495155,0.005918406881392002,0.0004198763430128087,1,follower_right,waist_positive,0.3333333333333333,rad
0.0225193799544723,positive,0.3177555203437805,-0.022330969572067264,0.31450164318084717,21,waist,0,0.022105764597654343,0.006084868218749762,0.00041361535681795625,1,follower_right,waist_positive,0.35,rad
0.024182480091646506,positive,0.317760705947876,-0.022583657875657085,0.3144916594028473,22,waist,0,0.02377132698893547,0.006213491782546043,0.00041115310271103503,1,follower_right,waist_positive,0.36666666666666664,rad
0.025848872409890672,positive,0.3177669942378998,-0.022836474701762203,0.314493864774704,23,waist,0,0.0254377331584692,0.006338362582027912,0.0004111392514214718,1,follower_right,waist_positive,0.38333333333333336,rad
0.02751197254706489,positive,0.3177734911441803,-0.023088222369551662,0.3145029842853546,24,waist,0,0.02709764987230301,0.006422498729079962,0.00041432267476188,1,follower_right,waist_positive,0.4,rad
0.029165196141029227,positive,0.3177807629108429,-0.02333818376064301,0.3145022988319397,25,waist,0,0.028744906187057495,0.006516205612570047,0.00042028995397173224,1,follower_right,waist_positive,0.4166666666666667,rad
0.03080195882964376,positive,0.317787766456604,-0.023585118353366855,0.31449630856513977,26,waist,0,0.030372759327292442,0.006525441072881222,0.00042919950235131843,1,follower_right,waist_positive,0.43333333333333335,rad
0.0324156762507686,positive,0.3177952766418457,-0.023828143253922466,0.3144949972629547,27,waist,0,0.031974926590919495,0.006473608780652285,0.00044074965984910314,1,follower_right,waist_positive,0.45,rad
0.03399976404226379,positive,0.3178030252456665,-0.024066140875220302,0.3144994378089905,28,waist,0,0.03354404866695404,0.006416960619390011,0.0004557153753097509,1,follower_right,waist_positive,0.4666666666666667,rad
0.03554763784198945,positive,0.31781113147735596,-0.024298293516039852,0.3145011365413666,29,waist,0,0.035074759274721146,0.006382116582244635,0.00047287856726830474,1,follower_right,waist_positive,0.48333333333333334,rad
0.03705271328780563,positive,0.31781911849975586,-0.024523638188838962,0.31449827551841736,30,waist,0,0.036559876054525375,0.006344236899167299,0.0004928372332802522,1,follower_right,waist_positive,0.5,rad
0.03850840601757244,positive,0.31782716512680054,-0.02474099770188332,0.3144964277744293,31,waist,0,0.037992753088474274,0.006294869352132082,0.0005156529290981648,1,follower_right,waist_positive,0.5166666666666667,rad
0.03990813166914994,positive,0.3178350329399109,-0.02494936622679234,0.31449806690216064,32,waist,0,0.03936656937003136,0.006277842912822962,0.0005415622991185864,1,follower_right,waist_positive,0.5333333333333333,rad
0.04124530588039822,positive,0.3178431987762451,-0.025147933512926105,0.3144998550415039,33,waist,0,0.040675386786460876,0.006214074324816465,0.0005699190939373461,1,follower_right,waist_positive,0.55,rad
0.04251334428917737,positive,0.31785082817077637,-0.025335440412163738,0.3144989013671875,34,waist,0,0.041912030428647995,0.0061119371093809605,0.0006013138605293761,1,follower_right,waist_positive,0.5666666666666667,rad
0.04370566253334747,positive,0.3178582191467285,-0.025511436164379123,0.3144974410533905,35,waist,0,0.04307163134217262,0.005988936871290207,0.000634031191174847,1,follower_right,waist_positive,0.5833333333333334,rad
0.0448156762507686,positive,0.3178652822971344,-0.02567430026829243,0.31449776887893677,36,waist,0,0.04414539039134979,0.0058732847683131695,0.0006702858594188066,1,follower_right,waist_positive,0.6,rad
0.045836801079300826,positive,0.31787192821502686,-0.025823613628745083,0.3144989013671875,37,waist,0,0.04512898996472359,0.005672108847647905,0.0007078111145772392,1,follower_right,waist_positive,0.6166666666666667,rad
0.04676245265680426,positive,0.31787803769111633,-0.02595789358019829,0.3144987225532532,38,waist,0,0.046014897525310516,0.0054525407031178474,0.0007475551314937434,1,follower_right,waist_positive,0.6333333333333333,rad
0.04758604662113897,positive,0.3178834915161133,-0.026076903566718105,0.3144979178905487,39,waist,0,0.04679807275533676,0.005189115181565285,0.0007879738658022051,1,follower_right,waist_positive,0.65,rad
0.04830099861016503,positive,0.3178882598876953,-0.026179241016507152,0.3144978880882263,40,waist,0,0.04747258871793747,0.0048342375084757805,0.0008284098922275579,1,follower_right,waist_positive,0.6666666666666666,rad
0.04890072426174253,positive,0.3178923726081848,-0.026264708489179615,0.3144984841346741,41,waist,0,0.04803486913442612,0.004424002952873707,0.0008658551273164131,1,follower_right,waist_positive,0.6833333333333333,rad
0.04937863921373156,positive,0.3178955614566803,-0.026333134621381763,0.31449854373931885,42,waist,0,0.04848455265164375,0.003993002697825432,0.0008940865620878091,1,follower_right,waist_positive,0.7,rad
0.04972815910399219,positive,0.31789812445640564,-0.02638654410839081,0.31449800729751587,43,waist,0,0.04883573576807976,0.0036725522950291634,0.0008924233359124331,1,follower_right,waist_positive,0.7166666666666667,rad
0.04994269957038451,positive,0.3179003596305847,-0.02643181942403317,0.31449806690216064,44,waist,0,0.04913317784667015,0.003285338170826435,0.0008095217237143598,1,follower_right,waist_positive,0.7333333333333333,rad
0.050015676250768595,positive,0.31790217757225037,-0.026467980816960338,0.3144983649253845,45,waist,0,0.04937101900577545,0.0028110360726714134,0.0006446572449931437,1,follower_right,waist_positive,0.75,rad
-0.9600234833675484,negative,0.31770309805870056,-0.018977809697389606,0.3138684928417206,1,shoulder,1,-0.9598225951194763,0.1407487839460373,-0.00020088824807207306,1,follower_right,shoulder_negative,0.016666666666666666,rad
-0.9602380238339407,negative,0.3177308440208435,-0.018975654616951946,0.31434059143066406,2,shoulder,1,-0.960120677947998,-0.0021137604489922523,-0.00011734588594269901,1,follower_right,shoulder_negative,0.03333333333333333,rad
-0.9605875437242013,negative,0.3178269863128662,-0.01897850260138512,0.3147830665111542,3,shoulder,1,-0.9607943296432495,0.07188323140144348,0.00020678591904821353,1,follower_right,shoulder_negative,0.05,rad
-0.9610654586761904,negative,0.3179246783256531,-0.018979331478476528,0.31465229392051697,4,shoulder,1,-0.9611178636550903,0.03474096208810806,5.240497889991147e-05,1,follower_right,shoulder_negative,0.06666666666666667,rad
-0.9616651843277678,negative,0.3180154263973236,-0.018979048356413845,0.31466376781463623,5,shoulder,1,-0.9617248177528381,0.06437797844409943,5.963342507031566e-05,1,follower_right,shoulder_negative,0.08333333333333333,rad
-0.962380136316794,negative,0.3181443512439728,-0.018978806212544445,0.31486091017723083,6,shoulder,1,-0.9624885320663452,0.023512322455644608,0.00010839574955123776,1,follower_right,shoulder_negative,0.1,rad
-0.9632037302811286,negative,0.3182971775531769,-0.018979379907250408,0.3150861859321594,7,shoulder,1,-0.96341472864151,0.05457795411348343,0.00021099836038140918,1,follower_right,shoulder_negative,0.11666666666666667,rad
-0.9641293818586321,negative,0.3184478282928467,-0.01897983253002167,0.31517747044563293,8,shoulder,1,-0.9642868041992188,0.03817171975970268,0.00015742234058668814,1,follower_right,shoulder_negative,0.13333333333333333,rad
-0.9651505066871643,negative,0.31862813234329224,-0.018979802727699283,0.31525954604148865,9,shoulder,1,-0.9653525948524475,0.05524403229355812,0.0002020881652832207,1,follower_right,shoulder_negative,0.15,rad
-0.9662605204045854,negative,0.31881073117256165,-0.018979562446475032,0.3154449462890625,10,shoulder,1,-0.9664605855941772,0.03725768253207207,0.00020006518959181374,1,follower_right,shoulder_negative,0.16666666666666666,rad
-0.9674528386487555,negative,0.31902462244033813,-0.018979722633957866,0.3156762719154358,11,shoulder,1,-0.9677367210388184,0.04879200831055641,0.00028388239006282845,1,follower_right,shoulder_negative,0.18333333333333332,rad
-0.9687208770575347,negative,0.31923699378967285,-0.018979938700795177,0.3158670961856842,12,shoulder,1,-0.9689890146255493,0.04255256801843643,0.00026813756801458144,1,follower_right,shoulder_negative,0.2,rad
-0.970058051268783,negative,0.3194696009159088,-0.018979985266923908,0.3160380423069,13,shoulder,1,-0.9703609943389893,0.05094021186232567,0.0003029430702062852,1,follower_right,shoulder_negative,0.21666666666666667,rad
-0.9714577769203605,negative,0.31970536708831787,-0.01897995732724667,0.3162403702735901,14,shoulder,1,-0.9717620611190796,0.044356465339660645,0.00030428419871908474,1,follower_right,shoulder_negative,0.23333333333333334,rad
-0.9729134696501273,negative,0.31995517015457153,-0.01898002624511719,0.31647688150405884,15,shoulder,1,-0.9732470512390137,0.05020594596862793,0.0003335815888864113,1,follower_right,shoulder_negative,0.25,rad
-0.9744185450959435,negative,0.32021182775497437,-0.018979996442794803,0.3167096674442291,16,shoulder,1,-0.974761426448822,0.046621184796094894,0.0003428813528785213,1,follower_right,shoulder_negative,0.26666666666666666,rad
-0.9759664188956692,negative,0.3204794228076935,-0.0189801286906004,0.3169334828853607,17,shoulder,1,-0.9763357043266296,0.0504504069685936,0.0003692854309604865,1,follower_right,shoulder_negative,0.2833333333333333,rad
-0.9775505066871644,negative,0.32074791193008423,-0.01898005604743958,0.3171652853488922,18,shoulder,1,-0.9779176712036133,0.048594485968351364,0.00036716451644891457,1,follower_right,shoulder_negative,0.3,rad
-0.9791642241082892,negative,0.32102465629577637,-0.018980138003826145,0.31740936636924744,19,shoulder,1,-0.9795470237731934,0.05143105611205101,0.0003827996649041765,1,follower_right,shoulder_negative,0.31666666666666665,rad
-0.9808009867969036,negative,0.3213033080101013,-0.018980210646986965,0.3176550269126892,20,shoulder,1,-0.9811828136444092,0.05065399408340454,0.00038182684750553975,1,follower_right,shoulder_negative,0.3333333333333333,rad
-0.982454210390868,negative,0.3215871751308441,-0.018980178982019428,0.3178986608982086,21,shoulder,1,-0.9828453063964844,0.05270199105143547,0.0003910960056163759,1,follower_right,shoulder_negative,0.35,rad
-0.9841173105280422,negative,0.3218710124492645,-0.018980130553245548,0.31814277172088623,22,shoulder,1,-0.9845060706138611,0.052166640758514404,0.00038876008581889554,1,follower_right,shoulder_negative,0.36666666666666664,rad
-0.9857837028462864,negative,0.32215696573257446,-0.018980240449309353,0.3183898627758026,23,shoulder,1,-0.986177384853363,0.05335558205842972,0.0003936820070766789,1,follower_right,shoulder_negative,0.38333333333333336,rad
-0.9874468029834607,negative,0.32244181632995605,-0.018980257213115696,0.31863653659820557,24,shoulder,1,-0.9878381490707397,0.05297039821743965,0.0003913460872790875,1,follower_right,shoulder_negative,0.4,rad
-0.989100026577425,negative,0.3227258324623108,-0.01898021996021271,0.3188803791999817,25,shoulder,1,-0.9894922971725464,0.053680580109357834,0.00039227059512136897,1,follower_right,shoulder_negative,0.4166666666666667,rad
-0.9907367892660395,negative,0.3230067789554596,-0.018980359658598903,0.3191206455230713,26,shoulder,1,-0.9911247491836548,0.053280383348464966,0.00038795991761531035,1,follower_right,shoulder_negative,0.43333333333333335,rad
-0.9923505066871643,negative,0.3232845067977905,-0.018980257213115696,0.3193580210208893,27,shoulder,1,-0.9927361011505127,0.053477607667446136,0.0003855944633484043,1,follower_right,shoulder_negative,0.45,rad
-0.9939345944786595,negative,0.32355570793151855,-0.018980309367179874,0.3195909857749939,28,shoulder,1,-0.9943079352378845,0.05372548848390579,0.00037334075922501597,1,follower_right,shoulder_negative,0.4666666666666667,rad
-0.9954824682783852,negative,0.3238201141357422,-0.0189803671091795,0.3198164999485016,29,shoulder,1,-0.995837926864624,0.0550798662006855,0.00035545858623886595,1,follower_right,shoulder_negative,0.48333333333333334,rad
-0.9969875437242014,negative,0.32407858967781067,-0.018980335444211963,0.320033460855484,30,shoulder,1,-0.9973305463790894,0.05478160083293915,0.00034300265488795834,1,follower_right,shoulder_negative,0.5,rad
-0.9984432364539682,negative,0.324329674243927,-0.01898031681776047,0.3202454149723053,31,shoulder,1,-0.998779296875,0.054383113980293274,0.0003360604210318474,1,follower_right,shoulder_negative,0.5166666666666667,rad
-0.9998429621055457,negative,0.3245692551136017,-0.018980339169502262,0.32045167684555054,32,shoulder,1,-1.0001585483551025,0.05478062853217125,0.000315586249556854,1,follower_right,shoulder_negative,0.5333333333333333,rad
-1.001180136316794,negative,0.324797660112381,-0.018980355933308605,0.3206460475921631,33,shoulder,1,-1.0014721155166626,0.05573359504342079,0.0002919791998685639,1,follower_right,shoulder_negative,0.55,rad
-1.0024481747255731,negative,0.3250166177749634,-0.01898039504885674,0.32082703709602356,34,shoulder,1,-1.0027289390563965,0.0549100898206234,0.0002807643308233576,1,follower_right,shoulder_negative,0.5666666666666667,rad
-1.0036404929697431,negative,0.3252180516719818,-0.01898043788969517,0.3209989368915558,35,shoulder,1,-1.003883719444275,0.05665295198559761,0.00024322647453178803,1,follower_right,shoulder_negative,0.5833333333333334,rad
-1.0047505066871643,negative,0.3254086673259735,-0.018980352208018306,0.3211592733860016,36,shoulder,1,-1.0049763917922974,0.05608990788459778,0.00022588510513310567,1,follower_right,shoulder_negative,0.6,rad
-1.0057716315156966,negative,0.3255827724933624,-0.0189803671091795,0.32130545377731323,37,shoulder,1,-1.0059728622436523,0.05706331878900528,0.00020123072795574792,1,follower_right,shoulder_negative,0.6166666666666667,rad
-1.0066972830932,negative,0.3257393538951874,-0.018980396911501888,0.321438193321228,38,shoulder,1,-1.0068684816360474,0.05759555846452713,0.0001711985428474172,1,follower_right,shoulder_negative,0.6333333333333333,rad
-1.0075208770575348,negative,0.32587796449661255,-0.01898041181266308,0.32155483961105347,39,shoulder,1,-1.0076608657836914,0.05863222852349281,0.00013998872615661462,1,follower_right,shoulder_negative,0.65,rad
-1.0082358290465607,negative,0.3259994685649872,-0.01898043416440487,0.3216552734375,40,shoulder,1,-1.008357048034668,0.059451889246702194,0.00012121898810724119,1,follower_right,shoulder_negative,0.6666666666666666,rad
-1.0088355546981382,negative,0.3260969817638397,-0.018980376422405243,0.3217392861843109,41,shoulder,1,-1.0089154243469238,0.06118470057845116,7.9869648785591e-05,1,follower_right,shoulder_negative,0.6833333333333333,rad
-1.0093134696501274,negative,0.32617419958114624,-0.018980396911501884,0.321805477142334,42,shoulder,1,-1.0093579292297363,0.06215831637382507,4.4459579608968625e-05,1,follower_right,shoulder_negative,0.7,rad
-1.009662989540388,negative,0.3262311816215515,-0.01898043043911457,0.3218517601490021,43,shoulder,1,-1.0096865892410278,0.06485187262296677,2.359970063992023e-05,1,follower_right,shoulder_negative,0.7166666666666667,rad
-1.0098775300067802,negative,0.32626160979270935,-0.018980352208018303,0.32187536358833313,44,shoulder,1,-1.0098612308502197,0.06717997789382935,-1.6299156560428685e-05,1,follower_right,shoulder_negative,0.7333333333333333,rad
-1.0099505066871644,negative,0.32626861333847046,-0.018980417400598526,0.32187801599502563,45,shoulder,1,-1.0099022388458252,0.07038528472185135,-4.826784133915574e-05,1,follower_right,shoulder_negative,0.75,rad
-0.9598775300067802,positive,0.31766822934150696,-0.01897799223661423,0.31385156512260437,1,shoulder,1,-0.9596219658851624,0.14494167268276215,-0.00025556412161786835,1,follower_right,shoulder_positive,0.016666666666666666,rad
-0.9596629895403879,positive,0.31764698028564453,-0.018975777551531795,0.3142569661140442,2,shoulder,1,-0.9596162438392639,-0.0021114577539265156,-4.674570112395138e-05,1,follower_right,shoulder_positive,0.03333333333333333,rad
-0.9593134696501273,positive,0.31755879521369934,-0.01897879131138325,0.31456318497657776,3,shoulder,1,-0.9591975212097168,0.09842535853385925,-0.00011594844041051822,1,follower_right,shoulder_positive,0.05,rad
-0.9588355546981382,positive,0.31750762462615967,-0.018979625776410106,0.31424716114997864,4,shoulder,1,-0.9586270451545715,0.05266346409916878,-0.00020850954356665952,1,follower_right,shoulder_positive,0.06666666666666667,rad
-0.9582358290465608,positive,0.3173767626285553,-0.018979186192154888,0.31407755613327026,5,shoulder,1,-0.9579344987869263,0.09317956119775772,-0.00030133025963452464,1,follower_right,shoulder_positive,0.08333333333333333,rad
-0.9575208770575346,positive,0.3172660768032074,-0.01897895894944668,0.3140609860420227,6,shoulder,1,-0.9572498798370361,0.051048848778009415,-0.0002709972204985034,1,follower_right,shoulder_positive,0.1,rad
-0.9566972830932,positive,0.31711116433143616,-0.018979560583829883,0.3140093982219696,7,shoulder,1,-0.9563331604003906,0.0836537629365921,-0.0003641226928093877,1,follower_right,shoulder_positive,0.11666666666666667,rad
-0.9557716315156966,positive,0.31696179509162903,-0.01897990331053734,0.31381750106811523,8,shoulder,1,-0.9554252028465271,0.07151764631271362,-0.0003464286691694518,1,follower_right,shoulder_positive,0.13333333333333333,rad
-0.9547505066871643,positive,0.31677645444869995,-0.018979823216795925,0.31358832120895386,9,shoulder,1,-0.9543083906173706,0.08841780573129654,-0.00044211606979371876,1,follower_right,shoulder_positive,0.15,rad
-0.9536404929697432,positive,0.31659185886383057,-0.018979582935571674,0.3134342133998871,10,shoulder,1,-0.9532057046890259,0.07318985462188721,-0.000434788280717302,1,follower_right,shoulder_positive,0.16666666666666666,rad
-0.9524481747255731,positive,0.316384881734848,-0.018979631364345554,0.31329256296157837,11,shoulder,1,-0.9519637227058411,0.0842636376619339,-0.0004844520197320179,1,follower_right,shoulder_positive,0.18333333333333332,rad
-0.9511801363167939,positive,0.316170871257782,-0.018979841843247417,0.31309130787849426,12,shoulder,1,-0.9506781101226807,0.07890868932008743,-0.0005020261941132143,1,follower_right,shoulder_positive,0.2,rad
-0.9498429621055456,positive,0.31594333052635193,-0.01897988095879555,0.3128449618816376,13,shoulder,1,-0.9492980241775513,0.08697506785392761,-0.0005449379279943711,1,follower_right,shoulder_positive,0.21666666666666667,rad
-0.9484432364539681,positive,0.31571030616760254,-0.01897966861724854,0.3126274347305298,14,shoulder,1,-0.9478936791419983,0.08386160433292389,-0.0005495573119698172,1,follower_right,shoulder_positive,0.23333333333333334,rad
-0.9469875437242014,positive,0.3154640793800354,-0.018979743123054508,0.3124256730079651,15,shoulder,1,-0.9464086890220642,0.08580802381038666,-0.0005788547021371437,1,follower_right,shoulder_positive,0.25,rad
-0.9454824682783851,positive,0.31521332263946533,-0.018979677930474285,0.3121955990791321,16,shoulder,1,-0.9448935389518738,0.08544718474149704,-0.0005889293265113338,1,follower_right,shoulder_positive,0.26666666666666666,rad
-0.9439345944786595,positive,0.3149539530277252,-0.018979778513312343,0.3119342625141144,17,shoulder,1,-0.9433176517486572,0.08754342049360275,-0.0006169427300022345,1,follower_right,shoulder_positive,0.2833333333333333,rad
-0.9423505066871642,positive,0.31469082832336426,-0.01897966302931309,0.31167954206466675,18,shoulder,1,-0.9417206645011902,0.08486723899841309,-0.000629842185974061,1,follower_right,shoulder_positive,0.3,rad
-0.9407367892660394,positive,0.3144233226776123,-0.018979657441377643,0.3114400804042816,19,shoulder,1,-0.9400959014892578,0.08521296083927155,-0.0006408877767816179,1,follower_right,shoulder_positive,0.31666666666666665,rad
-0.939100026577425,positive,0.31415316462516785,-0.01897959038615227,0.31119319796562195,20,shoulder,1,-0.9384539723396301,0.08459416776895523,-0.0006460542377948464,1,follower_right,shoulder_positive,0.3333333333333333,rad
-0.9374468029834606,positive,0.3138810694217682,-0.018979698419570926,0.3109267055988312,21,shoulder,1,-0.9367927312850952,0.08565054088830948,-0.0006540716983653994,1,follower_right,shoulder_positive,0.35,rad
-0.9357837028462864,positive,0.3136080205440521,-0.018979668617248535,0.3106590807437897,22,shoulder,1,-0.9351243376731873,0.08417811989784241,-0.000659365173099169,1,follower_right,shoulder_positive,0.36666666666666664,rad
-0.9341173105280423,positive,0.3133358955383301,-0.01897963508963585,0.3104029595851898,23,shoulder,1,-0.933459460735321,0.08361690491437912,-0.0006578497927212101,1,follower_right,shoulder_positive,0.38333333333333336,rad
-0.932454210390868,positive,0.31306469440460205,-0.018979612737894058,0.31015047430992126,24,shoulder,1,-0.9318002462387085,0.08288486301898956,-0.0006539641521594586,1,follower_right,shoulder_positive,0.4,rad
-0.9308009867969036,positive,0.31279659271240234,-0.01897965371608734,0.30989012122154236,25,shoulder,1,-0.9301533102989197,0.0829918384552002,-0.0006476764979839178,1,follower_right,shoulder_positive,0.4166666666666667,rad
-0.9291642241082891,positive,0.31253156065940857,-0.018979651853442192,0.30962875485420227,26,shoulder,1,-0.9285227656364441,0.08208565413951874,-0.0006414584718450467,1,follower_right,shoulder_positive,0.43333333333333335,rad
-0.9275505066871643,positive,0.3122716248035431,-0.01897955872118473,0.309376984834671,27,shoulder,1,-0.9269217252731323,0.08112957328557968,-0.000628781414031998,1,follower_right,shoulder_positive,0.45,rad
-0.9259664188956691,positive,0.31201693415641785,-0.01897960901260376,0.30913394689559937,28,shoulder,1,-0.9253522753715515,0.08023901283740997,-0.0006141435241175941,1,follower_right,shoulder_positive,0.4666666666666667,rad
-0.9244185450959435,positive,0.3117693066596985,-0.018979553133249283,0.3088931143283844,29,shoulder,1,-0.9238228797912598,0.07970871031284332,-0.0005956653046836902,1,follower_right,shoulder_positive,0.48333333333333334,rad
-0.9229134696501272,positive,0.3115292489528656,-0.018979568034410477,0.3086549937725067,30,shoulder,1,-0.922336757183075,0.0789116844534874,-0.000576712467052265,1,follower_right,shoulder_positive,0.5,rad
-0.9214577769203605,positive,0.311298131942749,-0.018979499116539955,0.3084268867969513,31,shoulder,1,-0.9209043979644775,0.07781968265771866,-0.0005533789558829216,1,follower_right,shoulder_positive,0.5166666666666667,rad
-0.9200580512687829,positive,0.3110767602920532,-0.018979387357831,0.3082108497619629,32,shoulder,1,-0.9195312857627869,0.07675772905349731,-0.000526765505996063,1,follower_right,shoulder_positive,0.5333333333333333,rad
-0.9187208770575347,positive,0.3108660578727722,-0.018979448825120926,0.3080042600631714,33,shoulder,1,-0.9182231426239014,0.0757146030664444,-0.0004977344336333234,1,follower_right,shoulder_positive,0.55,rad
-0.9174528386487555,positive,0.3106657862663269,-0.018979433923959732,0.30780529975891113,34,shoulder,1,-0.9169782996177673,0.0727543830871582,-0.00047453903098815253,1,follower_right,shoulder_positive,0.5666666666666667,rad
-0.9162605204045854,positive,0.3104786276817322,-0.018979432061314583,0.30761682987213135,35,shoulder,1,-0.9158123135566711,0.06949011981487274,-0.00044820684791424537,1,follower_right,shoulder_positive,0.5833333333333334,rad
-0.9151505066871642,positive,0.3103070855140686,-0.018979378044605255,0.3074447214603424,36,shoulder,1,-0.9147424101829529,0.0685703456401825,-0.0004080965042113638,1,follower_right,shoulder_positive,0.6,rad
-0.914129381858632,positive,0.31014958024024963,-0.01897936500608921,0.30729061365127563,37,shoulder,1,-0.9137611985206604,0.06705179810523987,-0.00036818333797161706,1,follower_right,shoulder_positive,0.6166666666666667,rad
-0.9132037302811286,positive,0.3100067377090454,-0.018979329615831375,0.30714932084083557,38,shoulder,1,-0.9128692746162415,0.06389565765857697,-0.0003344556648871011,1,follower_right,shoulder_positive,0.6333333333333333,rad
-0.9123801363167939,positive,0.30988022685050964,-0.01897941716015339,0.30702221393585205,39,shoulder,1,-0.9120784401893616,0.0597991868853569,-0.0003016961274323604,1,follower_right,shoulder_positive,0.65,rad
-0.9116651843277679,positive,0.30977559089660645,-0.01897931843996048,0.30691686272621155,40,shoulder,1,-0.9114217162132263,0.0596378892660141,-0.00024346811454156736,1,follower_right,shoulder_positive,0.6666666666666666,rad
-0.9110654586761904,positive,0.30968326330184937,-0.018979374319314957,0.306830495595932,41,shoulder,1,-0.9108487367630005,0.05446517840027809,-0.00021672191318988787,1,follower_right,shoulder_positive,0.6833333333333333,rad
-0.9105875437242013,positive,0.3096168637275696,-0.018979378044605255,0.30676162242889404,42,shoulder,1,-0.9104291200637817,0.052739568054676056,-0.0001584236604195155,1,follower_right,shoulder_positive,0.7,rad
-0.9102380238339407,positive,0.3095642328262329,-0.018979387357831,0.3067139983177185,43,shoulder,1,-0.9101033210754395,0.04758831113576889,-0.00013470275850124835,1,follower_right,shoulder_positive,0.7166666666666667,rad
-0.9100234833675483,positive,0.3095385730266571,-0.01897936686873436,0.30668869614601135,44,shoulder,1,-0.9099393486976624,0.04409211874008179,-8.41346698859935e-05,1,follower_right,shoulder_positive,0.7333333333333333,rad
-0.9099505066871643,positive,0.3095327913761139,-0.018979346379637718,0.3066881000995636,45,shoulder,1,-0.9099052548408508,0.0410931259393692,-4.5251846313432154e-05,1,follower_right,shoulder_positive,0.75,rad
1.1611724885982413,negative,0.31780481338500977,-0.018979514017701152,0.3134249746799469,1,elbow,2,1.1634197235107422,-0.21787938475608826,-0.002247234912500895,1,follower_right,elbow_negative,0.016666666666666666,rad
1.160957948131849,negative,0.317741721868515,-0.018974959850311283,0.31376326084136963,2,elbow,2,1.162451982498169,-0.304302453994751,-0.0014940343663198963,1,follower_right,elbow_negative,0.03333333333333333,rad
1.1606084282415885,negative,0.3177192509174347,-0.018977370113134388,0.3144820034503937,3,elbow,2,1.1610944271087646,-0.23087099194526672,-0.0004859988671761517,1,follower_right,elbow_negative,0.05,rad
1.1601305132895994,negative,0.31772446632385254,-0.018979215994477276,0.3145644962787628,4,elbow,2,1.1612027883529663,-0.19250638782978058,-0.0010722750633669342,1,follower_right,elbow_negative,0.06666666666666667,rad
1.1595307876380219,negative,0.3176690936088562,-0.018979137763381008,0.31462228298187256,5,elbow,2,1.1606947183609009,-0.2320735603570938,-0.0011639307228790141,1,follower_right,elbow_negative,0.08333333333333333,rad
1.158815835648996,negative,0.3176393508911133,-0.01897852867841721,0.31493741273880005,6,elbow,2,1.1598801612854004,-0.2558458149433136,-0.0010643256364044618,1,follower_right,elbow_negative,0.1,rad
1.157992241684661,negative,0.31758999824523926,-0.01897894218564034,0.3153911530971527,7,elbow,2,1.1588232517242432,-0.2707523703575134,-0.0008310100395820808,1,follower_right,elbow_negative,0.11666666666666667,rad
1.1570665901071577,negative,0.31754910945892334,-0.018979525193572048,0.31573230028152466,8,elbow,2,1.1579351425170898,-0.23668454587459564,-0.0008685524099321107,1,follower_right,elbow_negative,0.13333333333333333,rad
1.1560454652786254,negative,0.3174836337566376,-0.01897964254021645,0.3160163462162018,9,elbow,2,1.1569889783859253,-0.24736849963665009,-0.0009435131072998981,1,follower_right,elbow_negative,0.15,rad
1.1549354515612043,negative,0.31742507219314575,-0.01897940039634705,0.3164166510105133,10,elbow,2,1.1558270454406738,-0.2597307562828064,-0.0008915938794695766,1,follower_right,elbow_negative,0.16666666666666666,rad
1.1537431333170343,negative,0.3173626959323883,-0.018979368731379512,0.3169237971305847,11,elbow,2,1.1545233726501465,-0.27544310688972473,-0.0007802393331122204,1,follower_right,elbow_negative,0.18333333333333332,rad
1.1524750949082552,negative,0.3173021972179413,-0.018979659304022792,0.31741634011268616,12,elbow,2,1.1532284021377563,-0.2623152732849121,-0.0007533072295011767,1,follower_right,elbow_negative,0.2,rad
1.151137920697007,negative,0.3172292113304138,-0.018979825079441074,0.3178715705871582,13,elbow,2,1.1519181728363037,-0.26331233978271484,-0.0007802521392967776,1,follower_right,elbow_negative,0.21666666666666667,rad
1.1497381950454293,negative,0.3171570301055908,-0.01897961460053921,0.31836602091789246,14,elbow,2,1.1505037546157837,-0.2681465744972229,-0.0007655595703544016,1,follower_right,elbow_negative,0.23333333333333334,rad
1.1482825023156624,negative,0.3170838952064514,-0.01897962018847466,0.3189239203929901,15,elbow,2,1.1489930152893066,-0.2781529128551483,-0.0007105129736442173,1,follower_right,elbow_negative,0.25,rad
1.1467774268698463,negative,0.3170105814933777,-0.018979800865054134,0.31950056552886963,16,elbow,2,1.1474354267120361,-0.27362507581710815,-0.0006579998421898381,1,follower_right,elbow_negative,0.26666666666666666,rad
1.1452295530701206,negative,0.3169347941875458,-0.018979890272021297,0.3200562000274658,17,elbow,2,1.145902156829834,-0.27303728461265564,-0.0006726037597133416,1,follower_right,elbow_negative,0.2833333333333333,rad
1.1436454652786254,negative,0.3168579041957855,-0.018979825079441074,0.32062068581581116,18,elbow,2,1.1443209648132324,-0.27443698048591614,-0.0006754995346069936,1,follower_right,elbow_negative,0.3,rad
1.1420317478575006,negative,0.31678134202957153,-0.01897973567247391,0.32121607661247253,19,elbow,2,1.1426892280578613,-0.27988144755363464,-0.0006574802003607161,1,follower_right,elbow_negative,0.31666666666666665,rad
1.1403949851688862,negative,0.31670626997947693,-0.01897978223860264,0.32182684540748596,20,elbow,2,1.1410330533981323,-0.28000444173812866,-0.0006380682292461692,1,follower_right,elbow_negative,0.3333333333333333,rad
1.1387417615749218,negative,0.31662988662719727,-0.018979849293828014,0.3224312663078308,21,elbow,2,1.1393766403198242,-0.2789863348007202,-0.0006348787449024229,1,follower_right,elbow_negative,0.35,rad
1.1370786614377475,negative,0.3165540397167206,-0.018979867920279506,0.32303035259246826,22,elbow,2,1.137721061706543,-0.27853184938430786,-0.0006424002687954733,1,follower_right,elbow_negative,0.36666666666666664,rad
1.1354122691195034,negative,0.31647899746894836,-0.01897985488176346,0.3236370384693146,23,elbow,2,1.1360511779785156,-0.2803301513195038,-0.0006389088590121883,1,follower_right,elbow_negative,0.38333333333333336,rad
1.1337491689823291,negative,0.3164062798023224,-0.018979886546731,0.32424864172935486,24,elbow,2,1.1343814134597778,-0.28023797273635864,-0.0006322444774486957,1,follower_right,elbow_negative,0.4,rad
1.1320959453883648,negative,0.3163343071937561,-0.018979886546731,0.32485318183898926,25,elbow,2,1.1327266693115234,-0.27898645401000977,-0.0006307239231586603,1,follower_right,elbow_negative,0.4166666666666667,rad
1.1304591826997503,negative,0.3162640333175659,-0.018979974091053013,0.3254457712173462,26,elbow,2,1.1310968399047852,-0.2772575616836548,-0.0006376572050348361,1,follower_right,elbow_negative,0.43333333333333335,rad
1.1288454652786255,negative,0.3161955177783966,-0.018979946151375774,0.3260304927825928,27,elbow,2,1.129488229751587,-0.2765601873397827,-0.0006427644729614101,1,follower_right,elbow_negative,0.45,rad
1.1272613774871303,negative,0.3161296844482422,-0.018979974091053013,0.32660752534866333,28,elbow,2,1.1279070377349854,-0.2752549648284912,-0.0006456602478550622,1,follower_right,elbow_negative,0.4666666666666667,rad
1.1257135036874046,negative,0.3160671889781952,-0.018979921936988834,0.32716840505599976,29,elbow,2,1.126378059387207,-0.2741924226284027,-0.0006645556998023938,1,follower_right,elbow_negative,0.48333333333333334,rad
1.1242084282415885,negative,0.3160068094730377,-0.01898000575602055,0.3277122378349304,30,elbow,2,1.1248902082443237,-0.2725614905357361,-0.0006817800027352217,1,follower_right,elbow_negative,0.5,rad
1.1227527355118216,negative,0.3159497082233429,-0.01898000575602055,0.3282363712787628,31,elbow,2,1.1234594583511353,-0.27131369709968567,-0.0007067228393136116,1,follower_right,elbow_negative,0.5166666666666667,rad
1.1213530098602442,negative,0.3158954977989197,-0.01898000575602055,0.3287416100502014,32,elbow,2,1.1220812797546387,-0.2694726884365082,-0.000728269894394451,1,follower_right,elbow_negative,0.5333333333333333,rad
1.1200158356489958,negative,0.31584498286247253,-0.018980024382472042,0.32922303676605225,33,elbow,2,1.120771884918213,-0.26713088154792786,-0.0007560492692171294,1,follower_right,elbow_negative,0.55,rad
1.1187477972402167,negative,0.3157959580421448,-0.018980069085955623,0.3296814560890198,34,elbow,2,1.1195132732391357,-0.26360875368118286,-0.000765475998919074,1,follower_right,elbow_negative,0.5666666666666667,rad
1.1175554789960467,negative,0.31575143337249756,-0.01898002810776234,0.33010828495025635,35,elbow,2,1.1183481216430664,-0.25988951325416565,-0.0007926426470197256,1,follower_right,elbow_negative,0.5833333333333334,rad
1.1164454652786255,negative,0.3157118856906891,-0.018980022519826893,0.33050069212913513,36,elbow,2,1.117282748222351,-0.25726646184921265,-0.0008372829437255369,1,follower_right,elbow_negative,0.6,rad
1.1154243404500932,negative,0.315675288438797,-0.018980044871568683,0.3308630883693695,37,elbow,2,1.1162961721420288,-0.25425904989242554,-0.0008718316919356095,1,follower_right,elbow_negative,0.6166666666666667,rad
1.1144986888725898,negative,0.31564149260520935,-0.0189801286906004,0.33119651675224304,38,elbow,2,1.1153855323791504,-0.2502875328063965,-0.0008868435065605418,1,follower_right,elbow_negative,0.6333333333333333,rad
1.113675094908255,negative,0.3156142234802246,-0.018980106338858608,0.33148762583732605,39,elbow,2,1.1146018505096436,-0.24560637772083282,-0.0009267556013885514,1,follower_right,elbow_negative,0.65,rad
1.112960142919229,negative,0.31558993458747864,-0.018980138003826145,0.3317314386367798,40,elbow,2,1.1139404773712158,-0.24114872515201569,-0.000980334451986753,1,follower_right,elbow_negative,0.6666666666666666,rad
1.1123604172676516,negative,0.3155688941478729,-0.018980139866471294,0.3319379687309265,41,elbow,2,1.1133650541305542,-0.23644490540027618,-0.0010046368629026414,1,follower_right,elbow_negative,0.6833333333333333,rad
1.1118825023156624,negative,0.3155544698238373,-0.018980093300342563,0.3320976197719574,42,elbow,2,1.1129401922225952,-0.23209315538406372,-0.0010576899069327794,1,follower_right,elbow_negative,0.7,rad
1.1115329824254019,negative,0.31554436683654785,-0.01898012310266495,0.3322092294692993,43,elbow,2,1.11264169216156,-0.22709734737873077,-0.0011087097361581755,1,follower_right,elbow_negative,0.7166666666666667,rad
1.1113184419590096,negative,0.3155365288257599,-0.01898022554814816,0.332275927066803,44,elbow,2,1.11244535446167,-0.220979243516922,-0.0011269125026602822,1,follower_right,elbow_negative,0.7333333333333333,rad
1.1112454652786254,negative,0.3155389130115509,-0.018980193883180622,0.33227595686912537,45,elbow,2,1.1124635934829712,-0.21531592309474945,-0.0012181282043457475,1,follower_right,elbow_negative,0.75,rad
1.1613184419590097,positive,0.31781530380249023,-0.018979696556925777,0.3133714199066162,1,elbow,2,1.1635771989822388,-0.21421393752098083,-0.0022587570232290854,1,follower_right,elbow_positive,0.016666666666666666,rad
1.161532982425402,positive,0.3177907466888428,-0.018975436687469486,0.3135402500629425,2,elbow,2,1.1631879806518555,-0.288411408662796,-0.0016549982264535412,1,follower_right,elbow_positive,0.03333333333333333,rad
1.1618825023156625,positive,0.31780096888542175,-0.018978085368871692,0.3139592111110687,3,elbow,2,1.1625697612762451,-0.21239446103572845,-0.0006872589605826374,1,follower_right,elbow_positive,0.05,rad
1.1623604172676516,positive,0.3178614675998688,-0.018979674205183986,0.3135949969291687,4,elbow,2,1.1638381481170654,-0.14250127971172333,-0.0014777308494138275,1,follower_right,elbow_positive,0.06666666666666667,rad
1.1629601429192291,positive,0.31788185238838196,-0.018979530781507496,0.313213586807251,5,elbow,2,1.1645183563232422,-0.1859031617641449,-0.0015582134040130757,1,follower_right,elbow_positive,0.08333333333333333,rad
1.163675094908255,positive,0.31793105602264404,-0.018979027867317203,0.31300413608551025,6,elbow,2,1.165246844291687,-0.19620606303215027,-0.001571749383431964,1,follower_right,elbow_positive,0.1,rad
1.16449868887259,positive,0.31797313690185547,-0.01897941902279854,0.3128129839897156,7,elbow,2,1.165939211845398,-0.19466406106948853,-0.001440522972808056,1,follower_right,elbow_positive,0.11666666666666667,rad
1.1654243404500932,positive,0.31803497672080994,-0.01898007653653622,0.3124404549598694,8,elbow,2,1.166944146156311,-0.15687589347362518,-0.0015198057062177917,1,follower_right,elbow_positive,0.13333333333333333,rad
1.1664454652786256,positive,0.3180878460407257,-0.018980139866471294,0.31196895241737366,9,elbow,2,1.1680774688720703,-0.16687749326229095,-0.0016320035934447308,1,follower_right,elbow_positive,0.15,rad
1.1675554789960467,positive,0.3181537985801697,-0.018979728221893314,0.31154492497444153,10,elbow,2,1.1692414283752441,-0.16964206099510193,-0.0016859493791974156,1,follower_right,elbow_positive,0.16666666666666666,rad
1.1687477972402167,positive,0.3182200491428375,-0.018979728221893314,0.31115275621414185,11,elbow,2,1.1704009771347046,-0.17449110746383667,-0.0016531798944878773,1,follower_right,elbow_positive,0.18333333333333332,rad
1.1700158356489958,positive,0.3182975649833679,-0.01897993497550488,0.3106963634490967,12,elbow,2,1.1716794967651367,-0.15698085725307465,-0.0016636611161409132,1,follower_right,elbow_positive,0.2,rad
1.171353009860244,positive,0.31837353110313416,-0.01898014731705189,0.31016722321510315,13,elbow,2,1.1730655431747437,-0.15846574306488037,-0.001712533314499609,1,follower_right,elbow_positive,0.21666666666666667,rad
1.1727527355118217,positive,0.31845635175704956,-0.018979944288730625,0.309632271528244,14,elbow,2,1.1745039224624634,-0.1556200236082077,-0.0017511869506416922,1,follower_right,elbow_positive,0.23333333333333334,rad
1.1742084282415886,positive,0.318541020154953,-0.01897986233234406,0.30911219120025635,15,elbow,2,1.1759618520736694,-0.15912078320980072,-0.0017534238320808804,1,follower_right,elbow_positive,0.25,rad
1.1757135036874047,positive,0.31863224506378174,-0.018979962915182117,0.3085727393627167,16,elbow,2,1.177469253540039,-0.15225058794021606,-0.0017557498526343807,1,follower_right,elbow_positive,0.26666666666666666,rad
1.1772613774871303,positive,0.31872573494911194,-0.018980046734213833,0.3079943060874939,17,elbow,2,1.179046630859375,-0.15305492281913757,-0.0017852533722446662,1,follower_right,elbow_positive,0.2833333333333333,rad
1.1788454652786255,positive,0.3188229203224182,-0.0189800076186657,0.30740004777908325,18,elbow,2,1.180667519569397,-0.1519504338502884,-0.0018220542907714243,1,follower_right,elbow_positive,0.3,rad
1.1804591826997504,positive,0.31892094016075134,-0.018979864194989208,0.3068138360977173,19,elbow,2,1.1822888851165771,-0.1531602293252945,-0.001829702416826784,1,follower_right,elbow_positive,0.31666666666666665,rad
1.1820959453883648,positive,0.3190222382545471,-0.018979901447892192,0.30622854828834534,20,elbow,2,1.18392014503479,-0.1506786048412323,-0.0018241996464252175,1,follower_right,elbow_positive,0.3333333333333333,rad
1.1837491689823292,positive,0.31912490725517273,-0.01897995173931122,0.30562761425971985,21,elbow,2,1.1855754852294922,-0.15059372782707214,-0.0018263162471630068,1,follower_right,elbow_positive,0.35,rad
1.1854122691195035,positive,0.3192296028137207,-0.01897990331053734,0.3050166368484497,22,elbow,2,1.1872498989105225,-0.14975330233573914,-0.0018376297910189798,1,follower_right,elbow_positive,0.36666666666666664,rad
1.1870786614377475,positive,0.31933507323265076,-0.018979826942086223,0.30441102385520935,23,elbow,2,1.1889234781265259,-0.1503412276506424,-0.001844816688778339,1,follower_right,elbow_positive,0.38333333333333336,rad
1.1887417615749218,positive,0.31944143772125244,-0.01897983625531197,0.3038156032562256,24,elbow,2,1.1905808448791504,-0.1496446281671524,-0.0018390833042285504,1,follower_right,elbow_positive,0.4,rad
1.1903949851688862,positive,0.3195480406284332,-0.0189798828214407,0.3032223582267761,25,elbow,2,1.1922295093536377,-0.1495305299758911,-0.001834524184751496,1,follower_right,elbow_positive,0.4166666666666667,rad
1.1920317478575007,positive,0.3196547329425812,-0.0189798828214407,0.3026302456855774,26,elbow,2,1.193867802619934,-0.14943477511405945,-0.0018360547624334256,1,follower_right,elbow_positive,0.43333333333333335,rad
1.1936454652786255,positive,0.31975996494293213,-0.018979825079441074,0.30204978585243225,27,elbow,2,1.195473551750183,-0.15018239617347717,-0.0018280864715576328,1,follower_right,elbow_positive,0.45,rad
1.1952295530701207,positive,0.31986406445503235,-0.01897983811795712,0.3014860153198242,28,elbow,2,1.1970417499542236,-0.15116412937641144,-0.0018121968841029457,1,follower_right,elbow_positive,0.4666666666666667,rad
1.1967774268698463,positive,0.31996655464172363,-0.01897981017827988,0.3009357750415802,29,elbow,2,1.1985727548599243,-0.15230926871299744,-0.0017953279900779773,1,follower_right,elbow_positive,0.48333333333333334,rad
1.1982825023156625,positive,0.3200669586658478,-0.018979791551828388,0.30039894580841064,30,elbow,2,1.2000625133514404,-0.15361951291561127,-0.001780011035777962,1,follower_right,elbow_positive,0.5,rad
1.1997381950454293,positive,0.32016444206237793,-0.018979702144861225,0.29988157749176025,31,elbow,2,1.201499104499817,-0.15598708391189575,-0.0017609094543875603,1,follower_right,elbow_positive,0.5166666666666667,rad
1.2011379206970068,positive,0.32025983929634094,-0.01897971518337727,0.2993852198123932,32,elbow,2,1.2028899192810059,-0.158030703663826,-0.0017519985839991037,1,follower_right,elbow_positive,0.5333333333333333,rad
1.2024750949082552,positive,0.32035166025161743,-0.018979771062731746,0.2989121675491333,33,elbow,2,1.2042186260223389,-0.16068214178085327,-0.0017435311140836518,1,follower_right,elbow_positive,0.55,rad
1.2037431333170343,positive,0.32043716311454773,-0.018979653716087345,0.2984701991081238,34,elbow,2,1.2054516077041626,-0.1639096438884735,-0.0017084743871282893,1,follower_right,elbow_positive,0.5666666666666667,rad
1.2049354515612043,positive,0.3205180764198303,-0.018979659304022792,0.2980557084083557,35,elbow,2,1.2066102027893066,-0.16644030809402466,-0.0016747512281023447,1,follower_right,elbow_positive,0.5833333333333334,rad
1.2060454652786254,positive,0.32059407234191895,-0.018979646265506748,0.29766789078712463,36,elbow,2,1.2076947689056396,-0.16927899420261383,-0.0016493036270142092,1,follower_right,elbow_positive,0.6,rad
1.2070665901071578,positive,0.3206655979156494,-0.018979750573635105,0.29731032252311707,37,elbow,2,1.2087050676345825,-0.1728852540254593,-0.001638477527424742,1,follower_right,elbow_positive,0.6166666666666667,rad
1.2079922416846611,positive,0.32072728872299194,-0.018979601562023166,0.29699769616127014,38,elbow,2,1.2095764875411987,-0.1778794229030609,-0.0015842458565376027,1,follower_right,elbow_positive,0.6333333333333333,rad
1.208815835648996,positive,0.3207832872867584,-0.018979622051119808,0.296720951795578,39,elbow,2,1.2103585004806519,-0.18082833290100098,-0.0015426648316558822,1,follower_right,elbow_positive,0.65,rad
1.209530787638022,positive,0.32083365321159363,-0.018979752436280254,0.2964746356010437,40,elbow,2,1.2110610008239746,-0.18462076783180237,-0.0015302131859527002,1,follower_right,elbow_positive,0.6666666666666666,rad
1.2101305132895994,positive,0.3208716809749603,-0.0189796406775713,0.2962788939476013,41,elbow,2,1.2115979194641113,-0.19020605087280273,-0.0014674061745119094,1,follower_right,elbow_positive,0.6833333333333333,rad
1.2106084282415885,positive,0.32090386748313904,-0.01897963881492615,0.2961265742778778,42,elbow,2,1.2120393514633179,-0.19460222125053406,-0.00143092322172933,1,follower_right,elbow_positive,0.7,rad
1.210957948131849,positive,0.3209266662597656,-0.018979683518409732,0.2960178554058075,43,elbow,2,1.2123538255691528,-0.19964976608753204,-0.0013958774373037386,1,follower_right,elbow_positive,0.7166666666666667,rad
1.2111724885982413,positive,0.32093679904937744,-0.018979601562023166,0.29596230387687683,44,elbow,2,1.2125002145767212,-0.20484425127506256,-0.0013277259784798545,1,follower_right,elbow_positive,0.7333333333333333,rad
1.2112454652786255,positive,0.32094138860702515,-0.018979653716087345,0.2959498465061188,45,elbow,2,1.2125558853149414,-0.21046584844589233,-0.0013104200363158736,1,follower_right,elbow_positive,0.75,rad
0.0010408999036018965,negative,0.3176986873149872,-0.018972564488649372,0.31386587023735046,1,forearm_roll,3,0.0015114188427105546,0.01601717621088028,-0.0004705189391086581,1,follower_right,forearm_roll_negative,0.016666666666666666,rad
0.0008263594372095783,negative,0.3177039623260498,-0.018967328593134884,0.3143140971660614,2,forearm_roll,3,0.0017444747500121593,-0.004037187434732914,-0.0009181153128025811,1,follower_right,forearm_roll_negative,0.03333333333333333,rad
0.00047683954694894724,negative,0.31770059466362,-0.018969913944602016,0.31468504667282104,3,forearm_roll,3,0.0016071777790784836,-0.011603209190070629,-0.0011303382321295363,1,follower_right,forearm_roll_negative,0.05,rad
-1.0754050400790718e-06,negative,0.3177281320095062,-0.018972845748066906,0.31444844603538513,4,forearm_roll,3,0.0014541837153956294,-0.009945136494934559,-0.0014552591204357085,1,follower_right,forearm_roll_negative,0.06666666666666667,rad
-0.0006008010566175819,negative,0.31770503520965576,-0.018977286294102672,0.31437405943870544,5,forearm_roll,3,0.0012441589497029781,-0.013542043045163155,-0.00184496000632056,1,follower_right,forearm_roll_negative,0.08333333333333333,rad
-0.0013157530456436458,negative,0.31772303581237793,-0.018984442576766018,0.31448641419410706,6,forearm_roll,3,0.0008844031835906208,-0.019839083775877953,-0.0022001562292342665,1,follower_right,forearm_roll_negative,0.1,rad
-0.002139347009978351,negative,0.31771567463874817,-0.018994979560375217,0.31458377838134766,7,forearm_roll,3,0.00036437634844332933,-0.024210061877965927,-0.00250372335842168,1,follower_right,forearm_roll_negative,0.11666666666666667,rad
-0.0030649985874817804,negative,0.3177223801612854,-0.019007524475455288,0.3145226538181305,8,forearm_roll,3,-0.00025687218294478953,-0.02655770815908909,-0.002808126404536991,1,follower_right,forearm_roll_negative,0.13333333333333333,rad
-0.004086123416014017,negative,0.31771525740623474,-0.019021719694137577,0.31443899869918823,9,forearm_roll,3,-0.0009558986057527363,-0.02881503850221634,-0.003130224810261281,1,follower_right,forearm_roll_negative,0.15,rad
-0.0051961371334351405,negative,0.3177187442779541,-0.019037954509258274,0.31446897983551025,10,forearm_roll,3,-0.0017565545858815312,-0.03306329995393753,-0.0034395825475536093,1,follower_right,forearm_roll_negative,0.16666666666666666,rad
-0.0063884553776052365,negative,0.3177178204059601,-0.019056817516684536,0.3145311772823334,11,forearm_roll,3,-0.002680827397853136,-0.03650195896625519,-0.0037076279797521004,1,follower_right,forearm_roll_negative,0.18333333333333332,rad
-0.007656493786384387,negative,0.31771987676620483,-0.01907754316926003,0.31452780961990356,12,forearm_roll,3,-0.0037002742756158113,-0.039042286574840546,-0.003956219510768575,1,follower_right,forearm_roll_negative,0.2,rad
-0.008993667997632671,negative,0.31771814823150635,-0.01909960806369782,0.31447696685791016,13,forearm_roll,3,-0.004790551960468292,-0.0408603698015213,-0.004203116037164379,1,follower_right,forearm_roll_negative,0.21666666666666667,rad
-0.010393393649210176,negative,0.31771817803382874,-0.01912316866219044,0.31447285413742065,14,forearm_roll,3,-0.0059522539377212524,-0.04362928122282028,-0.0044411397114889235,1,follower_right,forearm_roll_negative,0.23333333333333334,rad
-0.011849086378976978,negative,0.317718505859375,-0.01914857514202595,0.314503937959671,15,forearm_roll,3,-0.007198401261121035,-0.046249017119407654,-0.004650685117855944,1,follower_right,forearm_roll_negative,0.25,rad
-0.013354161824793166,negative,0.31771913170814514,-0.019175427034497265,0.31451740860939026,16,forearm_roll,3,-0.00851832702755928,-0.04836476594209671,-0.0048358347972338855,1,follower_right,forearm_roll_negative,0.26666666666666666,rad
-0.014902035624518816,negative,0.31771916151046753,-0.019203329458832744,0.31449317932128906,17,forearm_roll,3,-0.009893500246107578,-0.049758195877075195,-0.005008535378411238,1,follower_right,forearm_roll_negative,0.2833333333333333,rad
-0.01648612341601402,negative,0.3177185654640198,-0.019232105463743213,0.3144809305667877,18,forearm_roll,3,-0.011315390467643738,-0.05144360288977623,-0.005170732948370282,1,follower_right,forearm_roll_negative,0.3,rad
-0.018099840837138843,negative,0.31771910190582275,-0.019262157380580906,0.31449219584465027,19,forearm_roll,3,-0.012788145802915096,-0.053134672343730927,-0.005311695034223747,1,follower_right,forearm_roll_negative,0.31666666666666665,rad
-0.019736603525753387,negative,0.31771913170814514,-0.019293086603283886,0.3145054578781128,20,forearm_roll,3,-0.014307377859950066,-0.05456303805112839,-0.0054292256658033215,1,follower_right,forearm_roll_negative,0.3333333333333333,rad
-0.021389827119717722,negative,0.3177196979522705,-0.019324721768498424,0.3144969642162323,21,forearm_roll,3,-0.015860652551054955,-0.05542728304862976,-0.0055291745686627675,1,follower_right,forearm_roll_negative,0.35,rad
-0.02305292725689193,negative,0.31771931052207947,-0.01935655996203423,0.3144858777523041,22,forearm_roll,3,-0.017437312752008438,-0.05623701959848404,-0.005615614504883491,1,follower_right,forearm_roll_negative,0.36666666666666664,rad
-0.024719319575136095,negative,0.31771957874298096,-0.019389117136597637,0.3144872784614563,23,forearm_roll,3,-0.01903531327843666,-0.057023778557777405,-0.005684006296699434,1,follower_right,forearm_roll_negative,0.38333333333333336,rad
-0.026382419712310312,negative,0.3177197575569153,-0.019422018900513652,0.3144955337047577,24,forearm_roll,3,-0.020651444792747498,-0.057653188705444336,-0.005730974919562815,1,follower_right,forearm_roll_negative,0.4,rad
-0.02803564330627465,negative,0.3177202641963959,-0.01945513114333153,0.3144941031932831,25,forearm_roll,3,-0.022277092561125755,-0.05788656324148178,-0.005758550745148895,1,follower_right,forearm_roll_negative,0.4166666666666667,rad
-0.029672405994889184,negative,0.3177201449871063,-0.019488062709569934,0.3144870400428772,26,forearm_roll,3,-0.02390236407518387,-0.057909805327653885,-0.0057700419197053154,1,follower_right,forearm_roll_negative,0.43333333333333335,rad
-0.03128612341601402,negative,0.3177204430103302,-0.01952096819877625,0.3144846260547638,27,forearm_roll,3,-0.02552185021340847,-0.05784051492810249,-0.005764273202605551,1,follower_right,forearm_roll_negative,0.45,rad
-0.032870211207509215,negative,0.31772056221961975,-0.01955370977520943,0.31448814272880554,28,forearm_roll,3,-0.027131475508213043,-0.05763615667819977,-0.005738735699296171,1,follower_right,forearm_roll_negative,0.4666666666666667,rad
-0.03441808500723487,negative,0.3177209198474884,-0.01958616450428963,0.31448888778686523,29,forearm_roll,3,-0.028724515810608864,-0.057149678468704224,-0.00569356919662601,1,follower_right,forearm_roll_negative,0.48333333333333334,rad
-0.03592316045305105,negative,0.31772106885910034,-0.019617980346083645,0.3144848942756653,30,forearm_roll,3,-0.03029242902994156,-0.05641346797347069,-0.005630731423109492,1,follower_right,forearm_roll_negative,0.5,rad
-0.03737885318281786,negative,0.31772124767303467,-0.019649172201752666,0.3144816756248474,31,forearm_roll,3,-0.031828373670578,-0.055520206689834595,-0.005550479512239859,1,follower_right,forearm_roll_negative,0.5166666666666667,rad
-0.038778578834395366,negative,0.31772148609161377,-0.019679617136716846,0.3144822120666504,32,forearm_roll,3,-0.03332699462771416,-0.054479170590639114,-0.005451584206681209,1,follower_right,forearm_roll_negative,0.5333333333333333,rad
-0.040115753045643646,negative,0.31772178411483765,-0.019709287211298946,0.31448274850845337,33,forearm_roll,3,-0.03478230908513069,-0.053216829895973206,-0.005333443960512954,1,follower_right,forearm_roll_negative,0.55,rad
-0.041383791454422794,negative,0.31772202253341675,-0.019737724214792255,0.31448084115982056,34,forearm_roll,3,-0.036186836659908295,-0.05171215534210205,-0.0051969547945144995,1,follower_right,forearm_roll_negative,0.5666666666666667,rad
-0.04257610969859289,negative,0.3177223801612854,-0.01976510509848595,0.3144782781600952,35,forearm_roll,3,-0.037533558905124664,-0.05001320689916611,-0.005042550793468228,1,follower_right,forearm_roll_negative,0.5833333333333334,rad
-0.04368612341601402,negative,0.31772246956825256,-0.019791174679994587,0.3144773244857788,36,forearm_roll,3,-0.03881647810339928,-0.048148103058338165,-0.004869645312614745,1,follower_right,forearm_roll_negative,0.6,rad
-0.04470724824454625,negative,0.3177226781845093,-0.019815832376480106,0.3144773244857788,37,forearm_roll,3,-0.040029626339673996,-0.046084675937891006,-0.004677621904872253,1,follower_right,forearm_roll_negative,0.6166666666666667,rad
-0.04563289982204968,negative,0.317722886800766,-0.019838934764266018,0.31447625160217285,38,forearm_roll,3,-0.04116620495915413,-0.04379761219024658,-0.004466694862895554,1,follower_right,forearm_roll_negative,0.6333333333333333,rad
-0.04645649378638439,negative,0.3177230954170227,-0.019860383123159412,0.314474493265152,39,forearm_roll,3,-0.042219147086143494,-0.04130382090806961,-0.004237346700240896,1,follower_right,forearm_roll_negative,0.65,rad
-0.04717144577541045,negative,0.31772324442863464,-0.0198799055069685,0.31447339057922363,40,forearm_roll,3,-0.04318206384778023,-0.038622912019491196,-0.003989381927630223,1,follower_right,forearm_roll_negative,0.6666666666666666,rad
-0.04777117142698795,negative,0.31772351264953613,-0.019897606223821643,0.31447309255599976,41,forearm_roll,3,-0.044048797339200974,-0.03558172285556793,-0.0037223740877869796,1,follower_right,forearm_roll_negative,0.6833333333333333,rad
-0.048249086378976985,negative,0.3177237808704376,-0.019913086667656902,0.31447234749794006,42,forearm_roll,3,-0.044812727719545364,-0.0323084332048893,-0.003436358659431621,1,follower_right,forearm_roll_negative,0.7,rad
-0.048598606269237614,negative,0.31772375106811523,-0.0199264120310545,0.3144714832305908,43,forearm_roll,3,-0.04546700417995453,-0.028837911784648895,-0.003131602089283085,1,follower_right,forearm_roll_negative,0.7166666666666667,rad
-0.048813146735629934,negative,0.3177238702774048,-0.019937347620725635,0.3144707977771759,44,forearm_roll,3,-0.04600513353943825,-0.025197885930538177,-0.002808013196191686,1,follower_right,forearm_roll_negative,0.7333333333333333,rad
-0.04888612341601402,negative,0.31772392988204956,-0.01994583941996098,0.3144706189632416,45,forearm_roll,3,-0.04642067477107048,-0.02136896550655365,-0.002465448644943538,1,follower_right,forearm_roll_negative,0.75,rad
0.0011868532643700721,positive,0.3176986277103424,-0.01897189393639565,0.31386590003967285,1,forearm_roll,3,0.0015489793149754405,0.017176302149891853,-0.00036212605060536836,1,follower_right,forearm_roll_positive,0.016666666666666666,rad
0.0014013937307623904,positive,0.3177039325237274,-0.018963813781738285,0.31431394815444946,2,forearm_roll,3,0.0019210579339414835,0.0006268690340220928,-0.0005196642031790931,1,follower_right,forearm_roll_positive,0.03333333333333333,rad
0.0017509136210230214,positive,0.31770059466362,-0.018960550427436832,0.314685195684433,3,forearm_roll,3,0.0020688900258392096,-0.0020128509495407343,-0.00031797640481618815,1,follower_right,forearm_roll_positive,0.05,rad
0.002228828573012048,positive,0.31772810220718384,-0.018954247236251835,0.31444841623306274,4,forearm_roll,3,0.0023760709445923567,0.004933066666126251,-0.00014724237158030874,1,follower_right,forearm_roll_positive,0.06666666666666667,rad
0.0028285542245895506,positive,0.3177048861980438,-0.018945487216115,0.31437402963638306,5,forearm_roll,3,0.0028194908518344164,0.007337657734751701,9.063372755134178e-06,1,follower_right,forearm_roll_positive,0.08333333333333333,rad
0.0035435062136156144,positive,0.31772297620773315,-0.018935203552246097,0.3144862651824951,6,forearm_roll,3,0.003316236659884453,0.007921873591840267,0.0002272695537311616,1,follower_right,forearm_roll_positive,0.1,rad
0.00436710017795032,positive,0.3177156150341034,-0.0189239326864481,0.314583957195282,7,forearm_roll,3,0.003859578864648938,0.010054131038486958,0.0005075213133013817,1,follower_right,forearm_roll_positive,0.11666666666666667,rad
0.005292751755453749,positive,0.3177223205566406,-0.018910909071564678,0.3145231306552887,8,forearm_roll,3,0.0045073735527694225,0.013852450996637344,0.0007853782026843266,1,follower_right,forearm_roll_positive,0.13333333333333333,rad
0.006313876583985986,positive,0.3177151381969452,-0.018895432353019718,0.31443920731544495,9,forearm_roll,3,0.005278922151774168,0.017687993124127388,0.0010349544322118178,1,follower_right,forearm_roll_positive,0.15,rad
0.007423890301407109,positive,0.31771862506866455,-0.01887787133455277,0.314469575881958,10,forearm_roll,3,0.006144150160253048,0.019421545788645744,0.0012797401411540612,1,follower_right,forearm_roll_positive,0.16666666666666666,rad
0.008616208545577205,positive,0.3177177608013153,-0.018858728930354122,0.31453174352645874,11,forearm_roll,3,0.007073577959090471,0.02165510505437851,0.0015426305864867339,1,follower_right,forearm_roll_positive,0.18333333333333332,rad
0.009884246954356355,positive,0.31771963834762573,-0.018838137388229374,0.3145286738872528,12,forearm_roll,3,0.008085553534328938,0.024429090321063995,0.0017986934200274179,1,follower_right,forearm_roll_positive,0.2,rad
0.01122142116560464,positive,0.31771785020828247,-0.018815899267792705,0.3144780695438385,13,forearm_roll,3,0.00919328536838293,0.027638442814350128,0.002028135797221709,1,follower_right,forearm_roll_positive,0.21666666666666667,rad
0.012621146817182145,positive,0.31771790981292725,-0.018791701644659046,0.3144742548465729,14,forearm_roll,3,0.010384976863861084,0.02966061607003212,0.0022361699533210606,1,follower_right,forearm_roll_positive,0.23333333333333334,rad
0.014076839546948947,positive,0.3177182376384735,-0.01876608654856682,0.31450599431991577,15,forearm_roll,3,0.011637093499302864,0.03147868812084198,0.002439746047646083,1,follower_right,forearm_roll_positive,0.25,rad
0.015581914992765135,positive,0.31771886348724365,-0.018739406019449237,0.3145194351673126,16,forearm_roll,3,0.012947929091751575,0.03337053209543228,0.002633985901013559,1,follower_right,forearm_roll_positive,0.26666666666666666,rad
0.017129788792490785,positive,0.3177186846733093,-0.018711529672145847,0.31449535489082336,17,forearm_roll,3,0.01432303711771965,0.03558608517050743,0.0028067516747711345,1,follower_right,forearm_roll_positive,0.2833333333333333,rad
0.01871387658398599,positive,0.31771793961524963,-0.01868252828717232,0.3144833743572235,18,forearm_roll,3,0.01575792022049427,0.037209317088127136,0.0029559563634917185,1,follower_right,forearm_roll_positive,0.3,rad
0.020327594005110812,positive,0.31771841645240784,-0.018652372062206272,0.31449517607688904,19,forearm_roll,3,0.017236754298210144,0.03848039358854294,0.003090839706900668,1,follower_right,forearm_roll_positive,0.31666666666666665,rad
0.021964356693725356,positive,0.3177185654640198,-0.018621481955051426,0.31450894474983215,20,forearm_roll,3,0.018751278519630432,0.039594616740942,0.0032130781740949237,1,follower_right,forearm_roll_positive,0.3333333333333333,rad
0.02361758028768969,positive,0.3177189826965332,-0.018590087071061138,0.3145003020763397,21,forearm_roll,3,0.02030060440301895,0.04083750396966934,0.0033169758846707392,1,follower_right,forearm_roll_positive,0.35,rad
0.025280680424863897,positive,0.3177185356616974,-0.018558081239461902,0.31448984146118164,22,forearm_roll,3,0.021881824359297752,0.041777104139328,0.003398856065566145,1,follower_right,forearm_roll_positive,0.36666666666666664,rad
0.026947072743108064,positive,0.31771886348724365,-0.01852538995444775,0.31449195742607117,23,forearm_roll,3,0.02348446100950241,0.04239475354552269,0.0034626117336056528,1,follower_right,forearm_roll_positive,0.38333333333333336,rad
0.02861017288028228,positive,0.3177189230918884,-0.018492508679628376,0.3145005702972412,24,forearm_roll,3,0.025099167600274086,0.042774710804224014,0.003511005280008195,1,follower_right,forearm_roll_positive,0.4,rad
0.03026339647424662,positive,0.31771937012672424,-0.018459545448422435,0.31449922919273376,25,forearm_roll,3,0.02672143094241619,0.043118249624967575,0.003541965531830428,1,follower_right,forearm_roll_positive,0.4166666666666667,rad
0.03190015916286115,positive,0.3177192211151123,-0.018426503986120227,0.3144923746585846,26,forearm_roll,3,0.028347447514533997,0.043277300894260406,0.003552711648327156,1,follower_right,forearm_roll_positive,0.43333333333333335,rad
0.03351387658398599,positive,0.317719429731369,-0.018393648788332943,0.3144907057285309,27,forearm_roll,3,0.029969627037644386,0.043167077004909515,0.0035442495463416032,1,follower_right,forearm_roll_positive,0.45,rad
0.03509796437548118,positive,0.3177194893360138,-0.018360817804932598,0.3144947588443756,28,forearm_roll,3,0.031579215079545975,0.04281036555767059,0.0035187492959352085,1,follower_right,forearm_roll_positive,0.4666666666666667,rad
0.03664583817520684,positive,0.31771981716156006,-0.01832849904894829,0.3144954741001129,29,forearm_roll,3,0.03316972404718399,0.04231828823685646,0.0034761141280228516,1,follower_right,forearm_roll_positive,0.48333333333333334,rad
0.03815091362102302,positive,0.3177199363708496,-0.018296668305993084,0.31449177861213684,30,forearm_roll,3,0.03473636507987976,0.04166354611515999,0.0034145485411432586,1,follower_right,forearm_roll_positive,0.5,rad
0.03960660635078983,positive,0.31772011518478394,-0.018265463411808017,0.3144891858100891,31,forearm_roll,3,0.03627270832657814,0.04078444093465805,0.00333389802421169,1,follower_right,forearm_roll_positive,0.5166666666666667,rad
0.041006332002367335,positive,0.3177201747894287,-0.018235018476843837,0.31449028849601746,32,forearm_roll,3,0.03777119889855385,0.039671577513217926,0.0032351331038134867,1,follower_right,forearm_roll_positive,0.5333333333333333,rad
0.042343506213615614,positive,0.31772056221961975,-0.01820533908903599,0.3144910931587219,33,forearm_roll,3,0.03922503441572189,0.03838026151061058,0.003118471797893721,1,follower_right,forearm_roll_positive,0.55,rad
0.04361154462239476,positive,0.3177207112312317,-0.018176916986703876,0.3144891560077667,34,forearm_roll,3,0.04062841460108757,0.03691699355840683,0.0029831300213071926,1,follower_right,forearm_roll_positive,0.5666666666666667,rad
0.04480386286656486,positive,0.31772083044052124,-0.01814959011971951,0.3144870400428772,35,forearm_roll,3,0.04197516292333603,0.035251639783382416,0.0028286999432288323,1,follower_right,forearm_roll_positive,0.5833333333333334,rad
0.04591387658398599,positive,0.31772106885910034,-0.018123535439372066,0.31448668241500854,36,forearm_roll,3,0.043258264660835266,0.03336777910590172,0.0026556119231507247,1,follower_right,forearm_roll_positive,0.6,rad
0.04693500141251822,positive,0.31772124767303467,-0.01809884235262871,0.3144872486591339,37,forearm_roll,3,0.0444708876311779,0.03128662332892418,0.0024641137813403158,1,follower_right,forearm_roll_positive,0.6166666666666667,rad
0.04786065299002165,positive,0.3177214562892914,-0.018075793981552127,0.3144863247871399,38,forearm_roll,3,0.04560673609375954,0.029025057330727577,0.0022539168962621148,1,follower_right,forearm_roll_positive,0.6333333333333333,rad
0.04868424695435636,positive,0.31772154569625854,-0.018054442480206493,0.314484566450119,39,forearm_roll,3,0.046659596264362335,0.026565084233880043,0.002024650689994023,1,follower_right,forearm_roll_positive,0.65,rad
0.04939919894338242,positive,0.31772172451019287,-0.01803482882678509,0.31448379158973694,40,forearm_roll,3,0.04762274771928787,0.02389763668179512,0.0017764512240945468,1,follower_right,forearm_roll_positive,0.6666666666666666,rad
0.04999892459495992,positive,0.3177219331264496,-0.018017189577221874,0.31448400020599365,41,forearm_roll,3,0.048489365726709366,0.02102581039071083,0.001509558868250556,1,follower_right,forearm_roll_positive,0.6833333333333333,rad
0.050476839546948954,positive,0.3177219331264496,-0.018001690506935123,0.3144835829734802,42,forearm_roll,3,0.049252949655056,0.017965085804462433,0.0012238898918929542,1,follower_right,forearm_roll_positive,0.7,rad
0.05082635943720958,positive,0.3177221119403839,-0.017988299950957302,0.3144826292991638,43,forearm_roll,3,0.04990715533494949,0.014653648249804974,0.0009192041022600891,1,follower_right,forearm_roll_positive,0.7166666666666667,rad
0.0510408999036019,positive,0.31772229075431824,-0.017977386713027958,0.3144820034503937,44,forearm_roll,3,0.050445470958948135,0.010912531986832619,0.0005954289446537669,1,follower_right,forearm_roll_positive,0.7333333333333333,rad
0.05111387658398599,positive,0.3177223205566406,-0.017968909814953807,0.3144817054271698,45,forearm_roll,3,0.050861261785030365,0.006947094574570656,0.0002526147989556221,1,follower_right,forearm_roll_positive,0.75,rad
-0.2959461418109993,negative,0.31766393780708313,-0.018979335203766826,0.31362754106521606,1,wrist_angle,4,-0.28646597266197205,-0.0852384939789772,-0.009480169149027273,1,follower_right,wrist_angle_negative,0.016666666666666666,rad
-0.2961606822773916,negative,0.31768739223480225,-0.018975518643856052,0.3137814700603485,2,wrist_angle,4,-0.28837117552757263,-0.12037387490272522,-0.007789506749818986,1,follower_right,wrist_angle_negative,0.03333333333333333,rad
-0.2965102021676523,negative,0.3176656663417816,-0.01897751167416573,0.3144061267375946,3,wrist_angle,4,-0.2908938229084015,-0.19732113182544708,-0.005616379259250792,1,follower_right,wrist_angle_negative,0.05,rad
-0.2969881171196413,negative,0.3177056312561035,-0.018979428336024288,0.31434744596481323,4,wrist_angle,4,-0.29319027066230774,-0.029840625822544098,-0.0037978464573335535,1,follower_right,wrist_angle_negative,0.06666666666666667,rad
-0.2975878427712188,negative,0.31769850850105286,-0.018979094922542575,0.31420281529426575,5,wrist_angle,4,-0.2926044762134552,-0.05198170244693756,-0.004983366557763602,1,follower_right,wrist_angle_negative,0.08333333333333333,rad
-0.29830279476024485,negative,0.3177069425582886,-0.018978517502546314,0.3143330216407776,6,wrist_angle,4,-0.29363876581192017,-0.04600897803902626,-0.004664028948324683,1,follower_right,wrist_angle_negative,0.1,rad
-0.2991263887245796,negative,0.3177075684070587,-0.01897912845015526,0.31450217962265015,7,wrist_angle,4,-0.2951364815235138,-0.03342946246266365,-0.00398990720106579,1,follower_right,wrist_angle_negative,0.11666666666666667,rad
-0.300052040302083,negative,0.3177231550216675,-0.01897949166595936,0.3145269453525543,8,wrist_angle,4,-0.2961687445640564,-0.03148110583424568,-0.003883295738026593,1,follower_right,wrist_angle_negative,0.13333333333333333,rad
-0.3010731651306152,negative,0.3177240788936615,-0.018979389220476154,0.31455907225608826,9,wrist_angle,4,-0.29686903953552246,-0.03744320943951607,-0.004204125595092756,1,follower_right,wrist_angle_negative,0.15,rad
-0.30218317884803636,negative,0.3177351951599121,-0.018979318439960483,0.31465697288513184,10,wrist_angle,4,-0.29803285002708435,-0.03645589202642441,-0.0041503288209520095,1,follower_right,wrist_angle_negative,0.16666666666666666,rad
-0.30337549709220646,negative,0.3177395761013031,-0.018979460000991825,0.314760684967041,11,wrist_angle,4,-0.2993473708629608,-0.03417307138442993,-0.004028126229245643,1,follower_right,wrist_angle_negative,0.18333333333333332,rad
-0.3046435355009856,negative,0.3177511692047119,-0.018979508429765705,0.3148387372493744,12,wrist_angle,4,-0.3005605936050415,-0.035210542380809784,-0.004082941895944103,1,follower_right,wrist_angle_negative,0.2,rad
-0.3059807097122339,negative,0.31775811314582825,-0.018979560583829883,0.3149203956127167,13,wrist_angle,4,-0.30182650685310364,-0.03653259202837944,-0.004154202859130263,1,follower_right,wrist_angle_negative,0.21666666666666667,rad
-0.3073804353638114,negative,0.3177691698074341,-0.01897954568266869,0.31502214074134827,14,wrist_angle,4,-0.30317991971969604,-0.037407275289297104,-0.004200515644115332,1,follower_right,wrist_angle_negative,0.23333333333333334,rad
-0.3088361280935782,negative,0.317777156829834,-0.01897959038615227,0.3151232600212097,15,wrist_angle,4,-0.3046002984046936,-0.03806497901678085,-0.004235829688884585,1,follower_right,wrist_angle_negative,0.25,rad
-0.3103412035393944,negative,0.31778937578201294,-0.01897959224879742,0.31522002816200256,16,wrist_angle,4,-0.3060435354709625,-0.039228830486536026,-0.004297668068431848,1,follower_right,wrist_angle_negative,0.26666666666666666,rad
-0.31188907733912,negative,0.3177988529205322,-0.01897966302931309,0.3153247535228729,17,wrist_angle,4,-0.30753660202026367,-0.040251318365335464,-0.0043524753188563525,1,follower_right,wrist_angle_negative,0.2833333333333333,rad
-0.31347316513061524,negative,0.31781086325645447,-0.018979674205183986,0.3154352307319641,18,wrist_angle,4,-0.30906930565834045,-0.04121913015842438,-0.004403859472274785,1,follower_right,wrist_angle_negative,0.3,rad
-0.31508688255174006,negative,0.3178221881389618,-0.018979728221893314,0.31554239988327026,19,wrist_angle,4,-0.31064143776893616,-0.0419967956840992,-0.004445444782803898,1,follower_right,wrist_angle_negative,0.31666666666666665,rad
-0.3167236452403546,negative,0.3178347647190094,-0.018979778513312343,0.3156530261039734,20,wrist_angle,4,-0.31223076581954956,-0.04289190098643303,-0.004492879420805063,1,follower_right,wrist_angle_negative,0.3333333333333333,rad
-0.3183768688343189,negative,0.3178466856479645,-0.018979828804731372,0.31576791405677795,21,wrist_angle,4,-0.3138508200645447,-0.043518152087926865,-0.004526048769774249,1,follower_right,wrist_angle_negative,0.35,rad
-0.3200399689714931,negative,0.3178598880767822,-0.018979841843247417,0.315881609916687,22,wrist_angle,4,-0.31548744440078735,-0.04402263090014458,-0.004552524570705763,1,follower_right,wrist_angle_negative,0.36666666666666664,rad
-0.3217063612897373,negative,0.3178727924823761,-0.018979867920279506,0.31599554419517517,23,wrist_angle,4,-0.31713566184043884,-0.044372085481882095,-0.004570699449298443,1,follower_right,wrist_angle_negative,0.38333333333333336,rad
-0.32336946142691153,negative,0.31788623332977295,-0.01897992938756943,0.3161119222640991,24,wrist_angle,4,-0.31878772377967834,-0.04458935931324959,-0.004581737647233186,1,follower_right,wrist_angle_negative,0.4,rad
-0.32502268502087583,negative,0.31789958477020264,-0.01897997595369816,0.3162272274494171,25,wrist_angle,4,-0.3204422891139984,-0.04457724094390869,-0.004580395906877421,1,follower_right,wrist_angle_negative,0.4166666666666667,rad
-0.3266594477094904,negative,0.3179134726524353,-0.01898002624511719,0.3163411021232605,26,wrist_angle,4,-0.3220880329608917,-0.0444217175245285,-0.004571414748598679,1,follower_right,wrist_angle_negative,0.43333333333333335,rad
-0.3282731651306152,negative,0.3179270327091217,-0.01898010447621346,0.31645530462265015,27,wrist_angle,4,-0.323721706867218,-0.04406306892633438,-0.004551458263397201,1,follower_right,wrist_angle_negative,0.45,rad
-0.32985725292211043,negative,0.31794095039367676,-0.018980143591761593,0.316567987203598,28,wrist_angle,4,-0.3253365457057953,-0.043505314737558365,-0.004520707216315145,1,follower_right,wrist_angle_negative,0.4666666666666667,rad
-0.3314051267218361,negative,0.3179546594619751,-0.018980229273438457,0.31667834520339966,29,wrist_angle,4,-0.3269258141517639,-0.042749058455228806,-0.004479312570072169,1,follower_right,wrist_angle_negative,0.48333333333333334,rad
-0.33291020216765227,negative,0.3179682493209839,-0.01898027211427689,0.31678661704063416,30,wrist_angle,4,-0.32848191261291504,-0.04181388020515442,-0.00442828955473723,1,follower_right,wrist_angle_negative,0.5,rad
-0.3343658948974191,negative,0.3179815709590912,-0.018980331718921665,0.3168923258781433,31,wrist_angle,4,-0.3300001621246338,-0.04066364839673042,-0.004365732772785291,1,follower_right,wrist_angle_negative,0.5166666666666667,rad
-0.33576562054899656,negative,0.3179948627948761,-0.018980385735630993,0.31699448823928833,32,wrist_angle,4,-0.33146849274635315,-0.03940199315547943,-0.004297127802643408,1,follower_right,wrist_angle_negative,0.5333333333333333,rad
-0.33710279476024485,negative,0.3180076777935028,-0.01898038946092129,0.3170924484729767,33,wrist_angle,4,-0.3328804075717926,-0.038026947528123856,-0.004222387188452248,1,follower_right,wrist_angle_negative,0.55,rad
-0.338370833169024,negative,0.31801992654800415,-0.018980482593178753,0.3171859681606293,34,wrist_angle,4,-0.3342243731021881,-0.036626700311899185,-0.004146460066835889,1,follower_right,wrist_angle_negative,0.5666666666666667,rad
-0.3395631514131941,negative,0.3180316388607025,-0.0189806092530489,0.3172742426395416,35,wrist_angle,4,-0.3354913890361786,-0.03525066003203392,-0.004071762377015509,1,follower_right,wrist_angle_negative,0.5833333333333334,rad
-0.34067316513061524,negative,0.31804266571998596,-0.018980620428919796,0.3173561096191406,36,wrist_angle,4,-0.33666864037513733,-0.03401421755552292,-0.004004524755477912,1,follower_right,wrist_angle_negative,0.6,rad
-0.34169428995914747,negative,0.3180529773235321,-0.018980702385306362,0.31743037700653076,37,wrist_angle,4,-0.3377472460269928,-0.03295666351914406,-0.00394704393215467,1,follower_right,wrist_angle_negative,0.6166666666666667,rad
-0.3426199415366509,negative,0.3180622458457947,-0.018980750814080242,0.3174966871738434,38,wrist_angle,4,-0.3387116491794586,-0.03224599361419678,-0.003908292357192256,1,follower_right,wrist_angle_negative,0.6333333333333333,rad
-0.3434435355009856,negative,0.3180704712867737,-0.018980832770466808,0.3175542950630188,39,wrist_angle,4,-0.33955639600753784,-0.031863387674093246,-0.0038871394934477665,1,follower_right,wrist_angle_negative,0.65,rad
-0.34415848749001166,negative,0.3180773854255676,-0.018980838358402256,0.31760379672050476,40,wrist_angle,4,-0.34027859568595886,-0.0317387655377388,-0.003879891804052793,1,follower_right,wrist_angle_negative,0.6666666666666666,rad
-0.34475821314158916,negative,0.31808313727378845,-0.018980894237756733,0.31764429807662964,41,wrist_angle,4,-0.3408752381801605,-0.03180418908596039,-0.0038829749614286424,1,follower_right,wrist_angle_negative,0.6833333333333333,rad
-0.3452361280935782,negative,0.318087637424469,-0.018980983644723896,0.31767532229423523,42,wrist_angle,4,-0.3413391709327698,-0.03207039833068848,-0.003896957160808401,1,follower_right,wrist_angle_negative,0.7,rad
-0.34558564798383884,negative,0.3180909752845764,-0.01898107305169106,0.31769728660583496,43,wrist_angle,4,-0.3416680693626404,-0.032460976392030716,-0.003917578621198459,1,follower_right,wrist_angle_negative,0.7166666666666667,rad
-0.34580018845023114,negative,0.3180927038192749,-0.018981074914336208,0.3177092969417572,44,wrist_angle,4,-0.34185782074928284,-0.03292723372578621,-0.003942367700948302,1,follower_right,wrist_angle_negative,0.7333333333333333,rad
-0.3458731651306152,negative,0.31809285283088684,-0.018981138244271282,0.3177111744880676,45,wrist_angle,4,-0.34189069271087646,-0.033678628504276276,-0.003982472419738758,1,follower_right,wrist_angle_negative,0.75,rad
-0.29580018845023115,positive,0.31766220927238464,-0.01897949725389481,0.3136194050312042,1,wrist_angle,4,-0.28630897402763367,-0.08872902393341064,-0.009491214422597483,1,follower_right,wrist_angle_positive,0.016666666666666666,rad
-0.29558564798383885,positive,0.3176843822002411,-0.018975611776113514,0.31374406814575195,2,wrist_angle,4,-0.2878681719303131,-0.11752106994390488,-0.00771747605352574,1,follower_right,wrist_angle_positive,0.03333333333333333,rad
-0.2952361280935782,positive,0.3176606297492981,-0.018977662548422817,0.3143466114997864,3,wrist_angle,4,-0.29001569747924805,-0.1251794397830963,-0.0052204306143301404,1,follower_right,wrist_angle_positive,0.05,rad
-0.2947582131415892,positive,0.31769296526908875,-0.018979705870151523,0.31422996520996094,4,wrist_angle,4,-0.2915067970752716,-0.01969194784760475,-0.0032514160663175695,1,follower_right,wrist_angle_positive,0.06666666666666667,rad
-0.29415848749001167,positive,0.3176705241203308,-0.018979843705892566,0.31393781304359436,5,wrist_angle,4,-0.28867924213409424,-0.06129702925682068,-0.005479245355917428,1,follower_right,wrist_angle_positive,0.08333333333333333,rad
-0.2934435355009856,positive,0.31767648458480835,-0.01897881366312504,0.3138991594314575,6,wrist_angle,4,-0.28796669840812683,-0.06114833801984787,-0.005476837092858788,1,follower_right,wrist_angle_positive,0.1,rad
-0.2926199415366509,positive,0.3176649808883667,-0.01897905953228474,0.31403473019599915,7,wrist_angle,4,-0.28865480422973633,-0.03295658901333809,-0.003965137306914557,1,follower_right,wrist_angle_positive,0.11666666666666667,rad
-0.2916942899591475,positive,0.3176669478416443,-0.018979940563440326,0.31400150060653687,8,wrist_angle,4,-0.28798192739486694,-0.028300520032644272,-0.003712362564280536,1,follower_right,wrist_angle_positive,0.13333333333333333,rad
-0.29067316513061525,positive,0.3176547884941101,-0.018980203196406368,0.31377673149108887,9,wrist_angle,4,-0.28587764501571655,-0.04851052910089493,-0.004795520114898699,1,follower_right,wrist_angle_positive,0.15,rad
-0.2895631514131941,positive,0.31764906644821167,-0.01897964254021645,0.31364351511001587,10,wrist_angle,4,-0.2841479480266571,-0.06000713258981705,-0.005415203386537004,1,follower_right,wrist_angle_positive,0.16666666666666666,rad
-0.288370833169024,positive,0.31764134764671326,-0.01897944323718548,0.3136560618877411,11,wrist_angle,4,-0.2837923765182495,-0.04437614232301712,-0.004578456650774498,1,follower_right,wrist_angle_positive,0.18333333333333332,rad
-0.28710279476024486,positive,0.31763607263565063,-0.018979899585247043,0.31363487243652344,12,wrist_angle,4,-0.28297659754753113,-0.03597361966967583,-0.004126197212713734,1,follower_right,wrist_angle_positive,0.2,rad
-0.28576562054899657,positive,0.3176271617412567,-0.01898020133376122,0.3134705424308777,13,wrist_angle,4,-0.28116708993911743,-0.04480138048529625,-0.004598530609879137,1,follower_right,wrist_angle_positive,0.21666666666666667,rad
-0.2843658948974191,positive,0.31761878728866577,-0.018979961052536968,0.3133053183555603,14,wrist_angle,4,-0.27914169430732727,-0.05644720792770386,-0.005224200590091821,1,follower_right,wrist_angle_positive,0.23333333333333334,rad
-0.2829102021676523,positive,0.3176107406616211,-0.018979627639055256,0.31323620676994324,15,wrist_angle,4,-0.27798083424568176,-0.05091365426778793,-0.004929367921970518,1,follower_right,wrist_angle_positive,0.25,rad
-0.2814051267218361,positive,0.3176032304763794,-0.01897978968918324,0.31319162249565125,16,wrist_angle,4,-0.2769063115119934,-0.04289299249649048,-0.004498815209842688,1,follower_right,wrist_angle_positive,0.26666666666666666,rad
-0.27985725292211044,positive,0.31759515404701233,-0.018979942426085476,0.31306523084640503,17,wrist_angle,4,-0.27525198459625244,-0.04489364102482796,-0.004605268325858003,1,follower_right,wrist_angle_positive,0.2833333333333333,rad
-0.27827316513061523,positive,0.3175867199897766,-0.01897993125021458,0.31290173530578613,18,wrist_angle,4,-0.27321696281433105,-0.05330188572406769,-0.005056202316284175,1,follower_right,wrist_angle_positive,0.3,rad
-0.2766594477094904,positive,0.31757858395576477,-0.01897966302931309,0.31278714537620544,19,wrist_angle,4,-0.2715999186038971,-0.05333743244409561,-0.005059529105593319,1,follower_right,wrist_angle_positive,0.31666666666666665,rad
-0.27502268502087585,positive,0.31757059693336487,-0.01897970959544182,0.31271326541900635,20,wrist_angle,4,-0.27025219798088074,-0.04794207215309143,-0.004770487039995108,1,follower_right,wrist_angle_positive,0.3333333333333333,rad
-0.27336946142691154,positive,0.31756293773651123,-0.01897991076111794,0.3126049339771271,21,wrist_angle,4,-0.26867491006851196,-0.04653673619031906,-0.004694551358399579,1,follower_right,wrist_angle_positive,0.35,rad
-0.27170636128973735,positive,0.3175552785396576,-0.01897985488176346,0.31245729327201843,22,wrist_angle,4,-0.26676011085510254,-0.05123459920287132,-0.0049462504346348135,1,follower_right,wrist_angle_positive,0.36666666666666664,rad
-0.2700399689714932,positive,0.31754782795906067,-0.01897973939776421,0.3123258650302887,23,wrist_angle,4,-0.2649786174297333,-0.05336412414908409,-0.005061351541759906,1,follower_right,wrist_angle_positive,0.38333333333333336,rad
-0.26837686883431894,positive,0.3175402879714966,-0.018979631364345554,0.31223064661026,24,wrist_angle,4,-0.26346150040626526,-0.05063628405332565,-0.004915368428053679,1,follower_right,wrist_angle_positive,0.4,rad
-0.26672364524035463,positive,0.31753355264663696,-0.018979704007506374,0.3121299743652344,25,wrist_angle,4,-0.26194071769714355,-0.04816926270723343,-0.00478292754321108,1,follower_right,wrist_angle_positive,0.4166666666666667,rad
-0.26508688255174007,positive,0.3175268769264221,-0.018979746848344806,0.31200239062309265,26,wrist_angle,4,-0.26020392775535583,-0.05004033446311951,-0.004882954796384231,1,follower_right,wrist_angle_positive,0.43333333333333335,rad
-0.26347316513061525,positive,0.31752070784568787,-0.01897966489195824,0.31187400221824646,27,wrist_angle,4,-0.2584734559059143,-0.052211202681064606,-0.004999709224700943,1,follower_right,wrist_angle_positive,0.45,rad
-0.26188907733912004,positive,0.31751441955566406,-0.018979530781507496,0.311770498752594,28,wrist_angle,4,-0.2569395899772644,-0.051270417869091034,-0.004949487361855631,1,follower_right,wrist_angle_positive,0.4666666666666667,rad
-0.2603412035393944,positive,0.3175085484981537,-0.018979584798216823,0.3116762936115265,29,wrist_angle,4,-0.2555108964443207,-0.04904720559716225,-0.004830307095073705,1,follower_right,wrist_angle_positive,0.48333333333333334,rad
-0.2588361280935782,positive,0.3175032436847687,-0.01897959411144257,0.3115694224834442,30,wrist_angle,4,-0.25400251150131226,-0.04911017417907715,-0.0048336165922659435,1,follower_right,wrist_angle_positive,0.5,rad
-0.2573804353638114,positive,0.3174982964992523,-0.018979527056217197,0.31145724654197693,31,wrist_angle,4,-0.25247329473495483,-0.05048098415136337,-0.0049071406288565544,1,follower_right,wrist_angle_positive,0.5166666666666667,rad
-0.2559807097122339,positive,0.31749364733695984,-0.01897954382002354,0.3113596439361572,32,wrist_angle,4,-0.2510797083377838,-0.050362635403871536,-0.004901001374450098,1,follower_right,wrist_angle_positive,0.5333333333333333,rad
-0.2546435355009856,positive,0.3174891769886017,-0.018979461863636974,0.31127604842185974,33,wrist_angle,4,-0.24982860684394836,-0.04875636845827103,-0.004814928657037254,1,follower_right,wrist_angle_positive,0.55,rad
-0.25337549709220647,positive,0.3174852430820465,-0.018979512155056003,0.31119149923324585,34,wrist_angle,4,-0.24860654771327972,-0.04790203273296356,-0.004768949378926746,1,follower_right,wrist_angle_positive,0.5666666666666667,rad
-0.25218317884803637,positive,0.31748172640800476,-0.01897946931421757,0.3111037611961365,35,wrist_angle,4,-0.24739176034927368,-0.048321548849344254,-0.0047914184987626895,1,follower_right,wrist_angle_positive,0.5833333333333334,rad
-0.25107316513061523,positive,0.31747859716415405,-0.018979428336024288,0.3110244572162628,36,wrist_angle,4,-0.2462809532880783,-0.04833441972732544,-0.00479221184253692,1,follower_right,wrist_angle_positive,0.6,rad
-0.250052040302083,positive,0.3174755871295929,-0.01897930353879929,0.3109593689441681,37,wrist_angle,4,-0.24531951546669006,-0.04721968621015549,-0.004732524835392937,1,follower_right,wrist_angle_positive,0.6166666666666667,rad
-0.2491263887245796,positive,0.31747305393218994,-0.01897932589054108,0.310901015996933,38,wrist_angle,4,-0.24445848166942596,-0.04601556435227394,-0.004667907055153631,1,follower_right,wrist_angle_positive,0.6333333333333333,rad
-0.24830279476024486,positive,0.3174709975719452,-0.01897932216525078,0.31084367632865906,39,wrist_angle,4,-0.24365539848804474,-0.04563315212726593,-0.004647396272200122,1,follower_right,wrist_angle_positive,0.65,rad
-0.2475878427712188,positive,0.3174692392349243,-0.01897925697267056,0.31079307198524475,40,wrist_angle,4,-0.24295079708099365,-0.04543925076723099,-0.004637045690225161,1,follower_right,wrist_angle_positive,0.6666666666666666,rad
-0.2469881171196413,positive,0.3174678385257721,-0.018979270011186603,0.3107551336288452,41,wrist_angle,4,-0.24239733815193176,-0.04457518085837364,-0.004590778967709541,1,follower_right,wrist_angle_positive,0.6833333333333333,rad
-0.2465102021676523,positive,0.31746676564216614,-0.0189791526645422,0.3107281029224396,42,wrist_angle,4,-0.24198465049266815,-0.04335905984044075,-0.004525551674984141,1,follower_right,wrist_angle_positive,0.7,rad
-0.24616068227739166,positive,0.3174661695957184,-0.018979193642735485,0.3107067942619324,43,wrist_angle,4,-0.24168150126934052,-0.042493656277656555,-0.004479181008051142,1,follower_right,wrist_angle_positive,0.7166666666666667,rad
-0.24594614181099933,positive,0.31746605038642883,-0.018979074433445934,0.31069278717041016,44,wrist_angle,4,-0.2414941042661667,-0.04198527708649635,-0.004452037544832643,1,follower_right,wrist_angle_positive,0.7333333333333333,rad
-0.24587316513061525,positive,0.31746625900268555,-0.018979053944349292,0.3106909692287445,45,wrist_angle,4,-0.24146561324596405,-0.0411539152264595,-0.004407551884651195,1,follower_right,wrist_angle_positive,0.75,rad
-7.34766818039109e-05,negative,0.3176986277103424,-0.01897787675261498,0.3138662576675415,1,wrist_rotate,5,-1.825934486987535e-05,-0.0009720235830172896,-5.5217336934035546e-05,1,follower_right,wrist_rotate_negative,0.016666666666666666,rad
-0.0002880171481962291,negative,0.3177039623260498,-0.0189756453037262,0.31431373953819275,2,wrist_rotate,5,-9.228166891261935e-05,-0.0005304920487105846,-0.00019573547928360976,1,follower_right,wrist_rotate_negative,0.03333333333333333,rad
-0.0006375370384568602,negative,0.31770065426826477,-0.01897864416241646,0.31468504667282104,3,wrist_rotate,5,-0.0002373506431467831,-0.0005310159176588058,-0.00040018639531007707,1,follower_right,wrist_rotate_negative,0.05,rad
-0.0011154519904458865,negative,0.3177281618118286,-0.018979310989379886,0.31444844603538513,4,wrist_rotate,5,-0.0004695365496445447,-0.0010659154504537582,-0.0006459154408013418,1,follower_right,wrist_rotate_negative,0.06666666666666667,rad
-0.0017151776420233893,negative,0.3177050054073334,-0.01897882111370564,0.31437399983406067,5,wrist_rotate,5,-0.0007996773929335177,-0.0010789576917886734,-0.0009155002490898716,1,follower_right,wrist_rotate_negative,0.08333333333333333,rad
-0.002430129631049453,negative,0.31772303581237793,-0.018978497013449672,0.314486026763916,6,wrist_rotate,5,-0.0012323958799242973,-0.001103423535823822,-0.0011977337511251559,1,follower_right,wrist_rotate_negative,0.1,rad
-0.0032537235953841582,negative,0.31771570444107056,-0.01897917874157429,0.31458380818367004,7,wrist_rotate,5,-0.001768380869179964,-0.0011218152940273285,-0.0014853427262041942,1,follower_right,wrist_rotate_negative,0.11666666666666667,rad
-0.004179375172887588,negative,0.3177224099636078,-0.01897954754531384,0.31452295184135437,8,wrist_rotate,5,-0.002407292602583766,-0.0011303126811981201,-0.0017720825703038219,1,follower_right,wrist_rotate_negative,0.13333333333333333,rad
-0.005200500001419825,negative,0.31771525740623474,-0.018979433923959736,0.31443920731544495,9,wrist_rotate,5,-0.003147383686155081,-0.0011403337121009827,-0.002053116315264744,1,follower_right,wrist_rotate_negative,0.15,rad
-0.006310513718840948,negative,0.31771865487098694,-0.018978992477059368,0.31446918845176697,10,wrist_rotate,5,-0.003985826391726732,-0.001160014420747757,-0.0023246873271142157,1,follower_right,wrist_rotate_negative,0.16666666666666666,rad
-0.007502831963011044,negative,0.3177178204059601,-0.01897913217544556,0.31453150510787964,11,wrist_rotate,5,-0.004917840473353863,-0.0011767596006393433,-0.002584991489657181,1,follower_right,wrist_rotate_negative,0.18333333333333332,rad
-0.008770870371790194,negative,0.31771957874298096,-0.018979366868734363,0.3145284354686737,12,wrist_rotate,5,-0.005938586313277483,-0.0011883564293384552,-0.002832284058512711,1,follower_right,wrist_rotate_negative,0.2,rad
-0.010108044583038479,negative,0.31771790981292725,-0.018979335203766826,0.314477801322937,13,wrist_rotate,5,-0.007042794954031706,-0.0011968724429607391,-0.003065249629006773,1,follower_right,wrist_rotate_negative,0.21666666666666667,rad
-0.011507770234615983,negative,0.31771788001060486,-0.018979117274284366,0.3144740164279938,14,wrist_rotate,5,-0.00822522398084402,-0.0012099146842956543,-0.0032825462537719625,1,follower_right,wrist_rotate_negative,0.23333333333333334,rad
-0.012963462964382786,negative,0.3177182376384735,-0.01897905953228474,0.3145056366920471,15,wrist_rotate,5,-0.009479857049882412,-0.0012226775288581848,-0.0034836059145003737,1,follower_right,wrist_rotate_negative,0.25,rad
-0.014468538410198973,negative,0.3177187442779541,-0.018979171290993694,0.3145192563533783,16,wrist_rotate,5,-0.010800523683428764,-0.0012327507138252258,-0.003668014726770209,1,follower_right,wrist_rotate_negative,0.26666666666666666,rad
-0.016016412209924624,negative,0.31771865487098694,-0.018979221582412723,0.3144955337047577,17,wrist_rotate,5,-0.012180900201201439,-0.0012394189834594727,-0.0038355120087231846,1,follower_right,wrist_rotate_negative,0.2833333333333333,rad
-0.017600500001419828,negative,0.31771785020828247,-0.01897913590073586,0.3144835829734802,18,wrist_rotate,5,-0.013614878058433533,-0.0012472793459892273,-0.003985621942986295,1,follower_right,wrist_rotate_negative,0.3,rad
-0.01921421742254465,negative,0.3177182972431183,-0.01897900737822056,0.3144954442977905,19,wrist_rotate,5,-0.01509615033864975,-0.0012553855776786804,-0.004118067083894901,1,follower_right,wrist_rotate_negative,0.31666666666666665,rad
-0.020850980111159195,negative,0.31771835684776306,-0.018978999927639965,0.31450924277305603,20,wrist_rotate,5,-0.016618242487311363,-0.001262165606021881,-0.004232737623847831,1,follower_right,wrist_rotate_negative,0.3333333333333333,rad
-0.02250420370512353,negative,0.3177186846733093,-0.018979171290993694,0.31450146436691284,21,wrist_rotate,5,-0.01817454770207405,-0.0012662410736083984,-0.0043296560030494785,1,follower_right,wrist_rotate_negative,0.35,rad
-0.024167303842297736,negative,0.31771817803382874,-0.018979145213961605,0.314491331577301,22,wrist_rotate,5,-0.019758619368076324,-0.0012699589133262634,-0.004408684474221412,1,follower_right,wrist_rotate_negative,0.36666666666666664,rad
-0.025833696160541902,negative,0.31771817803382874,-0.018979089334607128,0.31449365615844727,23,wrist_rotate,5,-0.02136402763426304,-0.0012734830379486084,-0.004469668526278864,1,follower_right,wrist_rotate_negative,0.38333333333333336,rad
-0.02749679629771612,negative,0.31771835684776306,-0.018979139626026157,0.3145025670528412,24,wrist_rotate,5,-0.02298426441848278,-0.0012762844562530518,-0.004512531879233339,1,follower_right,wrist_rotate_negative,0.4,rad
-0.029150019891680458,negative,0.3177185356616974,-0.01897913403809071,0.31450191140174866,25,wrist_rotate,5,-0.02461268939077854,-0.0012772008776664734,-0.004537330500901916,1,follower_right,wrist_rotate_negative,0.4166666666666667,rad
-0.03078678258029499,negative,0.3177183270454407,-0.01897908188402653,0.3144958019256592,26,wrist_rotate,5,-0.02624272182583809,-0.001277051866054535,-0.004544060754456902,1,follower_right,wrist_rotate_negative,0.43333333333333335,rad
-0.03240050000141983,negative,0.3177182972431183,-0.018979046493768695,0.31449443101882935,27,wrist_rotate,5,-0.027867864817380905,-0.001276366412639618,-0.004532635184038923,1,follower_right,wrist_rotate_negative,0.45,rad
-0.03398458779291502,negative,0.3177183270454407,-0.018979115411639217,0.3144989013671875,28,wrist_rotate,5,-0.029481595382094383,-0.00127507746219635,-0.004502992410820639,1,follower_right,wrist_rotate_negative,0.4666666666666667,rad
-0.03553246159264068,negative,0.31771841645240784,-0.01897915825247765,0.31450045108795166,29,wrist_rotate,5,-0.031077316030859947,-0.0012724250555038452,-0.004455145561780734,1,follower_right,wrist_rotate_negative,0.48333333333333334,rad
-0.03703753703845686,negative,0.3177182972431183,-0.018979197368025783,0.31449785828590393,30,wrist_rotate,5,-0.032648395746946335,-0.001268528401851654,-0.004389141291510523,1,follower_right,wrist_rotate_negative,0.5,rad
-0.03849322976822367,negative,0.3177183270454407,-0.018979215994477276,0.3144959807395935,31,wrist_rotate,5,-0.03418829292058945,-0.0012637898325920105,-0.004304936847634222,1,follower_right,wrist_rotate_negative,0.5166666666666667,rad
-0.039892955419801174,negative,0.3177182674407959,-0.01897925697267056,0.3144974410533905,32,wrist_rotate,5,-0.035690464079380035,-0.0012583807110786438,-0.004202491340421138,1,follower_right,wrist_rotate_negative,0.5333333333333333,rad
-0.04123012963104945,negative,0.31771838665008545,-0.018979316577315334,0.31449922919273376,33,wrist_rotate,5,-0.037148356437683105,-0.0012519434094429016,-0.004081773193366348,1,follower_right,wrist_rotate_negative,0.55,rad
-0.0424981680398286,negative,0.3177182674407959,-0.018979337066411976,0.3144984245300293,34,wrist_rotate,5,-0.038555338978767395,-0.0012442544102668762,-0.0039428290610612066,1,follower_right,wrist_rotate_negative,0.5666666666666667,rad
-0.0436904862839987,negative,0.3177182674407959,-0.018979389220476154,0.3144970238208771,35,wrist_rotate,5,-0.039904847741127014,-0.0012355968356132507,-0.003785638542871686,1,follower_right,wrist_rotate_negative,0.5833333333333334,rad
-0.04480050000141983,negative,0.3177182674407959,-0.01897935383021832,0.314497172832489,36,wrist_rotate,5,-0.04119036719202995,-0.0012261942028999329,-0.0036101328093898766,1,follower_right,wrist_rotate_negative,0.6,rad
-0.04582162482995206,negative,0.31771835684776306,-0.01897944323718548,0.3144984245300293,37,wrist_rotate,5,-0.0424053855240345,-0.0012158304452896118,-0.0034162393059175566,1,follower_right,wrist_rotate_negative,0.6166666666666667,rad
-0.04674727640745549,negative,0.31771835684776306,-0.018979458138346676,0.3144986033439636,38,wrist_rotate,5,-0.043543606996536255,-0.0012043826282024384,-0.0032036694109192354,1,follower_right,wrist_rotate_negative,0.6333333333333333,rad
-0.0475708703717902,negative,0.3177183270454407,-0.018979553133249286,0.31449761986732483,39,wrist_rotate,5,-0.044598307460546494,-0.0011919252574443817,-0.0029725629112437035,1,follower_right,wrist_rotate_negative,0.65,rad
-0.04828582236081626,negative,0.3177182972431183,-0.018979558721184734,0.31449732184410095,40,wrist_rotate,5,-0.04556283727288246,-0.001178637146949768,-0.0027229850879337963,1,follower_right,wrist_rotate_negative,0.6666666666666666,rad
-0.04888554801239376,negative,0.3177182972431183,-0.01897959224879742,0.3144977390766144,41,wrist_rotate,5,-0.0464305505156517,-0.001164354383945465,-0.0024549974967420576,1,follower_right,wrist_rotate_negative,0.6833333333333333,rad
-0.04936346296438279,negative,0.3177183270454407,-0.018979586660861972,0.31449824571609497,42,wrist_rotate,5,-0.04719482734799385,-0.001149054616689682,-0.002168635616388942,1,follower_right,wrist_rotate_negative,0.7,rad
-0.04971298285464342,negative,0.3177183270454407,-0.01897968724370003,0.3144978880882263,43,wrist_rotate,5,-0.04784904420375824,-0.0011327378451824188,-0.0018639386508851816,1,follower_right,wrist_rotate_negative,0.7166666666666667,rad
-0.04992752332103574,negative,0.3177182972431183,-0.018979730084538463,0.3144974410533905,44,wrist_rotate,5,-0.04838655889034271,-0.001115472987294197,-0.0015409644306930287,1,follower_right,wrist_rotate_negative,0.7333333333333333,rad
-0.050000500001419826,negative,0.3177183270454407,-0.018979746848344806,0.3144976496696472,45,wrist_rotate,5,-0.048800840973854065,-0.0009310580790042877,-0.001199659027565761,1,follower_right,wrist_rotate_negative,0.75,rad
7.247667896426471e-05,positive,0.3176986575126648,-0.018977887928485874,0.3138662278652191,1,wrist_rotate,5,2.0478461010497995e-05,-0.0009663153905421495,5.1998217953766715e-05,1,follower_right,wrist_rotate_positive,0.016666666666666666,rad
0.0002870171453565829,positive,0.31770390272140503,-0.018975697457790378,0.3143138289451599,2,wrist_rotate,5,8.877742948243394e-05,3.8183992728590965e-05,0.00019823971587414898,1,follower_right,wrist_rotate_positive,0.03333333333333333,rad
0.000636537035617214,positive,0.3177005648612976,-0.01897881552577019,0.31468480825424194,3,wrist_rotate,5,0.00023355330631602556,0.0006329808384180069,0.00040298372930118844,1,follower_right,wrist_rotate_positive,0.05,rad
0.0011144519876062403,positive,0.317728191614151,-0.018979532644152645,0.31444838643074036,4,wrist_rotate,5,0.00046763193677179515,0.0004536239430308342,0.0006468200508344452,1,follower_right,wrist_rotate_positive,0.06666666666666667,rad
0.0017141776391837431,positive,0.31770503520965576,-0.01897917874157429,0.3143738806247711,5,wrist_rotate,5,0.0007980030495673418,0.0006510801613330841,0.0009161745896164013,1,follower_right,wrist_rotate_positive,0.08333333333333333,rad
0.002429129628209807,positive,0.31772297620773315,-0.01897898688912392,0.3144862651824951,6,wrist_rotate,5,0.0012297353241592646,0.0011135544627904892,0.0011993943040505425,1,follower_right,wrist_rotate_positive,0.1,rad
0.003252723592544512,positive,0.3177158236503601,-0.018979679793119434,0.31458359956741333,7,wrist_rotate,5,0.001765557681210339,0.0011274032294750214,0.001487165911334173,1,follower_right,wrist_rotate_positive,0.11666666666666667,rad
0.004178375170047942,positive,0.31772229075431824,-0.018980238586664203,0.314522922039032,8,wrist_rotate,5,0.002404967322945595,0.001145578920841217,0.0017734078471023469,1,follower_right,wrist_rotate_positive,0.13333333333333333,rad
0.005199499998580178,positive,0.3177153468132019,-0.018980136141180996,0.3144393861293793,9,wrist_rotate,5,0.0031453988049179316,0.0011653788387775421,0.002054101193662247,1,follower_right,wrist_rotate_positive,0.15,rad
0.006309513716001302,positive,0.31771862506866455,-0.01897985674440861,0.31446918845176697,10,wrist_rotate,5,0.003983228001743555,0.0011756494641304016,0.0023262857142577467,1,follower_right,wrist_rotate_positive,0.16666666666666666,rad
0.007501831960171398,positive,0.3177177608013153,-0.01898005045950413,0.31453147530555725,11,wrist_rotate,5,0.004915100988000631,0.0011882111430168152,0.0025867309721707664,1,follower_right,wrist_rotate_positive,0.18333333333333332,rad
0.008769870368950548,positive,0.3177196979522705,-0.018980382010340694,0.3145284652709961,12,wrist_rotate,5,0.005936073139309883,0.0012015514075756073,0.002833797229640665,1,follower_right,wrist_rotate_positive,0.2,rad
0.010107044580198832,positive,0.31771793961524963,-0.018980372697114948,0.31447815895080566,13,wrist_rotate,5,0.0070406608283519745,0.0012171976268291473,0.003066383751846858,1,follower_right,wrist_rotate_positive,0.21666666666666667,rad
0.011506770231776337,positive,0.3177180588245392,-0.01898027397692204,0.31447404623031616,14,wrist_rotate,5,0.00822293758392334,0.0012274235486984253,0.0032838326478529974,1,follower_right,wrist_rotate_positive,0.23333333333333334,rad
0.01296246296154314,positive,0.31771817803382874,-0.018980309367179874,0.3145056962966919,15,wrist_rotate,5,0.009477468207478523,0.0012369900941848755,0.0034849947540646162,1,follower_right,wrist_rotate_positive,0.25,rad
0.014467538407359327,positive,0.31771886348724365,-0.018980404362082485,0.31451934576034546,16,wrist_rotate,5,0.010798226110637188,0.0012461990118026733,0.003669312296722139,1,follower_right,wrist_rotate_positive,0.26666666666666666,rad
0.016015412207084977,positive,0.31771865487098694,-0.018980570137500766,0.314495712518692,17,wrist_rotate,5,0.012178881093859673,0.0012567564845085144,0.003836531113225305,1,follower_right,wrist_rotate_positive,0.2833333333333333,rad
0.01759949999858018,positive,0.31771785020828247,-0.01898044347763062,0.3144838809967041,18,wrist_rotate,5,0.013612906448543072,0.0012645646929740906,0.00398659355003711,1,follower_right,wrist_rotate_positive,0.3,rad
0.019213217419705005,positive,0.31771835684776306,-0.018980402499437336,0.3144958019256592,19,wrist_rotate,5,0.015094146132469177,0.0012709274888038635,0.004119071287235827,1,follower_right,wrist_rotate_positive,0.31666666666666665,rad
0.02084998010831955,positive,0.317718505859375,-0.01898049004375935,0.3145095407962799,20,wrist_rotate,5,0.016616279259324074,0.0012762844562530518,0.004233700848995475,1,follower_right,wrist_rotate_positive,0.3333333333333333,rad
0.022503203702283883,positive,0.3177187144756317,-0.018980570137500766,0.31450164318084717,21,wrist_rotate,5,0.018172774463891983,0.0012821406126022339,0.0043304292383919,1,follower_right,wrist_rotate_positive,0.35,rad
0.02416630383945809,positive,0.3177182376384735,-0.01898061111569405,0.31449151039123535,22,wrist_rotate,5,0.019756952300667763,0.001286424696445465,0.004409351538790327,1,follower_right,wrist_rotate_positive,0.36666666666666664,rad
0.025832696157702256,positive,0.3177184462547302,-0.01898056082427502,0.314493864774704,23,wrist_rotate,5,0.021362390369176865,0.00128927081823349,0.004470305788525392,1,follower_right,wrist_rotate_positive,0.38333333333333336,rad
0.027495796294876473,positive,0.31771838665008545,-0.01898048631846905,0.31450289487838745,24,wrist_rotate,5,0.022982658818364143,0.0012909621000289917,0.00451313747651233,1,follower_right,wrist_rotate_positive,0.4,rad
0.02914901988884081,positive,0.31771859526634216,-0.018980482593178753,0.3145023286342621,25,wrist_rotate,5,0.02461121417582035,0.0012923181056976318,0.004537805713020461,1,follower_right,wrist_rotate_positive,0.4166666666666667,rad
0.030785782577455345,positive,0.31771835684776306,-0.01898046396672726,0.31449630856513977,26,wrist_rotate,5,0.026241360232234,0.0012927725911140442,0.004544422345221344,1,follower_right,wrist_rotate_positive,0.43333333333333335,rad
0.03239949999858018,positive,0.31771835684776306,-0.018980525434017185,0.31449490785598755,27,wrist_rotate,5,0.02786657214164734,0.0012919977307319641,0.004532927856932843,1,follower_right,wrist_rotate_positive,0.45,rad
0.033983587790075376,positive,0.3177183270454407,-0.01898051239550114,0.3144994080066681,28,wrist_rotate,5,0.029480352997779846,0.001289963722229004,0.00450323479229553,1,follower_right,wrist_rotate_positive,0.4666666666666667,rad
0.035531461589801035,positive,0.3177184462547302,-0.018980482593178753,0.31450122594833374,29,wrist_rotate,5,0.03107616677880287,0.0012871995568275452,0.004455294810998163,1,follower_right,wrist_rotate_positive,0.48333333333333334,rad
0.03703653703561721,positive,0.3177183270454407,-0.018980477005243305,0.3144981265068054,30,wrist_rotate,5,0.03264736384153366,0.0012836679816246033,0.004389173194083551,1,follower_right,wrist_rotate_positive,0.5,rad
0.03849222976538402,positive,0.31771838665008545,-0.018980409950017933,0.31449633836746216,31,wrist_rotate,5,0.03418734669685364,0.0012790113687515259,0.004304883068530385,1,follower_right,wrist_rotate_positive,0.5166666666666667,rad
0.03989195541696153,positive,0.3177182972431183,-0.01898041553795338,0.3144981265068054,32,wrist_rotate,5,0.03568960726261139,0.0012731701135635376,0.004202348154350138,1,follower_right,wrist_rotate_positive,0.5333333333333333,rad
0.04122912962820981,positive,0.3177184462547302,-0.018980380147695545,0.31449997425079346,33,wrist_rotate,5,0.03714761137962341,0.0012665390968322754,0.004081518248586394,1,follower_right,wrist_rotate_positive,0.55,rad
0.042497168036988955,positive,0.31771841645240784,-0.018980335444211963,0.31449899077415466,34,wrist_rotate,5,0.038554828613996506,0.0012589916586875916,0.00394233942299245,1,follower_right,wrist_rotate_positive,0.5666666666666667,rad
0.043689486281159054,positive,0.31771841645240784,-0.018980327993631366,0.3144974708557129,35,wrist_rotate,5,0.03990466892719269,0.0012504905462265015,0.003784817353966366,1,follower_right,wrist_rotate_positive,0.5833333333333334,rad
0.04479949999858018,positive,0.31771838665008545,-0.0189803671091795,0.3144979178905487,36,wrist_rotate,5,0.04119062051177025,0.0012409016489982605,0.003608879486809935,1,follower_right,wrist_rotate_positive,0.6,rad
0.04582062482711241,positive,0.3177184462547302,-0.018980190157890323,0.3144991397857666,37,wrist_rotate,5,0.042406100779771805,0.0012303665280342102,0.0034145240473406058,1,follower_right,wrist_rotate_positive,0.6166666666666667,rad
0.046746276404615844,positive,0.3177184462547302,-0.018980162218213085,0.31449928879737854,38,wrist_rotate,5,0.04354449361562729,0.001218896359205246,0.0032017827889885553,1,follower_right,wrist_rotate_positive,0.6333333333333333,rad
0.04756987036895055,positive,0.31771835684776306,-0.018980182707309726,0.31449809670448303,39,wrist_rotate,5,0.04459918662905693,0.0012064874172210693,0.0029706837398936203,1,follower_right,wrist_rotate_positive,0.65,rad
0.04828482235797661,positive,0.3177182972431183,-0.01898014731705189,0.31449803709983826,40,wrist_rotate,5,0.045563556253910065,0.0011930502951145172,0.002721266104066547,1,follower_right,wrist_rotate_positive,0.6666666666666666,rad
0.048884548009554114,positive,0.31771838665008545,-0.018980111926794056,0.314498633146286,41,wrist_rotate,5,0.046431027352809906,0.0011786594986915588,0.0024535206567442083,1,follower_right,wrist_rotate_positive,0.6833333333333333,rad
0.049362462961543147,positive,0.31771835684776306,-0.018980065360665325,0.3144991099834442,42,wrist_rotate,5,0.047195035964250565,0.0011632665991783142,0.002167426997292582,1,follower_right,wrist_rotate_positive,0.7,rad
0.049711982851803775,positive,0.31771835684776306,-0.0189800076186657,0.31449857354164124,43,wrist_rotate,5,0.04784895479679108,0.0011469796299934387,0.0018630280550126985,1,follower_right,wrist_rotate_positive,0.7166666666666667,rad
0.049926523318196095,positive,0.3177182674407959,-0.01898003183305264,0.3144981563091278,44,wrist_rotate,5,0.04838622361421585,0.0009837336838245392,0.001540299703980244,1,follower_right,wrist_rotate_positive,0.7333333333333333,rad
0.04999949999858018,positive,0.31771838665008545,-0.018979899585247043,0.31449854373931885,45,wrist_rotate,5,0.0488002747297287,0.0006764829158782959,0.001199225268851481,1,follower_right,wrist_rotate_positive,0.75,rad
-7.295391107409479e-05,negative,0.3176986575126648,-0.018977882340550426,0.3138662576675415,1,gripper,6,-1.9420147509663366e-05,4.680990241467953e-05,-5.353376356443143e-05,1,follower_right,gripper_negative,0.016666666666666666,rad
-0.000287494377466413,negative,0.31770390272140503,-0.018975675106048587,0.3143138587474823,2,gripper,6,-9.045759361470118e-05,1.0934891179203987e-05,-0.00019703678385171183,1,follower_right,gripper_negative,0.03333333333333333,rad
-0.0006370142677270441,negative,0.3177006244659424,-0.018978759646415714,0.3146848678588867,3,gripper,6,-0.00023549338220618665,-2.87545844912529e-06,-0.0004015208855208574,1,follower_right,gripper_negative,0.05,rad
-0.0011149292197160704,negative,0.31772807240486145,-0.018979484215378765,0.31444835662841797,4,gripper,6,-0.000468924903543666,2.2355467081069946e-05,-0.0006460043161724044,1,follower_right,gripper_negative,0.06666666666666667,rad
-0.0017146548712935732,negative,0.3177050054073334,-0.018978970125317577,0.31437399983406067,5,gripper,6,-0.0007995484629645944,3.139860928058624e-05,-0.0009151064083289789,1,follower_right,gripper_negative,0.08333333333333333,rad
-0.002429606860319637,negative,0.3177230954170227,-0.018978757783770565,0.31448617577552795,6,gripper,6,-0.0012321526883170009,1.6955658793449402e-05,-0.0011974541720026362,1,follower_right,gripper_negative,0.1,rad
-0.003253200824654342,negative,0.31771567463874817,-0.018979437649250034,0.3145838677883148,7,gripper,6,-0.001768537680618465,1.4593824744224548e-05,-0.0014846631440358772,1,follower_right,gripper_negative,0.11666666666666667,rad
-0.004178852402157772,negative,0.3177224099636078,-0.018979921936988834,0.31452280282974243,8,gripper,6,-0.0024082486052066088,2.148374915122986e-05,-0.001770603796951163,1,follower_right,gripper_negative,0.13333333333333333,rad
-0.0051999772306900085,negative,0.31771522760391235,-0.018979767337441448,0.31443917751312256,9,gripper,6,-0.003149189753457904,2.864748239517212e-05,-0.0020507874772321046,1,follower_right,gripper_negative,0.15,rad
-0.006309990948111132,negative,0.31771862506866455,-0.018979437649250034,0.31446921825408936,10,gripper,6,-0.00398806668817997,2.0947307348251343e-05,-0.002321924259931162,1,follower_right,gripper_negative,0.16666666666666666,rad
-0.007502309192281228,negative,0.31771785020828247,-0.018979607149958614,0.31453147530555725,11,gripper,6,-0.004920750390738249,1.782551407814026e-05,-0.002581558801542979,1,follower_right,gripper_negative,0.18333333333333332,rad
-0.008770347601060378,negative,0.3177196681499481,-0.018979866057634357,0.31452837586402893,12,gripper,6,-0.0059424471110105515,1.958012580871582e-05,-0.0028279004900498266,1,follower_right,gripper_negative,0.2,rad
-0.010107521812308663,negative,0.3177178204059601,-0.018979888409376148,0.31447792053222656,13,gripper,6,-0.00704787764698267,2.4646520614624023e-05,-0.0030596441653259927,1,follower_right,gripper_negative,0.21666666666666667,rad
-0.011507247463886167,negative,0.3177178204059601,-0.01897974126040936,0.31447386741638184,14,gripper,6,-0.008231407962739468,2.2541731595993042e-05,-0.0032758395011466997,1,follower_right,gripper_negative,0.23333333333333334,rad
-0.01296294019365297,negative,0.3177182674407959,-0.018979744985699657,0.31450554728507996,15,gripper,6,-0.009487170726060867,1.987069845199585e-05,-0.0034757694675921023,1,follower_right,gripper_negative,0.25,rad
-0.014468015639469157,negative,0.3177188038825989,-0.01897986233234406,0.31451940536499023,16,gripper,6,-0.010809102095663548,1.958012580871582e-05,-0.0036589135438056097,1,follower_right,gripper_negative,0.26666666666666666,rad
-0.016015889439194807,negative,0.3177186846733093,-0.018979920074343685,0.3144955635070801,17,gripper,6,-0.012191005051136017,2.2426247596740723e-05,-0.0038248843880587906,1,follower_right,gripper_negative,0.2833333333333333,rad
-0.01759997723069001,negative,0.31771785020828247,-0.018979841843247417,0.3144836723804474,18,gripper,6,-0.013626565225422382,2.2552907466888428e-05,-0.003973412005267629,1,follower_right,gripper_negative,0.3,rad
-0.019213694651814835,negative,0.3177183270454407,-0.0189797580242157,0.31449568271636963,19,gripper,6,-0.015109408646821976,2.095848321914673e-05,-0.004104286004992859,1,follower_right,gripper_negative,0.31666666666666665,rad
-0.02085045734042938,negative,0.3177184462547302,-0.018979815766215328,0.3145095705986023,20,gripper,6,-0.01663309894502163,2.016127109527588e-05,-0.004217358395407749,1,follower_right,gripper_negative,0.3333333333333333,rad
-0.022503680934393713,negative,0.3177186846733093,-0.018979867920279506,0.31450173258781433,21,gripper,6,-0.018191173672676086,2.1472573280334473e-05,-0.004312507261717627,1,follower_right,gripper_negative,0.35,rad
-0.02416678107156792,negative,0.3177182078361511,-0.01897995918989182,0.3144913613796234,22,gripper,6,-0.019777122884988785,2.2113323211669922e-05,-0.004389658186579135,1,follower_right,gripper_negative,0.36666666666666664,rad
-0.025833173389812086,negative,0.3177182376384735,-0.01897988095879555,0.3144935369491577,23,gripper,6,-0.02138442173600197,2.14502215385437e-05,-0.004448751653810118,1,follower_right,gripper_negative,0.38333333333333336,rad
-0.027496273526986303,negative,0.3177182972431183,-0.01897983625531197,0.3145025968551636,24,gripper,6,-0.02300652675330639,2.0682811737060547e-05,-0.004489746773679915,1,follower_right,gripper_negative,0.4,rad
-0.029149497120950642,negative,0.317718505859375,-0.018979849293828014,0.3145022988319397,25,gripper,6,-0.024636898189783096,2.11372971534729e-05,-0.0045125989311675455,1,follower_right,gripper_negative,0.4166666666666667,rad
-0.030786259809565175,negative,0.31771835684776306,-0.01897988095879555,0.3144960403442383,26,gripper,6,-0.026268964633345604,2.1688640117645264e-05,-0.004517295176219571,1,follower_right,gripper_negative,0.43333333333333335,rad
-0.03239997723069001,negative,0.3177183270454407,-0.018979853019118312,0.31449466943740845,27,gripper,6,-0.02789616398513317,2.156198024749756e-05,-0.004503813245556841,1,follower_right,gripper_negative,0.45,rad
-0.033984065022185206,negative,0.3177183270454407,-0.018979849293828014,0.31449922919273376,28,gripper,6,-0.029511919245123863,2.1062791347503662e-05,-0.004472145777061343,1,follower_right,gripper_negative,0.4666666666666667,rad
-0.035531938821910865,negative,0.3177184760570526,-0.018979864194989208,0.3145008385181427,29,gripper,6,-0.031109660863876343,2.111494541168213e-05,-0.004422277958034522,1,follower_right,gripper_negative,0.48333333333333334,rad
-0.03703701426772704,negative,0.3177183270454407,-0.01897983253002167,0.31449827551841736,30,gripper,6,-0.03268280625343323,2.1442770957946777e-05,-0.004354208014293814,1,follower_right,gripper_negative,0.5,rad
-0.03849270699749385,negative,0.31771841645240784,-0.01897983066737652,0.31449607014656067,31,gripper,6,-0.03422477841377258,2.1509826183319092e-05,-0.00426792858372127,1,follower_right,gripper_negative,0.5166666666666667,rad
-0.03989243264907136,negative,0.3177182972431183,-0.01897978410124779,0.3144979178905487,32,gripper,6,-0.035728998482227325,2.1278858184814453e-05,-0.004163434166844032,1,follower_right,gripper_negative,0.5333333333333333,rad
-0.04122960686031964,negative,0.31771841645240784,-0.018979843705892566,0.3144994080066681,33,gripper,6,-0.03718888759613037,2.119690179824829e-05,-0.004040719264189266,1,follower_right,gripper_negative,0.55,rad
-0.042497645269098785,negative,0.3177182972431183,-0.018979845568537716,0.3144988417625427,34,gripper,6,-0.03859785199165344,2.135336399078369e-05,-0.003899793277445343,1,follower_right,gripper_negative,0.5666666666666667,rad
-0.043689963513268884,negative,0.31771841645240784,-0.018979802727699283,0.3144972324371338,35,gripper,6,-0.03994932770729065,2.1435320377349854e-05,-0.0037406358059782346,1,follower_right,gripper_negative,0.5833333333333334,rad
-0.044799977230690013,negative,0.3177183270454407,-0.018979867920279506,0.3144976496696472,36,gripper,6,-0.04123670980334282,2.1412968635559082e-05,-0.0035632674273471943,1,follower_right,gripper_negative,0.6,rad
-0.04582110205922224,negative,0.31771838665008545,-0.01897981204092503,0.3144986629486084,37,gripper,6,-0.04245344176888466,2.1278858184814453e-05,-0.003367660290337582,1,follower_right,gripper_negative,0.6166666666666667,rad
-0.046746753636725674,negative,0.3177183270454407,-0.01897985860705376,0.31449878215789795,38,gripper,6,-0.0435929074883461,2.1334737539291382e-05,-0.0031538461483795743,1,follower_right,gripper_negative,0.6333333333333333,rad
-0.04757034760106038,negative,0.31771838665008545,-0.018979892134666446,0.3144979774951935,39,gripper,6,-0.044648535549640656,2.1453946828842163e-05,-0.0029218120514197254,1,follower_right,gripper_negative,0.65,rad
-0.04828529959008644,negative,0.3177183270454407,-0.018979826942086223,0.31449782848358154,40,gripper,6,-0.045613761991262436,2.140924334526062e-05,-0.002671537598824006,1,follower_right,gripper_negative,0.6666666666666666,rad
-0.048885025241663944,negative,0.31771838665008545,-0.018979853019118312,0.3144982159137726,41,gripper,6,-0.04648197442293167,2.1379441022872925e-05,-0.0024030508187322733,1,follower_right,gripper_negative,0.6833333333333333,rad
-0.04936294019365298,negative,0.3177182972431183,-0.01897983811795712,0.31449851393699646,42,gripper,6,-0.047246601432561874,2.139061689376831e-05,-0.002116338761091102,1,follower_right,gripper_negative,0.7,rad
-0.049712460083913605,negative,0.31771835684776306,-0.018979866057634357,0.3144981265068054,43,gripper,6,-0.047901056706905365,2.1442770957946777e-05,-0.0018114033770082402,1,follower_right,gripper_negative,0.7166666666666667,rad
-0.049927000550305925,negative,0.3177183270454407,-0.018979853019118312,0.31449800729751587,44,gripper,6,-0.04843875765800476,2.1455809473991394e-05,-0.0014882428923011642,1,follower_right,gripper_negative,0.7333333333333333,rad
-0.04999997723069001,negative,0.3177183270454407,-0.01897983625531197,0.31449827551841736,45,gripper,6,-0.04885312169790268,2.1437183022499084e-05,-0.0011468555327873303,1,follower_right,gripper_negative,0.75,rad
7.299944969408081e-05,positive,0.3176986575126648,-0.018977882340550426,0.3138662576675415,1,gripper,6,1.931631049956195e-05,4.680344136431813e-05,5.368313919451886e-05,1,follower_right,gripper_positive,0.016666666666666666,rad
0.000287539916086399,positive,0.3177039325237274,-0.018975676968693737,0.3143138587474823,2,gripper,6,9.061397577170283e-05,1.095794141292572e-05,0.0001969259403146962,1,follower_right,gripper_positive,0.03333333333333333,rad
0.0006370598063470301,positive,0.3177006244659424,-0.018978755921125415,0.3146848678588867,3,gripper,6,0.0002356644399696961,-2.83634290099144e-06,0.000401395366377334,1,follower_right,gripper_positive,0.05,rad
0.0011149747583360564,positive,0.31772807240486145,-0.018979478627443317,0.31444835662841797,4,gripper,6,0.0004690095956902951,2.240389585494995e-05,0.0006459651626457613,1,follower_right,gripper_positive,0.06666666666666667,rad
0.0017147004099135593,positive,0.3177050054073334,-0.018978970125317577,0.31437399983406067,5,gripper,6,0.000799616682343185,3.1482428312301636e-05,0.0009150837275703743,1,follower_right,gripper_positive,0.08333333333333333,rad
0.002429652398939623,positive,0.3177231252193451,-0.018978754058480266,0.31448617577552795,6,gripper,6,0.0012322510592639446,1.7041340470314026e-05,0.0011974013396756785,1,follower_right,gripper_positive,0.1,rad
0.003253246363274328,positive,0.31771570444107056,-0.01897942647337914,0.31458383798599243,7,gripper,6,0.0017686369828879833,1.4701858162879944e-05,0.0014846093803863448,1,follower_right,gripper_positive,0.11666666666666667,rad
0.004178897940777758,positive,0.3177224099636078,-0.018979925662279132,0.31452280282974243,8,gripper,6,0.0024083221796900034,2.1647661924362183e-05,0.0017705757610877544,1,follower_right,gripper_positive,0.13333333333333333,rad
0.0052000227693099945,positive,0.31771522760391235,-0.01897975988686085,0.31443917751312256,9,gripper,6,0.003149240044876933,2.8811395168304443e-05,0.0020507827244330614,1,follower_right,gripper_positive,0.15,rad
0.006310036486731118,positive,0.31771862506866455,-0.018979441374540332,0.31446921825408936,10,gripper,6,0.003988134674727917,2.111867070198059e-05,0.002321901812003201,1,follower_right,gripper_positive,0.16666666666666666,rad
0.007502354730901214,positive,0.3177178204059601,-0.018979603424668316,0.31453147530555725,11,gripper,6,0.0049208239652216434,1.8030405044555664e-05,0.0025815307656795704,1,follower_right,gripper_positive,0.18333333333333332,rad
0.008770393139680364,positive,0.3177196681499481,-0.01897983811795712,0.3145284056663513,12,gripper,6,0.005942510440945625,1.9825994968414307e-05,0.002827882698734739,1,follower_right,gripper_positive,0.2,rad
0.010107567350928649,positive,0.31771785020828247,-0.018979873508214954,0.31447792053222656,13,gripper,6,0.007047923281788826,2.4918466806411743e-05,0.0030596440691398226,1,follower_right,gripper_positive,0.21666666666666667,rad
0.011507293002506153,positive,0.31771785020828247,-0.01897973939776421,0.31447386741638184,14,gripper,6,0.008231458254158497,2.276897430419922e-05,0.0032758347483476564,1,follower_right,gripper_positive,0.23333333333333334,rad
0.012962985732272956,positive,0.3177182674407959,-0.018979744985699657,0.31450554728507996,15,gripper,6,0.009487221017479897,2.0116567611694336e-05,0.003475764714793059,1,follower_right,gripper_positive,0.25,rad
0.014468061178089143,positive,0.3177188038825989,-0.018979864194989208,0.3145194351673126,16,gripper,6,0.010809150524437428,1.989305019378662e-05,0.0036589106536517157,1,follower_right,gripper_positive,0.26666666666666666,rad
0.016015934977814793,positive,0.3177186846733093,-0.018979920074343685,0.3144955635070801,17,gripper,6,0.012191041372716427,2.2761523723602295e-05,0.0038248936050983666,1,follower_right,gripper_positive,0.2833333333333333,rad
0.017600022769309998,positive,0.31771785020828247,-0.01897983625531197,0.3144836723804474,18,gripper,6,0.013626603409647942,2.2821128368377686e-05,0.003973419359662056,1,follower_right,gripper_positive,0.3,rad
0.01921374019043482,positive,0.3177183270454407,-0.0189797580242157,0.31449568271636963,19,gripper,6,0.01510944589972496,2.1241605281829834e-05,0.00410429429070986,1,follower_right,gripper_positive,0.31666666666666665,rad
0.020850502879049364,positive,0.3177184462547302,-0.01897983253002167,0.3145095407962799,20,gripper,6,0.016633138060569763,2.0503997802734375e-05,0.004217364818479601,1,follower_right,gripper_positive,0.3333333333333333,rad
0.0225037264730137,positive,0.3177186846733093,-0.01897990703582764,0.31450173258781433,21,gripper,6,0.018191207200288773,2.1785497665405273e-05,0.004312519272724927,1,follower_right,gripper_positive,0.35,rad
0.024166826610187906,positive,0.3177182078361511,-0.018979944288730625,0.3144913911819458,22,gripper,6,0.019777152687311172,2.2433698177337646e-05,0.0043896739228767336,1,follower_right,gripper_positive,0.36666666666666664,rad
0.025833218928432072,positive,0.3177182674407959,-0.018979875370860103,0.3144935667514801,23,gripper,6,0.021384451538324356,2.1755695343017578e-05,0.004448767390107716,1,follower_right,gripper_positive,0.38333333333333336,rad
0.02749631906560629,positive,0.31771835684776306,-0.01897983811795712,0.3145025372505188,24,gripper,6,0.023006556555628777,2.1025538444519043e-05,0.004489762509977513,1,follower_right,gripper_positive,0.4,rad
0.029149542659570628,positive,0.317718505859375,-0.018979851156473163,0.31450238823890686,25,gripper,6,0.024636918678879738,2.146512269973755e-05,0.00451262398069089,1,follower_right,gripper_positive,0.4166666666666667,rad
0.03078630534818516,positive,0.3177183270454407,-0.01897985860705376,0.31449609994888306,26,gripper,6,0.026268979534506798,2.2038817405700684e-05,0.004517325813678363,1,follower_right,gripper_positive,0.43333333333333335,rad
0.03240002276931,positive,0.3177183270454407,-0.018979839980602268,0.31449469923973083,27,gripper,6,0.027896173298358917,2.189725637435913e-05,0.004503849470951081,1,follower_right,gripper_positive,0.45,rad
0.03398411056080519,positive,0.3177183270454407,-0.018979866057634357,0.314499169588089,28,gripper,6,0.02951192483305931,2.1398067474365234e-05,0.004472185727745881,1,follower_right,gripper_positive,0.4666666666666667,rad
0.03553198436053085,positive,0.3177184462547302,-0.01897983625531197,0.3145008385181427,29,gripper,6,0.03110966645181179,2.1435320377349854e-05,0.00442231790871906,1,follower_right,gripper_positive,0.48333333333333334,rad
0.03703705980634703,positive,0.3177183270454407,-0.018979877233505252,0.31449809670448303,30,gripper,6,0.03268280252814293,2.180039882659912e-05,0.004354257278204099,1,follower_right,gripper_positive,0.5,rad
0.03849275253611384,positive,0.31771841645240784,-0.01897978968918324,0.3144960403442383,31,gripper,6,0.034224774688482285,2.1807849407196045e-05,0.004267977847631554,1,follower_right,gripper_positive,0.5166666666666667,rad
0.039892478187691344,positive,0.3177182972431183,-0.01897978410124779,0.3144979178905487,32,gripper,6,0.03572899475693703,2.1614134311676025e-05,0.004163483430754317,1,follower_right,gripper_positive,0.5333333333333333,rad
0.04122965239893962,positive,0.3177184462547302,-0.01897988468408585,0.31449955701828003,33,gripper,6,0.03718886896967888,2.1494925022125244e-05,0.004040783429260744,1,follower_right,gripper_positive,0.55,rad
0.04249769080771877,positive,0.3177182674407959,-0.01897986233234406,0.3144988417625427,34,gripper,6,0.038597848266363144,2.1599233150482178e-05,0.0038998425413556276,1,follower_right,gripper_positive,0.5666666666666667,rad
0.04369000905188887,positive,0.31771841645240784,-0.018979825079441074,0.314497172832489,35,gripper,6,0.03994930908083916,2.1755695343017578e-05,0.003740699971049713,1,follower_right,gripper_positive,0.5833333333333334,rad
0.04480002276931,positive,0.3177182674407959,-0.01897985860705376,0.31449759006500244,36,gripper,6,0.04123670235276222,2.1614134311676025e-05,0.003563320416547777,1,follower_right,gripper_positive,0.6,rad
0.04582114759784223,positive,0.31771835684776306,-0.018979853019118312,0.314498633146286,37,gripper,6,0.04245341569185257,2.1517276763916016e-05,0.003367731905989657,1,follower_right,gripper_positive,0.6166666666666667,rad
0.04674679917534566,positive,0.31771838665008545,-0.018979843705892566,0.31449878215789795,38,gripper,6,0.04359288886189461,2.1569430828094482e-05,0.0031539103134510527,1,follower_right,gripper_positive,0.6333333333333333,rad
0.04757039313968037,positive,0.31771835684776306,-0.018979877233505252,0.31449806690216064,39,gripper,6,0.04464852437376976,2.1595507860183716e-05,0.002921868765910607,1,follower_right,gripper_positive,0.65,rad
0.04828534512870643,positive,0.3177182972431183,-0.018979851156473163,0.31449782848358154,40,gripper,6,0.04561373591423035,2.16066837310791e-05,0.002671609214476081,1,follower_right,gripper_positive,0.6666666666666666,rad
0.04888507078028393,positive,0.31771835684776306,-0.018979875370860103,0.31449824571609497,41,gripper,6,0.04648194834589958,2.152472734451294e-05,0.0024031224343843485,1,follower_right,gripper_positive,0.6833333333333333,rad
0.04936298573227296,positive,0.31771838665008545,-0.018979819491505626,0.3144986033439636,42,gripper,6,0.047246579080820084,2.1509826183319092e-05,0.002116406651452879,1,follower_right,gripper_positive,0.7,rad
0.04971250562253359,positive,0.31771835684776306,-0.018979871645569805,0.3144981265068054,43,gripper,6,0.04790104553103447,2.1532177925109863e-05,0.0018114600914991216,1,follower_right,gripper_positive,0.7166666666666667,rad
0.04992704608892591,positive,0.3177183270454407,-0.01897981017827988,0.31449800729751587,44,gripper,6,0.04843873903155327,2.1530315279960632e-05,0.0014883070573726426,1,follower_right,gripper_positive,0.7333333333333333,rad
0.050000022769309996,positive,0.3177183270454407,-0.01897983811795712,0.3144981861114502,45,gripper,6,0.04885310307145119,2.1498650312423706e-05,0.0011469196978588087,1,follower_right,gripper_positive,0.75,rad
0.022377922069482893,negative,0.3176986575126648,-0.018977882340550426,0.3138662576675415,1,left_finger,7,0.022377803921699524,-0.00017608744383323938,1.1814778336921572e-07,1,follower_right,left_finger_negative,0.016666666666666666,m
0.022376635415139904,negative,0.3177039325237274,-0.018975678831338886,0.3143138587474823,2,left_finger,7,0.022377153858542442,5.172468263481278e-06,-5.184434025383433e-07,1,follower_right,left_finger_negative,0.03333333333333333,m
0.022374514698433875,negative,0.3177006244659424,-0.018978755921125415,0.3146848678588867,3,left_finger,7,0.022376717999577522,-2.1742837361671263e-06,-2.203301143647446e-06,1,follower_right,left_finger_negative,0.05,m
0.022371579316163945,negative,0.31772807240486145,-0.018979480490088466,0.31444835662841797,4,left_finger,7,0.02237624116241932,9.09175014385255e-06,-4.661846255374358e-06,1,follower_right,left_finger_negative,0.06666666666666667,m
0.022367848665129256,negative,0.3177050054073334,-0.018978970125317577,0.31437399983406067,5,left_finger,7,0.02237570472061634,1.3815713828080334e-05,-7.856055487084207e-06,1,follower_right,left_finger_negative,0.08333333333333333,m
0.022363342142128945,negative,0.3177231252193451,-0.018978757783770565,0.31448617577552795,6,left_finger,7,0.022375164553523064,6.982452759984881e-06,-1.1822411394118298e-05,1,follower_right,left_finger_negative,0.1,m
0.022358079143962154,negative,0.31771570444107056,-0.018979433923959736,0.3145838677883148,7,left_finger,7,0.022374577820301056,5.672042789228726e-06,-1.6498676338901758e-05,1,follower_right,left_finger_negative,0.11666666666666667,m
0.022352079067428025,negative,0.3177224099636078,-0.01897992938756943,0.31452280282974243,8,left_finger,7,0.02237396314740181,8.844465810398106e-06,-2.188407997378433e-05,1,follower_right,left_finger_negative,0.13333333333333333,m
0.022345361309325695,negative,0.31771522760391235,-0.01897975988686085,0.31443920731544495,9,left_finger,7,0.022373303771018982,1.2020838767057285e-05,-2.7942461693287318e-05,1,follower_right,left_finger_negative,0.15,m
0.022337945266454308,negative,0.31771862506866455,-0.018979415297508243,0.31446924805641174,10,left_finger,7,0.02237262763082981,8.361429536307696e-06,-3.468236437550315e-05,1,follower_right,left_finger_negative,0.16666666666666666,m
0.022329850335613004,negative,0.3177177906036377,-0.018979577347636226,0.3145315945148468,11,left_finger,7,0.022371908649802208,6.662394298473373e-06,-4.20583141892035e-05,1,follower_right,left_finger_negative,0.18333333333333332,m
0.022321095913600923,negative,0.3177196681499481,-0.018979875370860103,0.3145284652709961,12,left_finger,7,0.02237113006412983,7.375844688795041e-06,-5.0034150528906196e-05,1,follower_right,left_finger_negative,0.2,m
0.022311701397217203,negative,0.31771790981292725,-0.018979866057634357,0.3144778907299042,13,left_finger,7,0.022370299324393272,9.533009688311722e-06,-5.859792717606907e-05,1,follower_right,left_finger_negative,0.21666666666666667,m
0.022301686183260987,negative,0.31771785020828247,-0.01897973567247391,0.3144738972187042,14,left_finger,7,0.022369425743818283,8.409542715526186e-06,-6.773956055729571e-05,1,follower_right,left_finger_negative,0.23333333333333334,m
0.022291069668531418,negative,0.3177182376384735,-0.01897973753511906,0.31450557708740234,15,left_finger,7,0.022368518635630608,6.908639988978393e-06,-7.744896709918972e-05,1,follower_right,left_finger_negative,0.25,m
0.02227987124982763,negative,0.3177187740802765,-0.01897986233234406,0.31451940536499023,16,left_finger,7,0.02236754819750786,6.600439519388601e-06,-8.767694768022777e-05,1,follower_right,left_finger_negative,0.26666666666666666,m
0.02226811032394877,negative,0.3177186846733093,-0.018979923799633983,0.3144955039024353,17,left_finger,7,0.022366518154740334,7.677765097469091e-06,-9.840783079156229e-05,1,follower_right,left_finger_negative,0.2833333333333333,m
0.022255806287693976,negative,0.31771788001060486,-0.01897983066737652,0.3144837021827698,18,left_finger,7,0.022365430369973183,7.5199350249022245e-06,-0.00010962408227920689,1,follower_right,left_finger_negative,0.3,m
0.02224297853786239,negative,0.31771835684776306,-0.018979771062731746,0.31449568271636963,19,left_finger,7,0.022364282980561256,6.527847290271893e-06,-0.00012130444269886631,1,follower_right,left_finger_negative,0.31666666666666665,m
0.022229646471253146,negative,0.3177184462547302,-0.01897983625531197,0.31450966000556946,20,left_finger,7,0.022363051772117615,5.9229787439107895e-06,-0.0001334053008644684,1,follower_right,left_finger_negative,0.3333333333333333,m
0.022215829484665394,negative,0.3177186846733093,-0.018979923799633983,0.3145017623901367,21,left_finger,7,0.022361749783158302,6.2565777625422925e-06,-0.00014592029849290825,1,follower_right,left_finger_negative,0.35,m
0.02220154697489827,negative,0.31771817803382874,-0.018979914486408237,0.3144914209842682,22,left_finger,7,0.02236037701368332,6.298494554357603e-06,-0.00015883003878505025,1,follower_right,left_finger_negative,0.36666666666666664,m
0.02218681833875091,negative,0.3177183270454407,-0.018979920074343685,0.3144936263561249,23,left_finger,7,0.022358939051628113,5.716523446608335e-06,-0.00017212071287720301,1,follower_right,left_finger_negative,0.38333333333333336,m
0.02217166297302246,negative,0.3177183270454407,-0.018979815766215328,0.31450262665748596,24,left_finger,7,0.022357434034347534,5.0950911827385426e-06,-0.00018577106132507473,1,follower_right,left_finger_negative,0.4,m
0.02215610027451206,negative,0.3177184760570526,-0.01897985860705376,0.31450217962265015,25,left_finger,7,0.022355835884809494,4.989986337022856e-06,-0.0001997356102974336,1,follower_right,left_finger_negative,0.4166666666666667,m
0.022140149640018852,negative,0.3177183270454407,-0.01897981017827988,0.31449612975120544,26,left_finger,7,0.022354161366820335,4.959700163453817e-06,-0.00021401172680148364,1,follower_right,left_finger_negative,0.43333333333333335,m
0.022123830466341973,negative,0.3177183270454407,-0.01897980831563473,0.3144945502281189,27,left_finger,7,0.022352421656250954,4.597801307681948e-06,-0.0002285911899089811,1,follower_right,left_finger_negative,0.45,m
0.022107162150280562,negative,0.3177182674407959,-0.018979819491505626,0.3144990801811218,28,left_finger,7,0.022350585088133812,4.071254807058722e-06,-0.00024342293785325,1,follower_right,left_finger_negative,0.4666666666666667,m
0.022090164088633766,negative,0.3177184760570526,-0.01897983811795712,0.31450092792510986,29,left_finger,7,0.022348672151565552,3.76043317373842e-06,-0.0002585080629317858,1,follower_right,left_finger_negative,0.48333333333333334,m
0.02207285567820072,negative,0.31771835684776306,-0.018979920074343685,0.31449824571609497,30,left_finger,7,0.02234668657183647,3.5991761251352727e-06,-0.0002738308936357514,1,follower_right,left_finger_negative,0.5,m
0.022055256315780567,negative,0.3177183270454407,-0.01897978223860264,0.31449609994888306,31,left_finger,7,0.022344598546624184,3.314569767098874e-06,-0.0002893422308436165,1,follower_right,left_finger_negative,0.5166666666666667,m
0.02203738539817245,negative,0.3177182972431183,-0.018979825079441074,0.3144977390766144,32,left_finger,7,0.022342437878251076,2.879816747736186e-06,-0.00030505248007862626,1,follower_right,left_finger_negative,0.5333333333333333,m
0.022019262322175503,negative,0.31771841645240784,-0.01897991076111794,0.31449973583221436,33,left_finger,7,0.022340180352330208,2.499822585377842e-06,-0.000320918030154705,1,follower_right,left_finger_negative,0.55,m
0.02200090648458887,negative,0.3177184462547302,-0.018979826942086223,0.31449878215789795,34,left_finger,7,0.022337842732667923,2.2371241357177496e-06,-0.0003369362480790533,1,follower_right,left_finger_negative,0.5666666666666667,m
0.021982337282211693,negative,0.3177182674407959,-0.01897985488176346,0.3144973814487457,35,left_finger,7,0.02233540453016758,1.9536528270691633e-06,-0.00035306724795588704,1,follower_right,left_finger_negative,0.5833333333333334,m
0.021963574111843107,negative,0.31771835684776306,-0.018979875370860103,0.31449759006500244,36,left_finger,7,0.02233288623392582,1.5772748156450689e-06,-0.0003693121220827121,1,follower_right,left_finger_negative,0.6,m
0.02194463637028226,negative,0.3177183270454407,-0.018979849293828014,0.31449878215789795,37,left_finger,7,0.022330267354846,1.1907759471796453e-06,-0.00038563098456374095,1,follower_right,left_finger_negative,0.6166666666666667,m
0.02192554345432829,negative,0.3177183270454407,-0.018979847431182865,0.3144989311695099,38,left_finger,7,0.022327564656734467,8.698698366060853e-07,-0.00040202120240617756,1,follower_right,left_finger_negative,0.6333333333333333,m
0.021906314760780334,negative,0.3177182972431183,-0.01897986046969891,0.3144979476928711,39,left_finger,7,0.022324759513139725,5.69620169699192e-07,-0.0004184447523593905,1,follower_right,left_finger_negative,0.65,m
0.021886969686437534,negative,0.3177182972431183,-0.01897985488176346,0.31449779868125916,40,left_finger,7,0.022321872413158417,2.2220774553716183e-07,-0.0004349027267208823,1,follower_right,left_finger_negative,0.6666666666666666,m
0.021867527628099036,negative,0.3177183270454407,-0.018979918211698536,0.31449827551841736,41,left_finger,7,0.0223188828676939,-1.4946272131055593e-07,-0.0004513552395948653,1,follower_right,left_finger_negative,0.6833333333333333,m
0.02184800798256397,negative,0.3177183270454407,-0.018979804590344432,0.3144984841346741,42,left_finger,7,0.02231581322848797,-4.954490577802062e-07,-0.00046780524592399814,1,follower_right,left_finger_negative,0.7,m
0.021828430146631488,negative,0.31771835684776306,-0.018979921936988834,0.31449824571609497,43,left_finger,7,0.02231263555586338,-8.151109796017408e-07,-0.00048420540923189287,1,follower_right,left_finger_negative,0.7166666666666667,m
0.021808813517100723,negative,0.3177182972431183,-0.018979845568537716,0.3144979178905487,44,left_finger,7,0.022309375926852226,-1.1459342204034328e-06,-0.0005005624097515031,1,follower_right,left_finger_negative,0.7333333333333333,m
0.021789177490770816,negative,0.31771835684776306,-0.018979866057634357,0.3144982159137726,45,left_finger,7,0.022306006401777267,-1.4814286259934306e-06,-0.0005168289110064513,1,follower_right,left_finger_negative,0.75,m
0.02176954146444091,negative,0.3177183270454407,-0.018979873508214954,0.3144983947277069,46,left_finger,7,0.022302554920315742,-1.8061255104839802e-06,-0.0005330134558748333,1,follower_right,left_finger_negative,0.7666666666666667,m
0.021749924834910145,negative,0.3177183270454407,-0.018979890272021297,0.3144981861114502,47,left_finger,7,0.022298984229564667,-2.107073669321835e-06,-0.0005490593946545219,1,follower_right,left_finger_negative,0.7833333333333333,m
0.021730346998977662,negative,0.3177182972431183,-0.0189798790961504,0.3144979476928711,48,left_finger,7,0.02229532226920128,-2.6612397050485015e-06,-0.0005649752702236166,1,follower_right,left_finger_negative,0.8,m
0.021710827353442597,negative,0.31771835684776306,-0.018979893997311596,0.31449824571609497,49,left_finger,7,0.02229153737425804,-4.036002792418003e-06,-0.0005807100208154448,1,follower_right,left_finger_negative,0.8166666666666667,m
0.021691385295104098,negative,0.31771838665008545,-0.01897985674440861,0.31449830532073975,50,left_finger,7,0.022287648171186447,-5.396184860728681e-06,-0.0005962628760823492,1,follower_right,left_finger_negative,0.8333333333333334,m
0.021672040220761298,negative,0.3177182972431183,-0.018979912623763088,0.3144981563091278,51,left_finger,7,0.0222836472094059,-1.3039636542089283e-05,-0.0006116069886446009,1,follower_right,left_finger_negative,0.85,m
0.021652811527213343,negative,0.3177183270454407,-0.01897985860705376,0.3144981563091278,52,left_finger,7,0.0222795307636261,-2.5361398002132773e-05,-0.0006267192364127552,1,follower_right,left_finger_negative,0.8666666666666667,m
0.021633718611259373,negative,0.31771838665008545,-0.018979925662279132,0.3144981861114502,53,left_finger,7,0.022275308147072792,-3.757732338272035e-05,-0.0006415895358134194,1,follower_right,left_finger_negative,0.8833333333333333,m
0.021614780869698525,negative,0.3177183270454407,-0.01897985860705376,0.31449824571609497,54,left_finger,7,0.02227095514535904,-5.151215009391308e-05,-0.0006561742756605142,1,follower_right,left_finger_negative,0.9,m
0.02159601769932994,negative,0.3177183270454407,-0.018979938700795177,0.3144981861114502,55,left_finger,7,0.02226647548377514,-6.505227065645158e-05,-0.0006704577844451991,1,follower_right,left_finger_negative,0.9166666666666666,m
0.021577448496952763,negative,0.3177183270454407,-0.018979916349053386,0.3144982159137726,56,left_finger,7,0.022261887788772583,-7.823057239875197e-05,-0.0006844392918198203,1,follower_right,left_finger_negative,0.9333333333333333,m
0.02155909265936613,negative,0.3177182674407959,-0.018979944288730625,0.3144981861114502,57,left_finger,7,0.022257179021835327,-9.093619883060455e-05,-0.0006980863624691976,1,follower_right,left_finger_negative,0.95,m
0.021540969583369183,negative,0.3177183270454407,-0.018979912623763088,0.3144982159137726,58,left_finger,7,0.02225235104560852,-0.00010331446537747979,-0.0007113814622393376,1,follower_right,left_finger_negative,0.9666666666666667,m
0.021523098665761065,negative,0.31771835684776306,-0.018979938700795177,0.31449824571609497,59,left_finger,7,0.022247420623898506,-0.00011518233804963529,-0.0007243219581374409,1,follower_right,left_finger_negative,0.9833333333333333,m
0.021505499303340912,negative,0.3177182972431183,-0.018979916349053386,0.3144982159137726,60,left_finger,7,0.022242385894060135,-0.0001266893814317882,-0.0007368865907192226,1,follower_right,left_finger_negative,1.0,m
0.021488190892907866,negative,0.31771838665008545,-0.01897993125021458,0.31449824571609497,61,left_finger,7,0.022237252444028854,-0.000137635157443583,-0.0007490615511209879,1,follower_right,left_finger_negative,1.0166666666666666,m
0.021471192831261067,negative,0.3177183270454407,-0.01897990703582764,0.3144982159137726,62,left_finger,7,0.022232023999094963,-0.00014821894001215696,-0.0007608311678338961,1,follower_right,left_finger_negative,1.0333333333333334,m
0.02145452451519966,negative,0.31771838665008545,-0.018979942426085476,0.31449824571609497,63,left_finger,7,0.02222670428454876,-0.00015820650150999427,-0.0007721797693490996,1,follower_right,left_finger_negative,1.05,m
0.02143820534152278,negative,0.3177182972431183,-0.018979921936988834,0.3144982159137726,64,left_finger,7,0.022221293300390244,-0.00016777464770711958,-0.0007830879588674629,1,follower_right,left_finger_negative,1.0666666666666667,m
0.021422254707029572,negative,0.31771835684776306,-0.018979938700795177,0.31449824571609497,65,left_finger,7,0.022215796634554863,-0.00017672724789008498,-0.000793541927525291,1,follower_right,left_finger_negative,1.0833333333333333,m
0.021406692008519173,negative,0.31771835684776306,-0.018979970365762714,0.31449827551841736,66,left_finger,7,0.022210216149687767,-0.0001852406421676278,-0.0008035241411685941,1,follower_right,left_finger_negative,1.1,m
0.021391536642790723,negative,0.31771835684776306,-0.018979962915182117,0.3144981861114502,67,left_finger,7,0.022204555571079254,-0.00019308037008158863,-0.0008130189282885315,1,follower_right,left_finger_negative,1.1166666666666667,m
0.021376808006643364,negative,0.31771835684776306,-0.018979961052536968,0.31449827551841736,68,left_finger,7,0.022198811173439026,-0.00020045557175762951,-0.0008220031667956623,1,follower_right,left_finger_negative,1.1333333333333333,m
0.02136252549687624,negative,0.31771838665008545,-0.01897995732724667,0.3144981861114502,69,left_finger,7,0.02219299226999283,-0.00020711778779514134,-0.00083046677311659,1,follower_right,left_finger_negative,1.15,m
0.021348708510288486,negative,0.31771835684776306,-0.018979962915182117,0.31449827551841736,70,left_finger,7,0.02218710631132126,-0.00021329091396182775,-0.0008383978010327725,1,follower_right,left_finger_negative,1.1666666666666667,m
0.021335376443679242,negative,0.31771838665008545,-0.018979961052536968,0.3144981861114502,71,left_finger,7,0.02218116819858551,-0.00021874374942854047,-0.000845791754906268,1,follower_right,left_finger_negative,1.1833333333333333,m
0.021322548693847657,negative,0.31771835684776306,-0.01897995918989182,0.31449827551841736,72,left_finger,7,0.02217516303062439,-0.0002236764703411609,-0.000852614336776733,1,follower_right,left_finger_negative,1.2,m
0.02131024465759286,negative,0.3177183270454407,-0.018979968503117565,0.3144981861114502,73,left_finger,7,0.022169113159179688,-0.00022785950568504632,-0.0008588685015868264,1,follower_right,left_finger_negative,1.2166666666666666,m
0.021298483731714002,negative,0.3177182972431183,-0.01897998154163361,0.31449827551841736,74,left_finger,7,0.022163018584251404,-0.00023149853223003447,-0.0008645348525374019,1,follower_right,left_finger_negative,1.2333333333333334,m
0.021287285313010215,negative,0.3177182972431183,-0.018979988992214206,0.3144981861114502,75,left_finger,7,0.022156884893774986,-0.00023436907213181257,-0.0008695995807647718,1,follower_right,left_finger_negative,1.25,m
0.021276668798280645,negative,0.3177182376384735,-0.0189800038933754,0.3144982159137726,76,left_finger,7,0.022150713950395584,-0.00023665305343456566,-0.0008740451521149391,1,follower_right,left_finger_negative,1.2666666666666666,m
0.02126665358432443,negative,0.3177182972431183,-0.018979966640472416,0.3144982159137726,77,left_finger,7,0.022144529968500137,-0.00023816782049834728,-0.0008778763841757083,1,follower_right,left_finger_negative,1.2833333333333334,m
0.02125725906794071,negative,0.3177182376384735,-0.018979994580149654,0.3144982159137726,78,left_finger,7,0.022138312458992004,-0.00023906611022539437,-0.0008810533910512952,1,follower_right,left_finger_negative,1.3,m
0.021248504645928628,negative,0.3177182972431183,-0.018979990854859356,0.3144981861114502,79,left_finger,7,0.022132083773612976,-0.0002391489688307047,-0.0008835791276843481,1,follower_right,left_finger_negative,1.3166666666666667,m
0.021240409715087324,negative,0.3177182376384735,-0.018979985266923908,0.3144982159137726,80,left_finger,7,0.02212585136294365,-0.00023861657246015966,-0.0008854416478563248,1,follower_right,left_finger_negative,1.3333333333333333,m
0.021232993672215938,negative,0.3177182972431183,-0.01897997781634331,0.3144981861114502,81,left_finger,7,0.02211962454020977,-0.00023726274957880378,-0.0008866308679938324,1,follower_right,left_finger_negative,1.35,m
0.021226275914113607,negative,0.3177182972431183,-0.0189800038933754,0.3144982159137726,82,left_finger,7,0.022113408893346786,-0.00023528034216724336,-0.0008871329792331795,1,follower_right,left_finger_negative,1.3666666666666667,m
0.021220275837579478,negative,0.3177182972431183,-0.018979994580149654,0.3144982159137726,83,left_finger,7,0.02210720255970955,-0.00023240980226546526,-0.0008869267221300707,1,follower_right,left_finger_negative,1.3833333333333333,m
0.021215012839412687,negative,0.3177182674407959,-0.018980016931891445,0.3144982159137726,84,left_finger,7,0.022101018577814102,-0.00022889001411385834,-0.0008860057384014151,1,follower_right,left_finger_negative,1.4,m
0.021210506316412376,negative,0.3177182972431183,-0.018979988992214206,0.3144981861114502,85,left_finger,7,0.022094858810305595,-0.00022448034724220634,-0.0008843524938932194,1,follower_right,left_finger_negative,1.4166666666666667,m
0.021206775665377688,negative,0.3177183270454407,-0.018979994580149654,0.31449824571609497,86,left_finger,7,0.022088726982474327,-0.00021938371355645359,-0.0008819513170966395,1,follower_right,left_finger_negative,1.4333333333333333,m
0.021203840283107758,negative,0.31771838665008545,-0.01897997781634331,0.3144982159137726,87,left_finger,7,0.022082632407546043,-0.00021336934878490865,-0.0008787921244382858,1,follower_right,left_finger_negative,1.45,m
0.02120171956640173,negative,0.3177182972431183,-0.018980015069246296,0.31449827551841736,88,left_finger,7,0.022076603025197983,-0.0002066842862404883,-0.0008748834587962544,1,follower_right,left_finger_negative,1.4666666666666666,m
0.02120043291205874,negative,0.3177183270454407,-0.018980000168085102,0.3144981861114502,89,left_finger,7,0.022070610895752907,-0.0001990337623283267,-0.0008701779836941675,1,follower_right,left_finger_negative,1.4833333333333334,m
0.021199999716877936,negative,0.3177182972431183,-0.018980018794536594,0.3144982159137726,90,left_finger,7,0.022064687684178352,-0.00019066798267886043,-0.0008646879673004162,1,follower_right,left_finger_negative,1.5,m
0.022379090518435986,positive,0.3176986575126648,-0.018977882340550426,0.3138662576675415,1,left_finger,7,0.022377805784344673,-0.0001758679427439347,1.2847340913127447e-06,1,follower_right,left_finger_positive,0.016666666666666666,m
0.02238127433187906,positive,0.3177039325237274,-0.018975678831338886,0.3143138587474823,2,left_finger,7,0.022377176210284233,5.266699645289918e-06,4.098121594825477e-06,1,follower_right,left_finger_positive,0.03333333333333333,m
0.022384873783182213,positive,0.3177006244659424,-0.018978755921125415,0.3146848678588867,3,left_finger,7,0.02237679623067379,-1.963334398169536e-06,8.077552508423125e-06,1,follower_right,left_finger_positive,0.05,m
0.022389855950534752,positive,0.31772807240486145,-0.018979478627443317,0.31444835662841797,4,left_finger,7,0.022376427426934242,9.464858521823771e-06,1.3428523600509529e-05,1,follower_right,left_finger_positive,0.06666666666666667,m
0.022396187912125973,positive,0.3177050054073334,-0.018978970125317577,0.31437399983406067,5,left_finger,7,0.022376038134098053,1.4393382116395514e-05,2.0149778027920423e-05,1,follower_right,left_finger_positive,0.08333333333333333,m
0.022403836746145177,positive,0.3177230954170227,-0.018978763371706012,0.31448617577552795,6,left_finger,7,0.022375719621777534,7.804824235790875e-06,2.81171243676423e-05,1,follower_right,left_finger_positive,0.1,m
0.022412769530781668,positive,0.31771570444107056,-0.018979437649250034,0.3145838677883148,7,left_finger,7,0.022375427186489105,6.782703167118598e-06,3.7342344292562446e-05,1,follower_right,left_finger_positive,0.11666666666666667,m
0.022422953344224738,positive,0.3177224397659302,-0.018979918211698536,0.31452280282974243,8,left_finger,7,0.02237519435584545,1.0282372386427596e-05,4.7758988379286577e-05,1,follower_right,left_finger_positive,0.13333333333333333,m
0.022434355264663697,positive,0.31771522760391235,-0.0189797654747963,0.31443917751312256,9,left_finger,7,0.022375017404556274,1.3821687389281578e-05,5.933786010742237e-05,1,follower_right,left_finger_positive,0.15,m
0.02244694237028784,positive,0.31771862506866455,-0.018979413434863094,0.31446924805641174,10,left_finger,7,0.02237490564584732,1.0561530871200375e-05,7.2036724440519e-05,1,follower_right,left_finger_positive,0.16666666666666666,m
0.02246068173928647,positive,0.3177177906036377,-0.018979584798216823,0.3145315945148468,11,left_finger,7,0.022374892607331276,9.298561053583398e-06,8.578913195519261e-05,1,follower_right,left_finger_positive,0.18333333333333332,m
0.022475540449848883,positive,0.3177196681499481,-0.018979864194989208,0.3145284652709961,12,left_finger,7,0.022374959662556648,1.0484271115274169e-05,0.0001005807872922343,1,follower_right,left_finger_positive,0.2,m
0.022491485580164384,positive,0.31771790981292725,-0.018979869782924656,0.3144778907299042,13,left_finger,7,0.02237510122358799,1.3144934200681746e-05,0.00011638435657639404,1,follower_right,left_finger_positive,0.21666666666666667,m
0.02250848420842227,positive,0.31771790981292725,-0.018979744985699657,0.31447383761405945,14,left_finger,7,0.022375350818037987,1.255402821698226e-05,0.00013313339038428448,1,follower_right,left_finger_positive,0.23333333333333334,m
0.022526503412811844,positive,0.3177182376384735,-0.018979700282216076,0.31450551748275757,15,left_finger,7,0.02237567864358425,1.161755426437594e-05,0.00015082476922759214,1,follower_right,left_finger_positive,0.25,m
0.022545510271522406,positive,0.3177188038825989,-0.01897985860705376,0.31451937556266785,16,left_finger,7,0.022376133129000664,1.1906355211976916e-05,0.00016937714252174274,1,follower_right,left_finger_positive,0.26666666666666666,m
0.02256547186274326,positive,0.3177186846733093,-0.01897990517318249,0.3144955039024353,17,left_finger,7,0.022376716136932373,1.3605356798507273e-05,0.00018875572581088587,1,follower_right,left_finger_positive,0.2833333333333333,m
0.022586355264663696,positive,0.31771788001060486,-0.018979804590344432,0.3144837021827698,18,left_finger,7,0.022377440705895424,1.4095043297857046e-05,0.00020891455876827225,1,follower_right,left_finger_positive,0.3,m
0.022608127555473024,positive,0.31771838665008545,-0.018979698419570926,0.31449562311172485,19,left_finger,7,0.022378267720341682,1.3774493709206581e-05,0.00022985983513134148,1,follower_right,left_finger_positive,0.31666666666666665,m
0.02263075581336054,positive,0.3177184462547302,-0.018979802727699283,0.31450966000556946,20,left_finger,7,0.022379249334335327,1.3869495887774974e-05,0.0002515064790252139,1,follower_right,left_finger_positive,0.3333333333333333,m
0.02265420711651555,positive,0.3177186846733093,-0.01897990703582764,0.31450167298316956,21,left_finger,7,0.02238038368523121,1.4923301932867616e-05,0.000273823431284341,1,follower_right,left_finger_positive,0.35,m
0.022678448543127346,positive,0.3177182078361511,-0.018979925662279132,0.3144913613796234,22,left_finger,7,0.02238168567419052,1.5704994439147413e-05,0.0002967628689368243,1,follower_right,left_finger_positive,0.36666666666666664,m
0.022703447171385234,positive,0.31771835684776306,-0.018979877233505252,0.3144936263561249,23,left_finger,7,0.022383131086826324,1.5884121239650995e-05,0.00032031608455890953,1,follower_right,left_finger_positive,0.38333333333333336,m
0.02272917007947851,positive,0.3177183270454407,-0.018979821354150776,0.31450268626213074,24,left_finger,7,0.022384747862815857,1.6044519725255668e-05,0.0003444222166626536,1,follower_right,left_finger_positive,0.4,m
0.02275558434559648,positive,0.3177185654640198,-0.01897980645298958,0.3145022392272949,25,left_finger,7,0.022386549040675163,1.6737132682465017e-05,0.00036903530492131756,1,follower_right,left_finger_positive,0.4166666666666667,m
0.022782657047928444,positive,0.3177183270454407,-0.018979772925376896,0.31449615955352783,26,left_finger,7,0.022388575598597527,1.7521422705613077e-05,0.0003940814493309172,1,follower_right,left_finger_positive,0.43333333333333335,m
0.022810355264663698,positive,0.3177183270454407,-0.0189797654747963,0.31449460983276367,27,left_finger,7,0.02239079587161541,1.798738958314061e-05,0.00041955939304828826,1,follower_right,left_finger_positive,0.45,m
0.022838646073991543,positive,0.3177183270454407,-0.01897981017827988,0.3144991099834442,28,left_finger,7,0.022393228486180305,1.8303486285731196e-05,0.0004454175878112372,1,follower_right,left_finger_positive,0.4666666666666667,m
0.022867496554101283,positive,0.317718505859375,-0.01897978782653809,0.31450098752975464,29,left_finger,7,0.022395921871066093,1.884697121568024e-05,0.0004715746830351898,1,follower_right,left_finger_positive,0.48333333333333334,m
0.022896873783182215,positive,0.31771838665008545,-0.018979847431182865,0.3144982159137726,30,left_finger,7,0.02239885926246643,1.9551385776139796e-05,0.0004980145207157845,1,follower_right,left_finger_positive,0.5,m
0.02292674483942364,positive,0.31771835684776306,-0.01897973939776421,0.31449609994888306,31,left_finger,7,0.022402096539735794,2.0140345441177487e-05,0.0005246482996878465,1,follower_right,left_finger_positive,0.5166666666666667,m
0.022957076801014862,positive,0.3177182972431183,-0.018979774788022045,0.314497709274292,32,left_finger,7,0.022405628114938736,2.05875257961452e-05,0.000551448686076126,1,follower_right,left_finger_positive,0.5333333333333333,m
0.022987836746145178,positive,0.3177184462547302,-0.018979795277118686,0.3144995868206024,33,left_finger,7,0.022409500554203987,2.1095082047395408e-05,0.0005783361919411908,1,follower_right,left_finger_positive,0.55,m
0.023018991753003887,positive,0.31771841645240784,-0.018979823216795925,0.31449899077415466,34,left_finger,7,0.022413773462176323,2.172173117287457e-05,0.0006052182908275645,1,follower_right,left_finger_positive,0.5666666666666667,m
0.023050508899780296,positive,0.3177183270454407,-0.018979819491505626,0.31449732184410095,35,left_finger,7,0.022418519482016563,2.2332213120535016e-05,0.0006319894177637328,1,follower_right,left_finger_positive,0.5833333333333334,m
0.023082355264663696,positive,0.3177183270454407,-0.01897976361215115,0.3144973814487457,36,left_finger,7,0.022423863410949707,2.2848995286040008e-05,0.000658491853713989,1,follower_right,left_finger_positive,0.6,m
0.023114497925843396,positive,0.31771841645240784,-0.018979804590344432,0.3144986629486084,37,left_finger,7,0.022429991513490677,2.3341941414400935e-05,0.0006845064123527193,1,follower_right,left_finger_positive,0.6166666666666667,m
0.02314690396150869,positive,0.31771838665008545,-0.018979826942086223,0.31449902057647705,38,left_finger,7,0.022437188774347305,2.388481516391039e-05,0.0007097151871613833,1,follower_right,left_finger_positive,0.6333333333333333,m
0.023179540449848882,positive,0.3177182972431183,-0.018979780375957492,0.31449803709983826,39,left_finger,7,0.02244563028216362,2.4404740543104708e-05,0.0007339101676852623,1,follower_right,left_finger_positive,0.65,m
0.023212374469053273,positive,0.3177182972431183,-0.018979793414473537,0.3144976794719696,40,left_finger,7,0.022455308586359024,2.479017712175846e-05,0.0007570658826942488,1,follower_right,left_finger_positive,0.6666666666666666,m
0.02324537309731116,positive,0.31771841645240784,-0.018979780375957492,0.3144981563091278,41,left_finger,7,0.022466231137514114,2.4889915948733687e-05,0.0007791419597970445,1,follower_right,left_finger_positive,0.6833333333333333,m
0.023278503412811846,positive,0.31771835684776306,-0.018979746848344806,0.3144986629486084,42,left_finger,7,0.022478435188531876,2.8797017876058817e-05,0.0008000682242799706,1,follower_right,left_finger_positive,0.7,m
0.02331173249374463,positive,0.3177183270454407,-0.018979778513312343,0.31449824571609497,43,left_finger,7,0.02249184064567089,3.0502502340823412e-05,0.0008198918480737394,1,follower_right,left_finger_positive,0.7166666666666667,m
0.023345027418298813,positive,0.3177183270454407,-0.018979774788022045,0.3144979178905487,44,left_finger,7,0.022506332024931908,3.2026495318859816e-05,0.0008386953933669054,1,follower_right,left_finger_positive,0.7333333333333333,m
0.023378355264663697,positive,0.3177183270454407,-0.01897973567247391,0.3144982159137726,45,left_finger,7,0.02252178080379963,7.374066626653075e-05,0.000856574460864068,1,follower_right,left_finger_positive,0.75,m
0.02341168311102858,positive,0.3177183270454407,-0.018979698419570926,0.3144984841346741,46,left_finger,7,0.02253817208111286,0.0001318733557127416,0.0008735110299157196,1,follower_right,left_finger_positive,0.7666666666666667,m
0.023444978035582764,positive,0.31771835684776306,-0.01897969283163548,0.3144981265068054,47,left_finger,7,0.022555451840162277,0.00018415547674521804,0.0008895261954204869,1,follower_right,left_finger_positive,0.7833333333333333,m
0.023478207116515548,positive,0.3177183270454407,-0.018979659304022792,0.3144979774951935,48,left_finger,7,0.022573646157979965,0.00023388006957247853,0.0009045609585355829,1,follower_right,left_finger_positive,0.8,m
0.023511337432016235,positive,0.3177183270454407,-0.018979655578732494,0.3144982159137726,49,left_finger,7,0.022593189030885696,0.0002945942687802017,0.0009181484011305391,1,follower_right,left_finger_positive,0.8166666666666667,m
0.02354433606027412,positive,0.31771835684776306,-0.01897966489195824,0.31449827551841736,50,left_finger,7,0.022614100947976112,0.0003510031383484602,0.0009302351122980092,1,follower_right,left_finger_positive,0.8333333333333334,m
0.023577170079478512,positive,0.3177183270454407,-0.018979657441377643,0.3144981265068054,51,left_finger,7,0.022636156529188156,0.000394288741517812,0.0009410135502903559,1,follower_right,left_finger_positive,0.85,m
0.023609806567818706,positive,0.3177182972431183,-0.018979649990797046,0.3144981265068054,52,left_finger,7,0.02265899069607258,0.00042135489638894796,0.0009508158717461274,1,follower_right,left_finger_positive,0.8666666666666667,m
0.023642212603483998,positive,0.3177183270454407,-0.018979579210281376,0.31449827551841736,53,left_finger,7,0.022682223469018936,0.0004329820512793958,0.000959989134465062,1,follower_right,left_finger_positive,0.8833333333333333,m
0.0236743552646637,positive,0.3177183270454407,-0.018979597836732868,0.3144981861114502,54,left_finger,7,0.022705532610416412,0.00043238134821876884,0.000968822654247286,1,follower_right,left_finger_positive,0.9,m
0.023706201629547098,positive,0.3177182972431183,-0.018979530781507496,0.31449824571609497,55,left_finger,7,0.022728700190782547,0.0004231940256431699,0.0009775014387645511,1,follower_right,left_finger_positive,0.9166666666666666,m
0.023737718776323507,positive,0.3177183270454407,-0.01897956989705563,0.3144981265068054,56,left_finger,7,0.022751562297344208,0.00040882028406485915,0.0009861564789792991,1,follower_right,left_finger_positive,0.9333333333333333,m
0.023768873783182216,positive,0.3177182972431183,-0.01897951774299145,0.31449827551841736,57,left_finger,7,0.022774042561650276,0.0003921116585843265,0.0009948312215319402,1,follower_right,left_finger_positive,0.95,m
0.023799633728312532,positive,0.3177183270454407,-0.018979560583829883,0.3144981861114502,58,left_finger,7,0.02279612049460411,0.0003749714232981205,0.0010035132337084217,1,follower_right,left_finger_positive,0.9666666666666667,m
0.023829965689903754,positive,0.3177182972431183,-0.0189795196056366,0.3144982159137726,59,left_finger,7,0.022817786782979965,0.0003584279911592603,0.0010121789069237885,1,follower_right,left_finger_positive,0.9833333333333333,m
0.02385983674614518,positive,0.31771835684776306,-0.018979538232088092,0.31449824571609497,60,left_finger,7,0.022839074954390526,0.00034282857086509466,0.0010207617917546534,1,follower_right,left_finger_positive,1.0,m
0.02388921397522611,positive,0.3177182972431183,-0.01897949352860451,0.31449830532073975,61,left_finger,7,0.022860007360577583,0.0003279485390521586,0.0010292066146485278,1,follower_right,left_finger_positive,1.0166666666666666,m
0.02391806445533585,positive,0.3177183270454407,-0.018979534506797794,0.31449824571609497,62,left_finger,7,0.022880585864186287,0.0003135564038529992,0.0010374785911495647,1,follower_right,left_finger_positive,1.0333333333333334,m
0.023946355264663696,positive,0.3177182972431183,-0.018979512155056003,0.3144981861114502,63,left_finger,7,0.022900814190506935,0.0002991128130815923,0.0010455410741567611,1,follower_right,left_finger_positive,1.05,m
0.02397405348139895,positive,0.3177183270454407,-0.018979484215378765,0.31449824571609497,64,left_finger,7,0.022920692339539528,0.00028423196636140347,0.0010533611418594227,1,follower_right,left_finger_positive,1.0666666666666667,m
0.024001126183730914,positive,0.3177182972431183,-0.01897947303950787,0.31449830532073975,65,left_finger,7,0.022940203547477722,0.0002685766667127609,0.0010609226362531914,1,follower_right,left_finger_positive,1.0833333333333333,m
0.024027540449848884,positive,0.31771835684776306,-0.018979435786604885,0.3144981563091278,66,left_finger,7,0.022959329187870026,0.00025194912450388074,0.0010682112619788582,1,follower_right,left_finger_positive,1.1,m
0.02405326335794216,positive,0.31771838665008545,-0.01897947303950787,0.3144981861114502,67,left_finger,7,0.022978028282523155,0.0002340428181923926,0.0010752350754190051,1,follower_right,left_finger_positive,1.1166666666666667,m
0.02407826198620005,positive,0.31771838665008545,-0.01897946745157242,0.31449833512306213,68,left_finger,7,0.02299632877111435,0.00021639949409291148,0.0010819332150856995,1,follower_right,left_finger_positive,1.1333333333333333,m
0.024102503412811845,positive,0.3177182972431183,-0.018979484215378765,0.31449827551841736,69,left_finger,7,0.02301446534693241,0.00020625826437026262,0.0010880380658794334,1,follower_right,left_finger_positive,1.15,m
0.024125954715966853,positive,0.3177182674407959,-0.01897949166595936,0.3144981563091278,70,left_finger,7,0.0230324175208807,0.00019390275701880455,0.0010935371950861542,1,follower_right,left_finger_positive,1.1666666666666667,m
0.02414858297385437,positive,0.3177182972431183,-0.018979411572217945,0.3144982159137726,71,left_finger,7,0.023050133138895035,0.00017850054427981377,0.0010984498349593357,1,follower_right,left_finger_positive,1.1833333333333333,m
0.024170355264663698,positive,0.3177183270454407,-0.01897946931421757,0.3144982159137726,72,left_finger,7,0.023067574948072433,0.00016049202531576157,0.0011027803165912647,1,follower_right,left_finger_positive,1.2,m
0.02419123866658414,positive,0.3177182972431183,-0.01897942274808884,0.31449824571609497,73,left_finger,7,0.023084694519639015,0.0001398990862071514,0.0011065441469451237,1,follower_right,left_finger_positive,1.2166666666666666,m
0.024211200257804988,positive,0.3177183270454407,-0.01897944696247578,0.31449824571609497,74,left_finger,7,0.023101450875401497,0.00011685100616887212,0.001109749382403491,1,follower_right,left_finger_positive,1.2333333333333334,m
0.02423020711651555,positive,0.3177183270454407,-0.01897942088544369,0.31449833512306213,75,left_finger,7,0.023117808625102043,9.154062718153e-05,0.0011123984914135077,1,follower_right,left_finger_positive,1.25,m
0.024248226320905123,positive,0.3177183270454407,-0.01897945068776608,0.3144982159137726,76,left_finger,7,0.02313373237848282,6.401119753718376e-05,0.0011144939424223045,1,follower_right,left_finger_positive,1.2666666666666666,m
0.02426522494916301,positive,0.3177182972431183,-0.01897942274808884,0.3144982159137726,77,left_finger,7,0.02314917929470539,3.4374301321804523e-05,0.0011160456544576196,1,follower_right,left_finger_positive,1.2833333333333334,m
0.024281170079478512,positive,0.3177182972431183,-0.01897944509983063,0.31449824571609497,78,left_finger,7,0.02316412329673767,3.184389788657427e-05,0.001117046782740841,1,follower_right,left_finger_positive,1.3,m
0.024296028790040926,positive,0.3177182972431183,-0.018979409709572796,0.31449824571609497,79,left_finger,7,0.023178596049547195,3.1145522370934486e-05,0.0011174327404937304,1,follower_right,left_finger_positive,1.3166666666666667,m
0.024309768159039555,positive,0.3177183270454407,-0.018979452550411228,0.31449824571609497,80,left_finger,7,0.02319256030023098,3.0400813557207584e-05,0.0011172078588085749,1,follower_right,left_finger_positive,1.3333333333333333,m
0.024322355264663698,positive,0.3177182972431183,-0.018979411572217945,0.31449827551841736,81,left_finger,7,0.023205986246466637,2.9611896025016904e-05,0.001116369018197061,1,follower_right,left_finger_positive,1.35,m
0.024333757185102656,positive,0.3177183270454407,-0.018979452550411228,0.31449824571609497,82,left_finger,7,0.023218858987092972,2.9033864848315716e-05,0.0011148981980096846,1,follower_right,left_finger_positive,1.3666666666666667,m
0.024343940998545727,positive,0.3177182674407959,-0.01897945068776608,0.31449830532073975,83,left_finger,7,0.02323116920888424,2.891282201744616e-05,0.0011127717896614875,1,follower_right,left_finger_positive,1.3833333333333333,m
0.024352873783182218,positive,0.31771835684776306,-0.018979441374540332,0.31449824571609497,84,left_finger,7,0.02324293553829193,2.886017318814993e-05,0.0011099382448902864,1,follower_right,left_finger_positive,1.4,m
0.02436052261720142,positive,0.3177182972431183,-0.018979404121637348,0.3144982159137726,85,left_finger,7,0.023254157975316048,2.8831855161115527e-05,0.0011063646418853733,1,follower_right,left_finger_positive,1.4166666666666667,m
0.024366854578792643,positive,0.3177183270454407,-0.018979415297508243,0.31449824571609497,86,left_finger,7,0.023264825344085693,2.8805312467738986e-05,0.0011020292347069492,1,follower_right,left_finger_positive,1.4333333333333333,m
0.02437183674614518,positive,0.3177182972431183,-0.01897939667105675,0.31449827551841736,87,left_finger,7,0.023274928331375122,2.8782174922525883e-05,0.0010969084147700592,1,follower_right,left_finger_positive,1.45,m
0.024375436197448336,positive,0.3177183270454407,-0.018979433923959736,0.31449824571609497,88,left_finger,7,0.02328445576131344,2.875743666663766e-05,0.0010909804361348974,1,follower_right,left_finger_positive,1.4666666666666666,m
0.02437762001089141,positive,0.3177182674407959,-0.018979413434863094,0.3144981861114502,89,left_finger,7,0.02329340949654579,2.8731097700074315e-05,0.0010842105143456168,1,follower_right,left_finger_positive,1.4833333333333334,m
0.024378355264663698,positive,0.31771835684776306,-0.018979409709572796,0.3144981563091278,90,left_finger,7,0.02330184355378151,2.8701935661956668e-05,0.0010765117108821887,1,follower_right,left_finger_positive,1.5,m
