repeat,test,frame,time_s,waist,shoulder,elbow,forearm_roll,wrist_angle,wrist_rotate,gripper,left_finger,right_finger
0,waist_negative,1,0.016666666666666666,-0.0001982827961910516,-0.9597975611686707,1.1619582176208496,0.001220306963659823,-0.2907530963420868,5.851770310982829e-06,-2.2967778079419077e-07,0.049998559057712555,-0.05000145733356476
0,waist_negative,2,0.03333333333333333,-0.00075175566598773,-0.9599623084068298,1.1612615585327148,0.001300181495025754,-0.29319530725479126,8.206371603591833e-06,-3.175902918428619e-07,0.05002501234412193,-0.049972452223300934
0,waist_negative,3,0.05,-0.0017632932867854834,-0.9600473046302795,1.1606745719909668,0.0011399708455428481,-0.2952743172645569,1.5589444956276566e-05,-6.033592399035115e-07,0.050119560211896896,-0.04986710473895073
0,waist_negative,4,0.06666666666666667,-0.0024691554717719555,-0.9599456787109375,1.1614227294921875,0.0010976367630064487,-0.2960028052330017,1.7529315300635062e-05,-6.803771270824654e-07,0.05014362931251526,-0.0498230904340744
0,waist_negative,5,0.08333333333333333,-0.0033864807337522507,-0.9598861336708069,1.1613402366638184,0.001122001209296286,-0.2946363389492035,2.16878888750216e-05,-8.436238090325787e-07,0.05019906163215637,-0.049738846719264984
0,waist_negative,6,0.1,-0.00416433485224843,-0.959977924823761,1.1612670421600342,0.001124568865634501,-0.29567477107048035,2.2638738300884143e-05,-8.802631441540143e-07,0.05021196976304054,-0.04968925938010216
0,waist_negative,7,0.11666666666666667,-0.005032578483223915,-0.9599445462226868,1.1611360311508179,0.001086989650502801,-0.2964588403701782,2.4452207071590237e-05,-9.515441092844412e-07,0.05023656040430069,-0.04962044581770897
0,waist_negative,8,0.13333333333333333,-0.005842454265803099,-0.9599705338478088,1.161232352256775,0.001064848736859858,-0.2960241138935089,2.47313055297127e-05,-9.635482456360478e-07,0.05024531111121178,-0.049562226980924606
0,waist_negative,9,0.15,-0.006690209731459618,-0.9599236249923706,1.1613223552703857,0.001073656720109284,-0.29539746046066284,2.542736183386296e-05,-9.91385036286374e-07,0.050257015973329544,-0.04949616268277168
0,waist_negative,10,0.16666666666666666,-0.007515676785260439,-0.9599541425704956,1.1612766981124878,0.001085688010789454,-0.2955293357372284,2.5411134629393928e-05,-9.9067119663232e-07,0.050258152186870575,-0.049437347799539566
0,waist_negative,11,0.18333333333333332,-0.008352898061275482,-0.9599468111991882,1.1612112522125244,0.0010737832635641098,-0.29609915614128113,2.5302979338448495e-05,-9.86583700068877e-07,0.05025713890790939,-0.0493759922683239
0,waist_negative,12,0.2,-0.009183905087411404,-0.9599605798721313,1.1612141132354736,0.0010597690707072616,-0.2960336208343506,2.4838625904521905e-05,-9.690395472716773e-07,0.05025305226445198,-0.049316294491291046
0,waist_negative,13,0.21666666666666667,-0.010017693974077702,-0.9599395990371704,1.161283254623413,0.0010604825802147388,-0.2957124412059784,2.44535731326323e-05,-9.545333341520745e-07,0.05024920031428337,-0.04925902932882309
0,waist_negative,14,0.23333333333333334,-0.010851610451936722,-0.9599474668502808,1.1612740755081177,0.0010691271163523197,-0.29559633135795593,2.4105454940581694e-05,-9.41087989758671e-07,0.05024411156773567,-0.049206461757421494
0,waist_negative,15,0.25,-0.011684087105095387,-0.9599472284317017,1.1612441539764404,0.001067808480001986,-0.2958972156047821,2.3464925106964074e-05,-9.161764182863408e-07,0.05023854970932007,-0.049157410860061646
0,waist_negative,16,0.26666666666666666,-0.012518014758825302,-0.9599542617797852,1.16122305393219,0.0010602998081594706,-0.29596683382987976,2.2851927496958524e-05,-8.925161978368124e-07,0.050232090055942535,-0.04910900443792343
0,waist_negative,17,0.2833333333333333,-0.013350305147469044,-0.9599464535713196,1.161261796951294,0.001057986170053482,-0.2958405017852783,2.2275346054811962e-05,-8.703648859409441e-07,0.0502239391207695,-0.049061812460422516
0,waist_negative,18,0.3,-0.014184637926518917,-0.9599465727806091,1.1612656116485596,0.0010625116992741823,-0.2956917881965637,2.1773304979433306e-05,-8.509803137712879e-07,0.05021458864212036,-0.04901593178510666
0,waist_negative,19,0.31666666666666665,-0.015017128549516201,-0.9599472880363464,1.1612563133239746,0.0010640730615705252,-0.29581594467163086,2.131559631379787e-05,-8.332149263878819e-07,0.05020400136709213,-0.04897281154990196
0,waist_negative,20,0.3333333333333333,-0.015850983560085297,-0.9599507451057434,1.1612356901168823,0.00106071459595114,-0.29589778184890747,2.0886227503069676e-05,-8.166045404323086e-07,0.05019409582018852,-0.048932090401649475
0,waist_negative,21,0.35,-0.016683632507920265,-0.9599486589431763,1.1612515449523926,0.0010580542730167508,-0.29586854577064514,2.0484212654992007e-05,-8.011364229787432e-07,0.05018536373972893,-0.04889474809169769
0,waist_negative,22,0.36666666666666664,-0.01751752942800522,-0.9599471092224121,1.1612588167190552,0.0010597871150821447,-0.2957664132118225,1.9966193576692604e-05,-7.811136129021179e-07,0.050178758800029755,-0.04886036738753319
0,waist_negative,23,0.38333333333333336,-0.018350550904870033,-0.9599476456642151,1.1612578630447388,0.0010617934167385101,-0.295795202255249,1.931160113599617e-05,-7.555682373094896e-07,0.050173208117485046,-0.04882831126451492
0,waist_negative,24,0.4,-0.019184071570634842,-0.9599490761756897,1.161245346069336,0.0010610242607071996,-0.29585304856300354,1.867869468696881e-05,-7.308948397621862e-07,0.05016793683171272,-0.04879730939865112
0,waist_negative,25,0.4166666666666667,-0.02001708373427391,-0.959949254989624,1.1612489223480225,0.0010593464830890298,-0.2958613634109497,1.8163029380957596e-05,-7.108821478141181e-07,0.05016237497329712,-0.048767656087875366
0,waist_negative,26,0.43333333333333335,-0.020850546658039093,-0.959947943687439,1.1612547636032104,0.0010595977073535323,-0.2958083748817444,1.7734162611304782e-05,-6.942336199244892e-07,0.05015694722533226,-0.0487397238612175
0,waist_negative,27,0.45,-0.021683765575289726,-0.9599477052688599,1.1612563133239746,0.0010607506847009063,-0.29580000042915344,1.7371989088132977e-05,-6.801803351663693e-07,0.05015187710523605,-0.04871411621570587
0,waist_negative,28,0.4666666666666667,-0.022517111152410507,-0.9599485397338867,1.1612502336502075,0.0010606852592900395,-0.29583075642585754,1.7073571143555455e-05,-6.685666562589176e-07,0.05014742910861969,-0.04869098216295242
0,waist_negative,29,0.48333333333333334,-0.02335033379495144,-0.9599487781524658,1.1612485647201538,0.0010596512584015727,-0.2958478033542633,1.6789088476798497e-05,-6.575439215339429e-07,0.05014287307858467,-0.04866873845458031
0,waist_negative,30,0.5,-0.02418365702033043,-0.9599481821060181,1.1612526178359985,0.0010593001497909427,-0.295827180147171,1.6517869880772196e-05,-6.470091875598882e-07,0.0501382015645504,-0.04864714294672012
0,waist_negative,31,0.5166666666666667,-0.025016969069838524,-0.9599481821060181,1.1612545251846313,0.001059871632605791,-0.2958095669746399,1.625709410291165e-05,-6.368283607116609e-07,0.0501333512365818,-0.04862622171640396
0,waist_negative,32,0.5333333333333333,-0.025850284844636917,-0.9599482417106628,1.1612520217895508,0.0010601218091323972,-0.2958222031593323,1.6004491044441238e-05,-6.269791015256487e-07,0.050128333270549774,-0.04860595613718033
0,waist_negative,33,0.55,-0.026683587580919266,-0.9599486589431763,1.161250352859497,0.0010596723295748234,-0.2958373427391052,1.5740919479867443e-05,-6.167543915580609e-07,0.05012322589755058,-0.04858620837330818
0,waist_negative,34,0.5666666666666667,-0.027516895905137062,-0.9599483013153076,1.1612515449523926,0.0010593689512461424,-0.29583075642585754,1.5448906196979806e-05,-6.053775223335833e-07,0.05011807754635811,-0.048566754907369614
0,waist_negative,35,0.5833333333333334,-0.028350239619612694,-0.9599481225013733,1.161253571510315,0.0010596453212201595,-0.29581889510154724,1.5140484720177483e-05,-5.933877673669485e-07,0.05011286213994026,-0.04854761064052582
0,waist_negative,36,0.6,-0.029183564707636833,-0.9599480628967285,1.1612526178359985,0.0010599989909678698,-0.29582053422927856,1.4819539501331747e-05,-5.808622063341318e-07,0.050107575953006744,-0.04852877929806709
0,waist_negative,37,0.6166666666666667,-0.030016889795660973,-0.9599484801292419,1.1612510681152344,0.001059951027855277,-0.2958305776119232,1.4491933143290225e-05,-5.680157073584269e-07,0.05010225996375084,-0.04851023107767105
0,waist_negative,38,0.6333333333333333,-0.03085019625723362,-0.9599484801292419,1.161251425743103,0.0010597854852676392,-0.2958314120769501,1.4159934835333843e-05,-5.550264745579625e-07,0.05009692162275314,-0.0484919510781765
0,waist_negative,39,0.65,-0.0316835418343544,-0.9599483609199524,1.161252737045288,0.001059933565557003,-0.2958233952522278,1.3826926988258492e-05,-5.420350817075814e-07,0.050091590732336044,-0.048473943024873734
0,waist_negative,40,0.6666666666666666,-0.032516855746507645,-0.9599482417106628,1.1612528562545776,0.0010602548718452454,-0.2958213686943054,1.3492082871380262e-05,-5.289468845148804e-07,0.05008624866604805,-0.04845622926950455
0,waist_negative,41,0.6833333333333333,-0.033350199460983276,-0.9599483013153076,1.1612516641616821,0.0010603831615298986,-0.2958267629146576,1.3158309229766019e-05,-5.158887006473378e-07,0.05008092150092125,-0.048438772559165955
0,waist_negative,42,0.7,-0.03418350592255592,-0.9599484205245972,1.1612515449523926,0.0010603369446471334,-0.2958300709724426,1.2825318663090002e-05,-5.029020258007222e-07,0.050075601786375046,-0.048421576619148254
0,waist_negative,43,0.7166666666666667,-0.03501684218645096,-0.9599484205245972,1.1612519025802612,0.0010604164563119411,-0.2958260476589203,1.2495965165726375e-05,-4.899991381535074e-07,0.05007033795118332,-0.04840463399887085
0,waist_negative,44,0.7333333333333333,-0.0358501672744751,-0.9599482417106628,1.1612528562545776,0.0010606404393911362,-0.29582369327545166,1.2168412467872258e-05,-4.772138595399156e-07,0.050065089017152786,-0.048387955874204636
0,waist_negative,45,0.75,-0.036683499813079834,-0.9599482417106628,1.1612520217895508,0.001060853130184114,-0.29582422971725464,1.1844059372378979e-05,-4.6447388513115584e-07,0.05005986988544464,-0.04837151989340782
0,waist_negative,46,0.7666666666666667,-0.037516821175813675,-0.9599483609199524,1.1612521409988403,0.001060907612554729,-0.2958284616470337,1.1522980457812082e-05,-4.5198291331871587e-07,0.05005471408367157,-0.04835532233119011
0,waist_negative,47,0.7833333333333333,-0.03835013508796692,-0.9599483609199524,1.1612515449523926,0.0010609470773488283,-0.29582667350769043,1.123248875956051e-05,-4.4061673065698415e-07,0.050049588084220886,-0.048339515924453735
0,waist_negative,48,0.8,-0.039183471351861954,-0.9599483609199524,1.161252498626709,0.0010610338067635894,-0.2958260178565979,1.0965850378852338e-05,-4.301359695091378e-07,0.050044551491737366,-0.04832414537668228
0,waist_negative,49,0.8166666666666667,-0.04001676291227341,-0.9599483013153076,1.1612523794174194,0.0010611619800329208,-0.2958241403102875,1.072458235285012e-05,-4.2070510630765057e-07,0.05003958195447922,-0.048309359699487686
0,waist_negative,50,0.8333333333333334,-0.040850091725587845,-0.9599483013153076,1.1612521409988403,0.0010612033074721694,-0.29582613706588745,1.0522110642341431e-05,-4.12802137361723e-07,0.05003475397825241,-0.04829549789428711
0,waist_negative,51,0.85,-0.041683394461870193,-0.9599483609199524,1.1612519025802612,0.001061151036992669,-0.2958272695541382,1.0356047823734116e-05,-4.063550704813679e-07,0.05003007873892784,-0.048282768577337265
0,waist_negative,52,0.8666666666666667,-0.04251672327518463,-0.9599484205245972,1.1612520217895508,0.0010610974859446287,-0.29582634568214417,1.022338528855471e-05,-4.011719170193828e-07,0.05002560093998909,-0.04827123507857323
0,waist_negative,53,0.8833333333333333,-0.04335003346204758,-0.9599483609199524,1.1612521409988403,0.0010610821191221476,-0.29582536220550537,1.011956646834733e-05,-3.970696127453266e-07,0.05002134293317795,-0.04826092720031738
0,waist_negative,54,0.9,-0.04418336972594261,-0.9599483609199524,1.1612520217895508,0.0010610525496304035,-0.29582569003105164,1.0040045708592515e-05,-3.939826456189621e-07,0.0500173382461071,-0.04825182259082794
0,waist_negative,55,0.9166666666666666,-0.04501666873693466,-0.9599484205245972,1.1612520217895508,0.001060977578163147,-0.2958265244960785,9.979846254282165e-06,-3.9167809973150725e-07,0.050013571977615356,-0.048243846744298935
0,waist_negative,56,0.9333333333333333,-0.04585001990199089,-0.9599484205245972,1.1612519025802612,0.0010609253076836467,-0.29582616686820984,9.914136171573773e-06,-3.8915638356229465e-07,0.05001048743724823,-0.0482369139790535
0,waist_negative,57,0.95,-0.04668334126472473,-0.9599484205245972,1.1612519025802612,0.0010609045857563615,-0.2958260178565979,9.843020961852744e-06,-3.8643207744826213e-07,0.05000843480229378,-0.04823116213083267
0,waist_negative,58,0.9666666666666667,-0.047516677528619766,-0.9599484205245972,1.1612520217895508,0.001060900860466063,-0.29582592844963074,9.767312803887762e-06,-3.834341555375431e-07,0.050007544457912445,-0.048226673156023026
0,waist_negative,59,0.9833333333333333,-0.04835004732012749,-0.9599484205245972,1.1612520217895508,0.0010609680321067572,-0.2958258390426636,9.631811735744122e-06,-3.781495081511821e-07,0.050007760524749756,-0.04822308197617531
0,waist_negative,60,1.0,-0.04918335750699043,-0.9599484205245972,1.1612520217895508,0.0010610319441184402,-0.2958259582519531,9.495650374446996e-06,-3.7280446463228145e-07,0.05000848323106766,-0.04821993038058281
0,waist_positive,1,0.016666666666666666,0.00024155934806913137,-0.959797739982605,1.1619577407836914,0.0012313483748584986,-0.29075220227241516,-3.54917347067385e-06,1.3666493714481476e-07,0.04997580125927925,-0.05002521350979805
0,waist_positive,2,0.03333333333333333,0.0008183912141248584,-0.9599621295928955,1.161261796951294,0.001317742862738669,-0.2931954860687256,-7.35962839826243e-06,2.850588316505309e-07,0.04992520809173584,-0.050080012530088425
0,waist_positive,3,0.05,0.0018241965444758534,-0.960050106048584,1.1606755256652832,0.0011718948371708393,-0.2952762544155121,-1.4759009900444653e-05,5.722382070416643e-07,0.049828026443719864,-0.05019360035657883
0,waist_positive,4,0.06666666666666667,0.0025389548391103745,-0.9599460363388062,1.161422848701477,0.001133418409153819,-0.29600954055786133,-1.5623580111423507e-05,6.05813397669408e-07,0.04981953278183937,-0.050235163420438766
0,waist_positive,5,0.08333333333333333,0.0034525219816714525,-0.9598889350891113,1.161339521408081,0.0011676941066980362,-0.29462677240371704,-1.901888390420936e-05,7.38933067623293e-07,0.04978258162736893,-0.05032067000865936
0,waist_positive,6,0.1,0.004227224737405777,-0.9599784016609192,1.1612693071365356,0.001174634788185358,-0.2956705391407013,-1.9688106476678513e-05,7.650922952961992e-07,0.049783892929553986,-0.050383467227220535
0,waist_positive,7,0.11666666666666667,0.0051018367521464825,-0.9599469304084778,1.1611347198486328,0.001142503460869193,-0.2964487373828888,-2.1296615159371868e-05,8.281659802378272e-07,0.04977403208613396,-0.05046612769365311
0,waist_positive,8,0.13333333333333333,0.0059050205163657665,-0.9599720239639282,1.161232829093933,0.0011226970236748457,-0.296030730009079,-2.1346424546209164e-05,8.305381697937264e-07,0.049787115305662155,-0.05053352937102318
0,waist_positive,9,0.15,0.006760696414858103,-0.959926187992096,1.1613227128982544,0.0011352748842909932,-0.29539716243743896,-2.1814435967826284e-05,8.487517675348499e-07,0.04979345574975014,-0.05061124265193939
0,waist_positive,10,0.16666666666666666,0.007577270735055208,-0.9599552750587463,1.1612770557403564,0.001149835647083819,-0.29552340507507324,-2.141479853889905e-05,8.331213052770181e-07,0.049807410687208176,-0.05068007484078407
0,waist_positive,11,0.18333333333333332,0.008422797545790672,-0.9599491953849792,1.1612111330032349,0.0011395886540412903,-0.29609227180480957,-2.1047453628852963e-05,8.187068374354567e-07,0.04981686919927597,-0.05075349658727646
0,waist_positive,12,0.2,0.0092466427013278,-0.9599621891975403,1.1612135171890259,0.00112637085840106,-0.2960335314273834,-2.05157575692283e-05,7.980166856214055e-07,0.04983185604214668,-0.050818756222724915
0,waist_positive,13,0.21666666666666667,0.010087178088724613,-0.9599418044090271,1.161283016204834,0.0011284203501418233,-0.2957121729850769,-2.0181436411803588e-05,7.847970664442983e-07,0.04984501376748085,-0.05088244378566742
0,waist_positive,14,0.23333333333333334,0.010915005579590797,-0.959949254989624,1.1612741947174072,0.0011384317185729742,-0.2955917418003082,-1.95324591913959e-05,7.593687314511044e-07,0.049860093742609024,-0.05094083771109581
0,waist_positive,15,0.25,0.011752303689718246,-0.9599490761756897,1.161244511604309,0.0011379012139514089,-0.29589077830314636,-1.9032640921068378e-05,7.397532613140356e-07,0.049873873591423035,-0.05099840089678764
0,waist_positive,16,0.26666666666666666,0.012582501396536827,-0.9599559903144836,1.161223292350769,0.0011304847430437803,-0.2959636449813843,-1.822080412239302e-05,7.080545856297249e-07,0.04988888278603554,-0.051052313297986984
0,waist_positive,17,0.2833333333333333,0.013418156653642654,-0.9599484205245972,1.1612612009048462,0.0011284712236374617,-0.29583820700645447,-1.7606034816708416e-05,6.840145374553686e-07,0.049903325736522675,-0.051104508340358734
0,waist_positive,18,0.3,0.014249670319259167,-0.9599482417106628,1.161265254020691,0.001133539481088519,-0.2956898808479309,-1.6984311514534056e-05,6.596674211323261e-07,0.049917660653591156,-0.0511530339717865
0,waist_positive,19,0.31666666666666665,0.01508429553359747,-0.9599491357803345,1.1612565517425537,0.001135640311986208,-0.295811265707016,-1.6446461813757196e-05,6.385922119989118e-07,0.049929261207580566,-0.05119828134775162
0,waist_positive,20,0.3333333333333333,0.01591651141643524,-0.9599525332450867,1.1612352132797241,0.0011325542582198977,-0.2958928346633911,-1.5866489775362425e-05,6.159748977552226e-07,0.049938831478357315,-0.05123863369226456
0,waist_positive,21,0.35,0.016750741750001907,-0.9599507451057434,1.1612513065338135,0.0011298340978100896,-0.29586684703826904,-1.5107670151337516e-05,5.863496426172787e-07,0.049945492297410965,-0.05127588286995888
0,waist_positive,22,0.36666666666666664,0.017583386972546577,-0.9599488973617554,1.1612584590911865,0.0011315265437588096,-0.2957632839679718,-1.4371974430105183e-05,5.576632133852399e-07,0.04995108023285866,-0.051310524344444275
0,waist_positive,23,0.38333333333333336,0.018417125567793846,-0.9599491953849792,1.1612578630447388,0.0011335175950080156,-0.2957906723022461,-1.378557408315828e-05,5.348022114048945e-07,0.04995565116405487,-0.05134296417236328
0,waist_positive,24,0.4,0.01925002969801426,-0.959950864315033,1.1612446308135986,0.0011327062966302037,-0.29584890604019165,-1.3317117918631993e-05,5.164944241187186e-07,0.04995953291654587,-0.05137217417359352
0,waist_positive,25,0.4166666666666667,0.020083565264940262,-0.9599510431289673,1.1612485647201538,0.001130995573475957,-0.2958597242832184,-1.29442805700819e-05,5.019435889153101e-07,0.049962304532527924,-0.05139803886413574
0,waist_positive,26,0.43333333333333335,0.020916692912578583,-0.9599495530128479,1.1612542867660522,0.001131467055529356,-0.2958047091960907,-1.2652322766371071e-05,4.905376158603758e-07,0.049963850528001785,-0.051420267671346664
0,waist_positive,27,0.45,0.021750181913375854,-0.9599497318267822,1.1612563133239746,0.0011328468099236488,-0.29579585790634155,-1.226817494170973e-05,4.7554999582644086e-07,0.049963973462581635,-0.05144025757908821
0,waist_positive,28,0.4666666666666667,0.022583376616239548,-0.9599502086639404,1.1612499952316284,0.001132928067818284,-0.29582688212394714,-1.1872562936332542e-05,4.602123908625799e-07,0.04996402561664581,-0.051459308713674545
0,waist_positive,29,0.48333333333333334,0.02341674454510212,-0.9599506855010986,1.1612486839294434,0.0011319502955302596,-0.2958447337150574,-1.1506077498779632e-05,4.4597811665880727e-07,0.04996465519070625,-0.0514778196811676
0,waist_positive,30,0.5,0.024250013753771782,-0.9599500298500061,1.1612521409988403,0.001131705241277814,-0.2958233058452606,-1.1181725312781055e-05,4.333469121320377e-07,0.04996627941727638,-0.05149596557021141
0,waist_positive,31,0.5166666666666667,0.025083348155021667,-0.9599498510360718,1.1612541675567627,0.0011324218939989805,-0.2958066463470459,-1.090164550987538e-05,4.2247569354003645e-07,0.04996897280216217,-0.05151401832699776
0,waist_positive,32,0.5333333333333333,0.02591664344072342,-0.9599502682685852,1.1612521409988403,0.0011328118853271008,-0.2958186864852905,-1.064703883457696e-05,4.1255438532061817e-07,0.049972645938396454,-0.05153200775384903
0,waist_positive,33,0.55,0.026749959215521812,-0.9599502682685852,1.161250114440918,0.0011324494844302535,-0.2958327829837799,-1.0400810424471274e-05,4.0296490055879985e-07,0.049977097660303116,-0.05154988542199135
0,waist_positive,34,0.5666666666666667,0.027583276852965355,-0.9599499702453613,1.1612513065338135,0.0011321617057546973,-0.29582762718200684,-1.0166163519897964e-05,3.9384534034070384e-07,0.049982111901044846,-0.05156746879220009
0,waist_positive,35,0.5833333333333334,0.028416596353054047,-0.9599500298500061,1.1612530946731567,0.0011324184015393257,-0.2958160936832428,-9.947025318979286e-06,3.853201917536353e-07,0.0499873012304306,-0.05158451199531555
0,waist_positive,36,0.6,0.02924991585314274,-0.9599499702453613,1.1612522602081299,0.001132729696109891,-0.2958172857761383,-9.73983060248429e-06,3.7724589674326126e-07,0.049992240965366364,-0.05160066857933998
0,waist_positive,37,0.6166666666666667,0.030083226040005684,-0.95995032787323,1.161251187324524,0.0011326454114168882,-0.2958265542984009,-9.545146895106882e-06,3.696682426834741e-07,0.04999655485153198,-0.051615554839372635
0,waist_positive,38,0.6333333333333333,0.030916551128029823,-0.9599501490592957,1.1612513065338135,0.0011324455263093114,-0.29582682251930237,-9.367506208945997e-06,3.627547471296566e-07,0.04999992996454239,-0.051628850400447845
0,waist_positive,39,0.65,0.03174985200166702,-0.95995032787323,1.1612522602081299,0.0011325291125103831,-0.29582035541534424,-9.211990800395142e-06,3.567183455288614e-07,0.050002142786979675,-0.051640283316373825
0,waist_positive,40,0.6666666666666666,0.03258318826556206,-0.9599501490592957,1.1612523794174194,0.0011327489046379924,-0.2958190143108368,-9.084410521609243e-06,3.5177723134438565e-07,0.050003040581941605,-0.05164969339966774
0,waist_positive,41,0.6833333333333333,0.03341648355126381,-0.9599502682685852,1.1612515449523926,0.0011328404070809484,-0.2958228886127472,-8.989780326373875e-06,3.481068517885433e-07,0.05000261217355728,-0.051656968891620636
0,waist_positive,42,0.7,0.03424977511167526,-0.9599502086639404,1.1612516641616821,0.0011328643886372447,-0.29582539200782776,-8.97932295629289e-06,3.4767035117511114e-07,0.050001274794340134,-0.05166209861636162
0,waist_positive,43,0.7166666666666667,0.03508310765028,-0.9599505066871643,1.1612519025802612,0.0011329659027978778,-0.29582199454307556,-8.951426025305409e-06,3.465687541392981e-07,0.04999944940209389,-0.051666006445884705
0,waist_positive,44,0.7333333333333333,0.03591644763946533,-0.9599499702453613,1.161252498626709,0.0011331172427162528,-0.29582086205482483,-8.902285117073916e-06,3.44588954703795e-07,0.049997683614492416,-0.051669541746377945
0,waist_positive,45,0.75,0.03674977645277977,-0.9599502682685852,1.161251425743103,0.0011332416906952858,-0.2958211302757263,-8.844120202411432e-06,3.4232368761877296e-07,0.04999614134430885,-0.051672954112291336
0,waist_positive,46,0.7666666666666667,0.03758310526609421,-0.9599502086639404,1.1612520217895508,0.001133199781179428,-0.2958252429962158,-8.780866664892528e-06,3.398656645003939e-07,0.049994807690382004,-0.051676247268915176
0,waist_positive,47,0.7833333333333333,0.038416434079408646,-0.9599504470825195,1.161251425743103,0.0011332134017720819,-0.2958219647407532,-8.713834176887758e-06,3.3728659332155075e-07,0.04999368265271187,-0.05167943239212036
0,waist_positive,48,0.8,0.03924975171685219,-0.9599500298500061,1.1612523794174194,0.0011332751018926501,-0.2958223223686218,-8.662952495797072e-06,3.352728867866972e-07,0.04999285563826561,-0.051682520657777786
0,waist_positive,49,0.8166666666666667,0.04008306935429573,-0.95995032787323,1.161251425743103,0.0011333938455209136,-0.2958207428455353,-8.629492185718846e-06,3.3394309184586746e-07,0.049992479383945465,-0.0516856350004673
0,waist_positive,50,0.8333333333333334,0.04091639071702957,-0.9599501490592957,1.1612521409988403,0.0011334017617627978,-0.2958243191242218,-8.608639291196596e-06,3.3314111647086975e-07,0.04999256134033203,-0.051688797771930695
0,waist_positive,51,0.85,0.041749726980924606,-0.9599504470825195,1.1612515449523926,0.001133452053181827,-0.2958218455314636,-8.59291867527645e-06,3.3255258813369437e-07,0.049993034452199936,-0.051692016422748566
0,waist_positive,52,0.8666666666666667,0.04258304461836815,-0.9599500298500061,1.1612522602081299,0.0011335000162944198,-0.29582279920578003,-8.577107109886128e-06,3.3192100090673193e-07,0.04999382421374321,-0.051695264875888824
0,waist_positive,53,0.8833333333333333,0.04341639205813408,-0.9599503874778748,1.1612516641616821,0.0011335795279592276,-0.2958212196826935,-8.55787038744893e-06,3.3118226383521687e-07,0.0499948114156723,-0.05169855058193207
0,waist_positive,54,0.9,0.04424969479441643,-0.9599502086639404,1.1612521409988403,0.0011335761519148946,-0.29582345485687256,-8.530450941179879e-06,3.3018986300703546e-07,0.04999589920043945,-0.051701802760362625
0,waist_positive,55,0.9166666666666666,0.04508306458592415,-0.9599504470825195,1.161251425743103,0.0011335888411849737,-0.2958219349384308,-8.496165719407145e-06,3.2885466794141394e-07,0.04999701306223869,-0.05170502886176109
0,waist_positive,56,0.9333333333333333,0.0459163598716259,-0.9599500298500061,1.1612522602081299,0.0011335655581206083,-0.2958233058452606,-8.452988367935177e-06,3.2715584552533983e-07,0.049998097121715546,-0.05170818418264389
0,waist_positive,57,0.95,0.04674973338842392,-0.9599503874778748,1.1612515449523926,0.0011336030438542366,-0.29582083225250244,-8.404776053794194e-06,3.253333318298246e-07,0.049999117851257324,-0.05171126499772072
0,waist_positive,58,0.9666666666666667,0.04758303239941597,-0.9599500894546509,1.1612521409988403,0.001133567770011723,-0.2958235442638397,-8.349917152372655e-06,3.232186145396554e-07,0.05000007152557373,-0.05171426013112068
0,waist_positive,59,0.9833333333333333,0.0484163872897625,-0.9599504470825195,1.1612515449523926,0.0011335511226207018,-0.295821875333786,-8.293752216559369e-06,3.210205079540174e-07,0.050000958144664764,-0.05171717330813408
0,waist_positive,60,1.0,0.04924971982836723,-0.9599500298500061,1.1612522602081299,0.0011335094459354877,-0.2958231568336487,-8.235300811065827e-06,3.1872161798673915e-07,0.050001781433820724,-0.051719989627599716
0,shoulder_negative,1,0.016666666666666666,1.734410398057662e-05,-0.960847020149231,1.16218101978302,0.0012524115154519677,-0.29075974225997925,7.680027920287102e-07,-3.0824534036355544e-08,0.04998771846294403,-0.050012655556201935
0,shoulder_negative,2,0.03333333333333333,1.5714163964730687e-05,-0.9615027904510498,1.161107063293457,0.0013279416598379612,-0.2932564318180084,-1.5293554724848946e-06,5.9372382565925363e-08,0.049987293779850006,-0.0500132292509079
0,shoulder_negative,3,0.05,1.5862207874306478e-05,-0.9628691077232361,1.1606523990631104,0.0011595032410696149,-0.29546797275543213,-1.6163403415703215e-06,6.32048227089399e-08,0.049986954778432846,-0.05001362785696983
0,shoulder_negative,4,0.06666666666666667,1.5826952221686952e-05,-0.9633614420890808,1.1614267826080322,0.0011131007922813296,-0.2963506877422333,-6.443202096306777e-07,2.4816433352725653e-08,0.0499865785241127,-0.05001402273774147
0,shoulder_negative,5,0.08333333333333333,1.6008269085432403e-05,-0.9642410278320312,1.1613848209381104,0.0011392879532650113,-0.2947027385234833,-7.285255492206488e-07,2.8374573801670522e-08,0.04998615011572838,-0.05001450330018997
0,shoulder_negative,6,0.1,1.563858677400276e-05,-0.9650887846946716,1.1612637042999268,0.0011492565972730517,-0.2955881953239441,-8.888784464033961e-07,3.486493582727235e-08,0.04998583346605301,-0.050014909356832504
0,shoulder_negative,7,0.11666666666666667,1.5741539755254053e-05,-0.9659900069236755,1.1611226797103882,0.0011121301213279366,-0.2963270843029022,-9.616579745852505e-07,3.7918503892342414e-08,0.04998549818992615,-0.05001533403992653
0,shoulder_negative,8,0.13333333333333333,1.5622948922100477e-05,-0.9667408466339111,1.1612356901168823,0.0010895292507484555,-0.29620596766471863,-6.736258342243673e-07,2.66080828481563e-08,0.049985144287347794,-0.050015758723020554
0,shoulder_negative,9,0.15,1.576398608449381e-05,-0.9675984978675842,1.1613487005233765,0.0010975113837048411,-0.29552650451660156,-5.448490583148669e-07,2.1573669073404744e-08,0.04998478665947914,-0.05001620203256607
0,shoulder_negative,10,0.16666666666666666,1.5580968465656042e-05,-0.9684121608734131,1.1612825393676758,0.0011106214951723814,-0.29555830359458923,-6.121769047240377e-07,2.4265045084348458e-08,0.04998445510864258,-0.050016626715660095
0,shoulder_negative,11,0.18333333333333332,1.5592642739648e-05,-0.9692993760108948,1.1612170934677124,0.001100455760024488,-0.296030730009079,-6.780416015317314e-07,2.6959286358874124e-08,0.049984123557806015,-0.05001704394817352
0,shoulder_negative,12,0.2,1.5520754459430464e-05,-0.9700896143913269,1.1612281799316406,0.0010860776528716087,-0.2961425483226776,-5.639939786306059e-07,2.246412833528666e-08,0.04998379200696945,-0.05001746490597725
0,shoulder_negative,13,0.21666666666666667,1.556714232719969e-05,-0.9709404110908508,1.161296010017395,0.0010858175810426474,-0.29579639434814453,-4.7087860366445966e-07,1.8793448575138427e-08,0.04998345300555229,-0.05001789703965187
0,shoulder_negative,14,0.23333333333333334,1.549243097542785e-05,-0.9717506170272827,1.1612898111343384,0.0010940347565338016,-0.29568803310394287,-4.549954155663727e-07,1.8186600669878317e-08,0.049983132630586624,-0.0500183179974556
0,shoulder_negative,15,0.25,1.546359453641344e-05,-0.9726169109344482,1.161252737045288,0.0010931711876764894,-0.29587921500205994,-5.001187446396216e-07,2.000184196049304e-08,0.049982815980911255,-0.050018735229969025
0,shoulder_negative,16,0.26666666666666666,1.541532219562214e-05,-0.9734306931495667,1.1612378358840942,0.0010856421431526542,-0.29602694511413574,-4.563854929529043e-07,1.8318045746923417e-08,0.049982499331235886,-0.05001915246248245
0,shoulder_negative,17,0.2833333333333333,1.5414347217301838e-05,-0.9742752313613892,1.161271572113037,0.0010827459627762437,-0.295897513628006,-3.962272785429377e-07,1.5965490263170068e-08,0.04998219013214111,-0.05001957342028618
0,shoulder_negative,18,0.3,1.5379853721242398e-05,-0.9750910401344299,1.161281704902649,0.0010862663621082902,-0.29579079151153564,-3.560001573532645e-07,1.4357470767834002e-08,0.04998188093304634,-0.050019990652799606
0,shoulder_negative,19,0.31666666666666665,1.5342357073677704e-05,-0.9759420156478882,1.1612650156021118,0.0010876668384298682,-0.29583320021629333,-3.7157303722779034e-07,1.5026174082777288e-08,0.04998157173395157,-0.050020404160022736
0,shoulder_negative,20,0.3333333333333333,1.530540976091288e-05,-0.976767361164093,1.1612508296966553,0.0010843968484550714,-0.2959434688091278,-3.504388246255985e-07,1.4198178632796044e-08,0.049981266260147095,-0.050020813941955566
0,shoulder_negative,21,0.35,1.5283720131265e-05,-0.9776067733764648,1.1612623929977417,0.0010815165005624294,-0.29591432213783264,-3.1267708777704684e-07,1.2706953711472124e-08,0.04998096451163292,-0.0500212237238884
0,shoulder_negative,22,0.36666666666666664,1.5259198335115798e-05,-0.9784307479858398,1.16127347946167,0.0010822847252711654,-0.2958492338657379,-2.727717856032541e-07,1.1143967526550114e-08,0.049980662763118744,-0.05002163350582123
0,shoulder_negative,23,0.38333333333333336,1.522384445706848e-05,-0.9792715311050415,1.1612673997879028,0.001083445269614458,-0.295836478471756,-2.6699623845161113e-07,1.0929971594464405e-08,0.049980368465185165,-0.05002204328775406
0,shoulder_negative,24,0.4,1.519121815363178e-05,-0.9801023602485657,1.1612588167190552,0.001082211034372449,-0.2958979904651642,-2.511267211957602e-07,1.033220087265363e-08,0.04998007416725159,-0.05002244934439659
0,shoulder_negative,25,0.4166666666666667,1.5162345334829297e-05,-0.9809385538101196,1.1612603664398193,0.001080150599591434,-0.29590392112731934,-2.2526782572640514e-07,9.323937177896369e-09,0.04997977986931801,-0.050022855401039124
0,shoulder_negative,26,0.43333333333333335,1.5137509763007984e-05,-0.9817679524421692,1.161266803741455,0.0010797148570418358,-0.2958717942237854,-1.9263757167209405e-07,8.027547515609967e-09,0.049979496747255325,-0.05002325773239136
0,shoulder_negative,27,0.45,1.510582569608232e-05,-0.9826035499572754,1.1612673997879028,0.001080143847502768,-0.2958533465862274,-1.7492450865574938e-07,7.348039510191029e-09,0.04997921362519264,-0.05002366006374359
0,shoulder_negative,28,0.4666666666666667,1.5074744624143932e-05,-0.9834367632865906,1.1612619161605835,0.0010796814458444715,-0.2958752512931824,-1.594799243775924e-07,6.758782866711499e-09,0.04997893422842026,-0.05002405866980553
0,shoulder_negative,29,0.48333333333333334,1.5043950952531304e-05,-0.9842714071273804,1.1612604856491089,0.0010783690959215164,-0.29588958621025085,-1.3882910820939287e-07,5.957598858685742e-09,0.04997865483164787,-0.05002445727586746
0,shoulder_negative,30,0.5,1.5017203622846864e-05,-0.9851031303405762,1.1612629890441895,0.0010775423143059015,-0.29587769508361816,-1.120143124921924e-07,4.919445739659523e-09,0.04997837543487549,-0.0500248558819294
0,shoulder_negative,31,0.5166666666666667,1.4987213035055902e-05,-0.9859370589256287,1.161265254020691,0.001077408087439835,-0.29586315155029297,-9.001122691643104e-08,4.090432881298511e-09,0.049978107213974,-0.050025250762701035
0,shoulder_negative,32,0.5333333333333333,1.4957449820940383e-05,-0.9867703318595886,1.1612627506256104,0.0010771187953650951,-0.29586780071258545,-7.226686449257613e-08,3.4128919690346038e-09,0.04997783899307251,-0.05002564564347267
0,shoulder_negative,33,0.55,1.4926416042726487e-05,-0.9876047372817993,1.1612604856491089,0.001076267915777862,-0.2958775460720062,-5.373821210241658e-08,2.705843549222209e-09,0.04997757822275162,-0.05002603679895401
0,shoulder_negative,34,0.5666666666666667,1.4898369954607915e-05,-0.9884374141693115,1.1612612009048462,0.001075414358638227,-0.2958761155605316,-3.138424631288217e-08,1.8273009771974102e-09,0.049977321177721024,-0.05002642795443535
0,shoulder_negative,35,0.5833333333333334,1.4868964171910193e-05,-0.989270806312561,1.1612621545791626,0.0010749741923063993,-0.295866459608078,-9.920043453348626e-09,9.791392141522692e-10,0.04997706413269043,-0.05002681910991669
0,shoulder_negative,36,0.6,1.4839703908364754e-05,-0.9901043176651001,1.161261796951294,0.0010746087646111846,-0.2958652079105377,8.834440734517557e-09,2.5204194287198334e-10,0.049976810812950134,-0.05002720654010773
0,shoulder_negative,37,0.6166666666666667,1.4809403182880487e-05,-0.9909380674362183,1.1612601280212402,0.001073996420018375,-0.2958696782588959,2.77655658464937e-08,-4.6248294083284236e-10,0.04997655749320984,-0.05002759397029877
0,shoulder_negative,38,0.6333333333333333,1.4780483070353512e-05,-0.9917716979980469,1.1612600088119507,0.001073252409696579,-0.2958708703517914,4.772994088853011e-08,-1.2259557813365518e-09,0.04997630789875984,-0.05002797767519951
0,shoulder_negative,39,0.65,1.4751369235455059e-05,-0.9926047921180725,1.1612604856491089,0.001072674640454352,-0.2958666682243347,6.860837942213038e-08,-2.053603065377274e-09,0.049976058304309845,-0.05002836138010025
0,shoulder_negative,40,0.6666666666666666,1.47222017403692e-05,-0.9934385418891907,1.1612603664398193,0.0010722125880420208,-0.29586368799209595,8.821783126222726e-08,-2.8004456531505184e-09,0.049975812435150146,-0.05002874508500099
0,shoulder_negative,41,0.6833333333333333,1.469258677389007e-05,-0.9942717552185059,1.1612590551376343,0.0010716596152633429,-0.2958652973175049,1.0683373830033815e-07,-3.523207281475038e-09,0.04997556656599045,-0.050029125064611435
0,shoulder_negative,42,0.7,1.4663329238828737e-05,-0.9951056838035583,1.1612590551376343,0.0010709913913160563,-0.29586631059646606,1.2625423551071435e-07,-4.233320360924608e-09,0.04997532069683075,-0.05002950504422188
0,shoulder_negative,43,0.7166666666666667,1.4634481885877904e-05,-0.9959384799003601,1.161258578300476,0.0010704026790335774,-0.29586389660835266,1.4594357367059274e-07,-5.026684402054116e-09,0.04997507855296135,-0.05002988129854202
0,shoulder_negative,44,0.7333333333333333,1.4605216165364254e-05,-0.9967727065086365,1.1612586975097656,0.001069870893843472,-0.2958618104457855,1.6499791399837704e-07,-5.775284250830737e-09,0.04997483640909195,-0.05003025755286217
0,shoulder_negative,45,0.75,1.457632242818363e-05,-0.9976053237915039,1.1612579822540283,0.0010693169897422194,-0.2958623468875885,1.840750201154151e-07,-6.508610983502194e-09,0.04997459799051285,-0.05003063380718231
0,shoulder_negative,46,0.7666666666666667,1.454689754609717e-05,-0.9984394907951355,1.1612577438354492,0.0010687168687582016,-0.2958616018295288,2.0267950162633497e-07,-7.21555259985962e-09,0.049974359571933746,-0.05003101006150246
0,shoulder_negative,47,0.7833333333333333,1.4518290299747605e-05,-0.9992725849151611,1.1612576246261597,0.0010681310668587685,-0.29586097598075867,2.2238830865717318e-07,-7.932123402554225e-09,0.049974121153354645,-0.0500313863158226
0,shoulder_negative,48,0.8,1.4488997294392902e-05,-1.0001059770584106,1.161257266998291,0.0010675742523744702,-0.29585936665534973,2.4111488983180607e-07,-8.6353972861275e-09,0.04997388646006584,-0.050031762570142746
0,shoulder_negative,49,0.8166666666666667,1.4460233614954632e-05,-1.0009393692016602,1.1612567901611328,0.0010670103365555406,-0.29585880041122437,2.596266881482734e-07,-9.36341582047362e-09,0.04997365176677704,-0.05003213509917259
0,shoulder_negative,50,0.8333333333333334,1.4431169802264776e-05,-1.0017729997634888,1.1612563133239746,0.0010664217406883836,-0.29585859179496765,2.781050056910317e-07,-1.0077842560463068e-08,0.049973417073488235,-0.05003250762820244
0,shoulder_negative,51,0.85,1.4402542547031771e-05,-1.002606749534607,1.161256194114685,0.001065830234438181,-0.2958579361438751,2.9697787340410287e-07,-1.082202683022615e-08,0.04997318610548973,-0.050032880157232285
0,shoulder_negative,52,0.8666666666666667,1.4373716112459078e-05,-1.0034399032592773,1.161256194114685,0.001065261079929769,-0.2958570122718811,3.159111088280042e-07,-1.1563436430606089e-08,0.049972955137491226,-0.05003325268626213
0,shoulder_negative,53,0.8833333333333333,1.434493788110558e-05,-1.004273533821106,1.1612555980682373,0.0010647110175341368,-0.29585543274879456,3.340896910231095e-07,-1.2246543334981652e-08,0.04997272789478302,-0.05003362521529198
0,shoulder_negative,54,0.9,1.4316077795228921e-05,-1.0051066875457764,1.161255121231079,0.0010641288245096803,-0.2958558201789856,3.5220722338635824e-07,-1.2926493653253601e-08,0.049972500652074814,-0.050033994019031525
0,shoulder_negative,55,0.9166666666666666,1.4287372323451564e-05,-1.0059404373168945,1.1612542867660522,0.001063536386936903,-0.295854777097702,3.704328150888614e-07,-1.363265766940458e-08,0.04997227340936661,-0.05003436282277107
0,shoulder_negative,56,0.9333333333333333,1.4258770534070209e-05,-1.0067737102508545,1.1612547636032104,0.0010629448806867003,-0.29585450887680054,3.8871112906235794e-07,-1.4335665099451944e-08,0.0499720498919487,-0.05003472790122032
0,shoulder_negative,57,0.95,1.4230224223865662e-05,-1.0076074600219727,1.1612545251846313,0.001062409020960331,-0.2958521246910095,4.069150350005657e-07,-1.5049698376401466e-08,0.04997182637453079,-0.05003509297966957
0,shoulder_negative,58,0.9666666666666667,1.4201535122992937e-05,-1.0084404945373535,1.1612533330917358,0.0010618538362905383,-0.2958523631095886,4.249914695719781e-07,-1.5727847468838263e-08,0.04997160658240318,-0.05003545805811882
0,shoulder_negative,59,0.9833333333333333,1.4172875125950668e-05,-1.0092748403549194,1.1612532138824463,0.001061231130734086,-0.2958524823188782,4.4296785972619546e-07,-1.6394958279875027e-08,0.049971386790275574,-0.05003581941127777
0,shoulder_negative,60,1.0,1.414473899785662e-05,-1.0101076364517212,1.161252737045288,0.00106064195279032,-0.2958517372608185,4.6203277292988787e-07,-1.71244760593936e-08,0.049971166998147964,-0.05003618076443672
0,shoulder_positive,1,0.016666666666666666,1.753190917952452e-05,-0.958468496799469,1.1618002653121948,0.0011900827521458268,-0.2911686897277832,1.2072790696038282e-06,-4.8620876214044983e-08,0.04998765513300896,-0.05001271143555641
0,shoulder_positive,2,0.03333333333333333,1.5353474736912176e-05,-0.9581398963928223,1.1613701581954956,0.001298228045925498,-0.2933976352214813,-1.329920223724912e-06,5.1890935992560117e-08,0.04998723790049553,-0.050013259053230286
0,shoulder_positive,3,0.05,1.582627373863943e-05,-0.957091212272644,1.1606870889663696,0.001154972705990076,-0.2955484986305237,-1.2259947652637493e-06,4.8090353033103383e-08,0.049986883997917175,-0.0500137060880661
0,shoulder_positive,4,0.06666666666666667,1.5595953300362453e-05,-0.9563666582107544,1.1614131927490234,0.001114717568270862,-0.2960513234138489,-2.679549311324081e-07,1.0070367650882872e-08,0.04998647794127464,-0.05001414939761162
0,shoulder_positive,5,0.08333333333333333,1.6212810805882327e-05,-0.9553696513175964,1.1613128185272217,0.001140581676736474,-0.29454830288887024,3.340341834245919e-07,-1.3795480313660846e-08,0.049985986202955246,-0.050014689564704895
0,shoulder_positive,6,0.1,1.5628014807589352e-05,-0.9546746015548706,1.161306619644165,0.0011519413674250245,-0.2954157590866089,-1.566992580137594e-07,5.758283183610047e-09,0.049985554069280624,-0.050015222281217575
0,shoulder_positive,7,0.11666666666666667,1.587681435921695e-05,-0.9537441730499268,1.1611552238464355,0.0011239394079893827,-0.296151340007782,-1.1754724482671008e-07,4.336983217001489e-09,0.0499851256608963,-0.050015732645988464
0,shoulder_positive,8,0.13333333333333333,1.575108581164386e-05,-0.953014612197876,1.161240577697754,0.001105275470763445,-0.2958853244781494,9.218678087563603e-08,-3.930650027683669e-09,0.049984682351350784,-0.05001625046133995
0,shoulder_positive,9,0.15,1.6052999853855e-05,-0.9520871043205261,1.1613092422485352,0.0011104404693469405,-0.29541197419166565,4.3201282551308395e-07,-1.7426485143801074e-08,0.04998423904180527,-0.050016775727272034
0,shoulder_positive,10,0.16666666666666666,1.5843181245145388e-05,-0.9513055086135864,1.16128408908844,0.001123683643527329,-0.295375257730484,2.677978727660957e-07,-1.0834444452711978e-08,0.04998382180929184,-0.05001731216907501
0,shoulder_positive,11,0.18333333333333332,1.5948238797136582e-05,-0.950443685054779,1.1612391471862793,0.0011169619392603636,-0.29583704471588135,2.3043915575726714e-07,-9.300450187765819e-09,0.04998340457677841,-0.0500178337097168
0,shoulder_positive,12,0.2,1.589473322383128e-05,-0.949648380279541,1.1612282991409302,0.0011077184462919831,-0.2958069443702698,2.7968019367108354e-07,-1.1239075448088442e-08,0.04998299106955528,-0.05001835897564888
0,shoulder_positive,13,0.21666666666666667,1.6046340533648618e-05,-0.9487828612327576,1.1612825393676758,0.001106853480450809,-0.2956426739692688,4.5895782818661246e-07,-1.8366090870358676e-08,0.049982570111751556,-0.05001888796687126
0,shoulder_positive,14,0.23333333333333334,1.6002752090571448e-05,-0.9479612112045288,1.1612735986709595,0.0011145140742883086,-0.2954898476600647,4.5176733465268626e-07,-1.8046987904085654e-08,0.049982160329818726,-0.05001942440867424
0,shoulder_positive,15,0.25,1.6053691069828346e-05,-0.9471273422241211,1.1612638235092163,0.0011145949829369783,-0.29569435119628906,4.176318100235221e-07,-1.66641545007451e-08,0.049981750547885895,-0.05001995339989662
0,shoulder_positive,16,0.26666666666666666,1.6040594346122816e-05,-0.9462971687316895,1.1612402200698853,0.001111016608774662,-0.2957315146923065,4.4061289372621104e-07,-1.756934153718248e-08,0.049981337040662766,-0.0500204861164093
0,shoulder_positive,17,0.2833333333333333,1.612300366105046e-05,-0.9454630613327026,1.161270260810852,0.0011094845831394196,-0.2956916093826294,5.277861987451615e-07,-2.1013113027379404e-08,0.049980927258729935,-0.05002101883292198
0,shoulder_positive,18,0.3,1.613477616047021e-05,-0.9446234703063965,1.1612651348114014,0.0011129658669233322,-0.29558587074279785,5.658363306793035e-07,-2.250983222040759e-08,0.049980513751506805,-0.05002155527472496
0,shoulder_positive,19,0.31666666666666665,1.617230191186536e-05,-0.9437974691390991,1.1612683534622192,0.0011143689043819904,-0.2956557869911194,5.66792948575312e-07,-2.2510199926273344e-08,0.049980100244283676,-0.05002209171652794
0,shoulder_positive,20,0.3333333333333333,1.6186379070859402e-05,-0.9429599642753601,1.1612519025802612,0.0011135733220726252,-0.2956874370574951,5.848166892974405e-07,-2.3206135679743056e-08,0.049979690462350845,-0.050022631883621216
0,shoulder_positive,21,0.35,1.6234051145147532e-05,-0.942131519317627,1.1612645387649536,0.0011127280304208398,-0.2956874966621399,6.333042392725474e-07,-2.51810732265767e-08,0.049979276955127716,-0.05002317205071449
0,shoulder_positive,22,0.36666666666666664,1.6265830709016882e-05,-0.9412919282913208,1.161263346672058,0.0011141751892864704,-0.29563650488853455,6.75498768032412e-07,-2.6844986678042915e-08,0.04997886344790459,-0.05002371594309807
0,shoulder_positive,23,0.38333333333333336,1.629774305911269e-05,-0.9404637813568115,1.1612662076950073,0.0011154769454151392,-0.29565098881721497,6.948735062906053e-07,-2.757781736306697e-08,0.04997844621539116,-0.050024259835481644
0,shoulder_positive,24,0.4,1.6325400792993605e-05,-0.9396272301673889,1.1612592935562134,0.0011156880063936114,-0.29567113518714905,7.179620524766506e-07,-2.847732538668879e-08,0.04997802898287773,-0.05002480372786522
0,shoulder_positive,25,0.4166666666666667,1.6360243535018526e-05,-0.9387972354888916,1.1612625122070312,0.0011155848624184728,-0.29567569494247437,7.520416716033651e-07,-2.986789837677861e-08,0.049977611750364304,-0.05002535134553909
0,shoulder_positive,26,0.43333333333333335,1.639630863792263e-05,-0.937960684299469,1.161263346672058,0.0011162731098011136,-0.2956578731536865,7.901794560893904e-07,-3.13302450649644e-08,0.04997719079256058,-0.05002589896321297
0,shoulder_positive,27,0.45,1.642771348997485e-05,-0.9371297359466553,1.1612648963928223,0.0011172574013471603,-0.2956555187702179,8.173662990884623e-07,-3.2397263538541665e-08,0.04997676983475685,-0.05002644658088684
0,shoulder_positive,28,0.4666666666666667,1.645999145694077e-05,-0.9362950921058655,1.1612625122070312,0.0011178043205291033,-0.29566529393196106,8.442014518550423e-07,-3.346264776382668e-08,0.049976348876953125,-0.05002699792385101
0,shoulder_positive,29,0.48333333333333334,1.6491918358951807e-05,-0.935463011264801,1.1612625122070312,0.0011180877918377519,-0.2956697642803192,8.74945328632748e-07,-3.468650788818195e-08,0.0499759241938591,-0.050027549266815186
0,shoulder_positive,30,0.5,1.6527545085409656e-05,-0.934628963470459,1.161263346672058,0.001118575339205563,-0.29566502571105957,9.095273867387732e-07,-3.602581344352984e-08,0.049975503236055374,-0.050028104335069656
0,shoulder_positive,31,0.5166666666666667,1.656001404626295e-05,-0.9337958693504333,1.161264181137085,0.0011193131795153022,-0.29566091299057007,9.406647336618335e-07,-3.725794783804304e-08,0.04997507855296135,-0.05002865940332413
0,shoulder_positive,32,0.5333333333333333,1.659341069171205e-05,-0.9329626560211182,1.1612635850906372,0.0011199613800272346,-0.2956639528274536,9.694070968180313e-07,-3.839164364194403e-08,0.049974653869867325,-0.0500292144715786
0,shoulder_positive,33,0.55,1.6625659554847516e-05,-0.932129442691803,1.161263108253479,0.0011204213369637728,-0.29566776752471924,9.993610774472472e-07,-3.9586875999475524e-08,0.0499742329120636,-0.05002977326512337
0,shoulder_positive,34,0.5666666666666667,1.666017124080099e-05,-0.9312962889671326,1.1612637042999268,0.0011209046933799982,-0.29566705226898193,1.0311966889275936e-06,-4.08809022189871e-08,0.049973808228969574,-0.05003033205866814
0,shoulder_positive,35,0.5833333333333334,1.6693446013960056e-05,-0.9304628372192383,1.161264419555664,0.00112153182271868,-0.29566439986228943,1.0628239124343963e-06,-4.214768267729596e-08,0.04997338727116585,-0.050030894577503204
0,shoulder_positive,36,0.6,1.6726922694942914e-05,-0.9296296834945679,1.161264181137085,0.0011221779277548194,-0.29566478729248047,1.0926618188022985e-06,-4.333132608280721e-08,0.04997296631336212,-0.05003145709633827
0,shoulder_positive,37,0.6166666666666667,1.675978819548618e-05,-0.9287965297698975,1.161264181137085,0.0011227023787796497,-0.2956676781177521,1.1225048410778982e-06,-4.4530821696753264e-08,0.0499725416302681,-0.05003201961517334
0,shoulder_positive,38,0.6333333333333333,1.6793812392279506e-05,-0.9279630184173584,1.1612639427185059,0.0011232157703489065,-0.295667827129364,1.153644006990362e-06,-4.582942381148314e-08,0.04997211694717407,-0.050032585859298706
0,shoulder_positive,39,0.65,1.6827398212626576e-05,-0.9271300435066223,1.1612640619277954,0.001123778522014618,-0.29566720128059387,1.1854301646962995e-06,-4.708964951305461e-08,0.04997168853878975,-0.05003315210342407
0,shoulder_positive,40,0.6666666666666666,1.686146242718678e-05,-0.9262964129447937,1.1612645387649536,0.0011243572225794196,-0.295667439699173,1.2168960665803752e-06,-4.8346922909559e-08,0.049971260130405426,-0.05003372207283974
0,shoulder_positive,41,0.6833333333333333,1.689482814981602e-05,-0.9254636168479919,1.1612646579742432,0.0011249640956521034,-0.29566696286201477,1.2474936283979332e-06,-4.957079724476898e-08,0.0499708354473114,-0.0500342920422554
0,shoulder_positive,42,0.7,1.6928703189478256e-05,-0.9246301054954529,1.1612645387649536,0.0011255218414589763,-0.2956685721874237,1.2787472769559827e-06,-5.082150167368127e-08,0.04997040703892708,-0.050034862011671066
0,shoulder_positive,43,0.7166666666666667,1.6962289009825327e-05,-0.923797070980072,1.161264419555664,0.001126064220443368,-0.29566898941993713,1.3099312354825088e-06,-5.204977071571193e-08,0.049969978630542755,-0.05003543570637703
0,shoulder_positive,44,0.7333333333333333,1.6996520571410656e-05,-0.9229636192321777,1.1612650156021118,0.0011266120709478855,-0.2956692576408386,1.3421114317679894e-06,-5.329948393750783e-08,0.049969546496868134,-0.05003600940108299
0,shoulder_positive,45,0.75,1.7030286471708678e-05,-0.9221305251121521,1.1612645387649536,0.0011272248812019825,-0.2956681251525879,1.373294367112976e-06,-5.455903462348033e-08,0.04996911436319351,-0.050036586821079254
0,shoulder_positive,46,0.7666666666666667,1.7064261555788107e-05,-0.9212971925735474,1.1612651348114014,0.0011277657467871904,-0.2956704795360565,1.4048347338757594e-06,-5.583635243056051e-08,0.04996868222951889,-0.050037164241075516
0,shoulder_positive,47,0.7833333333333333,1.7098267562687397e-05,-0.9204639196395874,1.1612646579742432,0.0011283420026302338,-0.2956693470478058,1.4361201010615332e-06,-5.7096656291832915e-08,0.04996824637055397,-0.05003774166107178
0,shoulder_positive,48,0.8,1.7132328139268793e-05,-0.9196305871009827,1.1612651348114014,0.001128894160501659,-0.295670747756958,1.4675058537250152e-06,-5.836794514380017e-08,0.04996781051158905,-0.05003832280635834
0,shoulder_positive,49,0.8166666666666667,1.7166485122288577e-05,-0.9187976121902466,1.1612651348114014,0.00112947728484869,-0.29567021131515503,1.4990600902820006e-06,-5.964747629150224e-08,0.04996737465262413,-0.0500389039516449
0,shoulder_positive,50,0.8333333333333334,1.7200540241901763e-05,-0.9179641008377075,1.1612650156021118,0.0011300417827442288,-0.2956710457801819,1.530430949969741e-06,-6.091917015282888e-08,0.04996693506836891,-0.050039488822221756
0,shoulder_positive,51,0.85,1.7234771803487092e-05,-0.9171310067176819,1.16126549243927,0.0011305975494906306,-0.2956714928150177,1.5623854778823443e-06,-6.217187831225601e-08,0.04996649548411369,-0.050040073692798615
0,shoulder_positive,52,0.8666666666666667,1.726905429677572e-05,-0.9162976145744324,1.16126549243927,0.0011311842827126384,-0.29567110538482666,1.5940058801788837e-06,-6.344892966581028e-08,0.049966052174568176,-0.05004066228866577
0,shoulder_positive,53,0.8833333333333333,1.7303176718996838e-05,-0.9154647588729858,1.1612656116485596,0.001131756347604096,-0.2956719398498535,1.6258079540421022e-06,-6.471908164940032e-08,0.04996561259031296,-0.05004125088453293
0,shoulder_positive,54,0.9,1.7337622921331786e-05,-0.9146309494972229,1.161265254020691,0.0011323030339553952,-0.29567286372184753,1.6579671182626043e-06,-6.601187862997904e-08,0.04996517300605774,-0.050041839480400085
0,shoulder_positive,55,0.9166666666666666,1.7372147340211086e-05,-0.9137982726097107,1.1612659692764282,0.0011328560067340732,-0.2956734895706177,1.6900285118026659e-06,-6.732894064498396e-08,0.04996472969651222,-0.05004243180155754
0,shoulder_positive,56,0.9333333333333333,1.740729931043461e-05,-0.9129655957221985,1.1612663269042969,0.0011334463488310575,-0.29567432403564453,1.721273292787373e-06,-6.860378931605737e-08,0.0499642938375473,-0.050043024122714996
0,shoulder_positive,57,0.95,1.7441630916437134e-05,-0.9121328592300415,1.1612653732299805,0.0011340031633153558,-0.2956770062446594,1.7517440937808715e-06,-6.982315170489528e-08,0.049963854253292084,-0.05004362016916275
0,shoulder_positive,58,0.9666666666666667,1.7476526409154758e-05,-0.9113001823425293,1.1612662076950073,0.001134455087594688,-0.29568079113960266,1.7834664731708472e-06,-7.110877930927018e-08,0.049963418394327164,-0.050044216215610504
0,shoulder_positive,59,0.9833333333333333,1.7511853002361022e-05,-0.910467267036438,1.1612656116485596,0.001135016791522503,-0.2956790030002594,1.8145228750654496e-06,-7.234056909055653e-08,0.04996298626065254,-0.05004481226205826
0,shoulder_positive,60,1.0,1.7546357412356883e-05,-0.9096347689628601,1.161266565322876,0.0011355530004948378,-0.29568010568618774,1.8454405790180317e-06,-7.360273457379662e-08,0.04996256157755852,-0.05004541203379631
0,elbow_negative,1,0.016666666666666666,1.742775202728808e-05,-0.959850549697876,1.1624611616134644,0.0011955909430980682,-0.29113277792930603,1.1464737781352596e-06,-4.62407676593557e-08,0.04998770356178284,-0.05001267045736313
0,elbow_negative,2,0.03333333333333333,1.559426345920656e-05,-0.9599045515060425,1.1607197523117065,0.001373023260384798,-0.2921569049358368,-1.4518172974931076e-06,5.6492261535368016e-08,0.04998738691210747,-0.050013136118650436
0,elbow_negative,3,0.05,1.5690489817643538e-05,-0.9600611329078674,1.158983826637268,0.0012083890615031123,-0.29521456360816956,-1.6291193105644197e-06,6.387006123986794e-08,0.04998702183365822,-0.05001355707645416
0,elbow_negative,4,0.06666666666666667,1.54715253302129e-05,-0.9599708318710327,1.1589466333389282,0.0011121123097836971,-0.29674333333969116,-1.0474988130226848e-06,4.0892331298891804e-08,0.04998662322759628,-0.05001398175954819
0,elbow_negative,5,0.08333333333333333,1.5770279787830077e-05,-0.9598518013954163,1.1581552028656006,0.0011307618115097284,-0.29459434747695923,-7.774399364279816e-07,3.040620910610414e-08,0.049986179918050766,-0.05001447722315788
0,elbow_negative,6,0.1,1.5378445823444054e-05,-0.9599520564079285,1.1572813987731934,0.0011597388656809926,-0.29501447081565857,-1.0162084436160512e-06,4.004733966667118e-08,0.0499858595430851,-0.05001489818096161
0,elbow_negative,7,0.11666666666666667,1.5464509488083422e-05,-0.9599507451057434,1.1562057733535767,0.0011297923047095537,-0.2961195707321167,-1.1649008229142055e-06,4.612758885969015e-08,0.04998552426695824,-0.050015322864055634
0,elbow_negative,8,0.13333333333333333,1.5314808479161002e-05,-0.9599687457084656,1.1554608345031738,0.0010938040213659406,-0.2962915003299713,-9.550593631502124e-07,3.796557379587284e-08,0.04998517036437988,-0.05001575127243996
0,elbow_negative,9,0.15,1.5526522474829108e-05,-0.9598981142044067,1.1547675132751465,0.0010951622389256954,-0.2954920530319214,-6.810512331867358e-07,2.7138232994161626e-08,0.04998478293418884,-0.050016194581985474
0,elbow_negative,10,0.16666666666666666,1.5348663509939797e-05,-0.9599270224571228,1.1539150476455688,0.0011159729911014438,-0.2951686680316925,-7.556080277026922e-07,3.018633165652318e-08,0.049984436482191086,-0.05001663416624069
0,elbow_negative,11,0.18333333333333332,1.537239586468786e-05,-0.959933340549469,1.152979850769043,0.0011131154606118798,-0.2957722246646881,-8.511733540217392e-07,3.405445880844127e-08,0.04998411610722542,-0.05001705512404442
0,elbow_negative,12,0.2,1.528472603240516e-05,-0.9599515199661255,1.1521294116973877,0.0010942990193143487,-0.2960411012172699,-8.059600986598525e-07,3.234595524759243e-08,0.049983784556388855,-0.05001748725771904
0,elbow_negative,13,0.21666666666666667,1.538258402433712e-05,-0.9599180817604065,1.151376724243164,0.0010891815181821585,-0.29574668407440186,-6.393972853402374e-07,2.5753553956064934e-08,0.049983441829681396,-0.05001792311668396
0,elbow_negative,14,0.23333333333333334,1.5319164958782494e-05,-0.9599207043647766,1.1505566835403442,0.0010999430669471622,-0.2953976094722748,-6.229708446880977e-07,2.5154607286026476e-08,0.049983102828264236,-0.05001835897564888
0,elbow_negative,15,0.25,1.5318000805564225e-05,-0.9599254131317139,1.1496868133544922,0.0011043769773095846,-0.29562804102897644,-6.63205298678804e-07,2.6762283056314118e-08,0.04998277872800827,-0.0500187873840332
0,elbow_negative,16,0.26666666666666666,1.526474989077542e-05,-0.9599376320838928,1.1488147974014282,0.0010964761022478342,-0.29584020376205444,-6.692450824630214e-07,2.703935209069641e-08,0.049982450902462006,-0.050019219517707825
0,elbow_negative,17,0.2833333333333333,1.530050030851271e-05,-0.9599245190620422,1.148017406463623,0.0010907649993896484,-0.29579082131385803,-5.772325835096126e-07,2.3416911076878932e-08,0.04998212307691574,-0.050019651651382446
0,elbow_negative,18,0.3,1.528196662547998e-05,-0.9599200487136841,1.1472034454345703,0.0010947393020614982,-0.29555773735046387,-5.313566475706466e-07,2.1665812255378114e-08,0.04998179152607918,-0.050020087510347366
0,elbow_negative,19,0.31666666666666665,1.5273808458005078e-05,-0.9599214196205139,1.146361231803894,0.001099404995329678,-0.29559630155563354,-5.343321731743345e-07,2.176753000071585e-08,0.04998147860169411,-0.05002051591873169
0,elbow_negative,20,0.3333333333333333,1.5239789718179964e-05,-0.9599279165267944,1.1454964876174927,0.0010971385054290295,-0.2957178056240082,-5.455702876133728e-07,2.2280064015944845e-08,0.04998116195201874,-0.05002094432711601
0,elbow_negative,21,0.35,1.5247345800162293e-05,-0.9599244594573975,1.1446771621704102,0.001093140454031527,-0.2957613170146942,-4.931890771331382e-07,2.0205620288038517e-08,0.04998084157705307,-0.050021376460790634
0,elbow_negative,22,0.36666666666666664,1.5240671018545981e-05,-0.9599195122718811,1.1438555717468262,0.0010937891202047467,-0.29563280940055847,-4.4954202849112335e-07,1.849992514735277e-08,0.049980528652668,-0.050021808594465256
0,elbow_negative,23,0.38333333333333336,1.5232412806653883e-05,-0.9599189162254333,1.1430257558822632,0.0010968169663101435,-0.29560884833335876,-4.308505197059276e-07,1.776488289806366e-08,0.049980226904153824,-0.05002223700284958
0,elbow_negative,24,0.4,1.5211106074275449e-05,-0.959921658039093,1.1421740055084229,0.0010969095164909959,-0.2956637144088745,-4.3187588971704827e-07,1.7795196427528026e-08,0.04997992143034935,-0.0500226654112339
0,elbow_negative,25,0.4166666666666667,1.5204836017801426e-05,-0.9599215984344482,1.1413416862487793,0.0010946884285658598,-0.29571372270584106,-4.0254786881632754e-07,1.666014881607225e-08,0.049979619681835175,-0.050023093819618225
0,elbow_negative,26,0.43333333333333335,1.520026671641972e-05,-0.959918200969696,1.1405150890350342,0.001094141392968595,-0.29566067457199097,-3.6531821479002247e-07,1.5184875579166146e-08,0.0499793216586113,-0.05002352595329285
0,elbow_negative,27,0.45,1.5192107639450114e-05,-0.9599169492721558,1.1396867036819458,0.0010956795886158943,-0.2956236004829407,-3.391592997559201e-07,1.4174982965187155e-08,0.04997902363538742,-0.05002395436167717
0,elbow_negative,28,0.4666666666666667,1.5177758541540243e-05,-0.9599174857139587,1.1388453245162964,0.0010964061366394162,-0.2956412136554718,-3.282586931163678e-07,1.3797105680168897e-08,0.04997873678803444,-0.05002438277006149
0,elbow_negative,29,0.48333333333333334,1.5166790944931563e-05,-0.9599180221557617,1.1380082368850708,0.001095455838367343,-0.2956751883029938,-3.080534440869087e-07,1.2993427667140622e-08,0.04997844994068146,-0.05002480745315552
0,elbow_negative,30,0.5,1.516065913165221e-05,-0.9599162936210632,1.1371783018112183,0.001094719860702753,-0.2956615388393402,-2.7747913122766477e-07,1.1800867838474005e-08,0.049978163093328476,-0.05002523213624954
0,elbow_negative,31,0.5166666666666667,1.5152526430028956e-05,-0.95991450548172,1.1363482475280762,0.0010953204473480582,-0.2956309914588928,-2.508841419057717e-07,1.0744062528544873e-08,0.049977876245975494,-0.05002565681934357
0,elbow_negative,32,0.5333333333333333,1.5141207768465392e-05,-0.9599142074584961,1.1355124711990356,0.001096007996238768,-0.29563117027282715,-2.3370640178654867e-07,1.0047120468925641e-08,0.04997759312391281,-0.05002608150243759
0,elbow_negative,33,0.55,1.512983908469323e-05,-0.9599142670631409,1.1346749067306519,0.0010957387275993824,-0.2956491708755493,-2.1523798920952686e-07,9.351824203918113e-09,0.04997731372714043,-0.050026506185531616
0,elbow_negative,34,0.5666666666666667,1.5121652722882573e-05,-0.959913432598114,1.1338427066802979,0.0010951783042401075,-0.2956511378288269,-1.895733419132739e-07,8.341913826370728e-09,0.04997703433036804,-0.05002693086862564
0,elbow_negative,35,0.5833333333333334,1.5113524568732828e-05,-0.9599118828773499,1.1330113410949707,0.0010953013552352786,-0.29563164710998535,-1.6325398632943688e-07,7.327181084093581e-09,0.04997675493359566,-0.050027355551719666
0,elbow_negative,36,0.6,1.5103338228072971e-05,-0.9599114656448364,1.1321775913238525,0.0010957742342725396,-0.29562458395957947,-1.419759598775272e-07,6.50717346672991e-09,0.04997647553682327,-0.05002778023481369
0,elbow_negative,37,0.6166666666666667,1.5092618014023174e-05,-0.9599112272262573,1.131341576576233,0.00109579274430871,-0.2956324815750122,-1.2284928629924252e-07,5.783295620176432e-09,0.049976199865341187,-0.050028204917907715
0,elbow_negative,38,0.6333333333333333,1.5083079233590979e-05,-0.9599105715751648,1.1305075883865356,0.001095463172532618,-0.29563650488853455,-9.97484121967318e-08,4.871867798073026e-09,0.0499759241938591,-0.05002862960100174
0,elbow_negative,39,0.65,1.5074606380949263e-05,-0.9599093794822693,1.129675269126892,0.0010953989112749696,-0.2956271767616272,-7.524845102580002e-08,3.934257364335281e-09,0.04997565224766731,-0.050029054284095764
0,elbow_negative,40,0.6666666666666666,1.5064905710460152e-05,-0.9599084258079529,1.1288422346115112,0.0010956445476040244,-0.2956189811229706,-5.29998303022694e-08,3.0598661382441605e-09,0.049975380301475525,-0.05002947896718979
0,elbow_negative,41,0.6833333333333333,1.5054591131047346e-05,-0.9599080681800842,1.128007173538208,0.001095772022381425,-0.29561975598335266,-3.288396754896894e-08,2.275858612676984e-09,0.049975112080574036,-0.050029903650283813
0,elbow_negative,42,0.7,1.504474948887946e-05,-0.9599075317382812,1.127172827720642,0.001095611834898591,-0.29562366008758545,-1.1017995404927206e-08,1.4439418549727634e-09,0.049974843859672546,-0.05003032833337784
0,elbow_negative,43,0.7166666666666667,1.5035678188723978e-05,-0.9599066972732544,1.1263394355773926,0.001095492742024362,-0.2956191599369049,1.226467816195509e-08,5.106755018857712e-10,0.04997457563877106,-0.05003075301647186
0,elbow_negative,44,0.7333333333333333,1.5026323126221541e-05,-0.9599059224128723,1.1255067586898804,0.0010955843608826399,-0.2956128716468811,3.490556110818943e-08,-3.94047905416528e-10,0.049974311143159866,-0.05003117024898529
0,elbow_negative,45,0.75,1.5016315046523232e-05,-0.9599050283432007,1.124672293663025,0.0010957157937809825,-0.29560956358909607,5.575904538090981e-08,-1.2238863256186505e-09,0.049974046647548676,-0.05003158748149872
0,elbow_negative,46,0.7666666666666667,1.5006057765276637e-05,-0.9599047899246216,1.123837947845459,0.0010957049671560526,-0.2956131398677826,7.65871064345447e-08,-2.059411752242113e-09,0.049973782151937485,-0.050032004714012146
0,elbow_negative,47,0.7833333333333333,1.4996570826042444e-05,-0.9599039554595947,1.1230032444000244,0.0010955739999189973,-0.2956136167049408,9.811655132807573e-08,-2.877987625993228e-09,0.049973517656326294,-0.050032421946525574
0,elbow_negative,48,0.8,1.4986921996751335e-05,-0.9599034786224365,1.122170090675354,0.0010955200996249914,-0.29561173915863037,1.2086761103091703e-07,-3.761877032104621e-09,0.0499732531607151,-0.050032839179039
0,elbow_negative,49,0.8166666666666667,1.4977469618315808e-05,-0.959902822971344,1.1213363409042358,0.0010955765610560775,-0.2956078052520752,1.4212881183084392e-07,-4.6040966594773636e-09,0.04997298866510391,-0.05003325641155243
0,elbow_negative,50,0.8333333333333334,1.4967145943955984e-05,-0.9599022269248962,1.1205017566680908,0.001095618586987257,-0.29560792446136475,1.629975798778105e-07,-5.403217429034157e-09,0.04997272416949272,-0.05003367364406586
0,elbow_negative,51,0.85,1.4957450730435085e-05,-0.9599018692970276,1.119667410850525,0.0010955422185361385,-0.29560956358909607,1.8406619517463696e-07,-6.221929638172696e-09,0.04997245967388153,-0.050034090876579285
0,elbow_negative,52,0.8666666666666667,1.4947761883377098e-05,-0.9599014520645142,1.1188342571258545,0.0010954532772302628,-0.29560792446136475,2.0562778502153378e-07,-7.088032383251175e-09,0.04997219890356064,-0.05003450810909271
0,elbow_negative,53,0.8833333333333333,1.4938123058527708e-05,-0.9599009156227112,1.117999792098999,0.001095494139008224,-0.2956030070781708,2.2703170543536544e-07,-7.933616430477741e-09,0.049971938133239746,-0.05003492534160614
0,elbow_negative,54,0.9,1.4927979464118835e-05,-0.9599007368087769,1.11716628074646,0.0010955118341371417,-0.29560431838035583,2.477865734817897e-07,-8.735336010090577e-09,0.04997168108820915,-0.05003534257411957
0,elbow_negative,55,0.9166666666666666,1.4918115994078107e-05,-0.9599003791809082,1.1163311004638672,0.0010954528115689754,-0.2956029772758484,2.682011768229131e-07,-9.54947765308134e-09,0.04997142776846886,-0.050035759806632996
0,elbow_negative,56,0.9333333333333333,1.4908253433532082e-05,-0.9599000215530396,1.1154975891113281,0.0010953742312267423,-0.2956041097640991,2.897890851727425e-07,-1.0371538294862148e-08,0.04997117444872856,-0.05003617703914642
0,elbow_negative,57,0.95,1.4898775589244906e-05,-0.9598993062973022,1.1146636009216309,0.0010953245218843222,-0.2955990731716156,3.109541921730852e-07,-1.1211934491939246e-08,0.049970921128988266,-0.05003659427165985
0,elbow_negative,58,0.9666666666666667,1.4888799341861159e-05,-0.9598990082740784,1.1138304471969604,0.00109535560477525,-0.2955951988697052,3.3177539648932e-07,-1.2013283701151067e-08,0.04997066780924797,-0.05003701150417328
0,elbow_negative,59,0.9833333333333333,1.4878983165544923e-05,-0.959898829460144,1.112996220588684,0.0010953906457871199,-0.295591801404953,3.5214031868235907e-07,-1.279004369081349e-08,0.049970414489507675,-0.050037432461977005
0,elbow_negative,60,1.0,1.4868737707729451e-05,-0.9598981142044067,1.1121625900268555,0.0010953409364446998,-0.29559117555618286,3.731119875283184e-07,-1.3601578530142433e-08,0.04997016116976738,-0.05003785341978073
0,elbow_positive,1,0.016666666666666666,1.728226925479248e-05,-0.960009753704071,1.164498209953308,0.001078749424777925,-0.2921294867992401,1.0353484185543493e-06,-4.185339008699884e-08,0.04998772218823433,-0.05001264810562134
0,elbow_positive,2,0.03333333333333333,1.596988113305997e-05,-0.9598353505134583,1.164929747581482,0.0013158072251826525,-0.2917041480541229,-5.277707941786502e-07,2.0188842597690382e-08,0.049987394362688065,-0.05001305416226387
0,elbow_positive,3,0.05,1.5833637007744983e-05,-0.9600642323493958,1.1646987199783325,0.0012139301979914308,-0.29430320858955383,-1.3903611488785828e-06,5.431799365851475e-08,0.04998704418540001,-0.05001351237297058
0,elbow_positive,4,0.06666666666666667,1.5796851585037075e-05,-0.9599707126617432,1.1660393476486206,0.0011168093187734485,-0.29636913537979126,-5.160095497558359e-07,1.9825007413487583e-08,0.04998668283224106,-0.050013910979032516
0,elbow_positive,5,0.08333333333333333,1.6464447980979457e-05,-0.959946870803833,1.1670331954956055,0.0011174335377290845,-0.29456213116645813,7.233713859022828e-07,-2.969804135943832e-08,0.04998622089624405,-0.05001441016793251
0,elbow_positive,6,0.1,1.6062273061834276e-05,-0.9599339365959167,1.1679105758666992,0.001154063269495964,-0.29488521814346313,2.201821018843475e-07,-9.52513268259736e-09,0.049985792487859726,-0.05001496523618698
0,elbow_positive,7,0.11666666666666667,1.6049345504143275e-05,-0.9599448442459106,1.1685545444488525,0.0011390822473913431,-0.29588210582733154,-6.469361579775068e-08,1.9302301978996184e-09,0.049985386431217194,-0.050015468150377274
0,elbow_positive,8,0.13333333333333333,1.5997342416085303e-05,-0.9599817395210266,1.169365644454956,0.0011078908573836088,-0.29606881737709045,1.5203492864657164e-07,-6.516126305200487e-09,0.04998498037457466,-0.05001596361398697
0,elbow_positive,9,0.15,1.6340427464456297e-05,-0.9599610567092896,1.1703038215637207,0.0010996588971465826,-0.29538753628730774,8.474923447465699e-07,-3.4250007274749805e-08,0.049984537065029144,-0.05001647025346756
0,elbow_positive,10,0.16666666666666666,1.6234693248406984e-05,-0.9599548578262329,1.1711719036102295,0.00111728988122195,-0.2951028645038605,7.834339612600161e-07,-3.1611968154265924e-08,0.04998411238193512,-0.050017017871141434
0,elbow_positive,11,0.18333333333333332,1.6164613043656573e-05,-0.9599527716636658,1.1719530820846558,0.0011203164467588067,-0.29555976390838623,4.939647624269128e-07,-2.0039047754494277e-08,0.049983710050582886,-0.05001753568649292
0,elbow_positive,12,0.2,1.611016887181904e-05,-0.9599708914756775,1.1727371215820312,0.001108116703107953,-0.2958005368709564,4.94960318064841e-07,-1.9976877041472108e-08,0.04998331889510155,-0.050018034875392914
0,elbow_positive,13,0.21666666666666667,1.625372897251509e-05,-0.959966242313385,1.173614501953125,0.0011001571547240019,-0.2956177890300751,8.05923946245457e-07,-3.228973000091173e-08,0.04998291656374931,-0.050018537789583206
0,elbow_positive,14,0.23333333333333334,1.6268362742266618e-05,-0.9599676728248596,1.1744725704193115,0.0011063010897487402,-0.2953492999076843,9.114854719882715e-07,-3.644892387910659e-08,0.04998251050710678,-0.05001905560493469
0,elbow_positive,15,0.25,1.623656316951383e-05,-0.9599608182907104,1.175300121307373,0.0011109831975772977,-0.29548877477645874,7.929146477181348e-07,-3.166386619568584e-08,0.049982111901044846,-0.05001956969499588
0,elbow_positive,16,0.26666666666666666,1.6199557649088092e-05,-0.9599685668945312,1.1761001348495483,0.0011078021489083767,-0.29564234614372253,7.47917056287406e-07,-2.983369995490648e-08,0.04998171702027321,-0.05002007633447647
0,elbow_positive,17,0.2833333333333333,1.624905416974798e-05,-0.9599685668945312,1.1769452095031738,0.0011027721920982003,-0.295643150806427,8.595281997259008e-07,-3.4174338026105033e-08,0.04998132586479187,-0.05002057924866676
0,elbow_positive,18,0.3,1.6280015188385732e-05,-0.9599700570106506,1.1777920722961426,0.0011038584634661674,-0.2954997420310974,9.622178822610294e-07,-3.823074479214483e-08,0.04998093098402023,-0.05002108961343765
0,elbow_positive,19,0.31666666666666665,1.628000427444931e-05,-0.9599673748016357,1.1786304712295532,0.001106653013266623,-0.2955108880996704,9.497422297499725e-07,-3.7708659306190384e-08,0.049980536103248596,-0.05002159997820854
0,elbow_positive,20,0.3333333333333333,1.6263484212686308e-05,-0.9599700570106506,1.1794486045837402,0.0011064874706789851,-0.29558372497558594,9.234597655449761e-07,-3.665461179025442e-08,0.049980148673057556,-0.05002211034297943
0,elbow_positive,21,0.35,1.6280277122859843e-05,-0.959971010684967,1.1802823543548584,0.0011040634708479047,-0.29561859369277954,9.6484598088864e-07,-3.8263703316943065e-08,0.049979764968156815,-0.05002261698246002
0,elbow_positive,22,0.36666666666666664,1.6302794392686337e-05,-0.9599725604057312,1.181121587753296,0.001103702001273632,-0.2955646514892578,1.0311133564755437e-06,-4.0870673956305836e-08,0.049979377537965775,-0.05002312362194061
0,elbow_positive,23,0.38333333333333336,1.6312997104250826e-05,-0.9599718451499939,1.1819597482681274,0.0011048108572140336,-0.2955489456653595,1.0541000392549904e-06,-4.174590628736041e-08,0.049978990107774734,-0.0500236339867115
0,elbow_positive,24,0.4,1.631112718314398e-05,-0.9599727392196655,1.182788372039795,0.0011052151676267385,-0.29557475447654724,1.055050915965694e-06,-4.173713819000113e-08,0.049978602677583694,-0.05002414435148239
0,elbow_positive,25,0.4166666666666667,1.6318936104653403e-05,-0.9599738121032715,1.1836203336715698,0.0011043172562494874,-0.29560160636901855,1.0765863862616243e-06,-4.256077801301217e-08,0.049978215247392654,-0.05002465099096298
0,elbow_positive,26,0.43333333333333335,1.633331339689903e-05,-0.9599749445915222,1.1844556331634521,0.001103800954297185,-0.2955888509750366,1.1176948646607343e-06,-4.4117321351677674e-08,0.049977827817201614,-0.05002515763044357
0,elbow_positive,27,0.45,1.634473301237449e-05,-0.9599751830101013,1.1852918863296509,0.0011040664976462722,-0.29557764530181885,1.1472094456621562e-06,-4.524648034021084e-08,0.049977440387010574,-0.050025664269924164
0,elbow_positive,28,0.4666666666666667,1.6350024452549405e-05,-0.9599760174751282,1.1861242055892944,0.0011043342528864741,-0.29558491706848145,1.1630447716015624e-06,-4.5853933983153183e-08,0.04997705668210983,-0.050026170909404755
0,elbow_positive,29,0.48333333333333334,1.6356876585632563e-05,-0.9599766731262207,1.1869568824768066,0.0011040137615054846,-0.2956002354621887,1.182620280815172e-06,-4.661015395868162e-08,0.04997667670249939,-0.050026677548885345
0,elbow_positive,30,0.5,1.6367415810236707e-05,-0.9599776864051819,1.1877909898757935,0.001103679183870554,-0.2956002652645111,1.2119949133193586e-06,-4.7737977126871556e-08,0.049976300448179245,-0.050027184188365936
0,elbow_positive,31,0.5166666666666667,1.6377827705582604e-05,-0.9599776268005371,1.1886255741119385,0.001103654969483614,-0.29559704661369324,1.2410248473315733e-06,-4.887823124022361e-08,0.0499759241938591,-0.05002769082784653
0,elbow_positive,32,0.5333333333333333,1.638576759432908e-05,-0.9599782824516296,1.1894590854644775,0.0011037210933864117,-0.2956002652645111,1.263688886865566e-06,-4.9752888031662224e-08,0.049975547939538956,-0.05002819746732712
0,elbow_positive,33,0.55,1.639376387174707e-05,-0.9599790573120117,1.1902921199798584,0.0011035705683752894,-0.29560840129852295,1.2861019058618695e-06,-5.0606985269041616e-08,0.04997517541050911,-0.05002870410680771
0,elbow_positive,34,0.5666666666666667,1.6403217159677297e-05,-0.9599795341491699,1.1911256313323975,0.001103340764530003,-0.295612096786499,1.313229631705326e-06,-5.166561933833691e-08,0.04997480288147926,-0.0500292107462883
0,elbow_positive,35,0.5833333333333334,1.6413161574746482e-05,-0.9599798917770386,1.1919598579406738,0.0011032193433493376,-0.2956126630306244,1.3408662198344246e-06,-5.275891368228258e-08,0.04997443035244942,-0.05002971738576889
0,elbow_positive,36,0.6,1.6422140106442384e-05,-0.9599803686141968,1.1927930116653442,0.0011031931499019265,-0.295614629983902,1.366154606330383e-06,-5.3726353144156747e-08,0.04997405782341957,-0.05003022402524948
0,elbow_positive,37,0.6166666666666667,1.6430680261692032e-05,-0.9599810242652893,1.193627119064331,0.0011030498426407576,-0.29562094807624817,1.3902005093768821e-06,-5.4635073354347696e-08,0.049973685294389725,-0.05003073066473007
0,elbow_positive,38,0.6333333333333333,1.6440093531855382e-05,-0.9599815011024475,1.194460153579712,0.0011029172455891967,-0.29562315344810486,1.416286750099971e-06,-5.5681013577668637e-08,0.04997331276535988,-0.05003123730421066
0,elbow_positive,39,0.65,1.644914118514862e-05,-0.9599820971488953,1.1952941417694092,0.00110276835039258,-0.2956271171569824,1.4422150798054645e-06,-5.667772029482876e-08,0.04997294023633003,-0.050031743943691254
0,elbow_positive,40,0.6666666666666666,1.645862721488811e-05,-0.9599825143814087,1.1961276531219482,0.0011026636930182576,-0.29562923312187195,1.468623281652981e-06,-5.7649959472882983e-08,0.049972571432590485,-0.050032250583171844
0,elbow_positive,41,0.6833333333333333,1.6467345631099306e-05,-0.9599830508232117,1.196961522102356,0.0011025480926036835,-0.2956331968307495,1.4938329968572361e-06,-5.8633137456354234e-08,0.04997220262885094,-0.050032757222652435
0,elbow_positive,42,0.7,1.6476502423756756e-05,-0.9599835872650146,1.197795033454895,0.001102428650483489,-0.29563647508621216,1.5194498246273724e-06,-5.961165072676522e-08,0.04997183382511139,-0.050033263862133026
0,elbow_positive,43,0.7166666666666667,1.648530815145932e-05,-0.9599841833114624,1.1986286640167236,0.0011022872058674693,-0.2956402897834778,1.5451444141945103e-06,-6.061266333290405e-08,0.04997146502137184,-0.05003377050161362
0,elbow_positive,44,0.7333333333333333,1.649457226449158e-05,-0.959984302520752,1.1994621753692627,0.0011021516984328628,-0.29564332962036133,1.570683934914996e-06,-6.161403831583812e-08,0.049971096217632294,-0.05003427714109421
0,elbow_positive,45,0.75,1.650334888836369e-05,-0.9599854946136475,1.20029616355896,0.0011020269012078643,-0.29564669728279114,1.5961111330398126e-06,-6.259689655507827e-08,0.049970731139183044,-0.0500347837805748
0,elbow_positive,46,0.7666666666666667,1.651254206080921e-05,-0.9599854946136475,1.2011291980743408,0.001101897214539349,-0.29565003514289856,1.6219339613599004e-06,-6.358960291663607e-08,0.049970366060733795,-0.05003529042005539
0,elbow_positive,47,0.7833333333333333,1.652111859584693e-05,-0.9599862694740295,1.2019636631011963,0.0011017386568710208,-0.29565414786338806,1.6472888546559261e-06,-6.45373390284476e-08,0.049970000982284546,-0.05003579705953598
0,elbow_positive,48,0.8,1.6530582797713578e-05,-0.959986686706543,1.2027970552444458,0.0011016438947990537,-0.2956559956073761,1.6733838492655195e-06,-6.554682840942405e-08,0.0499696359038353,-0.05003630369901657
0,elbow_positive,49,0.8166666666666667,1.6538691852474585e-05,-0.9599871039390564,1.2036305665969849,0.001101506408303976,-0.2956607937812805,1.697565949143609e-06,-6.651365680454546e-08,0.04996927082538605,-0.05003681033849716
0,elbow_positive,50,0.8333333333333334,1.6547905033803545e-05,-0.9599879384040833,1.204464077949524,0.001101342961192131,-0.29566437005996704,1.7232450773008168e-06,-6.750364889285265e-08,0.0499689094722271,-0.05003731697797775
0,elbow_positive,51,0.85,1.655673622735776e-05,-0.9599881768226624,1.2052979469299316,0.0011011812603101134,-0.29566752910614014,1.7494274970886181e-06,-6.852239664567605e-08,0.049968548119068146,-0.050037823617458344
0,elbow_positive,52,0.8666666666666667,1.6565807527513243e-05,-0.9599888324737549,1.206131100654602,0.0011010731104761362,-0.2956700325012207,1.775163696038362e-06,-6.948194908318328e-08,0.049968186765909195,-0.050038330256938934
0,elbow_positive,53,0.8833333333333333,1.6574329492868856e-05,-0.9599892497062683,1.2069649696350098,0.001100903027690947,-0.29567497968673706,1.8005524680120288e-06,-7.047061956200196e-08,0.049967825412750244,-0.050038836896419525
0,elbow_positive,54,0.9,1.658352448430378e-05,-0.9599898457527161,1.2077986001968384,0.0011007661232724786,-0.29567739367485046,1.8265714061271865e-06,-7.147468750190455e-08,0.04996746778488159,-0.050039343535900116
0,elbow_positive,55,0.9166666666666666,1.6592115571256727e-05,-0.9599902629852295,1.2086323499679565,0.0011006315471604466,-0.2956809401512146,1.8517383750804584e-06,-7.243320254701757e-08,0.04996711015701294,-0.05003985017538071
0,elbow_positive,56,0.9333333333333333,1.6600897652097046e-05,-0.9599910378456116,1.2094656229019165,0.0011004966218024492,-0.29568445682525635,1.8766924085866776e-06,-7.338738328144245e-08,0.049966756254434586,-0.0500403568148613
0,elbow_positive,57,0.95,1.6609521480859257e-05,-0.9599912166595459,1.2102999687194824,0.0011003103572875261,-0.2956889569759369,1.902043322843383e-06,-7.435821203216619e-08,0.04996640980243683,-0.05004086345434189
0,elbow_positive,58,0.9666666666666667,1.6618419977021404e-05,-0.9599918723106384,1.2111330032348633,0.0011002083774656057,-0.29569047689437866,1.927530774992192e-06,-7.53314921553283e-08,0.04996606335043907,-0.05004137009382248
0,elbow_positive,59,0.9833333333333333,1.662655995460227e-05,-0.959992527961731,1.211966872215271,0.0011000295635312796,-0.29569604992866516,1.951582817127928e-06,-7.625918385656405e-08,0.049965716898441315,-0.05004187673330307
0,elbow_positive,60,1.0,1.6635633073747158e-05,-0.9599928855895996,1.2127997875213623,0.00109986518509686,-0.2956988215446472,1.977210104087135e-06,-7.728043982524468e-08,0.04996537044644356,-0.05004238337278366
0,forearm_roll_negative,1,0.016666666666666666,1.7605623725103214e-05,-0.9597976803779602,1.1619582176208496,0.001293900073505938,-0.290752112865448,1.5260534382832702e-06,-6.139853070408208e-08,0.04998772591352463,-0.050012629479169846
0,forearm_roll_negative,2,0.03333333333333333,1.5365047147497535e-05,-0.9599621891975403,1.1612606048583984,0.0012177244061604142,-0.2931951880455017,-2.1926118733972544e-06,8.503771198320464e-08,0.049986738711595535,-0.05001380667090416
0,forearm_roll_negative,3,0.05,1.5298495782190003e-05,-0.9600486755371094,1.160675048828125,0.0007258309633471072,-0.2952747642993927,-2.8877982458652696e-06,1.133235869588134e-07,0.04998626187443733,-0.05001438781619072
0,forearm_roll_negative,4,0.06666666666666667,1.5047010492708068e-05,-0.9599459767341614,1.1614235639572144,0.00021548857330344617,-0.2960044741630554,-2.209007334386115e-06,8.723333877469486e-08,0.049985699355602264,-0.050014983862638474
0,forearm_roll_negative,5,0.08333333333333333,1.5204251212708186e-05,-0.9598875045776367,1.1613402366638184,-0.000319936458254233,-0.2946327328681946,-1.9828394215437584e-06,7.921928357745855e-08,0.04998490586876869,-0.050015829503536224
0,forearm_roll_negative,6,0.1,1.4701503459946252e-05,-0.9599781632423401,1.1612681150436401,-0.0009501555468887091,-0.29567548632621765,-2.09690620067704e-06,8.454900068954885e-08,0.04998404160141945,-0.05001674219965935
0,forearm_roll_negative,7,0.11666666666666667,1.4790771274419967e-05,-0.9599457383155823,1.1611369848251343,-0.001672377111390233,-0.2964562475681305,-1.6249183545369306e-06,6.681776909545079e-08,0.04998329281806946,-0.0500175766646862
0,forearm_roll_negative,8,0.13333333333333333,1.4653091966465581e-05,-0.9599710702896118,1.1612335443496704,-0.0024188226088881493,-0.29602551460266113,-7.031064797047293e-07,3.098298151371637e-08,0.04998254403471947,-0.05001839995384216
0,forearm_roll_negative,9,0.15,1.4824996469542384e-05,-0.9599249362945557,1.1613242626190186,-0.0031610061414539814,-0.2953982949256897,3.4736382303890423e-07,-9.612667994929325e-09,0.0499817356467247,-0.05001930147409439
0,forearm_roll_negative,10,0.16666666666666666,1.4597258996218443e-05,-0.9599547386169434,1.1612789630889893,-0.003920464310795069,-0.2955283224582672,9.9731312275253e-07,-3.459579644982114e-08,0.049980852752923965,-0.050020284950733185
0,forearm_roll_negative,11,0.18333333333333332,1.463641365262447e-05,-0.9599480628967285,1.1612136363983154,-0.004720047116279602,-0.2960967719554901,1.8316078467250918e-06,-6.686664733024372e-08,0.04998002201318741,-0.050021201372146606
0,forearm_roll_negative,12,0.2,1.4570668099622708e-05,-0.9599613547325134,1.1612164974212646,-0.005533537361770868,-0.2960342764854431,2.8174149520054925e-06,-1.053309972576244e-07,0.04997917264699936,-0.05002213269472122
0,forearm_roll_negative,13,0.21666666666666667,1.4671521057607606e-05,-0.9599407911300659,1.1612857580184937,-0.006339937448501587,-0.29571324586868286,4.006774815934477e-06,-1.5163332989232003e-07,0.04997827485203743,-0.050023116171360016
0,forearm_roll_negative,14,0.23333333333333334,1.4590616956411395e-05,-0.9599484801292419,1.1612777709960938,-0.0071436623111367226,-0.2955961525440216,5.001552381145302e-06,-1.9022662911538646e-07,0.04997730255126953,-0.050024181604385376
0,forearm_roll_negative,15,0.25,1.4596758774132468e-05,-0.9599484801292419,1.161247968673706,-0.007962540723383427,-0.29589414596557617,5.974722625978757e-06,-2.2803207855304208e-07,0.04997630789875984,-0.050025250762701035
0,forearm_roll_negative,16,0.26666666666666666,1.4563465811079368e-05,-0.9599554538726807,1.1612268686294556,-0.008791327476501465,-0.2959664762020111,6.9648140197386965e-06,-2.6663775543056545e-07,0.04997529834508896,-0.050026342272758484
0,forearm_roll_negative,17,0.2833333333333333,1.4611642654926982e-05,-0.9599475264549255,1.1612660884857178,-0.009617212228477001,-0.2958414554595947,8.109480404527858e-06,-3.1133856737142196e-07,0.04997424781322479,-0.050027478486299515
0,forearm_roll_negative,18,0.3,1.4588261365133803e-05,-0.9599476456642151,1.1612701416015625,-0.010437333956360817,-0.2956909239292145,9.209078598360065e-06,-3.5410627674536954e-07,0.04997311532497406,-0.05002868175506592
0,forearm_roll_negative,19,0.31666666666666665,1.45850790431723e-05,-0.9599484205245972,1.1612616777420044,-0.01126184593886137,-0.2958149015903473,1.0265565833833534e-05,-3.950118241391465e-07,0.049971938133239746,-0.05002991855144501
0,forearm_roll_negative,20,0.3333333333333333,1.4568143342330586e-05,-0.959951639175415,1.1612406969070435,-0.012092601507902145,-0.29589664936065674,1.1284098036412615e-05,-4.346621835793485e-07,0.04997073858976364,-0.05003117769956589
0,forearm_roll_negative,21,0.35,1.458730002923403e-05,-0.9599501490592957,1.161257266998291,-0.012923472560942173,-0.2958697974681854,1.2384138244669884e-05,-4.773589807882672e-07,0.04996950924396515,-0.05003247782588005
0,forearm_roll_negative,22,0.36666666666666664,1.4584473319700919e-05,-0.9599482417106628,1.1612647771835327,-0.013750230893492699,-0.2957663834095001,1.3501427929440979e-05,-5.207256776884606e-07,0.04996822774410248,-0.05003383010625839
0,forearm_roll_negative,23,0.38333333333333336,1.45802569022635e-05,-0.9599487781524658,1.1612646579742432,-0.014577161520719528,-0.2957940101623535,1.4601338079955895e-05,-5.634807962451305e-07,0.04996689036488533,-0.050035227090120316
0,forearm_roll_negative,24,0.4,1.4572272448276635e-05,-0.9599502682685852,1.1612519025802612,-0.01540736760944128,-0.29585203528404236,1.565960883453954e-05,-6.045345344318775e-07,0.04996552690863609,-0.050036657601594925
0,forearm_roll_negative,25,0.4166666666666667,1.457756934541976e-05,-0.9599503874778748,1.1612552404403687,-0.016238810494542122,-0.2958628237247467,1.674310078669805e-05,-6.466427180384926e-07,0.04996414855122566,-0.05003810673952103
0,forearm_roll_negative,26,0.43333333333333335,1.4580290553567465e-05,-0.9599491357803345,1.161262035369873,-0.01706824079155922,-0.29581010341644287,1.785799759090878e-05,-6.899895765855035e-07,0.04996276646852493,-0.05003957077860832
0,forearm_roll_negative,27,0.45,1.4577837646356784e-05,-0.9599488973617554,1.161264181137085,-0.017896614968776703,-0.2957988679409027,1.897639776871074e-05,-7.333143798859965e-07,0.0499613881111145,-0.05004104971885681
0,forearm_roll_negative,28,0.4666666666666667,1.4574233318853658e-05,-0.9599496126174927,1.161258339881897,-0.018726347014307976,-0.2958301901817322,2.006836439250037e-05,-7.75756404891581e-07,0.049960024654865265,-0.0500425286591053
0,forearm_roll_negative,29,0.48333333333333334,1.4575314708054066e-05,-0.9599502086639404,1.1612577438354492,-0.019557325169444084,-0.2958492338657379,2.1158315576030873e-05,-8.180331292351184e-07,0.049958713352680206,-0.0500439777970314
0,forearm_roll_negative,30,0.5,1.4578273294318933e-05,-0.9599495530128479,1.161260962486267,-0.02038760669529438,-0.29582715034484863,2.227070763183292e-05,-8.612528858975566e-07,0.04995758831501007,-0.05004530027508736
0,forearm_roll_negative,31,0.5166666666666667,1.4578791706298944e-05,-0.9599493145942688,1.1612637042999268,-0.021216940134763718,-0.29581183195114136,2.339780257898383e-05,-9.049601885635639e-07,0.04995676502585411,-0.05004638433456421
0,forearm_roll_negative,32,0.5333333333333333,1.4579041817341931e-05,-0.9599496126174927,1.1612615585327148,-0.022046614438295364,-0.2958226799964905,2.45134906435851e-05,-9.481626648266683e-07,0.049956340342760086,-0.050047144293785095
0,forearm_roll_negative,33,0.55,1.4581114555767272e-05,-0.9599498510360718,1.1612601280212402,-0.022877121344208717,-0.2958379089832306,2.561466499173548e-05,-9.907894309435505e-07,0.04995640367269516,-0.05004749074578285
0,forearm_roll_negative,34,0.5666666666666667,1.4585591088689398e-05,-0.9599497318267822,1.1612613201141357,-0.023707564920186996,-0.29583248496055603,2.6717467335402034e-05,-1.0335270417272113e-06,0.04995705932378769,-0.05004727840423584
0,forearm_roll_negative,35,0.5833333333333334,1.4589153579436243e-05,-0.9599496722221375,1.1612634658813477,-0.024537429213523865,-0.29582151770591736,2.7819363822345622e-05,-1.0762770443761838e-06,0.049958374351263046,-0.05004645884037018
0,forearm_roll_negative,36,0.6,1.4591947547160089e-05,-0.9599495530128479,1.161263108253479,-0.02536720409989357,-0.2958225607872009,2.890008363465313e-05,-1.1179977263964247e-06,0.04996033012866974,-0.050045013427734375
0,forearm_roll_negative,37,0.6166666666666667,1.4594508684240282e-05,-0.9599498510360718,1.1612625122070312,-0.026197396218776703,-0.2958315312862396,2.994721944560297e-05,-1.158743884843716e-06,0.049962881952524185,-0.05004294961690903
0,forearm_roll_negative,38,0.6333333333333333,1.4597813787986524e-05,-0.959949791431427,1.1612628698349,-0.02702772617340088,-0.2958322763442993,3.0967319617047906e-05,-1.1982442629232537e-06,0.04996607080101967,-0.05004021152853966
0,forearm_roll_negative,39,0.65,1.4599747373722494e-05,-0.9599498510360718,1.1612639427185059,-0.027857787907123566,-0.29582664370536804,3.196348552592099e-05,-1.236923594660766e-06,0.0499698780477047,-0.05003676190972328
0,forearm_roll_negative,40,0.6666666666666666,1.4600620488636196e-05,-0.9599496722221375,1.161264419555664,-0.028687696903944016,-0.29582563042640686,3.292703695478849e-05,-1.2740473493977333e-06,0.0499742291867733,-0.0500326007604599
0,forearm_roll_negative,41,0.6833333333333333,1.4599753740185406e-05,-0.9599499702453613,1.161264181137085,-0.02951773628592491,-0.29582905769348145,3.384926094440743e-05,-1.3098893987262272e-06,0.049979083240032196,-0.05002777650952339
0,forearm_roll_negative,42,0.7,1.4598510460928082e-05,-0.9599498510360718,1.161264181137085,-0.030347900465130806,-0.2958314120769501,3.473230026429519e-05,-1.3439608892440447e-06,0.0499843992292881,-0.05002224072813988
0,forearm_roll_negative,43,0.7166666666666667,1.4595048924093135e-05,-0.9599499106407166,1.1612648963928223,-0.031177975237369537,-0.2958296835422516,3.557977106538601e-05,-1.376850605083746e-06,0.049990180879831314,-0.05001595988869667
0,forearm_roll_negative,44,0.7333333333333333,1.4589705642720219e-05,-0.9599498510360718,1.1612656116485596,-0.032007910311222076,-0.29582783579826355,3.639032001956366e-05,-1.4080954997552908e-06,0.049996376037597656,-0.050008948892354965
0,forearm_roll_negative,45,0.75,1.4581640243704896e-05,-0.9599499106407166,1.1612657308578491,-0.03283785283565521,-0.2958289086818695,3.7160632928134874e-05,-1.4378809964910033e-06,0.05000292882323265,-0.05000123009085655
0,forearm_roll_negative,46,0.7666666666666667,1.4569231097993907e-05,-0.9599500894546509,1.1612657308578491,-0.033667873591184616,-0.29583102464675903,3.7886740756221116e-05,-1.465924697185983e-06,0.05000978335738182,-0.04999277740716934
0,forearm_roll_negative,47,0.7833333333333333,1.4552295397152193e-05,-0.9599499702453613,1.1612663269042969,-0.03449788689613342,-0.2958312928676605,3.857728006551042e-05,-1.4925378764019115e-06,0.05001692846417427,-0.049983590841293335
0,forearm_roll_negative,48,0.8,1.453012282581767e-05,-0.9599499702453613,1.161266565322876,-0.03532775118947029,-0.2958294451236725,3.917357389582321e-05,-1.5156628023760277e-06,0.05002434924244881,-0.04997362941503525
0,forearm_roll_negative,49,0.8166666666666667,1.4503894817607943e-05,-0.9599499702453613,1.1612672805786133,-0.03615754470229149,-0.29583048820495605,3.967503653257154e-05,-1.535019919174374e-06,0.050031889230012894,-0.049962859600782394
0,forearm_roll_negative,50,0.8333333333333334,1.447452450520359e-05,-0.9599499702453613,1.1612670421600342,-0.03698728606104851,-0.2958310544490814,4.0100811020238325e-05,-1.5513675180045539e-06,0.05003949999809265,-0.04995130002498627
0,forearm_roll_negative,51,0.85,1.444294503016863e-05,-0.9599500298500061,1.1612673997879028,-0.03781704604625702,-0.2958325147628784,4.0461996832164004e-05,-1.5653579339414136e-06,0.05004698410630226,-0.04993897303938866
0,forearm_roll_negative,52,0.8666666666666667,1.4409017239813693e-05,-0.9599500894546509,1.1612679958343506,-0.03864672780036926,-0.29583194851875305,4.076962432009168e-05,-1.577174316480523e-06,0.050054412335157394,-0.04992580786347389
0,forearm_roll_negative,53,0.8833333333333333,1.4373223166330718e-05,-0.9599499702453613,1.1612684726715088,-0.03947634622454643,-0.29583126306533813,4.103589162696153e-05,-1.5873180245762342e-06,0.050061844289302826,-0.04991183429956436
0,forearm_roll_negative,54,0.9,1.4336500498757232e-05,-0.9599500894546509,1.161268711090088,-0.04030594974756241,-0.29583218693733215,4.126706699025817e-05,-1.5962443740136223e-06,0.05006925389170647,-0.04989708214998245
0,forearm_roll_negative,55,0.9166666666666666,1.4299207578005735e-05,-0.9599501490592957,1.1612688302993774,-0.04113559052348137,-0.29583340883255005,4.146693026996218e-05,-1.6040277159845573e-06,0.050076600164175034,-0.049881596118211746
0,forearm_roll_negative,56,0.9333333333333333,1.4261378055380192e-05,-0.9599500894546509,1.1612690687179565,-0.04196523502469063,-0.295833557844162,4.164317942922935e-05,-1.6107470628412557e-06,0.05008392408490181,-0.04986538365483284
0,forearm_roll_negative,57,0.95,1.4223835023585707e-05,-0.9599500894546509,1.1612696647644043,-0.0427948497235775,-0.29583340883255005,4.1818784666247666e-05,-1.617414568499953e-06,0.05009128898382187,-0.04984848201274872
0,forearm_roll_negative,58,0.9666666666666667,1.4186377484293189e-05,-0.9599500298500061,1.1612697839736938,-0.043624456971883774,-0.2958332598209381,4.1989122109953314e-05,-1.623865387045953e-06,0.05009867250919342,-0.04983089864253998
0,forearm_roll_negative,59,0.9833333333333333,1.4149266462482046e-05,-0.9599501490592957,1.1612701416015625,-0.04445410892367363,-0.29583483934402466,4.214943328406662e-05,-1.629942062209011e-06,0.05010606348514557,-0.049812693148851395
0,forearm_roll_negative,60,1.0,1.4112315511738416e-05,-0.9599501490592957,1.1612703800201416,-0.04528377577662468,-0.29583507776260376,4.229825935908593e-05,-1.6357976164727006e-06,0.050113435834646225,-0.04979386553168297
0,forearm_roll_positive,1,0.016666666666666666,1.827652522479184e-05,-0.9597975015640259,1.1619586944580078,0.0017211962258443236,-0.2907477915287018,3.3220032946701394e-06,-1.3335174742223899e-07,0.04998987540602684,-0.05001043528318405
0,forearm_roll_positive,2,0.03333333333333333,1.6486377717228606e-05,-0.9599618315696716,1.1612614393234253,0.002399818040430546,-0.2931920289993286,8.817963959018016e-08,-6.781775141462276e-09,0.04998936131596565,-0.050011083483695984
0,forearm_roll_positive,3,0.05,1.6736663383198902e-05,-0.960048496723175,1.1606734991073608,0.002903673565015197,-0.29527491331100464,-2.3978688545867044e-07,6.2422618185564716e-09,0.04998926818370819,-0.05001130700111389
0,forearm_roll_positive,4,0.06666666666666667,1.6719644918339327e-05,-0.9599459171295166,1.1614218950271606,0.0035649777855724096,-0.29600632190704346,3.081537442994886e-07,-1.586845499446099e-08,0.04998931288719177,-0.05001135915517807
0,forearm_roll_positive,5,0.08333333333333333,1.7056991055142134e-05,-0.9598871469497681,1.1613389253616333,0.004330618306994438,-0.2946295142173767,-3.9603850154890097e-07,1.1322828008530905e-08,0.04998922348022461,-0.05001154541969299
0,forearm_roll_positive,6,0.1,1.6655621948302723e-05,-0.959977924823761,1.1612664461135864,0.005097042769193649,-0.2956715226173401,-1.757675590852159e-06,6.441585043148734e-08,0.04998893290758133,-0.05001194775104523
0,forearm_roll_positive,7,0.11666666666666667,1.680283276073169e-05,-0.959945559501648,1.1611331701278687,0.005842298734933138,-0.29645493626594543,-2.535945213821833e-06,9.475659368263223e-08,0.04998878017067909,-0.050012193620204926
0,forearm_roll_positive,8,0.13333333333333333,1.674257146078162e-05,-0.9599711298942566,1.161230206489563,0.00661425432190299,-0.2960277497768402,-3.02588250633562e-06,1.1377479580687577e-07,0.049988746643066406,-0.05001230910420418
0,forearm_roll_positive,9,0.15,1.6967658666544594e-05,-0.9599246382713318,1.1613198518753052,0.007427458185702562,-0.2953959107398987,-3.857546289509628e-06,1.4588701446882624e-07,0.04998866841197014,-0.0500124953687191
0,forearm_roll_positive,10,0.16666666666666666,1.6767822671681643e-05,-0.9599543809890747,1.1612735986709595,0.008250894024968147,-0.295526385307312,-5.2146101552352775e-06,1.988634750205165e-07,0.0499885231256485,-0.05001277104020119
0,forearm_roll_positive,11,0.18333333333333332,1.6794190742075443e-05,-0.9599477052688599,1.1612080335617065,0.009055690839886665,-0.2960972189903259,-6.24203312327154e-06,2.390605118307576e-07,0.04998841881752014,-0.050013016909360886
0,forearm_roll_positive,12,0.2,1.675339626672212e-05,-0.9599609375,1.1612104177474976,0.009861604310572147,-0.29603344202041626,-6.999208380875643e-06,2.6861337687478226e-07,0.04998842626810074,-0.05001317337155342
0,forearm_roll_positive,13,0.21666666666666667,1.687774420133792e-05,-0.9599403738975525,1.1612787246704102,0.010684890672564507,-0.29571226239204407,-7.848155291867442e-06,3.016939729150181e-07,0.049988459795713425,-0.05001334473490715
0,forearm_roll_positive,14,0.23333333333333334,1.6815958588267677e-05,-0.9599481225013733,1.1612701416015625,0.011518234387040138,-0.29559651017189026,-9.035127732204273e-06,3.481608814581705e-07,0.04998846724629402,-0.05001355707645416
0,forearm_roll_positive,15,0.25,1.68038131960202e-05,-0.9599477648735046,1.1612393856048584,0.012343160808086395,-0.2958942949771881,-1.0147410648642108e-05,3.916780428880884e-07,0.04998856410384178,-0.0500137023627758
0,forearm_roll_positive,16,0.26666666666666666,1.6775366020738147e-05,-0.9599546790122986,1.161218523979187,0.013162964954972267,-0.29596683382987976,-1.1046486179111525e-05,4.268011650765402e-07,0.04998878389596939,-0.05001373589038849
0,forearm_roll_positive,17,0.2833333333333333,1.683641858107876e-05,-0.9599470496177673,1.1612557172775269,0.013988553546369076,-0.29583975672721863,-1.192531726701418e-05,4.611182760072552e-07,0.04998907074332237,-0.0500137060880661
0,forearm_roll_positive,18,0.3,1.6832214896567166e-05,-0.9599470496177673,1.1612601280212402,0.014821453019976616,-0.29569366574287415,-1.3004244465264492e-05,5.032854346609383e-07,0.04998937249183655,-0.05001368746161461
0,forearm_roll_positive,19,0.31666666666666665,1.6819298252812587e-05,-0.9599477052688599,1.161250114440918,0.015652084723114967,-0.2958146929740906,-1.4121271306066774e-05,5.468920676321432e-07,0.049989718943834305,-0.05001361295580864
0,forearm_roll_positive,20,0.3333333333333333,1.6800076991785318e-05,-0.9599511623382568,1.1612286567687988,0.016478220000863075,-0.2958981394767761,-1.5109539162949659e-05,5.855865197190724e-07,0.04999015852808952,-0.050013456493616104
0,forearm_roll_positive,21,0.35,1.6825453712954186e-05,-0.9599493145942688,1.161244511604309,0.017305118963122368,-0.29587069153785706,-1.60361232701689e-05,6.218809289748606e-07,0.04999067261815071,-0.0500132255256176
0,forearm_roll_positive,22,0.36666666666666664,1.6838217561598867e-05,-0.9599472880363464,1.1612516641616821,0.018136324360966682,-0.2957667410373688,-1.7066111468011513e-05,6.622116188736982e-07,0.049991220235824585,-0.0500129759311676
0,forearm_roll_positive,23,0.38333333333333336,1.6832969777169637e-05,-0.9599477648735046,1.1612504720687866,0.018967868760228157,-0.2957949638366699,-1.8162814740207978e-05,7.049798114167061e-07,0.04999181255698204,-0.05001268908381462
0,forearm_roll_positive,24,0.4,1.682104448263999e-05,-0.959949791431427,1.1612367630004883,0.019796794280409813,-0.29585495591163635,-1.920203067129478e-05,7.457119863829575e-07,0.04999246820807457,-0.050012342631816864
0,forearm_roll_positive,25,0.4166666666666667,1.6828664229251444e-05,-0.9599493145942688,1.1612399816513062,0.020624877884984016,-0.29586538672447205,-2.017922633967828e-05,7.838756346245646e-07,0.04999318718910217,-0.05001193284988403
0,forearm_roll_positive,26,0.43333333333333335,1.684138442215044e-05,-0.9599483013153076,1.1612458229064941,0.02145499363541603,-0.29580986499786377,-2.1197602109168656e-05,8.238272357630194e-07,0.049993935972452164,-0.0500115230679512
0,forearm_roll_positive,27,0.45,1.6842488548718393e-05,-0.9599481821060181,1.1612471342086792,0.022286120802164078,-0.29580116271972656,-2.2276097297435626e-05,8.660708203933609e-07,0.04999469593167305,-0.05001113563776016
0,forearm_roll_positive,28,0.4666666666666667,1.683577647781931e-05,-0.9599488377571106,1.1612404584884644,0.023116130381822586,-0.29583343863487244,-2.334117380087264e-05,9.078111133931088e-07,0.04999546706676483,-0.05001077428460121
0,forearm_roll_positive,29,0.48333333333333334,1.6836163922562264e-05,-0.9599493741989136,1.1612390279769897,0.023945176973938942,-0.295851469039917,-2.4361679606954567e-05,9.478895321990422e-07,0.04999621585011482,-0.050010476261377335
0,forearm_roll_positive,30,0.5,1.6843519915710203e-05,-0.9599484801292419,1.1612417697906494,0.02477489598095417,-0.29582929611206055,-2.5389639631612226e-05,9.881664482236374e-07,0.04999687895178795,-0.050010327249765396
0,forearm_roll_positive,31,0.5166666666666667,1.6846081052790396e-05,-0.9599482417106628,1.1612441539764404,0.0256054624915123,-0.2958140969276428,-2.6456616978975944e-05,1.0298883807990933e-06,0.049997374415397644,-0.050010405480861664
0,forearm_roll_positive,32,0.5333333333333333,1.6842726836330257e-05,-0.9599485397338867,1.1612404584884644,0.02643577940762043,-0.295825332403183,-2.7527703423402272e-05,1.0719443253037753e-06,0.049997683614492416,-0.05001070350408554
0,forearm_roll_positive,33,0.55,1.6839903764775954e-05,-0.9599488973617554,1.1612391471862793,0.02726537175476551,-0.29584264755249023,-2.856699939002283e-05,1.1128759069833905e-06,0.04999779164791107,-0.05001124367117882
0,forearm_roll_positive,34,0.5666666666666667,1.6842755940160714e-05,-0.9599484205245972,1.161239504814148,0.028095083311200142,-0.295834481716156,-2.9595383239211515e-05,1.1533096540006227e-06,0.049997616559267044,-0.05001214146614075
0,forearm_roll_positive,35,0.5833333333333334,1.684399467194453e-05,-0.9599483609199524,1.1612409353256226,0.028925307095050812,-0.29582419991493225,-3.063744952669367e-05,1.1942114497287548e-06,0.04999707639217377,-0.05001349374651909
0,forearm_roll_positive,36,0.6,1.6842048353282735e-05,-0.9599484205245972,1.1612399816513062,0.029755545780062675,-0.29582691192626953,-3.16784244205337e-05,1.2351130180832115e-06,0.04999617114663124,-0.05001530051231384
0,forearm_roll_positive,37,0.6166666666666667,1.6838832380017266e-05,-0.9599486589431763,1.1612380743026733,0.03058544546365738,-0.2958356738090515,-3.269479566370137e-05,1.2749457027894096e-06,0.0499948188662529,-0.05001761391758919
0,forearm_roll_positive,38,0.6333333333333333,1.683863956714049e-05,-0.9599484801292419,1.1612383127212524,0.03141523525118828,-0.29583680629730225,-3.368479883647524e-05,1.3140277133061318e-06,0.04999297857284546,-0.05002051219344139
0,forearm_roll_positive,39,0.65,1.6839292584336363e-05,-0.9599484801292419,1.161238431930542,0.032245293259620667,-0.295829713344574,-3.4663669794099405e-05,1.352693971057306e-06,0.04999060928821564,-0.05002404749393463
0,forearm_roll_positive,40,0.6666666666666666,1.683862865320407e-05,-0.9599484205245972,1.1612383127212524,0.03307541087269783,-0.295830100774765,-3.562687197700143e-05,1.390541115142696e-06,0.049987755715847015,-0.05002822354435921
0,forearm_roll_positive,41,0.6833333333333333,1.6842121112858877e-05,-0.9599484205245972,1.161237120628357,0.03390536084771156,-0.2958340048789978,-3.65442901966162e-05,1.42656529078522e-06,0.04998442158102989,-0.05003318935632706
0,forearm_roll_positive,42,0.7,1.6854683053679764e-05,-0.9599483609199524,1.1612365245819092,0.03473510593175888,-0.29583629965782166,-3.7328863982111216e-05,1.457449911868025e-06,0.049980588257312775,-0.05003906041383743
0,forearm_roll_positive,43,0.7166666666666667,1.6873362255864777e-05,-0.9599483013153076,1.1612368822097778,0.0355648510158062,-0.2958342134952545,-3.801841376116499e-05,1.4846200429019518e-06,0.04997624084353447,-0.05004584416747093
0,forearm_roll_positive,44,0.7333333333333333,1.689641248958651e-05,-0.9599483609199524,1.1612365245819092,0.0363946408033371,-0.2958323359489441,-3.863307574647479e-05,1.5088616009961697e-06,0.04997134208679199,-0.05005352199077606
0,forearm_roll_positive,45,0.75,1.692453042778652e-05,-0.9599483013153076,1.1612359285354614,0.03722432628273964,-0.295835018157959,-3.9178332372102886e-05,1.530473014099698e-06,0.04996594414114952,-0.05006203055381775
0,forearm_roll_positive,46,0.7666666666666667,1.695691025815904e-05,-0.9599483013153076,1.1612350940704346,0.03805388882756233,-0.29583677649497986,-3.9640694012632594e-05,1.5488155895582167e-06,0.049960073083639145,-0.050071340054273605
0,forearm_roll_positive,47,0.7833333333333333,1.6992882592603564e-05,-0.9599483013153076,1.1612348556518555,0.038883406668901443,-0.2958366274833679,-4.0028709918260574e-05,1.5641564914403716e-06,0.049953825771808624,-0.05008142068982124
0,forearm_roll_positive,48,0.8,1.70309649547562e-05,-0.9599482417106628,1.1612344980239868,0.039712950587272644,-0.2958356738090515,-4.036163227283396e-05,1.577455691403884e-06,0.04994729161262512,-0.05009226128458977
0,forearm_roll_positive,49,0.8166666666666667,1.706952571112197e-05,-0.9599481821060181,1.1612342596054077,0.040542468428611755,-0.295836478471756,-4.06537001254037e-05,1.5891477005425259e-06,0.04994053766131401,-0.0501038059592247
0,forearm_roll_positive,50,0.8333333333333334,1.7108455722336657e-05,-0.9599481821060181,1.161233901977539,0.041371963918209076,-0.29583740234375,-4.091369919478893e-05,1.5996315596567001e-06,0.04993359372019768,-0.05011603981256485
0,forearm_roll_positive,51,0.85,1.7147538528661244e-05,-0.9599481225013733,1.1612334251403809,0.04220142588019371,-0.295837938785553,-4.114820694667287e-05,1.6088939673863933e-06,0.0499265193939209,-0.05012894794344902
0,forearm_roll_positive,52,0.8666666666666667,1.718652310955804e-05,-0.9599481821060181,1.1612330675125122,0.04303089529275894,-0.2958384156227112,-4.136307325097732e-05,1.6174201391550014e-06,0.04991932585835457,-0.05014250800013542
0,forearm_roll_positive,53,0.8833333333333333,1.7224696421180852e-05,-0.9599481821060181,1.1612327098846436,0.043860383331775665,-0.29583877325057983,-4.156756040174514e-05,1.625555682949198e-06,0.049912113696336746,-0.05015666410326958
0,forearm_roll_positive,54,0.9,1.7262191249756142e-05,-0.9599481225013733,1.161232352256775,0.04468987509608269,-0.29583919048309326,-4.176287256996147e-05,1.6334089423253317e-06,0.04990491271018982,-0.050171397626399994
0,forearm_roll_positive,55,0.9166666666666666,1.7299093087785877e-05,-0.9599481821060181,1.1612318754196167,0.04551936313509941,-0.29583966732025146,-4.1949493606807664e-05,1.6409240970460814e-06,0.04989774525165558,-0.05018668621778488
0,forearm_roll_positive,56,0.9333333333333333,1.7335831216769293e-05,-0.9599480628967285,1.1612313985824585,0.04634884372353554,-0.29584047198295593,-4.212268686387688e-05,1.6478254565299721e-06,0.04989062622189522,-0.05020258203148842
0,forearm_roll_positive,57,0.95,1.7372643924318254e-05,-0.9599481821060181,1.161231279373169,0.047178320586681366,-0.2958409786224365,-4.228266334393993e-05,1.6541840750505798e-06,0.04988355562090874,-0.050219133496284485
0,forearm_roll_positive,58,0.9666666666666667,1.74094493559096e-05,-0.9599481225013733,1.1612310409545898,0.048007797449827194,-0.29584094882011414,-4.2431791371200234e-05,1.6601619563516579e-06,0.04987657442688942,-0.050236329436302185
0,forearm_roll_positive,59,0.9833333333333333,1.7445723642595112e-05,-0.9599480032920837,1.161230206489563,0.048837289214134216,-0.29584139585494995,-4.257039836375043e-05,1.6658080994602642e-06,0.04986969009041786,-0.05025415122509003
0,forearm_roll_positive,60,1.0,1.748162139847409e-05,-0.9599481225013733,1.1612298488616943,0.049666762351989746,-0.2958432734012604,-4.269827695679851e-05,1.6710173440515064e-06,0.04986291006207466,-0.05027255788445473
0,wrist_angle_negative,1,0.016666666666666666,1.763600084814243e-05,-0.95980304479599,1.1618143320083618,0.0011790221324190497,-0.2872526943683624,1.5860365465414361e-06,-6.368860283600952e-08,0.049987584352493286,-0.05001278221607208
0,wrist_angle_negative,2,0.03333333333333333,1.5785433788551018e-05,-0.9598947167396545,1.1616990566253662,0.0013438294408842921,-0.28976383805274963,-1.0565587444943958e-06,3.9562202402976254e-08,0.04998711869120598,-0.05001339316368103
0,wrist_angle_negative,3,0.05,1.5930567315081134e-05,-0.9600338339805603,1.1606029272079468,0.001227154745720327,-0.29264429211616516,-1.249442107109644e-06,4.7702435779228836e-08,0.049986809492111206,-0.050013795495033264
0,wrist_angle_negative,4,0.06666666666666667,1.5620558770024218e-05,-0.9599951505661011,1.161219835281372,0.0011275000870227814,-0.2952852249145508,-7.4167411412418e-07,2.7993520390623416e-08,0.04998647794127464,-0.0500141866505146
0,wrist_angle_negative,5,0.08333333333333333,1.6046102246036753e-05,-0.9599010944366455,1.161405086517334,0.0011455811327323318,-0.295247346162796,-3.0751317581234616e-07,1.110363623268995e-08,0.04998607933521271,-0.050014641135931015
0,wrist_angle_negative,6,0.1,1.5595929653500207e-05,-0.9599653482437134,1.1612451076507568,0.0011564606102183461,-0.2964169681072235,-6.35896014955506e-07,2.4449128943615506e-08,0.049985695630311966,-0.05001511052250862
0,wrist_angle_negative,7,0.11666666666666667,1.57539780047955e-05,-0.9599526524543762,1.1611272096633911,0.0011189586948603392,-0.2978377342224121,-6.24036999852251e-07,2.4248233643220374e-08,0.049985308200120926,-0.050015561282634735
0,wrist_angle_negative,8,0.13333333333333333,1.562822399137076e-05,-0.9599660038948059,1.161244511604309,0.0011028425069525838,-0.2986205220222473,-4.3424887508081156e-07,1.685572215137654e-08,0.04998493194580078,-0.05001601204276085
0,wrist_angle_negative,9,0.15,1.5782765331096016e-05,-0.9599347114562988,1.1612740755081177,0.0011046710424125195,-0.29918408393859863,-3.331851985421963e-07,1.2947481309311115e-08,0.04998456686735153,-0.05001647397875786
0,wrist_angle_negative,10,0.16666666666666666,1.5636045645806007e-05,-0.9599659442901611,1.1612454652786255,0.0011036236537620425,-0.30011627078056335,-3.77273153162605e-07,1.4833782202572365e-08,0.04998418688774109,-0.05001693591475487
0,wrist_angle_negative,11,0.18333333333333332,1.5718487702542916e-05,-0.9599494338035583,1.1612122058868408,0.0010919017950072885,-0.3011472523212433,-3.485999968688702e-07,1.3803331810890995e-08,0.049983810633420944,-0.05001739785075188
0,wrist_angle_negative,12,0.2,1.565648017276544e-05,-0.9599642753601074,1.1612284183502197,0.0010834929998964071,-0.3019310534000397,-2.896554178732913e-07,1.154264328562249e-08,0.049983441829681396,-0.050017859786748886
0,wrist_angle_negative,13,0.21666666666666667,1.5732734027551487e-05,-0.9599469900131226,1.1612441539764404,0.0010805383790284395,-0.30267414450645447,-2.231843154731905e-07,8.943851881326736e-09,0.04998307302594185,-0.050018321722745895
0,wrist_angle_negative,14,0.23333333333333334,1.5680730939493515e-05,-0.9599596858024597,1.1612392663955688,0.0010786523343995214,-0.3035031259059906,-2.1275212702676072e-07,8.599354117677649e-09,0.0499827079474926,-0.050018783658742905
0,wrist_angle_negative,15,0.25,1.5722658645245247e-05,-0.9599522352218628,1.161225438117981,0.0010729795321822166,-0.3044132888317108,-1.8746501950772654e-07,7.665371448695169e-09,0.04998233914375305,-0.050019245594739914
0,wrist_angle_negative,16,0.26666666666666666,1.569799496792257e-05,-0.9599595665931702,1.1612262725830078,0.0010673323413357139,-0.30524739623069763,-1.533984885782047e-07,6.375647565448617e-09,0.0499819740653038,-0.05001970753073692
0,wrist_angle_negative,17,0.2833333333333333,1.5737226931378245e-05,-0.959952175617218,1.1612318754196167,0.0010633674683049321,-0.3060538172721863,-1.0829313623617054e-07,4.586175883503074e-09,0.04998161271214485,-0.05002016946673393
0,wrist_angle_negative,18,0.3,1.572164910612628e-05,-0.9599573016166687,1.161231517791748,0.0010604418348520994,-0.306873083114624,-8.320500910485862e-08,3.594335939993698e-09,0.0499812588095665,-0.05002063512802124
0,wrist_angle_negative,19,0.31666666666666665,1.574558518768754e-05,-0.9599540829658508,1.1612257957458496,0.001056325389072299,-0.30773258209228516,-5.5643695873186516e-08,2.539669807788414e-09,0.04998089745640755,-0.05002110078930855
0,wrist_angle_negative,20,0.3333333333333333,1.5738949514343403e-05,-0.959957480430603,1.161224365234375,0.0010519229108467698,-0.30857279896736145,-2.7235671495873248e-08,1.3814922539268082e-09,0.04998054355382919,-0.05002156272530556
0,wrist_angle_negative,21,0.35,1.5760742826387286e-05,-0.9599542617797852,1.1612253189086914,0.0010479501215741038,-0.3094007670879364,7.754302089324483e-09,-1.4425349803559584e-11,0.04998018965125084,-0.050022024661302567
0,wrist_angle_negative,22,0.36666666666666664,1.575922578922473e-05,-0.9599565267562866,1.161225438117981,0.0010445142397657037,-0.31022700667381287,3.5546456444990326e-08,-1.144611516679106e-09,0.049979835748672485,-0.050022486597299576
0,wrist_angle_negative,23,0.38333333333333336,1.5774794519529678e-05,-0.9599547982215881,1.1612224578857422,0.0010407579829916358,-0.3110695481300354,6.370919436449185e-08,-2.2544703881521855e-09,0.04997948184609413,-0.050022948533296585
0,wrist_angle_negative,24,0.4,1.5776187865412794e-05,-0.9599565863609314,1.1612207889556885,0.0010368275688961148,-0.3119078278541565,9.169772852146707e-08,-3.3600473514638907e-09,0.049979131668806076,-0.050023410469293594
0,wrist_angle_negative,25,0.4166666666666667,1.5790494217071682e-05,-0.9599553346633911,1.1612203121185303,0.0010329775977879763,-0.3127416968345642,1.2303172525207628e-07,-4.5987924579549144e-09,0.04997877776622772,-0.050023872405290604
0,wrist_angle_negative,26,0.43333333333333335,1.579443778609857e-05,-0.9599563479423523,1.161219835281372,0.0010293872328475118,-0.31357231736183167,1.519756267498451e-07,-5.808642455917834e-09,0.04997842758893967,-0.05002433434128761
0,wrist_angle_negative,27,0.45,1.5805992006789893e-05,-0.9599555134773254,1.1612184047698975,0.0010257232934236526,-0.314409464597702,1.803873317385296e-07,-6.99614099985979e-09,0.04997808113694191,-0.05002479627728462
0,wrist_angle_negative,28,0.4666666666666667,1.581090509716887e-05,-0.9599562287330627,1.1612166166305542,0.001022010575979948,-0.31524598598480225,2.0836671410506824e-07,-8.124880324089645e-09,0.04997773468494415,-0.05002525821328163
0,wrist_angle_negative,29,0.48333333333333334,1.5821489796508104e-05,-0.9599558115005493,1.1612156629562378,0.0010182621190324426,-0.3160818815231323,2.3733537091175094e-07,-9.288145363939293e-09,0.049977388232946396,-0.05002572014927864
0,wrist_angle_negative,30,0.5,1.5827707102289423e-05,-0.9599559903144836,1.1612147092819214,0.0010146397398784757,-0.31691494584083557,2.6586019430396846e-07,-1.0435575958922527e-08,0.04997704178094864,-0.05002618208527565
0,wrist_angle_negative,31,0.5166666666666667,1.5837018509046175e-05,-0.9599559307098389,1.161213994026184,0.001011026673950255,-0.31775033473968506,2.940358854175429e-07,-1.160024609703214e-08,0.04997669532895088,-0.05002664402127266
0,wrist_angle_negative,32,0.5333333333333333,1.5843688743188977e-05,-0.959956169128418,1.1612128019332886,0.0010074127931147814,-0.3185860514640808,3.216887307644356e-07,-1.2717050523747275e-08,0.049976348876953125,-0.05002710595726967
0,wrist_angle_negative,33,0.55,1.585222162248101e-05,-0.9599558711051941,1.1612114906311035,0.0010037694592028856,-0.31942218542099,3.4972077855854877e-07,-1.3925038899742503e-08,0.04997600242495537,-0.05002756789326668
0,wrist_angle_negative,34,0.5666666666666667,1.585919744684361e-05,-0.9599563479423523,1.1612104177474976,0.0010001558111980557,-0.3202569782733917,3.775782602133404e-07,-1.5082335380611767e-08,0.04997565969824791,-0.05002802982926369
0,wrist_angle_negative,35,0.5833333333333334,1.5867541151237674e-05,-0.9599559903144836,1.1612094640731812,0.000996559509076178,-0.3210921585559845,4.0568150438957673e-07,-1.62705813266939e-08,0.04997531697154045,-0.050028495490550995
0,wrist_angle_negative,36,0.6,1.5874415112193674e-05,-0.9599563479423523,1.1612082719802856,0.000993007211945951,-0.3219270408153534,4.332929677275388e-07,-1.743126887276958e-08,0.04997497424483299,-0.0500289611518383
0,wrist_angle_negative,37,0.6166666666666667,1.5882396837696433e-05,-0.9599561095237732,1.161206603050232,0.0009894265094771981,-0.3227629065513611,4.606470724866085e-07,-1.8614612073974968e-08,0.049974631518125534,-0.05002942681312561
0,wrist_angle_negative,38,0.6333333333333333,1.588926897966303e-05,-0.9599564671516418,1.1612058877944946,0.0009858518606051803,-0.32359808683395386,4.882864459432312e-07,-1.9790279637277308e-08,0.049974288791418076,-0.05002989247441292
0,wrist_angle_negative,39,0.65,1.5897208868409507e-05,-0.9599562287330627,1.1612048149108887,0.0009823308791965246,-0.3244326114654541,5.159715783520369e-07,-2.1003689454346386e-08,0.04997394606471062,-0.050030358135700226
0,wrist_angle_negative,40,0.6666666666666666,1.590386818861589e-05,-0.9599565267562866,1.1612039804458618,0.0009788222378119826,-0.32526788115501404,5.431285785562068e-07,-2.217857897335307e-08,0.04997360706329346,-0.050030823796987534
0,wrist_angle_negative,41,0.6833333333333333,1.5911500668153167e-05,-0.9599564075469971,1.1612027883529663,0.0009753035847097635,-0.32610374689102173,5.706544357053644e-07,-2.3367347168345987e-08,0.0499732680618763,-0.05003128945827484
0,wrist_angle_negative,42,0.7,1.5918147255433723e-05,-0.9599566459655762,1.1612014770507812,0.0009717902285046875,-0.3269389867782593,5.979254638077691e-07,-2.4533994391617853e-08,0.04997292906045914,-0.05003175511956215
0,wrist_angle_negative,43,0.7166666666666667,1.5925555999274366e-05,-0.9599564671516418,1.1612005233764648,0.0009682808304205537,-0.32777419686317444,6.257909603846201e-07,-2.5734202324656508e-08,0.049972593784332275,-0.05003222078084946
0,wrist_angle_negative,44,0.7333333333333333,1.59321916726185e-05,-0.9599565863609314,1.1611992120742798,0.0009648234117776155,-0.32860878109931946,6.531245730911905e-07,-2.6918824502786265e-08,0.04997226223349571,-0.050032686442136765
0,wrist_angle_negative,45,0.75,1.5939320292090997e-05,-0.9599566459655762,1.1611981391906738,0.000961348123382777,-0.3294442296028137,6.800881351409771e-07,-2.811263044577572e-08,0.04997193068265915,-0.05003315210342407
0,wrist_angle_negative,46,0.7666666666666667,1.5945943232509308e-05,-0.9599566459655762,1.1611968278884888,0.0009578951285220683,-0.3302791714668274,7.076030783537135e-07,-2.9286484348745034e-08,0.049971602857112885,-0.05003361776471138
0,wrist_angle_negative,47,0.7833333333333333,1.595277717569843e-05,-0.9599566459655762,1.1611958742141724,0.0009544495842419565,-0.33111435174942017,7.350030841735133e-07,-3.050475783084039e-08,0.04997127503156662,-0.05003408342599869
0,wrist_angle_negative,48,0.8,1.5959401935106143e-05,-0.9599568247795105,1.1611946821212769,0.000951034075114876,-0.3319493532180786,7.618132826792134e-07,-3.1683615731026293e-08,0.049970947206020355,-0.050034549087285995
0,wrist_angle_negative,49,0.8166666666666667,1.5966081264195964e-05,-0.9599565863609314,1.1611933708190918,0.0009476097766309977,-0.3327848017215729,7.886897037678864e-07,-3.285896355009754e-08,0.04997061938047409,-0.0500350147485733
0,wrist_angle_negative,50,0.8333333333333334,1.597247683093883e-05,-0.9599568843841553,1.1611924171447754,0.0009442050941288471,-0.33361974358558655,8.153850785674877e-07,-3.404776194315673e-08,0.049970291554927826,-0.05003548040986061
0,wrist_angle_negative,51,0.85,1.5979205272742547e-05,-0.9599568843841553,1.1611912250518799,0.0009408178157173097,-0.33445486426353455,8.419663117820164e-07,-3.524240455021754e-08,0.04996996372938156,-0.05003594607114792
0,wrist_angle_negative,52,0.8666666666666667,1.598540802660864e-05,-0.9599567651748657,1.161190152168274,0.0009374356013722718,-0.33528998494148254,8.688019761393662e-07,-3.646259116862893e-08,0.0499696359038353,-0.050036411732435226
0,wrist_angle_negative,53,0.8833333333333333,1.599183633516077e-05,-0.9599568247795105,1.1611889600753784,0.0009340775432065129,-0.3361251652240753,8.954766599345021e-07,-3.7645126127472395e-08,0.04996930807828903,-0.050036877393722534
0,wrist_angle_negative,54,0.9,1.5998006347217597e-05,-0.9599569439888,1.161187767982483,0.0009307156433351338,-0.33696049451828003,9.219226058121421e-07,-3.883330634835147e-08,0.04996898025274277,-0.05003734305500984
0,wrist_angle_negative,55,0.9166666666666666,1.600431278347969e-05,-0.9599568247795105,1.1611870527267456,0.0009273658506572247,-0.3377956748008728,9.486299177297042e-07,-4.002860620744286e-08,0.0499686524271965,-0.05003780871629715
0,wrist_angle_negative,56,0.9333333333333333,1.601034455234185e-05,-0.9599568247795105,1.161185622215271,0.0009240593644790351,-0.3386304974555969,9.74564272837597e-07,-4.1233327863210434e-08,0.04996832460165024,-0.05003827437758446
0,wrist_angle_negative,57,0.95,1.6016334484447725e-05,-0.9599570631980896,1.1611841917037964,0.0009207215043716133,-0.339466392993927,1.000984525489912e-06,-4.242144058252961e-08,0.04996800050139427,-0.050038740038871765
0,wrist_angle_negative,58,0.9666666666666667,1.6022419004002586e-05,-0.9599570631980896,1.1611829996109009,0.000917387951631099,-0.3403015732765198,1.0272954114043387e-06,-4.3626243950711796e-08,0.049967676401138306,-0.05003920570015907
0,wrist_angle_negative,59,0.9833333333333333,1.6028365280362777e-05,-0.9599569439888,1.161181926727295,0.0009141010814346373,-0.34113579988479614,1.0533693739489536e-06,-4.4849574720728924e-08,0.04996735230088234,-0.05003967136144638
0,wrist_angle_negative,60,1.0,1.6034191503422335e-05,-0.9599570631980896,1.1611812114715576,0.0009108385420404375,-0.3419707715511322,1.079134790415992e-06,-4.603115044687911e-08,0.04996702820062637,-0.05004013702273369
0,wrist_angle_positive,1,0.016666666666666666,1.770208473317325e-05,-0.9597831964492798,1.1617457866668701,0.0011559497797861695,-0.285491943359375,1.758455255185254e-06,-7.055473361106124e-08,0.04998745769262314,-0.05001290142536163
0,wrist_angle_positive,2,0.03333333333333333,1.584589517733548e-05,-0.9598560333251953,1.1618231534957886,0.001340413698926568,-0.2862868905067444,-7.598052889079554e-07,2.7559377002717156e-08,0.04998686909675598,-0.050013646483421326
0,wrist_angle_positive,3,0.05,1.5832329154363833e-05,-0.9600298404693604,1.1606299877166748,0.0012439793208613992,-0.28830716013908386,-1.525020365988894e-06,5.8003777780868404e-08,0.04998651519417763,-0.05001409724354744
0,wrist_angle_positive,4,0.06666666666666667,1.5542296750936657e-05,-0.959998369216919,1.161124587059021,0.001124590984545648,-0.2895455062389374,-7.882854333729483e-07,2.9580915494875626e-08,0.04998614639043808,-0.050014521926641464
0,wrist_angle_positive,5,0.08333333333333333,1.6350855730706826e-05,-0.9598857164382935,1.1614083051681519,0.001128105097450316,-0.2861320674419403,6.012189714965643e-07,-2.4640847584578296e-08,0.04998566210269928,-0.05001502484083176
0,wrist_angle_positive,6,0.1,1.58121511049103e-05,-0.959934651851654,1.1614574193954468,0.0011936872033402324,-0.28501230478286743,7.223943043754844e-08,-3.766913003744321e-09,0.04998518526554108,-0.05001560226082802
0,wrist_angle_positive,7,0.11666666666666667,1.5772375263622962e-05,-0.9599326848983765,1.1611614227294922,0.0011878303484991193,-0.2859184145927429,-4.5288160777090525e-07,1.6906561484120175e-08,0.04998479783535004,-0.050016097724437714
0,wrist_angle_positive,8,0.13333333333333333,1.554466325615067e-05,-0.9599860906600952,1.1611018180847168,0.0011374900350347161,-0.28573015332221985,-3.816919615928782e-07,1.4445693530262815e-08,0.0499844029545784,-0.05001658573746681
0,wrist_angle_positive,9,0.15,1.5954918126226403e-05,-0.959921658039093,1.161309003829956,0.0011243704939261079,-0.28377512097358704,3.99610598833533e-07,-1.5753403914686714e-08,0.04998395964503288,-0.05001707747578621
0,wrist_angle_positive,10,0.16666666666666666,1.580786374688614e-05,-0.9599303007125854,1.1613898277282715,0.0011641538003459573,-0.2820780575275421,4.012854049051384e-07,-1.572320762477375e-08,0.049983520060777664,-0.05001760646700859
0,wrist_angle_positive,11,0.18333333333333332,1.5722520402050577e-05,-0.9599298238754272,1.1612838506698608,0.00118325836956501,-0.28211045265197754,7.464223017450422e-09,-4.860782887305959e-10,0.04998314753174782,-0.05001810938119888
0,wrist_angle_positive,12,0.2,1.555424569232855e-05,-0.9599624872207642,1.1611506938934326,0.0011608953354880214,-0.28193676471710205,-1.3074985361072322e-07,4.980869938719934e-09,0.04998277872800827,-0.05001859739422798
0,wrist_angle_positive,13,0.21666666666666667,1.5729650840512477e-05,-0.9599395394325256,1.1612608432769775,0.001144296140410006,-0.28079357743263245,2.5128213110292563e-07,-9.662850963820802e-09,0.04998239502310753,-0.05001908540725708
0,wrist_angle_positive,14,0.23333333333333334,1.5739988157292828e-05,-0.9599305987358093,1.1613337993621826,0.0011633126996457577,-0.2791638672351837,4.415088596942951e-07,-1.6910775002543232e-08,0.0499819815158844,-0.05001958832144737
0,wrist_angle_positive,15,0.25,1.5685043763369322e-05,-0.9599313735961914,1.1613208055496216,0.0011856274213641882,-0.2785884439945221,2.618933194753481e-07,-1.0017186191646488e-08,0.04998160898685455,-0.05002008378505707
0,wrist_angle_positive,16,0.26666666666666666,1.5563980923616327e-05,-0.9599477648735046,1.1612104177474976,0.0011814284371212125,-0.278257817029953,7.774059440635028e-08,-2.8883255787093276e-09,0.049981240183115005,-0.050020575523376465
0,wrist_angle_positive,17,0.2833333333333333,1.561589670018293e-05,-0.9599447846412659,1.1612449884414673,0.0011686080833896995,-0.2774869203567505,2.376275460846955e-07,-8.959000652453142e-09,0.04998087137937546,-0.050021059811115265
0,wrist_angle_positive,18,0.3,1.5660569260944612e-05,-0.9599338173866272,1.1612998247146606,0.001175250275991857,-0.27613773941993713,4.2986914650100516e-07,-1.62329669706196e-08,0.049980491399765015,-0.05002155527472496
0,wrist_angle_positive,19,0.31666666666666665,1.564143894938752e-05,-0.9599330425262451,1.1613203287124634,0.0011929230531677604,-0.2752431631088257,4.057645810462418e-07,-1.5267669795093752e-08,0.04998011514544487,-0.05002204701304436
0,wrist_angle_positive,20,0.3333333333333333,1.556224378873594e-05,-0.9599406123161316,1.1612569093704224,0.0011981091229245067,-0.27471473813056946,2.629424216138432e-07,-9.804676182056937e-09,0.04997975006699562,-0.050022538751363754
0,wrist_angle_positive,21,0.35,1.5553488992736675e-05,-0.9599437713623047,1.161248803138733,0.0011916585499420762,-0.2740577459335327,2.9741909202130046e-07,-1.1063931992794096e-08,0.04997938498854637,-0.050023023039102554
0,wrist_angle_positive,22,0.36666666666666664,1.5590214388794266e-05,-0.9599372148513794,1.1612823009490967,0.0011925959261134267,-0.2729712426662445,4.451913468983548e-07,-1.6654986723096954e-08,0.049979016184806824,-0.05002351105213165
0,wrist_angle_positive,23,0.38333333333333336,1.559099655423779e-05,-0.959934413433075,1.161310076713562,0.001204432686790824,-0.2719743847846985,4.925237817587913e-07,-1.8415406088934105e-08,0.049978651106357574,-0.05002399906516075
0,wrist_angle_positive,24,0.4,1.5542556866421364e-05,-0.959937334060669,1.1612826585769653,0.0012130390387028456,-0.2712755501270294,4.1287751173513243e-07,-1.534793803159573e-08,0.049978289753198624,-0.05002448707818985
0,wrist_angle_positive,25,0.4166666666666667,1.5514413462369703e-05,-0.9599414467811584,1.161262035369873,0.001212151488289237,-0.2706123888492584,3.9977655319489713e-07,-1.4788270163990092e-08,0.04997793212532997,-0.05002497136592865
0,wrist_angle_positive,26,0.43333333333333335,1.55302113853395e-05,-0.9599388241767883,1.1612766981124878,0.0012118506710976362,-0.2696968615055084,4.911954079034331e-07,-1.8164602266779184e-08,0.04997757449746132,-0.05002545937895775
0,wrist_angle_positive,27,0.45,1.553751280880533e-05,-0.9599356651306152,1.1613001823425293,0.0012191610876470804,-0.26871225237846375,5.606449917650025e-07,-2.074726701550844e-08,0.04997721686959267,-0.05002594739198685
0,wrist_angle_positive,28,0.4666666666666667,1.551155037304852e-05,-0.959936261177063,1.161293864250183,0.0012278150534257293,-0.267902135848999,5.38806602889963e-07,-1.9864609512865172e-08,0.049976859241724014,-0.050026435405015945
0,wrist_angle_positive,29,0.48333333333333334,1.548093860037625e-05,-0.9599394202232361,1.1612763404846191,0.0012307174038141966,-0.26719099283218384,5.146962394064758e-07,-1.8923696387673772e-08,0.04997650533914566,-0.050026919692754745
0,wrist_angle_positive,30,0.5,1.5479319699807093e-05,-0.9599388241767883,1.1612786054611206,0.0012312860926613212,-0.26636138558387756,5.630665214084729e-07,-2.066152937629795e-08,0.049976151436567307,-0.050027403980493546
0,wrist_angle_positive,31,0.5166666666666667,1.5484298273804598e-05,-0.9599367380142212,1.1612945795059204,0.0012359492247924209,-0.26542750000953674,6.283055995481845e-07,-2.3049663511187646e-08,0.04997579753398895,-0.050027888268232346
0,wrist_angle_positive,32,0.5333333333333333,1.5470883226953447e-05,-0.9599360227584839,1.1612979173660278,0.0012433839729055762,-0.2645655870437622,6.409612751667737e-07,-2.34696635459386e-08,0.0499754436314106,-0.050028372555971146
0,wrist_angle_positive,33,0.55,1.5445164535776712e-05,-0.9599379301071167,1.161287546157837,0.0012482200982049108,-0.2637995779514313,6.278563660089276e-07,-2.291509915153256e-08,0.049975089728832245,-0.050028856843709946
0,wrist_angle_positive,34,0.5666666666666667,1.543368307466153e-05,-0.9599382877349854,1.1612842082977295,0.0012502921745181084,-0.26300033926963806,6.506861609523185e-07,-2.3724160413962636e-08,0.04997473955154419,-0.05002933740615845
0,wrist_angle_positive,35,0.5833333333333334,1.543260987091344e-05,-0.9599372744560242,1.1612926721572876,0.0012538355076685548,-0.2621161937713623,7.017574716883246e-07,-2.555909439649895e-08,0.04997439309954643,-0.05002981796860695
0,wrist_angle_positive,36,0.6,1.542476275062654e-05,-0.959936261177063,1.161299467086792,0.001259886659681797,-0.2612417936325073,7.311825811484596e-07,-2.6585539103507472e-08,0.049974046647548676,-0.05003029853105545
0,wrist_angle_positive,37,0.6166666666666667,1.540506855235435e-05,-0.9599369168281555,1.1612948179244995,0.0012654298916459084,-0.26043227314949036,7.324145485654299e-07,-2.6542549491637146e-08,0.04997370019555092,-0.05003077909350395
0,wrist_angle_positive,38,0.6333333333333333,1.5389601685456e-05,-0.9599377512931824,1.1612907648086548,0.0012688273563981056,-0.25963518023490906,7.451923806911509e-07,-2.694147127613178e-08,0.04997335374355316,-0.050031259655952454
0,wrist_angle_positive,39,0.65,1.5383062418550253e-05,-0.9599372148513794,1.1612939834594727,0.0012721926905214787,-0.2587844729423523,7.814039690856589e-07,-2.823543532315398e-08,0.0499730110168457,-0.05003173649311066
0,wrist_angle_positive,40,0.6666666666666666,1.5376057490357198e-05,-0.9599365592002869,1.1613004207611084,0.0012772586196660995,-0.2579162120819092,8.152429700203356e-07,-2.9421480363112096e-08,0.049972668290138245,-0.05003221333026886
0,wrist_angle_positive,41,0.6833333333333333,1.53611308633117e-05,-0.9599363803863525,1.1612999439239502,0.0012827982427552342,-0.2570818066596985,8.286364732157381e-07,-2.9849701377315796e-08,0.049972325563430786,-0.05003269016742706
0,wrist_angle_positive,42,0.7,1.5344729035859928e-05,-0.9599370956420898,1.161297082901001,0.0012870959471911192,-0.2562735378742218,8.405055496041314e-07,-3.0199586831258785e-08,0.049971986562013626,-0.050033167004585266
0,wrist_angle_positive,43,0.7166666666666667,1.5334308045567013e-05,-0.959936797618866,1.1612974405288696,0.0012907532509416342,-0.25544092059135437,8.667394695294206e-07,-3.112304725050308e-08,0.049971651285886765,-0.05003364384174347
0,wrist_angle_positive,44,0.7333333333333333,1.5325840649893507e-05,-0.9599363803863525,1.161301851272583,0.0012952592223882675,-0.2545849084854126,8.990772357719834e-07,-3.220135269543789e-08,0.0499713197350502,-0.050034116953611374
0,wrist_angle_positive,45,0.75,1.531376074126456e-05,-0.9599361419677734,1.1613037586212158,0.0013005034998059273,-0.25374048948287964,9.198469683724397e-07,-3.286670491320365e-08,0.04997098818421364,-0.05003459006547928
0,wrist_angle_positive,46,0.7666666666666667,1.529815017420333e-05,-0.9599364995956421,1.1613023281097412,0.0013052740832790732,-0.2529182732105255,9.33438627725991e-07,-3.3309238034462396e-08,0.049970656633377075,-0.05003506317734718
0,wrist_angle_positive,47,0.7833333333333333,1.5285409972420894e-05,-0.9599364399909973,1.1613019704818726,0.0013093576999381185,-0.2520921528339386,9.54285269472166e-07,-3.399011916371819e-08,0.04997033253312111,-0.05003553628921509
0,wrist_angle_positive,48,0.8,1.527502536191605e-05,-0.9599361419677734,1.1613044738769531,0.0013136863708496094,-0.25124701857566833,9.817445061344188e-07,-3.49124711362947e-08,0.04997001215815544,-0.050036005675792694
0,wrist_angle_positive,49,0.8166666666666667,1.526364758319687e-05,-0.95993572473526,1.1613068580627441,0.0013186360010877252,-0.2504011392593384,1.005688204713806e-06,-3.5689218691459246e-08,0.049969691783189774,-0.0500364750623703
0,wrist_angle_positive,50,0.8333333333333334,1.5249251191562507e-05,-0.9599358439445496,1.1613065004348755,0.0013235644437372684,-0.24956952035427094,1.0230858151771827e-06,-3.622859168217474e-08,0.049969371408224106,-0.050036944448947906
0,wrist_angle_positive,51,0.85,1.5235541468427982e-05,-0.9599360227584839,1.1613065004348755,0.0013279836857691407,-0.24874331057071686,1.0415186579848523e-06,-3.6783553980512806e-08,0.04996905475854874,-0.05003741383552551
0,wrist_angle_positive,52,0.8666666666666667,1.5223630725813564e-05,-0.9599358439445496,1.1613078117370605,0.0013323649764060974,-0.24790415167808533,1.0654083553163218e-06,-3.7531808771973374e-08,0.04996873810887337,-0.05003787949681282
0,wrist_angle_positive,53,0.8833333333333333,1.5211827303573955e-05,-0.95993572473526,1.1613097190856934,0.0013371523236855865,-0.24706073105335236,1.089540774046327e-06,-3.83291229866245e-08,0.049968421459198,-0.05003834515810013
0,wrist_angle_positive,54,0.9,1.51982558236341e-05,-0.9599356651306152,1.1613106727600098,0.0013420616742223501,-0.24622513353824615,1.1087400935139158e-06,-3.894087896583187e-08,0.04996810480952263,-0.050038810819387436
0,wrist_angle_positive,55,0.9166666666666666,1.5184151379799005e-05,-0.9599354863166809,1.1613106727600098,0.0013467317912727594,-0.24539412558078766,1.1273676818746026e-06,-3.9541234286843974e-08,0.04996779188513756,-0.050039276480674744
0,wrist_angle_positive,56,0.9333333333333333,1.5171135601121932e-05,-0.9599356651306152,1.1613115072250366,0.0013512666337192059,-0.24455931782722473,1.149275135503558e-06,-4.0220765384901824e-08,0.04996747896075249,-0.05003973841667175
0,wrist_angle_positive,57,0.95,1.515868916612817e-05,-0.9599354863166809,1.1613126993179321,0.001355960383079946,-0.24371953308582306,1.171652343145979e-06,-4.09508196241859e-08,0.049967169761657715,-0.05004020035266876
0,wrist_angle_positive,58,0.9666666666666667,1.514533141744323e-05,-0.9599354267120361,1.1613143682479858,0.0013608107110485435,-0.2428819090127945,1.1925176295335405e-06,-4.157037025720456e-08,0.04996686056256294,-0.05004066228866577
0,wrist_angle_positive,59,0.9833333333333333,1.5131324289541226e-05,-0.9599354267120361,1.161314606666565,0.001365644158795476,-0.24204669892787933,1.2113667935409467e-06,-4.216992977035261e-08,0.04996655508875847,-0.05004112422466278
0,wrist_angle_positive,60,1.0,1.5117363545869011e-05,-0.9599354267120361,1.1613155603408813,0.0013703308068215847,-0.24121379852294922,1.2312157195992768e-06,-4.278664889056927e-08,0.049966249614953995,-0.05004158243536949
0,wrist_rotate_negative,1,0.016666666666666666,1.7474663764005527e-05,-0.9597975611686707,1.161957859992981,0.0012324247509241104,-0.2907524108886719,-0.00022005547361914068,-4.8637520677630164e-08,0.04998787119984627,-0.0500124990940094
0,wrist_rotate_negative,2,0.03333333333333333,1.5694247849751264e-05,-0.9599622488021851,1.1612616777420044,0.0013232302153483033,-0.29319557547569275,-0.0006063524051569402,5.345495424080582e-08,0.0499875508248806,-0.05001290887594223
0,wrist_rotate_negative,3,0.05,1.6057208995334804e-05,-0.9600485563278198,1.160674810409546,0.0011746810050681233,-0.2952754497528076,-0.0011090991320088506,4.2799925381586945e-08,0.049987707287073135,-0.05001283064484596
0,wrist_rotate_negative,4,0.06666666666666667,1.6187765140784904e-05,-0.9599459171295166,1.161422610282898,0.0011368001578375697,-0.2960064113140106,-0.0016982058295980096,-1.9680440388469833e-08,0.049987997859716415,-0.050012584775686264
0,wrist_rotate_negative,5,0.08333333333333333,1.666983007453382e-05,-0.9598873853683472,1.1613397598266602,0.0011689976090565324,-0.29463106393814087,-0.002352530835196376,-4.940461195701573e-08,0.04998791590332985,-0.0500127337872982
0,wrist_rotate_negative,6,0.1,1.642289134906605e-05,-0.9599779844284058,1.1612681150436401,0.001176458434201777,-0.29567191004753113,-0.0030547715723514557,-5.504315225834944e-08,0.04998781904578209,-0.050012893974781036
0,wrist_rotate_negative,7,0.11666666666666667,1.6722089640097693e-05,-0.9599456191062927,1.1611353158950806,0.0011433328036218882,-0.2964535057544708,-0.0037913129199296236,-7.851688366145027e-08,0.049987804144620895,-0.0500129833817482
0,wrist_rotate_negative,8,0.13333333333333333,1.6769254216342233e-05,-0.9599713087081909,1.1612319946289062,0.0011232402175664902,-0.29602718353271484,-0.0045529697090387344,-1.1855514969738579e-07,0.0499877855181694,-0.05001306161284447
0,wrist_rotate_negative,9,0.15,1.7087215383071452e-05,-0.9599248170852661,1.1613223552703857,0.0011346259852871299,-0.2953971028327942,-0.005333295091986656,-1.6157068216671178e-07,0.04998769611120224,-0.050013214349746704
0,wrist_rotate_negative,10,0.16666666666666666,1.6969499483820982e-05,-0.9599546790122986,1.1612766981124878,0.0011489709140732884,-0.2955247163772583,-0.006127845961600542,-1.8659737577308988e-07,0.0499875545501709,-0.050013408064842224
0,wrist_rotate_negative,11,0.18333333333333332,1.7083220882341266e-05,-0.9599478244781494,1.161211371421814,0.001138513907790184,-0.2960948050022125,-0.006932422518730164,-2.1564983399002813e-07,0.049987487494945526,-0.05001353472471237
0,wrist_rotate_negative,12,0.2,1.7092437701649033e-05,-0.9599611759185791,1.1612135171890259,0.0011249976232647896,-0.29603245854377747,-0.007744233123958111,-2.525647460061009e-07,0.04998742416501045,-0.05001365765929222
0,wrist_rotate_negative,13,0.21666666666666667,1.7254214981221594e-05,-0.959940493106842,1.161283016204834,0.001126157701946795,-0.29571229219436646,-0.008561287075281143,-2.980287945320015e-07,0.049987323582172394,-0.050013814121484756
0,wrist_rotate_negative,14,0.23333333333333334,1.7220318113686517e-05,-0.9599481821060181,1.1612741947174072,0.0011356050381436944,-0.2955929636955261,-0.009382539428770542,-3.3598630011510977e-07,0.04998717084527016,-0.050014007836580276
0,wrist_rotate_negative,15,0.25,1.7247848518309183e-05,-0.9599478840827942,1.1612443923950195,0.001134572084993124,-0.2958923578262329,-0.010206823237240314,-3.7057233726045524e-07,0.04998704046010971,-0.05001417174935341
0,wrist_rotate_negative,16,0.26666666666666666,1.7240263332496397e-05,-0.9599550366401672,1.1612229347229004,0.001126984367147088,-0.29596424102783203,-0.011033223941922188,-4.0725666394791915e-07,0.04998688027262688,-0.05001434311270714
0,wrist_rotate_negative,17,0.2833333333333333,1.7312551790382713e-05,-0.9599473476409912,1.161260962486267,0.0011244039051234722,-0.2958391308784485,-0.011861041188240051,-4.507497521899495e-07,0.049986690282821655,-0.05001452565193176
0,wrist_rotate_negative,18,0.3,1.731186239339877e-05,-0.9599472284317017,1.1612656116485596,0.0011288848472759128,-0.2956900894641876,-0.012690048664808273,-4.931037551614281e-07,0.04998646304011345,-0.05001473054289818
0,wrist_rotate_negative,19,0.31666666666666665,1.7313805074081756e-05,-0.959947943687439,1.1612563133239746,0.001130499760620296,-0.29581063985824585,-0.01352000143378973,-5.319666342984419e-07,0.049986228346824646,-0.050014935433864594
0,wrist_rotate_negative,20,0.3333333333333333,1.7303165805060416e-05,-0.9599515795707703,1.1612353324890137,0.001127007300965488,-0.29589420557022095,-0.014350617304444313,-5.698299787582073e-07,0.049985986202955246,-0.05001514032483101
0,wrist_rotate_negative,21,0.35,1.7330758055322804e-05,-0.9599496126174927,1.1612507104873657,0.0011239914456382394,-0.2958671748638153,-0.015181604772806168,-6.115174073784146e-07,0.04998573288321495,-0.05001534894108772
0,wrist_rotate_negative,22,0.36666666666666664,1.7339316400466487e-05,-0.9599481821060181,1.1612586975097656,0.0011253010015934706,-0.2957642078399658,-0.01601289212703705,-6.545993755935342e-07,0.049985453486442566,-0.05001557990908623
0,wrist_rotate_negative,23,0.38333333333333336,1.7337653844151646e-05,-0.9599483609199524,1.1612577438354492,0.001126868650317192,-0.2957896292209625,-0.01684447191655636,-6.960522682675219e-07,0.049985162913799286,-0.05001581832766533
0,wrist_rotate_negative,24,0.4,1.7328973626717925e-05,-0.9599499702453613,1.1612448692321777,0.0011255958816036582,-0.2958487868309021,-0.017676271498203278,-7.354240096901776e-07,0.04998486489057541,-0.05001606419682503
0,wrist_rotate_negative,25,0.4166666666666667,1.7336653399979696e-05,-0.9599499106407166,1.1612480878829956,0.001123320427723229,-0.29585957527160645,-0.01850818656384945,-7.761590268273721e-07,0.049984559416770935,-0.05001631751656532
0,wrist_rotate_negative,26,0.43333333333333335,1.734436591505073e-05,-0.9599488973617554,1.1612540483474731,0.001123072113841772,-0.2958056330680847,-0.01934015564620495,-8.186929676412547e-07,0.049984242767095566,-0.05001658573746681
0,wrist_rotate_negative,27,0.45,1.7344153093290515e-05,-0.9599485397338867,1.161255955696106,0.0011238744482398033,-0.2957956790924072,-0.020172201097011566,-8.610355735072517e-07,0.0499839186668396,-0.0500168614089489
0,wrist_rotate_negative,28,0.4666666666666667,1.7338736142846756e-05,-0.9599491953849792,1.1612499952316284,0.0011235123965889215,-0.29582592844963074,-0.021004339680075645,-9.018461923915311e-07,0.04998358339071274,-0.05001714453101158
0,wrist_rotate_negative,29,0.48333333333333334,1.7339089026791044e-05,-0.9599496722221375,1.1612491607666016,0.0011220852611586452,-0.29584407806396484,-0.02183651551604271,-9.426179303773097e-07,0.04998324066400528,-0.05001743510365486
0,wrist_rotate_negative,30,0.5,1.7343325453111902e-05,-0.9599490761756897,1.1612515449523926,0.0011213261168450117,-0.29582223296165466,-0.02266869693994522,-9.842111694524647e-07,0.04998288303613663,-0.05001773312687874
0,wrist_rotate_negative,31,0.5166666666666667,1.734419129206799e-05,-0.9599488377571106,1.1612541675567627,0.0011214057449251413,-0.29580825567245483,-0.02350088767707348,-1.026266545522958e-06,0.04998248815536499,-0.050018034875392914
0,wrist_rotate_negative,32,0.5333333333333333,1.7341721104457974e-05,-0.9599489569664001,1.1612520217895508,0.0011212436947971582,-0.2958173453807831,-0.024333110079169273,-1.0678994613044779e-06,0.04998207092285156,-0.05001834034919739
0,wrist_rotate_negative,33,0.55,1.7340080376015976e-05,-0.9599494338035583,1.1612499952316284,0.0011204073671251535,-0.2958314120769501,-0.02516535483300686,-1.108987476072798e-06,0.04998163878917694,-0.05001864954829216
0,wrist_rotate_negative,34,0.5666666666666667,1.7341866623610258e-05,-0.959949254989624,1.1612509489059448,0.0011195703409612179,-0.2958274483680725,-0.025997601449489594,-1.1506723467391566e-06,0.04998118430376053,-0.05001896619796753
0,wrist_rotate_negative,35,0.5833333333333334,1.7342910723527893e-05,-0.9599490165710449,1.1612526178359985,0.0011192515958100557,-0.2958158552646637,-0.026829835027456284,-1.1929810170840938e-06,0.04998072236776352,-0.0500192865729332
0,wrist_rotate_negative,36,0.6,1.734205761749763e-05,-0.9599490165710449,1.161252498626709,0.0011190405348315835,-0.2958162724971771,-0.02766207978129387,-1.2349431699476554e-06,0.049980249255895615,-0.05001961067318916
0,wrist_rotate_negative,37,0.6166666666666667,1.7340496924589388e-05,-0.959949254989624,1.1612510681152344,0.0011184877948835492,-0.2958240807056427,-0.0284943375736475,-1.2763424592776573e-06,0.04997976869344711,-0.05001993849873543
0,wrist_rotate_negative,38,0.6333333333333333,1.734078068693634e-05,-0.9599491953849792,1.1612510681152344,0.0011177626438438892,-0.295826256275177,-0.02932659350335598,-1.3179338793634088e-06,0.04997928440570831,-0.05002027377486229
0,wrist_rotate_negative,39,0.65,1.7341495549771935e-05,-0.9599490761756897,1.1612519025802612,0.001117256237193942,-0.2958202064037323,-0.030158845707774162,-1.3598092891697888e-06,0.049978792667388916,-0.05002061277627945
0,wrist_rotate_negative,40,0.6666666666666666,1.734140096232295e-05,-0.9599488973617554,1.1612520217895508,0.0011169153731316328,-0.2958177924156189,-0.030991094186902046,-1.401889676344581e-06,0.04997829347848892,-0.05002095550298691
0,wrist_rotate_negative,41,0.6833333333333333,1.7340584236080758e-05,-0.9599491357803345,1.1612519025802612,0.001116449013352394,-0.29582151770591736,-0.031823351979255676,-1.443597625438997e-06,0.049977801740169525,-0.05002126470208168
0,wrist_rotate_negative,42,0.7,1.7340644262731075e-05,-0.9599490761756897,1.1612509489059448,0.001115858438424766,-0.29582297801971436,-0.03265560045838356,-1.4852912499918602e-06,0.049977365881204605,-0.050021491944789886
0,wrist_rotate_negative,43,0.7166666666666667,1.7341279090032913e-05,-0.9599490165710449,1.1612520217895508,0.0011152814840897918,-0.2958224415779114,-0.03348785638809204,-1.5271422171281301e-06,0.04997701197862625,-0.050021592527627945
0,wrist_rotate_negative,44,0.7333333333333333,1.734217039484065e-05,-0.9599489569664001,1.1612517833709717,0.0011148530757054687,-0.2958184480667114,-0.034320104867219925,-1.5693128716520732e-06,0.04997681453824043,-0.05002149939537048
0,wrist_rotate_negative,45,0.75,1.7342408682452515e-05,-0.9599491953849792,1.1612519025802612,0.0011143845040351152,-0.29582053422927856,-0.03515235707163811,-1.611467723705573e-06,0.04997682198882103,-0.05002116039395332
0,wrist_rotate_negative,46,0.7666666666666667,1.7343307263217866e-05,-0.9599490761756897,1.161251187324524,0.0011138287372887135,-0.29582181572914124,-0.03598461672663689,-1.6532806057512062e-06,0.04997706785798073,-0.05002053081989288
0,wrist_rotate_negative,47,0.7833333333333333,1.7343820218229666e-05,-0.959949254989624,1.1612519025802612,0.0011132598156109452,-0.29582181572914124,-0.036816876381635666,-1.6951513543972396e-06,0.04997767508029938,-0.050019521266222
0,wrist_rotate_negative,48,0.8,1.7344338630209677e-05,-0.9599490761756897,1.1612517833709717,0.0011127899633720517,-0.2958190441131592,-0.037649139761924744,-1.7365266558044823e-06,0.04997864365577698,-0.050018101930618286
0,wrist_rotate_negative,49,0.8166666666666667,1.7342204955639318e-05,-0.9599491357803345,1.1612517833709717,0.0011123232543468475,-0.29581984877586365,-0.038481418043375015,-1.7774448224372463e-06,0.04997999593615532,-0.05001620203256607
0,wrist_rotate_negative,50,0.8333333333333334,1.733599856379442e-05,-0.9599490165710449,1.1612515449523926,0.0011118019465357065,-0.2958211898803711,-0.039313703775405884,-1.8173908529206528e-06,0.04998176172375679,-0.050013501197099686
0,wrist_rotate_negative,51,0.85,1.7320016922894865e-05,-0.9599491953849792,1.1612516641616821,0.0011113141663372517,-0.29582086205482483,-0.04014607146382332,-1.8552717619968462e-06,0.04998420551419258,-0.050009842962026596
0,wrist_rotate_negative,52,0.8666666666666667,1.7294363715336658e-05,-0.9599490761756897,1.1612516641616821,0.001110975630581379,-0.29581987857818604,-0.04097854718565941,-1.8883214352172217e-06,0.04998735338449478,-0.050005219876766205
0,wrist_rotate_negative,53,0.8833333333333333,1.726010668789968e-05,-0.9599491953849792,1.1612516641616821,0.0011107932077720761,-0.29581978917121887,-0.041811201721429825,-1.9150418211211218e-06,0.04999113082885742,-0.049999672919511795
0,wrist_rotate_negative,54,0.9,1.722076558507979e-05,-0.9599490761756897,1.1612516641616821,0.0011106976307928562,-0.29582035541534424,-0.04264397919178009,-1.936426997417584e-06,0.04999545216560364,-0.049993254244327545
0,wrist_rotate_negative,55,0.9166666666666666,1.7177502741105855e-05,-0.9599491357803345,1.1612516641616821,0.0011106763267889619,-0.2958201467990875,-0.04347686097025871,-1.954181470864569e-06,0.05000026151537895,-0.04998600110411644
0,wrist_rotate_negative,56,0.9333333333333333,1.7132071661762893e-05,-0.9599490761756897,1.1612516641616821,0.001110713928937912,-0.2958199381828308,-0.044309817254543304,-1.9689487089635804e-06,0.0500054657459259,-0.049977850168943405
0,wrist_rotate_negative,57,0.95,1.7083575585274957e-05,-0.9599490165710449,1.1612516641616821,0.0011108086910098791,-0.29581981897354126,-0.04514284059405327,-1.9808931028819643e-06,0.05001099407672882,-0.04996849596500397
0,wrist_rotate_negative,58,0.9666666666666667,1.7033456970239058e-05,-0.9599489569664001,1.1612516641616821,0.0011109394254162908,-0.29581984877586365,-0.045975930988788605,-1.990379587368807e-06,0.050016745924949646,-0.04995777830481529
0,wrist_rotate_negative,59,0.9833333333333333,1.6982079614535905e-05,-0.9599490165710449,1.1612516641616821,0.0011110944906249642,-0.29581978917121887,-0.04680907353758812,-1.9980336674052523e-06,0.050022661685943604,-0.04994561895728111
0,wrist_rotate_negative,60,1.0,1.6930527635850012e-05,-0.9599489569664001,1.1612516641616821,0.0011112639913335443,-0.29581978917121887,-0.04764225333929062,-2.0040115487063304e-06,0.050028689205646515,-0.04993203654885292
0,wrist_rotate_positive,1,0.016666666666666666,1.752393291098997e-05,-0.9597977995872498,1.1619582176208496,0.0012190203415229917,-0.290753036737442,0.0002223130431957543,-5.1610218321229695e-08,0.04998743161559105,-0.05001292750239372
0,wrist_rotate_positive,2,0.03333333333333333,1.55408815771807e-05,-0.9599622488021851,1.161261796951294,0.0012985857902094722,-0.2931953966617584,0.0006030026124790311,6.010560582581093e-08,0.04998646676540375,-0.05001407489180565
0,wrist_rotate_positive,3,0.05,1.555190647195559e-05,-0.9600485563278198,1.160674810409546,0.0011416883207857609,-0.295274943113327,0.0011052889749407768,8.489320180160576e-08,0.0499856136739254,-0.050015032291412354
0,wrist_rotate_positive,4,0.06666666666666667,1.5289346265490167e-05,-0.9599458575248718,1.161422610282898,0.0010972967138513923,-0.2960057556629181,0.0016963807865977287,6.551496767315257e-08,0.04998479783535004,-0.05001593753695488
0,wrist_rotate_positive,5,0.08333333333333333,1.5385889128083363e-05,-0.9598874449729919,1.1613402366638184,0.001124453148804605,-0.2946328818798065,0.002350781811401248,8.993507805143963e-08,0.0499836765229702,-0.05001719295978546
0,wrist_rotate_positive,6,0.1,1.479543607274536e-05,-0.9599780440330505,1.161267876625061,0.0011277763405814767,-0.29567334055900574,0.0030519478023052216,1.3623886729874357e-07,0.049982476979494095,-0.050018560141325
0,wrist_rotate_positive,7,0.11666666666666667,1.4783354345127009e-05,-0.9599456191062927,1.1611359119415283,0.001091542188078165,-0.29645565152168274,0.003788446541875601,1.602697494718086e-07,0.049981385469436646,-0.05001980438828468
0,wrist_rotate_positive,8,0.13333333333333333,1.4562279829988256e-05,-0.9599711298942566,1.1612322330474854,0.0010692891664803028,-0.29602715373039246,0.004550700541585684,1.756959306931094e-07,0.04998030140995979,-0.05002103000879288
0,wrist_rotate_positive,9,0.15,1.4658849067927804e-05,-0.9599248766899109,1.1613225936889648,0.0010792167158797383,-0.2953982651233673,0.005331431981176138,2.019869356217896e-07,0.04997916892170906,-0.050022322684526443
0,wrist_rotate_positive,10,0.16666666666666666,1.4362814908963628e-05,-0.9599546790122986,1.161276936531067,0.0010925257811322808,-0.29552775621414185,0.006125423591583967,2.489252608484094e-07,0.04997803643345833,-0.05002368241548538
0,wrist_rotate_positive,11,0.18333333333333332,1.4329782061395235e-05,-0.959947943687439,1.1612114906311035,0.00108136550989002,-0.2960969805717468,0.006929884664714336,2.8232028626007377e-07,0.04997699707746506,-0.05002494528889656
0,wrist_rotate_positive,12,0.2,1.421799879608443e-05,-0.9599611163139343,1.161213994026184,0.0010675443336367607,-0.2960343062877655,0.007741950452327728,3.0895284908183385e-07,0.04997600242495537,-0.050026170909404755
0,wrist_rotate_positive,13,0.21666666666666667,1.4283928976510651e-05,-0.9599406719207764,1.1612831354141235,0.0010687909089028835,-0.2957131564617157,0.008559394627809525,3.3862571058307367e-07,0.04997501149773598,-0.05002741143107414
0,wrist_rotate_positive,14,0.23333333333333334,1.4176653166941833e-05,-0.9599483013153076,1.161274790763855,0.001078501925803721,-0.29559627175331116,0.009380511939525604,3.819925780135236e-07,0.0499739907681942,-0.05002869665622711
0,wrist_rotate_positive,15,0.25,1.4147641195449978e-05,-0.9599480032920837,1.1612440347671509,0.001077803666703403,-0.2958945631980896,0.010204690508544445,4.2087484075636894e-07,0.049973014742136,-0.050029948353767395
0,wrist_rotate_positive,16,0.26666666666666666,1.4094642210693564e-05,-0.9599552154541016,1.1612236499786377,0.0010706213070079684,-0.29596802592277527,0.011031189002096653,4.53788317145154e-07,0.04997207224369049,-0.0500311553478241
0,wrist_rotate_positive,17,0.2833333333333333,1.4131584066490177e-05,-0.9599473476409912,1.1612615585327148,0.0010686886962503195,-0.29584020376205444,0.01185928750783205,4.86340582028788e-07,0.04997114837169647,-0.050032347440719604
0,wrist_rotate_positive,18,0.3,1.4104061847319826e-05,-0.9599472880363464,1.1612659692764282,0.0010739541612565517,-0.2956923842430115,0.012688344344496727,5.27108909409435e-07,0.049970224499702454,-0.050033558160066605
0,wrist_rotate_positive,19,0.31666666666666665,1.4087620911595877e-05,-0.959947943687439,1.1612564325332642,0.0010762745514512062,-0.29581499099731445,0.013518262654542923,5.676257615050417e-07,0.04996933788061142,-0.05003476142883301
0,wrist_rotate_positive,20,0.3333333333333333,1.406269620929379e-05,-0.959951639175415,1.1612355709075928,0.0010734789539128542,-0.2958980202674866,0.014348920434713364,6.040016273800575e-07,0.049968503415584564,-0.050035931169986725
0,wrist_rotate_positive,21,0.35,1.4079836546443403e-05,-0.9599495530128479,1.161251187324524,0.0010712842922657728,-0.2958698868751526,0.01518008578568697,6.384885864463286e-07,0.049967698752880096,-0.05003707855939865
0,wrist_rotate_positive,22,0.36666666666666664,1.4080289474804886e-05,-0.9599481225013733,1.1612591743469238,0.0010735217947512865,-0.2957669198513031,0.01601148024201393,6.775744623155333e-07,0.049966905266046524,-0.050038229674100876
0,wrist_rotate_positive,23,0.38333333333333336,1.4074184946366586e-05,-0.9599483013153076,1.1612581014633179,0.0010759824654087424,-0.2957935333251953,0.01684308424592018,7.181297974057088e-07,0.049966126680374146,-0.050039373338222504
0,wrist_rotate_positive,24,0.4,1.4062879927223548e-05,-0.9599499702453613,1.1612454652786255,0.0010755480034276843,-0.2958531081676483,0.017674926668405533,7.564199790977e-07,0.04996536672115326,-0.05004049837589264
0,wrist_rotate_positive,25,0.4166666666666667,1.4069091776036657e-05,-0.959949791431427,1.1612484455108643,0.0010741548612713814,-0.2958628535270691,0.018506962805986404,7.926996659080032e-07,0.049964629113674164,-0.050041601061820984
0,wrist_rotate_positive,26,0.43333333333333335,1.4075744729780126e-05,-0.9599488377571106,1.1612545251846313,0.001074839266948402,-0.29580971598625183,0.01933903992176056,8.311278065775696e-07,0.049963898956775665,-0.05004270002245903
0,wrist_rotate_positive,27,0.45,1.4076002116780728e-05,-0.9599485993385315,1.1612566709518433,0.0010765754850581288,-0.29579994082450867,0.0201711542904377,8.711670602679078e-07,0.04996319115161896,-0.05004379525780678
0,wrist_rotate_positive,28,0.4666666666666667,1.4071729310671799e-05,-0.959949254989624,1.1612499952316284,0.001077141147106886,-0.2958296835422516,0.02100333943963051,9.102673175220843e-07,0.04996250942349434,-0.05004487931728363
0,wrist_rotate_positive,29,0.48333333333333334,1.4073743841436226e-05,-0.9599499106407166,1.161249041557312,0.0010765924816951156,-0.2958495020866394,0.021835606545209885,9.478339393353963e-07,0.04996185377240181,-0.050045955926179886
0,wrist_rotate_positive,30,0.5,1.4079811080591753e-05,-0.9599491357803345,1.1612523794174194,0.0010767391650006175,-0.295827180147171,0.022667890414595604,9.85956489785167e-07,0.04996122047305107,-0.050047021359205246
0,wrist_rotate_positive,31,0.5166666666666667,1.4082481357036158e-05,-0.959948718547821,1.1612545251846313,0.0010778516298159957,-0.2958104908466339,0.02350015752017498,1.0254875633108895e-06,0.049960605800151825,-0.05004808306694031
0,wrist_rotate_positive,32,0.5333333333333333,1.4082079360377975e-05,-0.9599490761756897,1.1612522602081299,0.0010786497732624412,-0.2958225905895233,0.024332432076334953,1.0649857813405106e-06,0.04996000975370407,-0.05004913732409477
0,wrist_rotate_positive,33,0.55,1.4082992493058555e-05,-0.9599494934082031,1.1612502336502075,0.001078677480109036,-0.2958376407623291,0.025164751335978508,1.1034350109184743e-06,0.04995943233370781,-0.05005018413066864
0,wrist_rotate_positive,34,0.5666666666666667,1.4087271665630396e-05,-0.9599493741989136,1.1612516641616821,0.0010787730570882559,-0.295832097530365,0.025997083634138107,1.1417732821428217e-06,0.04995887726545334,-0.05005121976137161
0,wrist_rotate_positive,35,0.5833333333333334,1.409070500812959e-05,-0.9599490165710449,1.1612530946731567,0.0010794601403176785,-0.29581955075263977,0.026829397305846214,1.1810016076196916e-06,0.04995834082365036,-0.050052251666784286
0,wrist_rotate_positive,36,0.6,1.4092021046963055e-05,-0.9599491357803345,1.1612529754638672,0.0010802021715790033,-0.29582175612449646,0.027661705389618874,1.220531544277037e-06,0.04995781555771828,-0.05005328357219696
0,wrist_rotate_positive,37,0.6166666666666667,1.4093188838160131e-05,-0.9599494338035583,1.1612513065338135,0.001080558286048472,-0.29583021998405457,0.028494032099843025,1.2593305882546701e-06,0.049957312643527985,-0.050054311752319336
0,wrist_rotate_positive,38,0.6333333333333333,1.4096062841417734e-05,-0.9599493741989136,1.161251187324524,0.0010807543294504285,-0.2958318591117859,0.02932637184858322,1.2980033261555946e-06,0.049956828355789185,-0.050055328756570816
0,wrist_rotate_positive,39,0.65,1.4099437066761311e-05,-0.9599491953849792,1.161252498626709,0.0010812084656208754,-0.29582569003105164,0.03015870414674282,1.337016215074982e-06,0.049956366419792175,-0.050056349486112595
0,wrist_rotate_positive,40,0.6666666666666666,1.410162713000318e-05,-0.9599488973617554,1.161252498626709,0.0010818579467013478,-0.29582253098487854,0.030991028994321823,1.3765373978458229e-06,0.04995592683553696,-0.050057366490364075
0,wrist_rotate_positive,41,0.6833333333333333,1.410312961525051e-05,-0.959949254989624,1.1612520217895508,0.0010823477059602737,-0.29582735896110535,0.03182336315512657,1.4158803196551162e-06,0.04995550215244293,-0.05005837604403496
0,wrist_rotate_positive,42,0.7,1.410549521096982e-05,-0.959949254989624,1.161251187324524,0.0010826644720509648,-0.2958300709724426,0.03265569731593132,1.4549585785061936e-06,0.0499550960958004,-0.05005938187241554
0,wrist_rotate_positive,43,0.7166666666666667,1.4108260984357912e-05,-0.9599491357803345,1.1612521409988403,0.0010830367682501674,-0.29582834243774414,0.033488038927316666,1.4939813581804628e-06,0.04995470494031906,-0.05006038025021553
0,wrist_rotate_positive,44,0.7333333333333333,1.41111277116579e-05,-0.9599490165710449,1.1612523794174194,0.001083592651411891,-0.29582422971725464,0.03432036563754082,1.5334877616623999e-06,0.04995432868599892,-0.05006139725446701
0,wrist_rotate_positive,45,0.75,1.4113736142462585e-05,-0.9599491953849792,1.1612520217895508,0.0010841190814971924,-0.29582610726356506,0.03515268862247467,1.5729999631730607e-06,0.049953971058130264,-0.05006246268749237
0,wrist_rotate_positive,46,0.7666666666666667,1.4118999388301745e-05,-0.9599491357803345,1.1612516641616821,0.0010844969656318426,-0.295829176902771,0.03598502650856972,1.6121814496727893e-06,0.04995362460613251,-0.05006363242864609
0,wrist_rotate_positive,47,0.7833333333333333,1.4127469512459356e-05,-0.9599490165710449,1.1612516641616821,0.00108483643271029,-0.295828253030777,0.036817409098148346,1.6495473573741037e-06,0.04995330423116684,-0.05006496235728264
0,wrist_rotate_positive,48,0.8,1.4139246559352614e-05,-0.9599490761756897,1.1612521409988403,0.0010852277046069503,-0.2958264648914337,0.03764982894062996,1.6853981605891022e-06,0.04995298013091087,-0.050066541880369186
0,wrist_rotate_positive,49,0.8166666666666667,1.4153451047604904e-05,-0.9599490761756897,1.1612517833709717,0.0010856065200641751,-0.2958261966705322,0.03848228231072426,1.7199288322444772e-06,0.04995262995362282,-0.05006842315196991
0,wrist_rotate_positive,50,0.8333333333333334,1.4171764632919803e-05,-0.9599491953849792,1.1612517833709717,0.0010858740424737334,-0.29582837224006653,0.03931478410959244,1.7527397631056374e-06,0.049952201545238495,-0.0500706322491169
0,wrist_rotate_positive,51,0.85,1.4194834875524975e-05,-0.9599490761756897,1.1612517833709717,0.0010860813781619072,-0.29582804441452026,0.040147338062524796,1.7835891412687488e-06,0.049951642751693726,-0.05007322505116463
0,wrist_rotate_positive,52,0.8666666666666667,1.42225489980774e-05,-0.9599490165710449,1.1612520217895508,0.0010862672934308648,-0.29582688212394714,0.04097995162010193,1.8116470528184436e-06,0.04995090886950493,-0.05007623881101608
0,wrist_rotate_positive,53,0.8833333333333333,1.425410300726071e-05,-0.9599490761756897,1.1612517833709717,0.0010864139767363667,-0.29582688212394714,0.04181263595819473,1.8371516716797487e-06,0.049949947744607925,-0.05007965490221977
0,wrist_rotate_positive,54,0.9,1.4288403690443374e-05,-0.9599491953849792,1.1612517833709717,0.0010864612413570285,-0.29582828283309937,0.04264538735151291,1.8605312561703613e-06,0.04994873329997063,-0.05008349195122719
0,wrist_rotate_positive,55,0.9166666666666666,1.4325652045954484e-05,-0.9599490761756897,1.1612519025802612,0.0010864640353247523,-0.2958278954029083,0.04347818344831467,1.8818972193912487e-06,0.04994724318385124,-0.050087738782167435
0,wrist_rotate_positive,56,0.9333333333333333,1.4364878552441951e-05,-0.9599490761756897,1.1612520217895508,0.0010864802170544863,-0.2958269715309143,0.04431102052330971,1.9017402337340172e-06,0.049945466220378876,-0.0500924289226532
0,wrist_rotate_positive,57,0.95,1.4405493857339025e-05,-0.9599490165710449,1.1612519025802612,0.0010864739306271076,-0.29582735896110535,0.04514387995004654,1.9204496766178636e-06,0.049943409860134125,-0.05009755864739418
0,wrist_rotate_positive,58,0.9666666666666667,1.4446837667492218e-05,-0.9599491953849792,1.1612516641616821,0.0010864163050428033,-0.2958281934261322,0.045976776629686356,1.9380063349672128e-06,0.04994107037782669,-0.050103090703487396
0,wrist_rotate_positive,59,0.9833333333333333,1.4489136447082274e-05,-0.9599490761756897,1.1612520217895508,0.001086332486011088,-0.29582834243774414,0.04680969566106796,1.954658046088298e-06,0.04993845522403717,-0.05010904744267464
0,wrist_rotate_positive,60,1.0,1.4532832210534252e-05,-0.9599490761756897,1.1612517833709717,0.001086284639313817,-0.29582679271698,0.04764264076948166,1.970245875781984e-06,0.049935538321733475,-0.05011553689837456
0,gripper_closed,1,0.016666666666666666,1.7512429622001946e-05,-0.959797739982605,1.161957859992981,0.001225565792992711,-0.2907527685165405,1.3969215615361463e-06,-5.608600872619718e-08,0.04998501390218735,-0.050012677907943726
0,gripper_closed,2,0.03333333333333333,1.5851501302677207e-05,-0.9599623084068298,1.161261796951294,0.0013081318465992808,-0.29319557547569275,1.2857583442382747e-06,-4.9539188751168695e-08,0.049964066594839096,-0.050013307482004166
0,gripper_closed,3,0.05,1.6512196452822536e-05,-0.9600486159324646,1.160674810409546,0.001149693038314581,-0.295274943113327,6.882235538796522e-06,-2.660122504494211e-07,0.04989650100469589,-0.05001281201839447
0,gripper_closed,4,0.06666666666666667,1.7161795767606236e-05,-0.9599459171295166,1.161422610282898,0.0010996836936101317,-0.2960059344768524,1.7091608242481016e-05,-6.646598649240332e-07,0.04976854473352432,-0.05000559613108635
0,gripper_closed,5,0.08333333333333333,1.840279219322838e-05,-0.9598874449729919,1.1613401174545288,0.0011175796389579773,-0.29463183879852295,2.9863538657082245e-05,-1.1636683439064655e-06,0.04956511780619621,-0.049979232251644135
0,gripper_closed,6,0.1,1.8949913282995112e-05,-0.9599780440330505,1.161267876625061,0.001110580749809742,-0.29567185044288635,4.3212890886934474e-05,-1.682685365267389e-06,0.04929018393158913,-0.04991286247968674
0,gripper_closed,7,0.11666666666666667,1.9781471564783715e-05,-0.9599456191062927,1.161135196685791,0.0010662226704880595,-0.2964541018009186,5.460661486722529e-05,-2.1288356037985068e-06,0.0489514097571373,-0.04978981614112854
0,gripper_closed,8,0.13333333333333333,2.0148982002865523e-05,-0.9599712491035461,1.1612324714660645,0.0010383001063019037,-0.29602739214897156,6.395310629159212e-05,-2.4979435693239793e-06,0.048545803874731064,-0.0495915450155735
0,gripper_closed,9,0.15,2.0624453100026585e-05,-0.9599248170852661,1.1613223552703857,0.0010450673289597034,-0.29539647698402405,7.118303619790822e-05,-2.7842465897265356e-06,0.04807009920477867,-0.04930991306900978
0,gripper_closed,10,0.16666666666666666,2.0554769434966147e-05,-0.959954559803009,1.1612768173217773,0.0010569199221208692,-0.2955261468887329,7.623137207701802e-05,-2.984886577905854e-06,0.04752594232559204,-0.048942696303129196
0,gripper_closed,11,0.18333333333333332,2.0533159840852022e-05,-0.9599478244781494,1.1612114906311035,0.0010460930643603206,-0.29609566926956177,7.90693229646422e-05,-3.101056108789635e-06,0.04692252725362778,-0.04849051684141159
0,gripper_closed,12,0.2,2.0247000065864995e-05,-0.9599611759185791,1.1612135171890259,0.0010346091585233808,-0.2960329055786133,7.978775829542428e-05,-3.1367148949357215e-06,0.046271998435258865,-0.047959934920072556
0,gripper_closed,13,0.21666666666666667,1.9988186977570876e-05,-0.9599406123161316,1.161283016204834,0.001040223753079772,-0.29571256041526794,7.858907338231802e-05,-3.0976177640695823e-06,0.04558798298239708,-0.04736300930380821
0,gripper_closed,14,0.23333333333333334,1.9476397937978618e-05,-0.9599482417106628,1.1612744331359863,0.0010555587941780686,-0.2955939769744873,7.575506606372073e-05,-2.9936300052213483e-06,0.04488494619727135,-0.046716030687093735
0,gripper_closed,15,0.25,1.8967824871651828e-05,-0.9599478840827942,1.1612443923950195,0.0010610789759084582,-0.2958930730819702,7.162155088735744e-05,-2.838058435372659e-06,0.04417939484119415,-0.046036023646593094
0,gripper_closed,16,0.26666666666666666,1.8390775949228555e-05,-0.959955096244812,1.16122305393219,0.001060517388395965,-0.2959655523300171,6.658522761426866e-05,-2.6466752842679853e-06,0.04348728433251381,-0.0453408844769001
0,gripper_closed,17,0.2833333333333333,1.789553243725095e-05,-0.9599473476409912,1.1612616777420044,0.0010654005454853177,-0.29584014415740967,6.108087836764753e-05,-2.435830538161099e-06,0.042822305113077164,-0.04464852809906006
0,gripper_closed,18,0.3,1.738433820719365e-05,-0.959947407245636,1.1612653732299805,0.001077167922630906,-0.29568997025489807,5.554366362048313e-05,-2.222286184405675e-06,0.042194753885269165,-0.043976135551929474
0,gripper_closed,19,0.31666666666666665,1.6952853911789134e-05,-0.9599481225013733,1.1612565517425537,0.0010850473772734404,-0.2958137094974518,5.0372094847261906e-05,-2.0220093119860394e-06,0.04161236807703972,-0.04333766549825668
0,gripper_closed,20,0.3333333333333333,1.659670851950068e-05,-0.9599517583847046,1.1612354516983032,0.0010866657830774784,-0.2958952784538269,4.591076503857039e-05,-1.8494075675334898e-06,0.041079629212617874,-0.042743466794490814
0,gripper_closed,21,0.35,1.6377449355786666e-05,-0.9599495530128479,1.161251187324524,0.0010876781307160854,-0.2958678901195526,4.2437604861333966e-05,-1.7160101606350509e-06,0.04059725999832153,-0.04220005124807358
0,gripper_closed,22,0.36666666666666664,1.6256004528258927e-05,-0.9599481821060181,1.1612588167190552,0.0010917517356574535,-0.29576507210731506,4.014836304122582e-05,-1.6298264426950482e-06,0.04016197472810745,-0.04171030595898628
0,gripper_closed,23,0.38333333333333336,1.6241414414253086e-05,-0.9599483609199524,1.1612578630447388,0.0010945406975224614,-0.29579222202301025,3.913744512828998e-05,-1.595147978150635e-06,0.03976753354072571,-0.04127294197678566
0,gripper_closed,24,0.4,1.6322579540428706e-05,-0.9599499702453613,1.1612452268600464,0.0010930565185844898,-0.29585087299346924,3.94041562685743e-05,-1.612403707440535e-06,0.039405450224876404,-0.04088278487324715
0,gripper_closed,25,0.4166666666666667,1.6503347069374286e-05,-0.9599499106407166,1.1612484455108643,0.0010894894367083907,-0.2958604097366333,4.085820910404436e-05,-1.6783404817033443e-06,0.03906557336449623,-0.040531452745199203
0,gripper_closed,26,0.43333333333333335,1.6752059309510514e-05,-0.9599488377571106,1.1612544059753418,0.0010870889527723193,-0.2958073019981384,4.333537071943283e-05,-1.7863297898657038e-06,0.038736552000045776,-0.04020846262574196
0,gripper_closed,27,0.45,1.704104943200946e-05,-0.9599486589431763,1.1612567901611328,0.0010850514518097043,-0.29579785466194153,4.660632475861348e-05,-1.927017137859366e-06,0.038406867533922195,-0.03990190848708153
0,gripper_closed,28,0.4666666666666667,1.7346286767860875e-05,-0.9599491953849792,1.1612499952316284,0.0010814715642482042,-0.29582712054252625,5.039885581936687e-05,-2.089356030410272e-06,0.0380658358335495,-0.0395992211997509
0,gripper_closed,29,0.48333333333333334,1.7650778318056837e-05,-0.959949791431427,1.1612493991851807,0.0010767471976578236,-0.2958470582962036,5.4419211664935574e-05,-2.2614040062762797e-06,0.03770428150892258,-0.03928811848163605
0,gripper_closed,30,0.5,1.793159572116565e-05,-0.9599490761756897,1.1612517833709717,0.0010730238864198327,-0.29582422971725464,5.8375935623189434e-05,-2.431140273984056e-06,0.037314895540475845,-0.0389576219022274
0,gripper_closed,31,0.5166666666666667,1.8163942513638176e-05,-0.9599487781524658,1.161255121231079,0.0010707296896725893,-0.2958095967769623,6.199905328685418e-05,-2.587364178907592e-06,0.03689262270927429,-0.038598738610744476
0,gripper_closed,32,0.5333333333333333,1.8333439584239386e-05,-0.9599490165710449,1.1612517833709717,0.0010689205955713987,-0.2958182990550995,6.505610508611426e-05,-2.720374823184102e-06,0.036435071378946304,-0.0382048673927784
0,gripper_closed,33,0.55,1.8432625438435934e-05,-0.9599494934082031,1.1612508296966553,0.0010671636555343866,-0.2958359718322754,6.736674549756572e-05,-2.822663645929424e-06,0.03594246879220009,-0.037772130221128464
0,gripper_closed,34,0.5666666666666667,1.8460352293914184e-05,-0.9599490761756897,1.1612509489059448,0.0010664553847163916,-0.29582855105400085,6.881301669636741e-05,-2.889245706683141e-06,0.03541747108101845,-0.037299495190382004
0,gripper_closed,35,0.5833333333333334,1.8414357327856123e-05,-0.9599490165710449,1.1612539291381836,0.0010672343196347356,-0.2958183288574219,6.934563134564087e-05,-2.917838628491154e-06,0.034864798188209534,-0.03678883984684944
0,gripper_closed,36,0.6,1.8301421732758172e-05,-0.9599488377571106,1.161252498626709,0.0010690202470868826,-0.29581719636917114,6.897973798913881e-05,-2.9088307655911194e-06,0.03429079055786133,-0.03624451160430908
0,gripper_closed,37,0.6166666666666667,1.813200651668012e-05,-0.9599491953849792,1.1612516641616821,0.001071097212843597,-0.295828640460968,6.779166869819164e-05,-2.865267333618249e-06,0.03370299190282822,-0.03567289561033249
0,gripper_closed,38,0.6333333333333333,1.7923710402101278e-05,-0.9599493741989136,1.1612513065338135,0.0010736141121014953,-0.29582884907722473,6.591207784367725e-05,-2.7924349979002727e-06,0.03310948610305786,-0.03508187457919121
0,gripper_closed,39,0.65,1.769034679455217e-05,-0.9599490165710449,1.1612526178359985,0.0010767703643068671,-0.2958226799964905,6.351149204419926e-05,-2.6972884370479733e-06,0.032518237829208374,-0.03448024392127991
0,gripper_closed,40,0.6666666666666666,1.744941619108431e-05,-0.9599489569664001,1.1612523794174194,0.0010802847100421786,-0.2958197295665741,6.078795559005812e-05,-2.5880822249746416e-06,0.03193661570549011,-0.03387702628970146
0,gripper_closed,41,0.6833333333333333,1.7216858395840973e-05,-0.959949254989624,1.1612521409988403,0.0010835406137630343,-0.29582497477531433,5.794999742647633e-05,-2.473565700711333e-06,0.03137088567018509,-0.033280808478593826
0,gripper_closed,42,0.7,1.7009659131872468e-05,-0.9599491953849792,1.161251425743103,0.0010863927891477942,-0.29582661390304565,5.520351623999886e-05,-2.3624136247235583e-06,0.030825920403003693,-0.03269917890429497
0,gripper_closed,43,0.7166666666666667,1.683973823674023e-05,-0.9599491357803345,1.1612522602081299,0.0010888816323131323,-0.29582473635673523,5.27365154994186e-05,-2.262738007630105e-06,0.03030482307076454,-0.03213827311992645
0,gripper_closed,44,0.7333333333333333,1.671672180236783e-05,-0.9599489569664001,1.1612522602081299,0.001090947655029595,-0.2958216071128845,5.0706061301752925e-05,-2.181376203225227e-06,0.02980886772274971,-0.03160243108868599
0,gripper_closed,45,0.75,1.664528826950118e-05,-0.9599491953849792,1.1612522602081299,0.0010923045920208097,-0.2958237826824188,4.9231050070375204e-05,-2.1235223357507493e-06,0.029337497428059578,-0.03109399788081646
0,gripper_closed,46,0.7666666666666667,1.6628528101136908e-05,-0.9599490761756897,1.1612517833709717,0.0010928623378276825,-0.2958253026008606,4.8384576075477526e-05,-2.0924935597577132e-06,0.028888504952192307,-0.03061327151954174
0,gripper_closed,47,0.7833333333333333,1.6663625501678325e-05,-0.9599491357803345,1.1612521409988403,0.0010927474359050393,-0.29582488536834717,4.8192050599027425e-05,-2.089520648951293e-06,0.02845824509859085,-0.03015858493745327
0,gripper_closed,48,0.8,1.6745692846598104e-05,-0.9599490761756897,1.1612522602081299,0.0010920894565060735,-0.2958231568336487,4.863189678872004e-05,-2.1138243937457446e-06,0.02804197184741497,-0.02972656674683094
0,gripper_closed,49,0.8166666666666667,1.6865136785781942e-05,-0.959949254989624,1.1612521409988403,0.0010909100528806448,-0.2958233952522278,4.9640308134257793e-05,-2.162754526580102e-06,0.027634231373667717,-0.02931245230138302
0,gripper_closed,50,0.8333333333333334,1.701241490081884e-05,-0.9599491357803345,1.1612521409988403,0.0010892772115767002,-0.2958247661590576,5.111660357215442e-05,-2.2320182324619964e-06,0.02722930908203125,-0.02891049161553383
0,gripper_closed,51,0.85,1.7174937966046855e-05,-0.9599491357803345,1.1612521409988403,0.0010874033905565739,-0.2958241105079651,5.293465801514685e-05,-2.3161708213592647e-06,0.02682160958647728,-0.02851441316306591
0,gripper_closed,52,0.8666666666666667,1.7341120837954804e-05,-0.9599490761756897,1.1612520217895508,0.0010854739230126143,-0.29582372307777405,5.494968354469165e-05,-2.4090343231364386e-06,0.026406044140458107,-0.028117891401052475
0,gripper_closed,53,0.8833333333333333,1.7498454326414503e-05,-0.9599491953849792,1.1612522602081299,0.0010835981229320168,-0.2958240807056427,5.70130578125827e-05,-2.504038320694235e-06,0.025978365913033485,-0.02771499939262867
0,gripper_closed,54,0.9,1.7636963093536906e-05,-0.9599490761756897,1.1612520217895508,0.0010819287272170186,-0.2958238422870636,5.8979996538255364e-05,-2.5949434530048165e-06,0.025535404682159424,-0.02730056829750538
0,gripper_closed,55,0.9166666666666666,1.774760130501818e-05,-0.9599491357803345,1.1612522602081299,0.001080573070794344,-0.295824259519577,6.0721598856616765e-05,-2.676032636372838e-06,0.025075245648622513,-0.02687053382396698
0,gripper_closed,56,0.9333333333333333,1.782473009370733e-05,-0.9599490761756897,1.1612520217895508,0.001079641398973763,-0.29582369327545166,6.21313156443648e-05,-2.742607421168941e-06,0.024597272276878357,-0.02642214111983776
0,gripper_closed,57,0.95,1.786431130312849e-05,-0.9599491357803345,1.1612522602081299,0.0010791661916300654,-0.29582419991493225,6.313178892014548e-05,-2.7912165023735724e-06,0.024102140218019485,-0.02595406398177147
0,gripper_closed,58,0.9666666666666667,1.7866232155938633e-05,-0.9599490761756897,1.1612520217895508,0.0010791802778840065,-0.2958237826824188,6.367840978782624e-05,-2.8198378458910156e-06,0.023591648787260056,-0.025466417893767357
0,gripper_closed,59,0.9833333333333333,1.783198422344867e-05,-0.9599491953849792,1.1612522602081299,0.0010796536225825548,-0.29582417011260986,6.376110832206905e-05,-2.8279466732783476e-06,0.023068586364388466,-0.02496066875755787
0,gripper_closed,60,1.0,1.7766487871995196e-05,-0.9599490761756897,1.1612520217895508,0.0010805529309436679,-0.29582375288009644,6.340089021250606e-05,-2.8164299692434724e-06,0.022536437958478928,-0.024439457803964615
0,gripper_closed,61,1.0166666666666666,1.7301133993896656e-05,-0.9599491357803345,1.1612522602081299,0.0010861946502700448,-0.29582422971725464,5.825283733429387e-05,-2.59088756138226e-06,0.022036338225007057,-0.02390633337199688
0,gripper_closed,62,1.0333333333333334,1.663708644628059e-05,-0.9599490761756897,1.1612520217895508,0.0010945935500785708,-0.2958238124847412,5.010459790355526e-05,-2.2306014670903096e-06,0.021608810871839523,-0.023396171629428864
0,gripper_closed,63,1.05,1.5920455552986823e-05,-0.9599491357803345,1.1612522602081299,0.001103932154364884,-0.2958243787288666,4.058426202391274e-05,-1.8078919765684986e-06,0.021280834451317787,-0.02294633537530899
0,gripper_closed,64,1.0666666666666667,1.526438609289471e-05,-0.9599490761756897,1.1612520217895508,0.0011127578327432275,-0.29582399129867554,3.1092396966414526e-05,-1.3853848486178322e-06,0.021069562062621117,-0.022588809952139854
0,gripper_closed,65,1.0833333333333333,1.485908796894364e-05,-0.9599490761756897,1.1612520217895508,0.001118439482524991,-0.29582417011260986,2.4255310563603416e-05,-1.0812133268700563e-06,0.020999999716877937,-0.02234739251434803
0,gripper_closed,66,1.1,1.5244499081745744e-05,-0.9599490165710449,1.1612522602081299,0.0011150880018249154,-0.29582417011260986,2.5965746317524463e-05,-1.1605889085331e-06,0.020999999716877937,-0.022229930385947227
0,gripper_closed,67,1.1166666666666667,1.5787483789608814e-05,-0.9599491357803345,1.1612521409988403,0.0011078879470005631,-0.2958236336708069,3.146848393953405e-05,-1.4099692862146185e-06,0.020999999716877937,-0.02219253033399582
0,gripper_closed,68,1.1333333333333333,1.6082207366707735e-05,-0.9599490761756897,1.1612522602081299,0.0011045526480302215,-0.29582449793815613,3.3395419450243935e-05,-1.4980903415562352e-06,0.02100030519068241,-0.022190773859620094
0,gripper_closed,69,1.15,1.627207711862866e-05,-0.9599489569664001,1.1612522602081299,0.0011023340048268437,-0.2958241403102875,3.457436105236411e-05,-1.5521872001045267e-06,0.021000441163778305,-0.022189941257238388
0,gripper_closed,70,1.1666666666666667,1.6412161130574532e-05,-0.9599490761756897,1.1612521409988403,0.0011007176944985986,-0.29582399129867554,3.543654747772962e-05,-1.5917364635242848e-06,0.02100089006125927,-0.022189179435372353
0,gripper_closed,71,1.1833333333333333,1.651501952437684e-05,-0.9599490165710449,1.1612523794174194,0.0010995174525305629,-0.29582443833351135,3.606014433898963e-05,-1.6203599670916446e-06,0.02100132219493389,-0.022188421338796616
0,gripper_closed,72,1.2,1.6590442101005465e-05,-0.9599490165710449,1.1612521409988403,0.0010986587731167674,-0.2958238422870636,3.650879443739541e-05,-1.640934897295665e-06,0.021001743152737617,-0.022187666967511177
0,gripper_closed,73,1.2166666666666666,1.6645737559883855e-05,-0.9599490165710449,1.1612523794174194,0.0010980204679071903,-0.29582446813583374,3.682837268570438e-05,-1.6556404034417938e-06,0.021002156659960747,-0.022186914458870888
0,gripper_closed,74,1.2333333333333334,1.668615914240945e-05,-0.9599489569664001,1.1612521409988403,0.001097564585506916,-0.2958239018917084,3.705345079652034e-05,-1.666029902480659e-06,0.02100255712866783,-0.022186163812875748
0,gripper_closed,75,1.25,1.671560494287405e-05,-0.9599491357803345,1.1612523794174194,0.0010972260497510433,-0.29582440853118896,3.720941094798036e-05,-1.6732242329453584e-06,0.02100295200943947,-0.022185420617461205
0,gripper_closed,76,1.2666666666666666,1.6737112673581578e-05,-0.9599490761756897,1.1612521409988403,0.0010969851864501834,-0.29582399129867554,3.7314643122954294e-05,-1.678094349699677e-06,0.021003341302275658,-0.02218467742204666
0,gripper_closed,77,1.2833333333333334,1.6752486772020347e-05,-0.9599491953849792,1.1612523794174194,0.0010968082351610065,-0.2958243489265442,3.738193481694907e-05,-1.6812011836009333e-06,0.0210037212818861,-0.022183936089277267
0,gripper_closed,78,1.3,1.6763719031587243e-05,-0.9599490761756897,1.1612521409988403,0.0010966925183311105,-0.2958238422870636,3.742166154552251e-05,-1.6830632603159756e-06,0.021004093810915947,-0.02218320034444332
0,gripper_closed,79,1.3166666666666667,1.6771471564425156e-05,-0.9599491357803345,1.1612523794174194,0.0010966059053316712,-0.2958242893218994,3.7441597669385374e-05,-1.6840028820297448e-06,0.021004460752010345,-0.022182472050189972
0,gripper_closed,80,1.3333333333333333,1.6777148630353622e-05,-0.9599490761756897,1.1612521409988403,0.0010965528199449182,-0.295823872089386,3.744704008568078e-05,-1.6842575405462412e-06,0.02100481651723385,-0.02218174748122692
0,gripper_closed,81,1.35,1.6780806618044153e-05,-0.9599491357803345,1.1612523794174194,0.001096509164199233,-0.2958243191242218,3.7441321182996035e-05,-1.6840513126226142e-06,0.021005168557167053,-0.02218102477490902
0,gripper_closed,82,1.3666666666666667,1.6783478713477962e-05,-0.9599490761756897,1.1612521409988403,0.0010964919347316027,-0.2958239018917084,3.742765329661779e-05,-1.6834401321830228e-06,0.02100551500916481,-0.022180305793881416
0,gripper_closed,83,1.3833333333333333,1.6784928448032588e-05,-0.9599491953849792,1.1612523794174194,0.0010964731918647885,-0.2958243489265442,3.7408783100545406e-05,-1.682607376096712e-06,0.02100585214793682,-0.02217959240078926
0,gripper_closed,84,1.4,1.6785985280876048e-05,-0.9599490761756897,1.1612521409988403,0.0010964714456349611,-0.2958239018917084,3.738553641596809e-05,-1.681583967183542e-06,0.021006181836128235,-0.022178880870342255
0,gripper_closed,85,1.4166666666666667,1.6786218111519702e-05,-0.9599491357803345,1.1612523794174194,0.0010964691173285246,-0.2958242893218994,3.7359724956331775e-05,-1.6803950302346493e-06,0.02100650779902935,-0.022178173065185547
0,gripper_closed,86,1.4333333333333333,1.6786392734502442e-05,-0.9599490761756897,1.1612521409988403,0.0010964807588607073,-0.295823872089386,3.7331290513975546e-05,-1.6791578900665627e-06,0.02100682444870472,-0.02217746712267399
0,gripper_closed,87,1.45,1.678600165178068e-05,-0.9599491357803345,1.1612523794174194,0.0010964825050905347,-0.2958243787288666,3.7301972042769194e-05,-1.67782525295479e-06,0.02100713551044464,-0.02217676490545273
0,gripper_closed,88,1.4666666666666666,1.678574517427478e-05,-0.9599490761756897,1.1612521409988403,0.0010964972898364067,-0.2958239018917084,3.7271474866429344e-05,-1.676474653322657e-06,0.021007442846894264,-0.022176066413521767
0,gripper_closed,89,1.4833333333333334,1.67850375873968e-05,-0.9599491357803345,1.1612523794174194,0.0010965032270178199,-0.2958243191242218,3.724034104379825e-05,-1.6750615259297774e-06,0.02100774273276329,-0.022175373509526253
0,gripper_closed,90,1.5,1.6784484614618123e-05,-0.9599490761756897,1.1612521409988403,0.001096521271392703,-0.2958239018917084,3.7208879803074524e-05,-1.6736537418182706e-06,0.02100803516805172,-0.022174682468175888
0,gripper_partially_closed,1,0.016666666666666666,1.7504555216873996e-05,-0.959797739982605,1.161957859992981,0.0012256576446816325,-0.2907527685165405,1.3049169638179592e-06,-5.249911794180662e-08,0.049986645579338074,-0.05001267045736313
0,gripper_partially_closed,2,0.03333333333333333,1.5632427675882354e-05,-0.9599623084068298,1.161261796951294,0.00131067237816751,-0.2931956350803375,-1.250282934961433e-06,4.8159417787019265e-08,0.04998395964503288,-0.05001331865787506
0,gripper_partially_closed,3,0.05,1.583165067131631e-05,-0.9600485563278198,1.160674810409546,0.0011577547993510962,-0.2952753007411957,-1.1960514711972792e-06,4.66120511077861e-08,0.04998055845499039,-0.050013743340969086
0,gripper_partially_closed,4,0.06666666666666667,1.5788686141604558e-05,-0.9599459171295166,1.161422610282898,0.0011163430754095316,-0.2960062026977539,1.3054868475137482e-07,-5.602209807165082e-09,0.04997590556740761,-0.05001416429877281
0,gripper_partially_closed,5,0.08333333333333333,1.6142959793796763e-05,-0.9598874449729919,1.1613398790359497,0.0011450604069977999,-0.2946318984031677,1.2013165360258427e-06,-4.7275932502088835e-08,0.049968171864748,-0.0500146709382534
0,gripper_partially_closed,6,0.1,1.5933070244500414e-05,-0.9599780440330505,1.161267876625061,0.0011480135144665837,-0.29567262530326843,3.1732263323647203e-06,-1.2350842837349774e-07,0.04994317516684532,-0.05001514405012131
0,gripper_partially_closed,7,0.11666666666666667,1.637432796997018e-05,-0.9599456191062927,1.161135196685791,0.001109678065404296,-0.29645439982414246,6.942456820979714e-06,-2.702538210996863e-07,0.04989083111286163,-0.050014346837997437
0,gripper_partially_closed,8,0.13333333333333333,1.6632850019959733e-05,-0.9599712491035461,1.1612324714660645,0.0010840841569006443,-0.2960274815559387,1.197062010760419e-05,-4.668723647682782e-07,0.04981163144111633,-0.050011761486530304
0,gripper_partially_closed,9,0.15,1.7213167666341178e-05,-0.9599248170852661,1.1613224744796753,0.0010899771004915237,-0.2953968048095703,1.7601309082238004e-05,-6.867295496704173e-07,0.04970843717455864,-0.05000467225909233
0,gripper_partially_closed,10,0.16666666666666666,1.7399459466105327e-05,-0.959954559803009,1.161276936531067,0.0010987854329869151,-0.2955264747142792,2.3274445993592963e-05,-9.074670401787444e-07,0.04958543926477432,-0.04999173805117607
0,gripper_partially_closed,11,0.18333333333333332,1.7800677596824244e-05,-0.9599478840827942,1.161211609840393,0.0010831679683178663,-0.29609590768814087,2.9094930141582154e-05,-1.1344048971295706e-06,0.049449045211076736,-0.0499705970287323
0,gripper_partially_closed,12,0.2,1.8058379282592796e-05,-0.9599611163139343,1.1612135171890259,0.001065266551449895,-0.29603296518325806,3.472913886071183e-05,-1.355058543595078e-06,0.049306340515613556,-0.04994234815239906
0,gripper_partially_closed,13,0.21666666666666667,1.842226629378274e-05,-0.9599406123161316,1.161283016204834,0.0010629997123032808,-0.2957128584384918,3.9949325582711026e-05,-1.5597142919432372e-06,0.04916185140609741,-0.04990879073739052
0,gripper_partially_closed,14,0.23333333333333334,1.854389665822964e-05,-0.9599483013153076,1.1612744331359863,0.0010698391124606133,-0.2955942153930664,4.4387248635757715e-05,-1.7333463802060578e-06,0.049017369747161865,-0.049871861934661865
0,gripper_partially_closed,15,0.25,1.86683773790719e-05,-0.959947943687439,1.1612443923950195,0.0010670064948499203,-0.29589298367500305,4.8005254939198494e-05,-1.8750115486909635e-06,0.048872869461774826,-0.04982908442616463
0,gripper_partially_closed,16,0.26666666666666666,1.8706869013840333e-05,-0.959955096244812,1.16122305393219,0.0010583066614344716,-0.29596561193466187,5.100340786157176e-05,-1.9931956103391713e-06,0.04872597008943558,-0.049777109175920486
0,gripper_partially_closed,17,0.2833333333333333,1.8786013242788613e-05,-0.9599473476409912,1.1612616777420044,0.0010553462198004127,-0.29584014415740967,5.351033905753866e-05,-2.092487875415827e-06,0.04857395589351654,-0.049713216722011566
0,gripper_partially_closed,18,0.3,1.8781249309540726e-05,-0.9599471688270569,1.1612653732299805,0.0010599435772746801,-0.2956900894641876,5.560066711041145e-05,-2.175302824980463e-06,0.04841388016939163,-0.04963574558496475
0,gripper_partially_closed,19,0.31666666666666665,1.8763523257803172e-05,-0.9599481225013733,1.1612565517425537,0.001061826478689909,-0.29581350088119507,5.7302175264339894e-05,-2.242911477878806e-06,0.0482441782951355,-0.0495428703725338
0,gripper_partially_closed,20,0.3333333333333333,1.8708769857767038e-05,-0.9599516987800598,1.1612350940704346,0.001058870111592114,-0.2958954870700836,5.8623700169846416e-05,-2.2960809928918025e-06,0.048064399510622025,-0.04943316802382469
0,gripper_partially_closed,21,0.35,1.866474667622242e-05,-0.9599496722221375,1.1612509489059448,0.0010568362195044756,-0.29586854577064514,5.9571935707936063e-05,-2.3350314677372808e-06,0.047874756157398224,-0.04930600896477699
0,gripper_partially_closed,22,0.36666666666666664,1.8587554222904146e-05,-0.9599480628967285,1.1612589359283447,0.0010595398489385843,-0.29576489329338074,6.0160331486258656e-05,-2.359990048717009e-06,0.047675710171461105,-0.04916203394532204
0,gripper_partially_closed,23,0.38333333333333336,1.8488413843442686e-05,-0.9599481821060181,1.1612578630447388,0.001062692143023014,-0.2957911789417267,6.040558946551755e-05,-2.3715217594144633e-06,0.047468531876802444,-0.04900249093770981
0,gripper_partially_closed,24,0.4,1.8368589735473506e-05,-0.9599499702453613,1.1612452268600464,0.0010631020413711667,-0.2958512008190155,6.033185127307661e-05,-2.3707882519374834e-06,0.0472552515566349,-0.0488290935754776
0,gripper_partially_closed,25,0.4166666666666667,1.8250282664666884e-05,-0.9599499106407166,1.1612478494644165,0.0010627274168655276,-0.2958611249923706,5.997871994622983e-05,-2.359352492931066e-06,0.047038283199071884,-0.0486440546810627
0,gripper_partially_closed,26,0.43333333333333335,1.8126262148143724e-05,-0.9599488973617554,1.1612545251846313,0.0010645583970472217,-0.29580819606781006,5.939932452747598e-05,-2.3391569357045228e-06,0.046819932758808136,-0.0484502837061882
0,gripper_partially_closed,27,0.45,1.7996297174249776e-05,-0.9599485397338867,1.1612560749053955,0.001067548175342381,-0.2957964241504669,5.865352432010695e-05,-2.3124027848098194e-06,0.046602483838796616,-0.04825085029006004
0,gripper_partially_closed,28,0.4666666666666667,1.786581560736522e-05,-0.959949254989624,1.161250352859497,0.0010692846262827516,-0.29582810401916504,5.780609717476182e-05,-2.28165708904271e-06,0.04638813063502312,-0.04804878681898117
0,gripper_partially_closed,29,0.48333333333333334,1.7747630408848636e-05,-0.9599494934082031,1.1612489223480225,0.0010698505211621523,-0.29584628343582153,5.692177728633396e-05,-2.249536692033871e-06,0.046178869903087616,-0.047846853733062744
0,gripper_partially_closed,30,0.5,1.764476292009931e-05,-0.9599491357803345,1.1612520217895508,0.0010709804482758045,-0.2958252727985382,5.606558988802135e-05,-2.2185301986610284e-06,0.04597614333033562,-0.04764758050441742
0,gripper_partially_closed,31,0.5166666666666667,1.7556165403220803e-05,-0.9599489569664001,1.1612542867660522,0.0010728428605943918,-0.29580938816070557,5.529549525817856e-05,-2.1908904273004737e-06,0.045780766755342484,-0.04745307192206383
0,gripper_partially_closed,32,0.5333333333333333,1.7483156625530683e-05,-0.9599488973617554,1.161252498626709,0.0010742044541984797,-0.2958197593688965,5.465960202855058e-05,-2.168464106944157e-06,0.04559306055307388,-0.04726482927799225
0,gripper_partially_closed,33,0.55,1.7430411389796063e-05,-0.9599494934082031,1.1612499952316284,0.001074630068615079,-0.2958334982395172,5.4192245443118736e-05,-2.152702109015081e-06,0.04541290923953056,-0.04708366096019745
0,gripper_partially_closed,34,0.5666666666666667,1.7399797798134387e-05,-0.9599493145942688,1.1612513065338135,0.0010747950291261077,-0.29583072662353516,5.3915584430797026e-05,-2.144443442375632e-06,0.045239612460136414,-0.04690975695848465
0,gripper_partially_closed,35,0.5833333333333334,1.7387606931151822e-05,-0.9599490165710449,1.161252498626709,0.0010752909583970904,-0.29581785202026367,5.383701864047907e-05,-2.144012114513316e-06,0.0450720377266407,-0.04674274101853371
0,gripper_partially_closed,36,0.6,1.7390821085427888e-05,-0.9599490761756897,1.1612530946731567,0.0010756658157333732,-0.2958192825317383,5.395045081968419e-05,-2.1511571048904443e-06,0.04490869864821434,-0.04658171534538269
0,gripper_partially_closed,37,0.6166666666666667,1.740740663080942e-05,-0.959949254989624,1.1612510681152344,0.001075529376976192,-0.29582589864730835,5.4235264542512596e-05,-2.1650921553373337e-06,0.04474795609712601,-0.04642530530691147
0,gripper_partially_closed,38,0.6333333333333333,1.743530810927041e-05,-0.9599491953849792,1.1612509489059448,0.0010750393848866224,-0.29582977294921875,5.466145012178458e-05,-2.1846276467840653e-06,0.044588059186935425,-0.04627184569835663
0,gripper_partially_closed,39,0.65,1.747048372635618e-05,-0.9599491357803345,1.1612522602081299,0.001074672327376902,-0.29582375288009644,5.519025944522582e-05,-2.208255864388775e-06,0.04442734271287918,-0.04611951857805252
0,gripper_partially_closed,40,0.6666666666666666,1.7507469237898476e-05,-0.9599490165710449,1.1612522602081299,0.0010744911851361394,-0.2958197295665741,5.5778702517272905e-05,-2.2342258034768747e-06,0.04426422342658043,-0.045966461300849915
0,gripper_partially_closed,41,0.6833333333333333,1.7542710338602774e-05,-0.9599491953849792,1.1612520217895508,0.0010741662699729204,-0.2958242893218994,5.638190850731917e-05,-2.2607848677580478e-06,0.044097427278757095,-0.045810963958501816
0,gripper_partially_closed,42,0.7,1.7573875084053725e-05,-0.9599490761756897,1.1612513065338135,0.001073727267794311,-0.29582661390304565,5.6956923799589276e-05,-2.2862629975861637e-06,0.043926022946834564,-0.045651521533727646
0,gripper_partially_closed,43,0.7166666666666667,1.7598154954612255e-05,-0.9599491357803345,1.1612519025802612,0.0010734210954979062,-0.295825332403183,5.746503666159697e-05,-2.3091120056051295e-06,0.043749433010816574,-0.04548695310950279
0,gripper_partially_closed,44,0.7333333333333333,1.7613328964216635e-05,-0.9599490165710449,1.1612520217895508,0.0010733632370829582,-0.29582223296165466,5.7875025959219784e-05,-2.32801585298148e-06,0.043567460030317307,-0.04531647264957428
0,gripper_partially_closed,45,0.75,1.7617428966332227e-05,-0.9599491953849792,1.1612517833709717,0.001073425286449492,-0.29582345485687256,5.8163881476502866e-05,-2.342064590266091e-06,0.043380334973335266,-0.04513975977897644
0,gripper_partially_closed,46,0.7666666666666667,1.7611282601137646e-05,-0.9599490761756897,1.1612519025802612,0.0010735192336142063,-0.2958256006240845,5.831810995005071e-05,-2.3508184767706553e-06,0.04318860173225403,-0.04495689645409584
0,gripper_partially_closed,47,0.7833333333333333,1.7594924429431558e-05,-0.9599490165710449,1.1612520217895508,0.001073774415999651,-0.29582419991493225,5.833547402289696e-05,-2.354064463361283e-06,0.04299311712384224,-0.044768355786800385
0,gripper_partially_closed,48,0.8,1.756994242896326e-05,-0.9599489569664001,1.1612519025802612,0.0010742032900452614,-0.29582342505455017,5.822216917295009e-05,-2.352082901779795e-06,0.04279493913054466,-0.04457497596740723
0,gripper_partially_closed,49,0.8166666666666667,1.7537688108859584e-05,-0.959949254989624,1.1612519025802612,0.0010746996849775314,-0.29582443833351135,5.799410428153351e-05,-2.3455399968952406e-06,0.04259525239467621,-0.044377874583005905
0,gripper_partially_closed,50,0.8333333333333334,1.750107912812382e-05,-0.9599490761756897,1.1612517833709717,0.0010752328671514988,-0.29582467675209045,5.767448601545766e-05,-2.335307499379269e-06,0.042395297437906265,-0.04417835921049118
0,gripper_partially_closed,51,0.85,1.7462038158555515e-05,-0.9599491357803345,1.1612520217895508,0.0010758318239822984,-0.2958240807056427,5.7291003031423315e-05,-2.322483851457946e-06,0.04219624772667885,-0.043977782130241394
0,gripper_partially_closed,52,0.8666666666666667,1.742368476698175e-05,-0.9599490761756897,1.1612519025802612,0.0010764579055830836,-0.29582372307777405,5.687418524757959e-05,-2.308344846824184e-06,0.04199916124343872,-0.04377751797437668
0,gripper_partially_closed,53,0.8833333333333333,1.7387792468070984e-05,-0.9599491953849792,1.1612519025802612,0.0010770340450108051,-0.2958243191242218,5.645654891850427e-05,-2.2941117094887886e-06,0.041804879903793335,-0.04357881098985672
0,gripper_partially_closed,54,0.9,1.7357253454974853e-05,-0.9599491357803345,1.1612517833709717,0.0010775414993986487,-0.29582443833351135,5.6066495744744316e-05,-2.2810181690147147e-06,0.041614022105932236,-0.043382756412029266
0,gripper_partially_closed,55,0.9166666666666666,1.7333093637716956e-05,-0.9599491357803345,1.1612519025802612,0.0010779786389321089,-0.295824259519577,5.573089947574772e-05,-2.270079903610167e-06,0.04142693057656288,-0.04319014400243759
0,gripper_partially_closed,56,0.9333333333333333,1.7316950106760487e-05,-0.9599490761756897,1.1612519025802612,0.001078335684724152,-0.2958239018917084,5.5471569794462994e-05,-2.262227553728735e-06,0.04124365746974945,-0.04300149902701378
0,gripper_partially_closed,57,0.95,1.7308824681094848e-05,-0.9599491953849792,1.1612517833709717,0.0010785824852064252,-0.29582417011260986,5.5302221880992875e-05,-2.2579827145818854e-06,0.04106399789452553,-0.04281703010201454
0,gripper_partially_closed,58,0.9666666666666667,1.7309270333498716e-05,-0.9599490761756897,1.1612517833709717,0.0010787012288346887,-0.29582464694976807,5.523052459466271e-05,-2.2577007712243358e-06,0.0408874973654747,-0.04263665899634361
0,gripper_partially_closed,59,0.9833333333333333,1.731720294628758e-05,-0.9599491357803345,1.1612519025802612,0.0010787338251248002,-0.2958240211009979,5.525697997654788e-05,-2.261374447698472e-06,0.04071352258324623,-0.04245997592806816
0,gripper_partially_closed,60,1.0,1.7331960407318547e-05,-0.9599490165710449,1.1612519025802612,0.0010786938946694136,-0.2958239018917084,5.5375137890223414e-05,-2.268719299536315e-06,0.04054126888513565,-0.04228638485074043
0,gripper_partially_closed,61,1.0166666666666666,1.720948966976721e-05,-0.9599491953849792,1.1612519025802612,0.0010802230099216104,-0.2958243489265442,5.3925894462736323e-05,-2.2115909814601764e-06,0.04038401320576668,-0.04211507737636566
0,gripper_partially_closed,62,1.0333333333333334,1.7021980966092087e-05,-0.9599491357803345,1.1612517833709717,0.0010826238431036472,-0.2958245277404785,5.153385427547619e-05,-2.1154910427867435e-06,0.040254708379507065,-0.04195677861571312
0,gripper_partially_closed,63,1.05,1.6819398297229782e-05,-0.9599490761756897,1.1612520217895508,0.001085310010239482,-0.2958243191242218,4.8753030569059774e-05,-2.0031282019772334e-06,0.040161292999982834,-0.04182301461696625
0,gripper_partially_closed,64,1.0666666666666667,1.663971306697931e-05,-0.9599490165710449,1.1612519025802612,0.0010878077009692788,-0.29582369327545166,4.6045915951253846e-05,-1.8934836134576472e-06,0.04010821133852005,-0.041723281145095825
0,gripper_partially_closed,65,1.0833333333333333,1.6642869013594463e-05,-0.9599491953849792,1.1612517833709717,0.0010881611378863454,-0.29582440853118896,4.531499871518463e-05,-1.8650915762918885e-06,0.040090013295412064,-0.04166421294212341
0,gripper_partially_closed,66,1.1,1.678865373833105e-05,-0.9599491357803345,1.1612519025802612,0.0010867007076740265,-0.29582479596138,4.6287528675748035e-05,-1.9066820868829382e-06,0.04008146747946739,-0.041638925671577454
0,gripper_partially_closed,67,1.1166666666666667,1.691662873781752e-05,-0.9599490165710449,1.1612519025802612,0.0010852657724171877,-0.2958237826824188,4.7321937017841265e-05,-1.9504591364238877e-06,0.04007452726364136,-0.04162726178765297
0,gripper_partially_closed,68,1.1333333333333333,1.7007780115818605e-05,-0.9599489569664001,1.1612519025802612,0.0010842185001820326,-0.29582393169403076,4.807296136277728e-05,-1.982304638659116e-06,0.04006793349981308,-0.04162198677659035
0,gripper_partially_closed,69,1.15,1.7071626643883064e-05,-0.9599490761756897,1.1612519025802612,0.001083403592929244,-0.29582449793815613,4.8661389882909134e-05,-2.007235934797791e-06,0.040061429142951965,-0.04161664843559265
0,gripper_partially_closed,70,1.1666666666666667,1.7119044059654698e-05,-0.9599490165710449,1.1612517833709717,0.0010827890364453197,-0.29582443833351135,4.91031605633907e-05,-2.0259999473637436e-06,0.040054962038993835,-0.04161128029227257
0,gripper_partially_closed,71,1.1833333333333333,1.7154105080408044e-05,-0.9599491357803345,1.1612520217895508,0.0010823446791619062,-0.2958243787288666,4.943719250150025e-05,-2.040167828454287e-06,0.0400485023856163,-0.041605882346630096
0,gripper_partially_closed,72,1.2,1.7180225768242963e-05,-0.9599490761756897,1.1612517833709717,0.0010820277966558933,-0.2958238124847412,4.9691156164044514e-05,-2.0509435216808924e-06,0.04004206135869026,-0.04160045459866524
0,gripper_partially_closed,73,1.2166666666666666,1.7199434296344407e-05,-0.9599491953849792,1.1612520217895508,0.0010817806469276547,-0.2958245575428009,4.988553700968623e-05,-2.0592233340721577e-06,0.040035706013441086,-0.041594989597797394
0,gripper_partially_closed,74,1.2333333333333334,1.7213968021678738e-05,-0.9599490761756897,1.1612519025802612,0.001081596128642559,-0.2958240509033203,5.00355708936695e-05,-2.0655693333537783e-06,0.040029361844062805,-0.04158952087163925
0,gripper_partially_closed,75,1.25,1.7224559996975586e-05,-0.9599491357803345,1.1612520217895508,0.0010814657434821129,-0.2958240509033203,5.015303395339288e-05,-2.0705890619865386e-06,0.040023040026426315,-0.041584014892578125
0,gripper_partially_closed,76,1.2666666666666666,1.7232727259397507e-05,-0.9599490761756897,1.1612517833709717,0.0010813690023496747,-0.2958241105079651,5.0245242164237425e-05,-2.074551048281137e-06,0.040016788989305496,-0.04157848656177521
0,gripper_partially_closed,77,1.2833333333333334,1.7238626242033206e-05,-0.9599491953849792,1.1612520217895508,0.0010812802938744426,-0.2958245873451233,5.031903856433928e-05,-2.0777220015588682e-06,0.04001056030392647,-0.04157295078039169
0,gripper_partially_closed,78,1.3,1.7243333786609583e-05,-0.9599490761756897,1.1612517833709717,0.001081228838302195,-0.29582399129867554,5.037869777879678e-05,-2.0802460767299635e-06,0.040004342794418335,-0.04156738892197609
0,gripper_partially_closed,79,1.3166666666666667,1.7246604329557158e-05,-0.9599491357803345,1.1612520217895508,0.001081186579540372,-0.2958242893218994,5.042733027948998e-05,-2.082342916764901e-06,0.03999814763665199,-0.0415618009865284
0,gripper_partially_closed,80,1.3333333333333333,1.724932917568367e-05,-0.9599490761756897,1.1612517833709717,0.0010811620159074664,-0.29582396149635315,5.046740989200771e-05,-2.0840702745772433e-06,0.03999203443527222,-0.04155619814991951
0,gripper_partially_closed,81,1.35,1.7251113604288548e-05,-0.9599491953849792,1.1612520217895508,0.001081129303202033,-0.2958245277404785,5.0500526413088664e-05,-2.085525011352729e-06,0.039985932409763336,-0.04155058413743973
0,gripper_partially_closed,82,1.3666666666666667,1.7252765246666968e-05,-0.9599490761756897,1.1612517833709717,0.0010811135871335864,-0.29582399129867554,5.052892447565682e-05,-2.0867573766736314e-06,0.039979852735996246,-0.04154495894908905
0,gripper_partially_closed,83,1.3833333333333333,1.7253734768019058e-05,-0.9599491357803345,1.1612520217895508,0.0010810975218191743,-0.2958243191242218,5.0552964239614084e-05,-2.0878255782008637e-06,0.03997383639216423,-0.041539326310157776
0,gripper_partially_closed,84,1.4,1.7254735212191008e-05,-0.9599490761756897,1.1612517833709717,0.0010810955427587032,-0.29582399129867554,5.057288217358291e-05,-2.0887384835077683e-06,0.039967846125364304,-0.0415336899459362
0,gripper_partially_closed,85,1.4166666666666667,1.7255173588637263e-05,-0.9599491953849792,1.1612520217895508,0.001081080292351544,-0.2958245277404785,5.058989700046368e-05,-2.089545205308241e-06,0.03996186703443527,-0.04152802750468254
0,gripper_partially_closed,86,1.4333333333333333,1.7255792045034468e-05,-0.9599490761756897,1.1612517833709717,0.0010810790117830038,-0.29582399129867554,5.060443072579801e-05,-2.090213229166693e-06,0.03995591402053833,-0.04152235761284828
0,gripper_partially_closed,87,1.45,1.7255928469239734e-05,-0.9599491357803345,1.1612520217895508,0.0010810747044160962,-0.2958243191242218,5.0616723456187174e-05,-2.090771886287257e-06,0.039950039237737656,-0.04151667281985283
0,gripper_partially_closed,88,1.4666666666666666,1.7256268620258197e-05,-0.9599490761756897,1.1612517833709717,0.0010810805251821876,-0.29582396149635315,5.062653872300871e-05,-2.0912552827212494e-06,0.03994417563080788,-0.04151098430156708
0,gripper_partially_closed,89,1.4833333333333334,1.7256195860682055e-05,-0.9599491953849792,1.1612520217895508,0.0010810726089403033,-0.2958245277404785,5.063495336798951e-05,-2.0916804714943282e-06,0.03993832319974899,-0.04150528088212013
0,gripper_partially_closed,90,1.5,1.7256390492548235e-05,-0.9599490761756897,1.1612517833709717,0.00108107621781528,-0.29582399129867554,5.0641614507185295e-05,-2.091990154440282e-06,0.0399324931204319,-0.04149957746267319
0,gripper_open,1,0.016666666666666666,1.749885814206209e-05,-0.959797739982605,1.161957859992981,0.001225725281983614,-0.2907527983188629,1.2385157788230572e-06,-4.9898751797172736e-08,0.04998781532049179,-0.05001266673207283
0,gripper_open,2,0.03333333333333333,1.5618177712894976e-05,-0.9599623084068298,1.161261796951294,0.0013108447892591357,-0.2931957244873047,-1.4295100072558853e-06,5.512512046834672e-08,0.049987610429525375,-0.05001332610845566
0,gripper_open,3,0.05,1.5805951989023015e-05,-0.9600485563278198,1.160674810409546,0.0011580875143408775,-0.29527536034584045,-1.5430945268235519e-06,6.009212683011356e-08,0.049987759441137314,-0.05001373961567879
0,gripper_open,4,0.06666666666666667,1.573584449943155e-05,-0.9599459171295166,1.161422610282898,0.0011170277139171958,-0.2960062623023987,-5.914511689297797e-07,2.2527729015564546e-08,0.04998805746436119,-0.05001414567232132
0,gripper_open,5,0.08333333333333333,1.6028441677917726e-05,-0.9598874449729919,1.1613398790359497,0.0011465686839073896,-0.29463183879852295,-3.934806329652929e-07,1.4893333677434839e-08,0.049988485872745514,-0.050014641135931015
0,gripper_open,6,0.1,1.5613810319337063e-05,-0.9599780440330505,1.161267876625061,0.0011517946841195226,-0.2956726849079132,-7.539002808698569e-07,2.9314747962416732e-08,0.04998910427093506,-0.05001511424779892
0,gripper_open,7,0.11666666666666667,1.5755418644403107e-05,-0.9599456191062927,1.1611350774765015,0.0011171346995979548,-0.29645463824272156,-7.885585091571556e-07,3.085369471023114e-08,0.04998990148305893,-0.050015587359666824
0,gripper_open,8,0.13333333333333333,1.5665531464037485e-05,-0.9599712491035461,1.161232590675354,0.0010959922801703215,-0.2960277497768402,-5.392520279201563e-07,2.1053326193509747e-08,0.049990952014923096,-0.05001606047153473
0,gripper_open,9,0.15,1.5871579307713546e-05,-0.9599247574806213,1.1613223552703857,0.001106685376726091,-0.29539647698402405,-3.3872981930471724e-07,1.3100158291479147e-08,0.04999217763543129,-0.05001653730869293
0,gripper_open,10,0.16666666666666666,1.5664114471292123e-05,-0.9599546194076538,1.1612768173217773,0.0011204590555280447,-0.2955268919467926,-5.893878096685512e-07,2.3050041875194438e-08,0.049993593245744705,-0.05001702159643173
0,gripper_open,11,0.18333333333333332,1.570116182847414e-05,-0.9599478840827942,1.161211609840393,0.0011096735252067447,-0.29609647393226624,-7.173655944825441e-07,2.813884236729791e-08,0.04999516159296036,-0.05001749098300934
0,gripper_open,12,0.2,1.5645377061446197e-05,-0.9599611163139343,1.1612133979797363,0.0010960936779156327,-0.2960328757762909,-6.946899020476849e-07,2.7244025702088948e-08,0.04999709874391556,-0.050017960369586945
0,gripper_open,13,0.21666666666666667,1.5755273125250824e-05,-0.9599406123161316,1.161283016204834,0.0010973457247018814,-0.2957128584384918,-5.903340252189082e-07,2.3079049782381844e-08,0.04999924078583717,-0.05001843348145485
0,gripper_open,14,0.23333333333333334,1.5682069715694524e-05,-0.9599482417106628,1.1612744331359863,0.0011069501051679254,-0.2955945134162903,-7.169469995460531e-07,2.8058941836661688e-08,0.05000167340040207,-0.05001891031861305
0,gripper_open,15,0.25,1.567737308505457e-05,-0.9599480032920837,1.1612443923950195,0.0011061454424634576,-0.29589343070983887,-8.657008834234148e-07,3.3940409593924414e-08,0.050004296004772186,-0.050019387155771255
0,gripper_open,16,0.26666666666666666,1.564220292493701e-05,-0.9599551558494568,1.16122305393219,0.0010988571448251605,-0.29596585035324097,-9.470176678405551e-07,3.714264096288389e-08,0.050007253885269165,-0.05001985654234886
0,gripper_open,17,0.2833333333333333,1.569183950778097e-05,-0.9599473476409912,1.161261796951294,0.001096667256206274,-0.295840322971344,-9.40495851864398e-07,3.683214444549776e-08,0.0500105656683445,-0.05002032592892647
0,gripper_open,18,0.3,1.5673560483264737e-05,-0.9599473476409912,1.1612653732299805,0.0011016293428838253,-0.2956900894641876,-1.033135163197585e-06,4.0452817984260037e-08,0.05001420900225639,-0.05002079904079437
0,gripper_open,19,0.31666666666666665,1.5661766155972145e-05,-0.9599481225013733,1.1612565517425537,0.0011036335490643978,-0.2958141267299652,-1.1794752481364412e-06,4.616221715991742e-08,0.05001824349164963,-0.05002127215266228
0,gripper_open,20,0.3333333333333333,1.563917612656951e-05,-0.9599516987800598,1.1612350940704346,0.001100577530451119,-0.29589566588401794,-1.3127280453772983e-06,5.136412539741286e-08,0.05002274736762047,-0.05002174153923988
0,gripper_open,21,0.35,1.5656343748560175e-05,-0.9599496126174927,1.161251187324524,0.0010980728548020124,-0.29586872458457947,-1.3865919754607603e-06,5.4227349721713836e-08,0.05002783238887787,-0.05002220720052719
0,gripper_open,22,0.36666666666666664,1.5656509276595898e-05,-0.9599481225013733,1.1612590551376343,0.0010999548248946667,-0.2957647442817688,-1.4933564216335071e-06,5.836169947315284e-08,0.05003371462225914,-0.0500226765871048
0,gripper_open,23,0.38333333333333336,1.564848207635805e-05,-0.9599481821060181,1.1612579822540283,0.0011020473903045058,-0.29579174518585205,-1.6446896324850968e-06,6.427304555245428e-08,0.050040628761053085,-0.0500231496989727
0,gripper_open,24,0.4,1.563484147482086e-05,-0.9599500298500061,1.161245346069336,0.001101256930269301,-0.29585158824920654,-1.809349328141252e-06,7.069120044889132e-08,0.050048816949129105,-0.05002362281084061
0,gripper_open,25,0.4166666666666667,1.5637178876204416e-05,-0.959949791431427,1.161247968673706,0.0010995123302564025,-0.29586127400398254,-1.956942014658125e-06,7.644391786243432e-08,0.050058383494615555,-0.05002409219741821
0,gripper_open,26,0.43333333333333335,1.5632811482646503e-05,-0.9599488377571106,1.161254644393921,0.001099834800697863,-0.29580822587013245,-2.145190364899463e-06,8.376412807820088e-08,0.05006932094693184,-0.05002456530928612
0,gripper_open,27,0.45,1.5611118215019815e-05,-0.9599484801292419,1.1612560749053955,0.0011013937182724476,-0.2957970201969147,-2.5196889055223437e-06,9.832866965098219e-08,0.050081517547369,-0.050025034695863724
0,gripper_open,28,0.4666666666666667,1.557686846354045e-05,-0.9599493145942688,1.161250352859497,0.0011018846416845918,-0.29582881927490234,-3.06179958897701e-06,1.19475856763529e-07,0.05009489133954048,-0.05002552643418312
0,gripper_open,29,0.48333333333333334,1.5542407709290273e-05,-0.9599495530128479,1.1612491607666016,0.0011014232877641916,-0.2958465814590454,-3.7269203403411666e-06,1.4539529047397082e-07,0.050109390169382095,-0.050026051700115204
0,gripper_open,30,0.5,1.5507395801250823e-05,-0.9599490165710449,1.1612517833709717,0.0011017300421372056,-0.2958248555660248,-4.4805474317399785e-06,1.7476222069490177e-07,0.05012492462992668,-0.05002663657069206
0,gripper_open,31,0.5166666666666667,1.5469568097614683e-05,-0.9599490165710449,1.1612547636032104,0.001102891401387751,-0.2958105206489563,-5.2542909543262795e-06,2.048912648433543e-07,0.05014144629240036,-0.0500272773206234
0,gripper_open,32,0.5333333333333333,1.542881000204943e-05,-0.9599488973617554,1.1612517833709717,0.0011037952499464154,-0.29581931233406067,-6.038456831447547e-06,2.3547055150174856e-07,0.050158821046352386,-0.05002797022461891
0,gripper_open,33,0.55,1.5386915038106963e-05,-0.9599494338035583,1.1612504720687866,0.001103986636735499,-0.29583534598350525,-6.854105322418036e-06,2.672474010978476e-07,0.050177596509456635,-0.05002870410680771
0,gripper_open,34,0.5666666666666667,1.534677721792832e-05,-0.9599491953849792,1.1612507104873657,0.0011042506666854024,-0.2958294153213501,-7.699162779317703e-06,3.001360369125905e-07,0.050197992473840714,-0.050029486417770386
0,gripper_open,35,0.5833333333333334,1.5306100976886228e-05,-0.9599490165710449,1.1612536907196045,0.001105011673644185,-0.29581940174102783,-8.563957635487895e-06,3.3381687103428703e-07,0.05021984875202179,-0.05003032833337784
0,gripper_open,36,0.6,1.526618143543601e-05,-0.9599488973617554,1.161252498626709,0.0011059087701141834,-0.2958172857761383,-9.430873433302622e-06,3.675872903841082e-07,0.05024278536438942,-0.05003122240304947
0,gripper_open,37,0.6166666666666667,1.5228426491376013e-05,-0.9599491953849792,1.1612516641616821,0.001106348936446011,-0.29582861065864563,-1.028006045089569e-05,4.0067698137136176e-07,0.05026637017726898,-0.050032150000333786
0,gripper_open,38,0.6333333333333333,1.5196372260106727e-05,-0.9599493145942688,1.1612510681152344,0.0011065782746300101,-0.29582932591438293,-1.110251196223544e-05,4.326645353103231e-07,0.0502903088927269,-0.050033096224069595
0,gripper_open,39,0.65,1.5167593119258527e-05,-0.9599490761756897,1.1612523794174194,0.0011070005130022764,-0.29582375288009644,-1.1897283911821432e-05,4.6359389216377167e-07,0.050314344465732574,-0.050034068524837494
0,gripper_open,40,0.6666666666666666,1.5141326002776623e-05,-0.9599489569664001,1.1612521409988403,0.0011075916700065136,-0.2958201467990875,-1.2668357157963328e-05,4.936113100484363e-07,0.05033829063177109,-0.05003504827618599
0,gripper_open,41,0.6833333333333333,1.5116344002308324e-05,-0.959949254989624,1.1612520217895508,0.001107993652112782,-0.295825332403183,-1.3417648915492464e-05,5.227763608672831e-07,0.05036205053329468,-0.05003603175282478
0,gripper_open,42,0.7,1.509391950094141e-05,-0.9599491357803345,1.161251425743103,0.0011082326527684927,-0.2958267629146576,-1.4148896298138425e-05,5.512010261554678e-07,0.05038561671972275,-0.05003701522946358
0,gripper_open,43,0.7166666666666667,1.507250726717757e-05,-0.9599490761756897,1.1612521409988403,0.001108525786548853,-0.2958250939846039,-1.4868007383483928e-05,5.791710577796039e-07,0.05040902644395828,-0.05003799870610237
0,gripper_open,44,0.7333333333333333,1.5051816262712236e-05,-0.9599490165710449,1.1612520217895508,0.0011089331237599254,-0.29582250118255615,-1.5581483239657246e-05,6.069120104257308e-07,0.05043230578303337,-0.050038985908031464
0,gripper_open,45,0.75,1.5030521353764925e-05,-0.9599491953849792,1.1612519025802612,0.0011092897038906813,-0.29582443833351135,-1.6291964129777625e-05,6.345567271637265e-07,0.050455495715141296,-0.05003998056054115
0,gripper_open,46,0.7666666666666667,1.5009833077783696e-05,-0.9599490761756897,1.1612517833709717,0.0011095647932961583,-0.29582589864730835,-1.7001053493004292e-05,6.621303896281461e-07,0.05047864839434624,-0.05004097893834114
0,gripper_open,47,0.7833333333333333,1.4988861948950216e-05,-0.9599490761756897,1.1612519025802612,0.001109867007471621,-0.29582470655441284,-1.7710459360387176e-05,6.897143407513795e-07,0.05050180107355118,-0.050041984766721725
0,gripper_open,48,0.8,1.4968076357035898e-05,-0.9599490165710449,1.1612520217895508,0.0011102233547717333,-0.2958239018917084,-1.8421287677483633e-05,7.173622407208313e-07,0.05052497610449791,-0.0500430092215538
0,gripper_open,49,0.8166666666666667,1.4946663213777356e-05,-0.9599491953849792,1.1612519025802612,0.001110569923184812,-0.2958243191242218,-1.9133507521473803e-05,7.450486805282708e-07,0.05054815858602524,-0.050044041126966476
0,gripper_open,50,0.8333333333333334,1.4925538380339276e-05,-0.9599491357803345,1.1612517833709717,0.0011108767939731479,-0.2958252727985382,-1.9845896531478502e-05,7.727147135483392e-07,0.05057137459516525,-0.050045087933540344
0,gripper_open,51,0.85,1.4904208910593297e-05,-0.9599489569664001,1.1612519025802612,0.0011111889034509659,-0.2958248555660248,-2.0558451069518924e-05,8.004033134056954e-07,0.05059461295604706,-0.05004614591598511
0,gripper_open,52,0.8666666666666667,1.4883134099363815e-05,-0.9599489569664001,1.1612519025802612,0.0011115402448922396,-0.2958240807056427,-2.1271102013997734e-05,8.280777024083363e-07,0.05061788484454155,-0.050047215074300766
0,gripper_open,53,0.8833333333333333,1.486187284172047e-05,-0.9599491357803345,1.1612519025802612,0.0011118804104626179,-0.29582467675209045,-2.1983767510391772e-05,8.557631758776552e-07,0.05064116418361664,-0.05004829168319702
0,gripper_open,54,0.9,1.4840746189292986e-05,-0.9599490761756897,1.1612517833709717,0.0011121915886178613,-0.2958250343799591,-2.269605829496868e-05,8.834069262775301e-07,0.050664450973272324,-0.05004937946796417
0,gripper_open,55,0.9166666666666666,1.4819634088780731e-05,-0.9599489569664001,1.1612520217895508,0.001112511265091598,-0.29582473635673523,-2.3407301341649145e-05,9.110442533710739e-07,0.05068773776292801,-0.05005047470331192
0,gripper_open,56,0.9333333333333333,1.4798635675106198e-05,-0.9599489569664001,1.1612519025802612,0.001112861791625619,-0.2958240509033203,-2.411823697912041e-05,9.386621400153672e-07,0.05071102827787399,-0.050051577389240265
0,gripper_open,57,0.95,1.4777520846109837e-05,-0.9599490761756897,1.1612517833709717,0.0011131871724501252,-0.29582488536834717,-2.4828965251799673e-05,9.662488764661248e-07,0.05073431879281998,-0.0500526949763298
0,gripper_open,58,0.9666666666666667,1.4756652490177657e-05,-0.9599490165710449,1.1612519025802612,0.001113489968702197,-0.2958252429962158,-2.5538560294080526e-05,9.937936056303442e-07,0.05075760558247566,-0.05005382001399994
0,gripper_open,59,0.9833333333333333,1.4735686818312388e-05,-0.9599490761756897,1.1612521409988403,0.0011138219852000475,-0.2958243489265442,-2.6248040740028955e-05,1.0213224186372827e-06,0.05078089237213135,-0.05005495622754097
0,gripper_open,60,1.0,1.4714735698362347e-05,-0.9599490165710449,1.1612519025802612,0.0011141728609800339,-0.2958240211009979,-2.6957839509123005e-05,1.0488315638212953e-06,0.05080417916178703,-0.0500560961663723
0,gripper_open,61,1.0166666666666666,1.4719937098561786e-05,-0.9599491357803345,1.1612517833709717,0.0011141834547743201,-0.2958252429962158,-2.7364754714653827e-05,1.064600496647472e-06,0.05082489177584648,-0.05005725473165512
0,gripper_open,62,1.0333333333333334,1.4749012734682765e-05,-0.9599490761756897,1.1612519025802612,0.001113878097385168,-0.2958252727985382,-2.7462443540571257e-05,1.068336814569193e-06,0.050840508192777634,-0.05005823075771332
0,gripper_open,63,1.05,1.4777330761717167e-05,-0.9599490761756897,1.1612521409988403,0.0011135890381410718,-0.2958240807056427,-2.7502428565640002e-05,1.069827362698561e-06,0.050853900611400604,-0.05005897954106331
0,gripper_open,64,1.0666666666666667,1.4803865269641392e-05,-0.9599490165710449,1.1612520217895508,0.0011133209336549044,-0.2958239018917084,-2.751425745373126e-05,1.070245957635052e-06,0.05086590722203255,-0.05005963146686554
0,gripper_open,65,1.0833333333333333,1.4819064745097421e-05,-0.9599491357803345,1.1612519025802612,0.0011131369974464178,-0.29582512378692627,-2.761770701908972e-05,1.0741927098933957e-06,0.050876837223768234,-0.05006026476621628
0,gripper_open,66,1.1,1.482675907027442e-05,-0.9599490761756897,1.1612519025802612,0.0011130283819511533,-0.2958252727985382,-2.7791575121227652e-05,1.0809089872054756e-06,0.05088687315583229,-0.050060901790857315
0,gripper_open,67,1.1166666666666667,1.4829050996922888e-05,-0.9599490165710449,1.1612520217895508,0.001113017788156867,-0.29582440853118896,-2.8006596039631404e-05,1.0892082400459913e-06,0.050896137952804565,-0.05006154254078865
0,gripper_open,68,1.1333333333333333,1.4827818631601986e-05,-0.9599489569664001,1.1612519025802612,0.0011130699422210455,-0.29582419991493225,-2.824346665875055e-05,1.0983740139636211e-06,0.0509047657251358,-0.050062187016010284
0,gripper_open,69,1.15,1.482422521803528e-05,-0.9599491357803345,1.1612519025802612,0.001113121397793293,-0.29582497477531433,-2.848822077794466e-05,1.107856292037468e-06,0.050912901759147644,-0.05006283149123192
0,gripper_open,70,1.1666666666666667,1.4819609532423783e-05,-0.9599490761756897,1.1612519025802612,0.0011131728533655405,-0.2958250939846039,-2.8733227736665867e-05,1.117319698096253e-06,0.05092068389058113,-0.05006347596645355
0,gripper_open,71,1.1833333333333333,1.4814065252721775e-05,-0.9599491357803345,1.1612520217895508,0.0011132573708891869,-0.29582443833351135,-2.897353442676831e-05,1.1266727142356103e-06,0.050928134471178055,-0.050064120441675186
0,gripper_open,72,1.2,1.4808258129050955e-05,-0.9599490165710449,1.1612517833709717,0.0011133592342957854,-0.2958243489265442,-2.920772021752782e-05,1.1357599305483745e-06,0.05093536898493767,-0.05006476491689682
0,gripper_open,73,1.2166666666666666,1.4802018085902091e-05,-0.9599491953849792,1.1612519025802612,0.001113438163883984,-0.2958250939846039,-2.9435392207233235e-05,1.1445800964793307e-06,0.05094239488244057,-0.050065409392118454
0,gripper_open,74,1.2333333333333334,1.4796079085499514e-05,-0.9599491357803345,1.1612519025802612,0.0011135173263028264,-0.2958247661590576,-2.9655762773472816e-05,1.1531222980920575e-06,0.05094921216368675,-0.05006605386734009
0,gripper_open,75,1.25,1.4789869055675808e-05,-0.9599491357803345,1.1612520217895508,0.001113613834604621,-0.2958243787288666,-2.9868484489270486e-05,1.1613649348873878e-06,0.0509558767080307,-0.05006670206785202
0,gripper_open,76,1.2666666666666666,1.4783969163545407e-05,-0.9599490165710449,1.1612517833709717,0.0011137129040434957,-0.2958243787288666,-3.007481063832529e-05,1.1693606438711868e-06,0.0509624145925045,-0.05006735026836395
0,gripper_open,77,1.2833333333333334,1.4777978321944829e-05,-0.9599491953849792,1.1612520217895508,0.0011137861292809248,-0.2958250939846039,-3.0274741220637225e-05,1.1771055596909719e-06,0.05096879601478577,-0.050067998468875885
0,gripper_open,78,1.3,1.4772436770726927e-05,-0.9599491357803345,1.1612519025802612,0.0011138663394376636,-0.29582446813583374,-3.046834717679303e-05,1.184620941785397e-06,0.050975069403648376,-0.05006864666938782
0,gripper_open,79,1.3166666666666667,1.4766688764211722e-05,-0.9599491357803345,1.1612519025802612,0.0011139515554532409,-0.2958245873451233,-3.065698183490895e-05,1.1919306643903838e-06,0.05098125338554382,-0.05006929486989975
0,gripper_open,80,1.3333333333333333,1.4761395505047403e-05,-0.9599490761756897,1.1612519025802612,0.0011140282731503248,-0.29582473635673523,-3.0840841645840555e-05,1.1990186976618133e-06,0.050987359136343,-0.05006994307041168
0,gripper_open,81,1.35,1.4756011296412908e-05,-0.9599491357803345,1.1612519025802612,0.0011141074355691671,-0.2958246171474457,-3.102023038081825e-05,1.2059838354616659e-06,0.05099332332611084,-0.050070591270923615
0,gripper_open,82,1.3666666666666667,1.4750943591934629e-05,-0.9599490761756897,1.1612519025802612,0.0011141818249598145,-0.29582470655441284,-3.119531538686715e-05,1.212789015880844e-06,0.05099920928478241,-0.05007123947143555
0,gripper_open,83,1.3833333333333333,1.4745820408279542e-05,-0.9599490165710449,1.1612519025802612,0.0011142570292577147,-0.2958246171474457,-3.136754094157368e-05,1.2194030887258123e-06,0.0510050430893898,-0.05007188767194748
0,gripper_open,84,1.4,1.4740945516678039e-05,-0.9599489569664001,1.1612519025802612,0.0011143337469547987,-0.29582467675209045,-3.1535866582999006e-05,1.225909500135458e-06,0.05101080983877182,-0.05007253587245941
0,gripper_open,85,1.4166666666666667,1.4736049706698395e-05,-0.9599490761756897,1.1612519025802612,0.0011144063901156187,-0.29582473635673523,-3.1700546969659626e-05,1.2323073406150797e-06,0.05101645737886429,-0.050073184072971344
0,gripper_open,86,1.4333333333333333,1.4731407645740546e-05,-0.9599490165710449,1.1612519025802612,0.0011144712334498763,-0.29582479596138,-3.1862778996583074e-05,1.238600361830322e-06,0.05102204158902168,-0.05007383972406387
0,gripper_open,87,1.45,1.4726702829648275e-05,-0.9599491357803345,1.1612519025802612,0.0011145411990582943,-0.29582470655441284,-3.2021591323427856e-05,1.244775944542198e-06,0.051027581095695496,-0.0500744953751564
0,gripper_open,88,1.4666666666666666,1.472223721066257e-05,-0.9599490761756897,1.1612519025802612,0.0011146075557917356,-0.29582473635673523,-3.217814810341224e-05,1.2508355666795978e-06,0.05103306844830513,-0.05007515475153923
0,gripper_open,89,1.4833333333333334,1.4717685189680196e-05,-0.9599490761756897,1.1612519025802612,0.0011146763572469354,-0.2958245575428009,-3.233204915886745e-05,1.2567759313242277e-06,0.05103845149278641,-0.05007581412792206
0,gripper_open,90,1.5,1.471338327974081e-05,-0.9599490165710449,1.1612519025802612,0.0011147448094561696,-0.29582470655441284,-3.2483261747984216e-05,1.2626243233171408e-06,0.05104377865791321,-0.050076477229595184
0,gripper_maximum_legal_aperture,1,0.016666666666666666,1.7496658983873203e-05,-0.959797739982605,1.161957859992981,0.0012257506605237722,-0.2907527983188629,1.2130168443036382e-06,-4.889470517355221e-08,0.0499882698059082,-0.05001266673207283
0,gripper_maximum_legal_aperture,2,0.03333333333333333,1.561269527883269e-05,-0.9599623084068298,1.161261796951294,0.0013109113788232207,-0.2931957244873047,-1.4987004988142871e-06,5.774951006287665e-08,0.0499889999628067,-0.050013329833745956
0,gripper_maximum_legal_aperture,3,0.05,1.57960948854452e-05,-0.9600485563278198,1.160674810409546,0.0011582153383642435,-0.29527536034584045,-1.6772037270129658e-06,6.525657880729341e-08,0.04999047890305519,-0.05001373589038849
0,gripper_maximum_legal_aperture,4,0.06666666666666667,1.572089604451321e-05,-0.9599459171295166,1.161422610282898,0.0011172263184562325,-0.2960062623023987,-8.060263780862442e-07,3.0804891082425456e-08,0.049992647022008896,-0.050014134496450424
0,gripper_maximum_legal_aperture,5,0.08333333333333333,1.6008705642889254e-05,-0.9598874449729919,1.1613398790359497,0.0011468385346233845,-0.29463186860084534,-6.981268825256848e-07,2.6713715683968076e-08,0.04999614879488945,-0.05001462250947952
0,gripper_maximum_legal_aperture,6,0.1,1.5590312614222057e-05,-0.9599780440330505,1.1612677574157715,0.0011521376436576247,-0.2956726551055908,-1.1587053450057283e-06,4.5053788255700056e-08,0.05000175163149834,-0.05001509189605713
0,gripper_maximum_legal_aperture,7,0.11666666666666667,1.571768007124774e-05,-0.9599456191062927,1.161135196685791,0.001117637031711638,-0.2964547574520111,-1.3938703204985359e-06,5.438694472559291e-08,0.05001327022910118,-0.05001555383205414
0,gripper_maximum_legal_aperture,8,0.13333333333333333,1.5523075489909388e-05,-0.9599712491035461,1.161232590675354,0.0010977175552397966,-0.2960273325443268,-2.421061481072684e-06,9.444506332556557e-08,0.0500338152050972,-0.05001601204276085
0,gripper_maximum_legal_aperture,9,0.15,1.5568724847980775e-05,-0.9599246978759766,1.1613223552703857,0.0011104353470727801,-0.2953965961933136,-4.390366029838333e-06,1.7108729366555053e-07,0.05006663501262665,-0.050016917288303375
0,gripper_maximum_legal_aperture,10,0.16666666666666666,1.5188805264187977e-05,-0.9599546790122986,1.1612768173217773,0.0011265001958236098,-0.2955269515514374,-7.199456831585849e-06,2.8058519774276647e-07,0.0501115657389164,-0.0500185564160347
0,gripper_maximum_legal_aperture,11,0.18333333333333332,1.5050799447635654e-05,-0.959947943687439,1.161211609840393,0.0011180712608620524,-0.29609647393226624,-1.00398328868323e-05,3.912877559741901e-07,0.05016391724348068,-0.050020888447761536
0,gripper_maximum_legal_aperture,12,0.2,1.4798045413044747e-05,-0.9599611163139343,1.1612133979797363,0.001107090269215405,-0.29603269696235657,-1.3078257325105369e-05,5.098237920719839e-07,0.05022651329636574,-0.050023917108774185
0,gripper_maximum_legal_aperture,13,0.21666666666666667,1.4703466149512678e-05,-0.9599406719207764,1.161283016204834,0.0011110211489722133,-0.2957128584384918,-1.6287382095470093e-05,6.347889893731917e-07,0.050298962742090225,-0.05002816393971443
0,gripper_maximum_legal_aperture,14,0.23333333333333334,1.4446170098381117e-05,-0.9599483013153076,1.1612744331359863,0.0011230841046199203,-0.29559460282325745,-1.969567165360786e-05,7.674034350202419e-07,0.05037831887602806,-0.05003393441438675
0,gripper_maximum_legal_aperture,15,0.25,1.4279591596277896e-05,-0.9599480628967285,1.1612443923950195,0.0011245413916185498,-0.2958934009075165,-2.299577317899093e-05,8.95712332749099e-07,0.05046166107058525,-0.05004068836569786
0,gripper_maximum_legal_aperture,16,0.26666666666666666,1.409908236382762e-05,-0.9599551558494568,1.16122305393219,0.001119330758228898,-0.2959657907485962,-2.6101351977558807e-05,1.0166268111788668e-06,0.05054738372564316,-0.050048280507326126
0,gripper_maximum_legal_aperture,17,0.2833333333333333,1.4017525245435536e-05,-0.9599473476409912,1.161261796951294,0.001118989777751267,-0.2958402931690216,-2.9012415325269103e-05,1.1298171784801525e-06,0.05063440650701523,-0.05005667731165886
0,gripper_maximum_legal_aperture,18,0.3,1.3889345609641168e-05,-0.9599473476409912,1.16126549243927,0.0011254895944148302,-0.2956902086734772,-3.18414531648159e-05,1.2396460533636855e-06,0.050721339881420135,-0.05006597563624382
0,gripper_maximum_legal_aperture,19,0.31666666666666665,1.3786772797175217e-05,-0.9599481821060181,1.1612565517425537,0.0011288350215181708,-0.29581406712532043,-3.453368481132202e-05,1.3440372867989936e-06,0.05080719664692879,-0.05007569491863251
0,gripper_maximum_legal_aperture,20,0.3333333333333333,1.3683668839803431e-05,-0.959951639175415,1.1612352132797241,0.0011270169634371996,-0.2958959937095642,-3.707976793521084e-05,1.4428048871195642e-06,0.05089189484715462,-0.05008571594953537
0,gripper_maximum_legal_aperture,21,0.35,1.3623121958517004e-05,-0.9599496126174927,1.161251187324524,0.0011256937868893147,-0.2958686053752899,-3.951107646571472e-05,1.5371228982985485e-06,0.05097591131925583,-0.05009615421295166
0,gripper_maximum_legal_aperture,22,0.36666666666666664,1.3549039977078792e-05,-0.9599480628967285,1.1612591743469238,0.0011286432854831219,-0.29576513171195984,-4.1925388359231874e-05,1.6306594261550345e-06,0.051059432327747345,-0.050107430666685104
0,gripper_maximum_legal_aperture,23,0.38333333333333336,1.3470180419972166e-05,-0.9599482417106628,1.1612579822540283,0.0011317642638459802,-0.29579171538352966,-4.433079084265046e-05,1.7236893654626328e-06,0.051142528653144836,-0.05011960491538048
0,gripper_maximum_legal_aperture,24,0.4,1.3387105354922824e-05,-0.9599500298500061,1.161245346069336,0.001132028759457171,-0.2958519160747528,-4.6712459152331576e-05,1.8157575141231064e-06,0.05122540891170502,-0.05013279244303703
0,gripper_maximum_legal_aperture,25,0.4166666666666667,1.3320080142875668e-05,-0.959949791431427,1.161247968673706,0.001131329219788313,-0.2958614230155945,-4.902685759589076e-05,1.9052529296459397e-06,0.05130847543478012,-0.05014735832810402
0,gripper_maximum_legal_aperture,26,0.43333333333333335,1.3267811482364777e-05,-0.9599488377571106,1.1612547636032104,0.0011324618244543672,-0.2958084046840668,-5.1151295338058844e-05,1.9872948087140685e-06,0.05139227956533432,-0.05016464367508888
0,gripper_maximum_legal_aperture,27,0.45,1.3231809134595096e-05,-0.9599485397338867,1.161256194114685,0.001134393154643476,-0.2957969307899475,-5.300411066855304e-05,2.0586969640135067e-06,0.051478154957294464,-0.0501868799328804
0,gripper_maximum_legal_aperture,28,0.4666666666666667,1.3207365554990247e-05,-0.959949254989624,1.161250352859497,0.0011349210981279612,-0.2958289682865143,-5.4627224017167464e-05,2.1211128569120774e-06,0.05156821385025978,-0.050216592848300934
0,gripper_maximum_legal_aperture,29,0.48333333333333334,1.3201130059314892e-05,-0.9599494934082031,1.1612492799758911,0.0011342238867655396,-0.29584693908691406,-5.6032920838333666e-05,2.175048848584993e-06,0.05166441947221756,-0.05025576800107956
0,gripper_maximum_legal_aperture,30,0.5,1.321150193689391e-05,-0.9599490165710449,1.1612517833709717,0.0011340331984683871,-0.29582494497299194,-5.721522029489279e-05,2.2202323179953964e-06,0.05176812410354614,-0.05030612647533417
0,gripper_maximum_legal_aperture,31,0.5166666666666667,1.3234695870778523e-05,-0.9599488973617554,1.1612548828125,0.0011344735976308584,-0.2958107590675354,-5.8160043408861384e-05,2.2560411707672756e-06,0.051879990845918655,-0.05036889389157295
0,gripper_maximum_legal_aperture,32,0.5333333333333333,1.327024983766023e-05,-0.9599488973617554,1.1612517833709717,0.0011344815138727427,-0.29581940174102783,-5.8853827795246616e-05,2.281957677041646e-06,0.05200008675456047,-0.05044467747211456
0,gripper_maximum_legal_aperture,33,0.55,1.3321185178938322e-05,-0.9599494934082031,1.1612508296966553,0.001133557758294046,-0.29583585262298584,-5.928886457695626e-05,2.2977210392127745e-06,0.05212796851992607,-0.05053335055708885
0,gripper_maximum_legal_aperture,34,0.5666666666666667,1.3388658771873452e-05,-0.9599491357803345,1.1612509489059448,0.0011325149098411202,-0.29582905769348145,-5.9467147366376594e-05,2.303374458278995e-06,0.052262578159570694,-0.050634197890758514
0,gripper_maximum_legal_aperture,35,0.5833333333333334,1.3467388271237724e-05,-0.9599490165710449,1.1612534523010254,0.0011317800963297486,-0.295819491147995,-5.9402074839454144e-05,2.2994468054093886e-06,0.05240245163440704,-0.050745949149131775
0,gripper_maximum_legal_aperture,36,0.6,1.3554911674873438e-05,-0.9599488973617554,1.1612526178359985,0.0011310101253911853,-0.29581865668296814,-5.9118694480275735e-05,2.2869132862979313e-06,0.05254579707980156,-0.05086686089634895
0,gripper_maximum_legal_aperture,37,0.6166666666666667,1.3647515515913256e-05,-0.9599491953849792,1.1612517833709717,0.001129771233536303,-0.2958281636238098,-5.865268758498132e-05,2.267236368425074e-06,0.05269068852066994,-0.05099478363990784
0,gripper_maximum_legal_aperture,38,0.6333333333333333,1.3744515854341444e-05,-0.959949254989624,1.161251187324524,0.0011283354833722115,-0.29582908749580383,-5.804758984595537e-05,2.2421206722356146e-06,0.05283520370721817,-0.0511273518204689
0,gripper_maximum_legal_aperture,39,0.65,1.3839787243341561e-05,-0.9599490761756897,1.1612523794174194,0.0011270868126302958,-0.29582417011260986,-5.73542965867091e-05,2.2134747723612236e-06,0.0529775395989418,-0.051262177526950836
0,gripper_maximum_legal_aperture,40,0.6666666666666666,1.3929789929534309e-05,-0.9599489569664001,1.1612521409988403,0.0011260660830885172,-0.29582080245018005,-5.6624121498316526e-05,2.1833791379322065e-06,0.053116101771593094,-0.051396992057561874
0,gripper_maximum_legal_aperture,41,0.6833333333333333,1.4010006452735979e-05,-0.959949254989624,1.1612522602081299,0.0011250001844018698,-0.29582536220550537,-5.590896762441844e-05,2.153882405764307e-06,0.05324966087937355,-0.051529720425605774
0,gripper_maximum_legal_aperture,42,0.7,1.407923991791904e-05,-0.9599491357803345,1.1612513065338135,0.0011239538434892893,-0.29582634568214417,-5.525559390662238e-05,2.12674672184221e-06,0.0533774197101593,-0.051658667623996735
0,gripper_maximum_legal_aperture,43,0.7166666666666667,1.413446352671599e-05,-0.9599491953849792,1.1612520217895508,0.0011231001699343324,-0.29582589864730835,-5.470276664709672e-05,2.103537553921342e-06,0.053499020636081696,-0.05178256705403328
0,gripper_maximum_legal_aperture,44,0.7333333333333333,1.4175052456266712e-05,-0.9599490761756897,1.1612520217895508,0.0011225416092202067,-0.29582297801971436,-5.428165241028182e-05,2.08541268875706e-06,0.053614504635334015,-0.05190068483352661
0,gripper_maximum_legal_aperture,45,0.75,1.4199255019775592e-05,-0.9599491953849792,1.1612520217895508,0.001122163375839591,-0.29582399129867554,-5.4011390602681786e-05,2.073128143820213e-06,0.05372436344623566,-0.05201277509331703
0,gripper_maximum_legal_aperture,46,0.7666666666666667,1.4209131222742144e-05,-0.9599490761756897,1.1612517833709717,0.001121898996643722,-0.2958256006240845,-5.390014484873973e-05,2.067024979623966e-06,0.05382944643497467,-0.05211908370256424
0,gripper_maximum_legal_aperture,47,0.7833333333333333,1.4205305888026487e-05,-0.9599491953849792,1.1612520217895508,0.0011218036524951458,-0.2958253026008606,-5.394385880208574e-05,2.0669294826802798e-06,0.053930897265672684,-0.05222027748823166
0,gripper_maximum_legal_aperture,48,0.8,1.4190678484737873e-05,-0.9599490761756897,1.1612520217895508,0.0011219059815630317,-0.2958240509033203,-5.412818063632585e-05,2.072278448395082e-06,0.054030001163482666,-0.052317406982183456
0,gripper_maximum_legal_aperture,49,0.8166666666666667,1.4166926121106371e-05,-0.9599491953849792,1.1612519025802612,0.001122129149734974,-0.2958243787288666,-5.443060945253819e-05,2.082175569739775e-06,0.05412817746400833,-0.052411798387765884
0,gripper_maximum_legal_aperture,50,0.8333333333333334,1.4138039659883361e-05,-0.9599491357803345,1.1612517833709717,0.0011223898036405444,-0.2958252727985382,-5.4821714002173394e-05,2.0954491901648e-06,0.054226793348789215,-0.052504923194646835
0,gripper_maximum_legal_aperture,51,0.85,1.4106466551311314e-05,-0.9599491357803345,1.1612520217895508,0.0011226944625377655,-0.2958250045776367,-5.52663768758066e-05,2.1108367036504205e-06,0.054327111691236496,-0.05259827524423599
0,gripper_maximum_legal_aperture,52,0.8666666666666667,1.4075792023504619e-05,-0.9599490165710449,1.1612519025802612,0.0011230347445234656,-0.2958240509033203,-5.573039743467234e-05,2.1269568151183194e-06,0.05443019047379494,-0.05269326642155647
0,gripper_maximum_legal_aperture,53,0.8833333333333333,1.4048109733266756e-05,-0.9599491953849792,1.1612517833709717,0.0011233295081183314,-0.2958247661590576,-5.6177326769102365e-05,2.1424323222163366e-06,0.05453687533736229,-0.05279115214943886
0,gripper_maximum_legal_aperture,54,0.9,1.4026395547261927e-05,-0.9599491357803345,1.1612519025802612,0.0011235243873670697,-0.2958255112171173,-5.6576187489554286e-05,2.156060645575053e-06,0.05464766547083855,-0.052892934530973434
0,gripper_maximum_legal_aperture,55,0.9166666666666666,1.4011734492669348e-05,-0.9599490165710449,1.1612520217895508,0.0011236554710194468,-0.2958243489265442,-5.6900771596701816e-05,2.1668126919394126e-06,0.05476276949048042,-0.05299931764602661
0,gripper_maximum_legal_aperture,56,0.9333333333333333,1.4005640878167469e-05,-0.9599489569664001,1.1612519025802612,0.001123707857914269,-0.29582419991493225,-5.7130862842313945e-05,2.1739022031397326e-06,0.05488208681344986,-0.05311065539717674
0,gripper_maximum_legal_aperture,57,0.95,1.4008027392264921e-05,-0.9599491357803345,1.1612517833709717,0.0011236123973503709,-0.29582518339157104,-5.725468145101331e-05,2.17691217585525e-06,0.05500521510839462,-0.05322693660855293
0,gripper_maximum_legal_aperture,58,0.9666666666666667,1.4019070476933848e-05,-0.9599490761756897,1.1612517833709717,0.0011233862023800611,-0.29582536220550537,-5.726844756281935e-05,2.1756934529548744e-06,0.055131491273641586,-0.05334785580635071
0,gripper_maximum_legal_aperture,59,0.9833333333333333,1.4037344953976572e-05,-0.9599490761756897,1.1612520217895508,0.0011230921372771263,-0.2958245575428009,-5.7176632253685966e-05,2.1703929178329417e-06,0.05526011064648628,-0.053472742438316345
0,gripper_maximum_legal_aperture,60,1.0,1.4061760339245666e-05,-0.9599490165710449,1.1612519025802612,0.001122736488468945,-0.2958240211009979,-5.6989749282365665e-05,2.1614666820823913e-06,0.0553901270031929,-0.053600795567035675
0,gripper_maximum_legal_aperture,61,1.0166666666666666,1.4180871403368656e-05,-0.9599491357803345,1.1612517833709717,0.0011212462559342384,-0.2958250939846039,-5.568950291490182e-05,2.110400373567245e-06,0.05551153048872948,-0.05373097583651543
0,gripper_maximum_legal_aperture,62,1.0333333333333334,1.4346291209221818e-05,-0.9599490761756897,1.1612517833709717,0.0011191001394763589,-0.29582539200782776,-5.370242797653191e-05,2.033430291703553e-06,0.05561455339193344,-0.053854718804359436
0,gripper_maximum_legal_aperture,63,1.05,1.452207379770698e-05,-0.9599490165710449,1.1612520217895508,0.001116783358156681,-0.2958245575428009,-5.141446672496386e-05,1.945224767041509e-06,0.05569273233413696,-0.05396297201514244
0,gripper_maximum_legal_aperture,64,1.0666666666666667,1.4681317225040402e-05,-0.9599489569664001,1.1612519025802612,0.0011146466713398695,-0.2958240509033203,-4.9157308239955455e-05,1.8583732526167296e-06,0.055742047727108,-0.05404803901910782
0,gripper_maximum_legal_aperture,65,1.0833333333333333,1.4709813513036352e-05,-0.9599491953849792,1.1612517833709717,0.0011140869464725256,-0.29582512378692627,-4.83753283333499e-05,1.8273566411153297e-06,0.055762771517038345,-0.05410424992442131
0,gripper_maximum_legal_aperture,66,1.1,1.4617393389926292e-05,-0.9599491357803345,1.1612517833709717,0.001114930841140449,-0.2958255410194397,-4.8926343879429623e-05,1.8468097096047131e-06,0.05577363073825836,-0.054135970771312714
0,gripper_maximum_legal_aperture,67,1.1166666666666667,1.4504445061902516e-05,-0.9599490165710449,1.1612520217895508,0.0011161802103742957,-0.2958245575428009,-4.984588667866774e-05,1.8803838202074985e-06,0.055781617760658264,-0.05415195971727371
0,gripper_maximum_legal_aperture,68,1.1333333333333333,1.4394697245734278e-05,-0.9599489569664001,1.1612519025802612,0.0011175025720149279,-0.2958240211009979,-5.086096280138008e-05,1.917820782182389e-06,0.05578846484422684,-0.05415811762213707
0,gripper_maximum_legal_aperture,69,1.15,1.431979126209626e-05,-0.9599491953849792,1.1612517833709717,0.0011184349423274398,-0.29582515358924866,-5.160036380402744e-05,1.94504309547483e-06,0.055795058608055115,-0.05416035279631615
0,gripper_maximum_legal_aperture,70,1.1666666666666667,1.4266892321757041e-05,-0.9599491357803345,1.1612517833709717,0.0011190777877345681,-0.2958255112171173,-5.2153965953039005e-05,1.965448973351158e-06,0.05580151826143265,-0.054162368178367615
0,gripper_maximum_legal_aperture,71,1.1833333333333333,1.4226990970200859e-05,-0.9599490165710449,1.1612520217895508,0.00111958640627563,-0.2958245575428009,-5.259331373963505e-05,1.981653667826322e-06,0.0558079369366169,-0.054164398461580276
0,gripper_maximum_legal_aperture,72,1.2,1.4196874872141052e-05,-0.9599489569664001,1.1612519025802612,0.0011200032895430923,-0.29582399129867554,-5.29493554495275e-05,1.994776994251879e-06,0.05581433326005936,-0.05416644737124443
0,gripper_maximum_legal_aperture,73,1.2166666666666666,1.417366638634121e-05,-0.9599491953849792,1.1612517833709717,0.0011202972382307053,-0.29582518339157104,-5.3243275033310056e-05,2.0056563698744867e-06,0.05582065507769585,-0.05416850745677948
0,gripper_maximum_legal_aperture,74,1.2333333333333334,1.415607039234601e-05,-0.9599491357803345,1.1612517833709717,0.001120491186156869,-0.2958255410194397,-5.349026105250232e-05,2.014785195569857e-06,0.055826909840106964,-0.054170578718185425
0,gripper_maximum_legal_aperture,75,1.25,1.414222970197443e-05,-0.9599490165710449,1.1612520217895508,0.0011206719791516662,-0.2958245873451233,-5.370333747123368e-05,2.022664148171316e-06,0.05583314225077629,-0.054172664880752563
0,gripper_maximum_legal_aperture,76,1.2666666666666666,1.4131355783320032e-05,-0.9599489569664001,1.1612519025802612,0.001120846252888441,-0.29582399129867554,-5.3890704293735325e-05,2.029576762652141e-06,0.05583934113383293,-0.0541747584939003
0,gripper_maximum_legal_aperture,77,1.2833333333333334,1.4122379980108235e-05,-0.9599491953849792,1.1612517833709717,0.0011209623189643025,-0.29582515358924866,-5.405877891462296e-05,2.0357949779281626e-06,0.05584545433521271,-0.054176878184080124
0,gripper_maximum_legal_aperture,78,1.3,1.4115304111328442e-05,-0.9599491357803345,1.1612517833709717,0.0011210257653146982,-0.2958255410194397,-5.42119778401684e-05,2.0414481696207076e-06,0.0558515340089798,-0.05417901650071144
0,gripper_maximum_legal_aperture,79,1.3166666666666667,1.4109259609540459e-05,-0.9599490165710449,1.1612519025802612,0.0011211078381165862,-0.2958245873451233,-5.435399725683965e-05,2.0467159629333764e-06,0.055857595056295395,-0.054181162267923355
0,gripper_maximum_legal_aperture,80,1.3333333333333333,1.4104183719609864e-05,-0.9599489569664001,1.1612519025802612,0.0011212060926482081,-0.295824259519577,-5.448715455713682e-05,2.05163473765424e-06,0.055863622575998306,-0.054183319211006165
0,gripper_maximum_legal_aperture,81,1.35,1.4099546206125524e-05,-0.9599491357803345,1.1612517833709717,0.0011212722165510058,-0.29582491517066956,-5.461421824293211e-05,2.0563513771776343e-06,0.055869560688734055,-0.05418548360466957
0,gripper_maximum_legal_aperture,82,1.3666666666666667,1.4095668120717164e-05,-0.9599490761756897,1.1612517833709717,0.001121304463595152,-0.29582545161247253,-5.473488999996334e-05,2.0608438262570417e-06,0.05587548017501831,-0.054187674075365067
0,gripper_maximum_legal_aperture,83,1.3833333333333333,1.4092112905927934e-05,-0.9599490165710449,1.1612519025802612,0.0011213525431230664,-0.29582473635673523,-5.4851170716574416e-05,2.0651550585171208e-06,0.055881377309560776,-0.05418987572193146
0,gripper_maximum_legal_aperture,84,1.4,1.4088938769418746e-05,-0.9599489569664001,1.1612519025802612,0.0011214205296710134,-0.2958243489265442,-5.496353333001025e-05,2.0692957605206175e-06,0.055887237191200256,-0.05419209226965904
0,gripper_maximum_legal_aperture,85,1.4166666666666667,1.4085778275330085e-05,-0.9599491357803345,1.1612517833709717,0.0011214693076908588,-0.29582491517066956,-5.507267633220181e-05,2.073374389510718e-06,0.05589301139116287,-0.05419432744383812
0,gripper_maximum_legal_aperture,86,1.4333333333333333,1.4083079804549925e-05,-0.9599490761756897,1.1612517833709717,0.0011214881669729948,-0.29582539200782776,-5.517831596080214e-05,2.0772808966285083e-06,0.055898766964673996,-0.05419658124446869
0,gripper_maximum_legal_aperture,87,1.45,1.4080441360420082e-05,-0.9599490165710449,1.1612519025802612,0.001121524372138083,-0.29582470655441284,-5.528107067220844e-05,2.081077354887384e-06,0.055904489010572433,-0.054198864847421646
0,gripper_maximum_legal_aperture,88,1.4666666666666666,1.4078020285523962e-05,-0.9599489569664001,1.1612519025802612,0.0011215823469683528,-0.2958243489265442,-5.5381489801220596e-05,2.084798552459688e-06,0.05591018497943878,-0.0542011633515358
0,gripper_maximum_legal_aperture,89,1.4833333333333334,1.4075494618737139e-05,-0.9599491357803345,1.1612517833709717,0.0011216228595003486,-0.29582488536834717,-5.547991531784646e-05,2.088437668135157e-06,0.05591580644249916,-0.054203521460294724
0,gripper_maximum_legal_aperture,90,1.5,1.407355648552766e-05,-0.9599490761756897,1.1612517833709717,0.0011216322891414165,-0.29582542181015015,-5.5572352721355855e-05,2.0918641894240864e-06,0.055921416729688644,-0.05420595780014992
1,waist_negative,1,0.016666666666666666,-0.0001982827961910516,-0.9597975611686707,1.1619582176208496,0.001220306963659823,-0.2907530963420868,5.851770310982829e-06,-2.2967778079419077e-07,0.049998559057712555,-0.05000145733356476
1,waist_negative,2,0.03333333333333333,-0.00075175566598773,-0.9599623084068298,1.1612615585327148,0.001300181495025754,-0.29319530725479126,8.206371603591833e-06,-3.175902918428619e-07,0.05002501234412193,-0.049972452223300934
1,waist_negative,3,0.05,-0.0017632932867854834,-0.9600473046302795,1.1606745719909668,0.0011399708455428481,-0.2952743172645569,1.5589444956276566e-05,-6.033592399035115e-07,0.050119560211896896,-0.04986710473895073
1,waist_negative,4,0.06666666666666667,-0.0024691554717719555,-0.9599456787109375,1.1614227294921875,0.0010976367630064487,-0.2960028052330017,1.7529315300635062e-05,-6.803771270824654e-07,0.05014362931251526,-0.0498230904340744
1,waist_negative,5,0.08333333333333333,-0.0033864807337522507,-0.9598861336708069,1.1613402366638184,0.001122001209296286,-0.2946363389492035,2.16878888750216e-05,-8.436238090325787e-07,0.05019906163215637,-0.049738846719264984
1,waist_negative,6,0.1,-0.00416433485224843,-0.959977924823761,1.1612670421600342,0.001124568865634501,-0.29567477107048035,2.2638738300884143e-05,-8.802631441540143e-07,0.05021196976304054,-0.04968925938010216
1,waist_negative,7,0.11666666666666667,-0.005032578483223915,-0.9599445462226868,1.1611360311508179,0.001086989650502801,-0.2964588403701782,2.4452207071590237e-05,-9.515441092844412e-07,0.05023656040430069,-0.04962044581770897
1,waist_negative,8,0.13333333333333333,-0.005842454265803099,-0.9599705338478088,1.161232352256775,0.001064848736859858,-0.2960241138935089,2.47313055297127e-05,-9.635482456360478e-07,0.05024531111121178,-0.049562226980924606
1,waist_negative,9,0.15,-0.006690209731459618,-0.9599236249923706,1.1613223552703857,0.001073656720109284,-0.29539746046066284,2.542736183386296e-05,-9.91385036286374e-07,0.050257015973329544,-0.04949616268277168
1,waist_negative,10,0.16666666666666666,-0.007515676785260439,-0.9599541425704956,1.1612766981124878,0.001085688010789454,-0.2955293357372284,2.5411134629393928e-05,-9.9067119663232e-07,0.050258152186870575,-0.049437347799539566
1,waist_negative,11,0.18333333333333332,-0.008352898061275482,-0.9599468111991882,1.1612112522125244,0.0010737832635641098,-0.29609915614128113,2.5302979338448495e-05,-9.86583700068877e-07,0.05025713890790939,-0.0493759922683239
1,waist_negative,12,0.2,-0.009183905087411404,-0.9599605798721313,1.1612141132354736,0.0010597690707072616,-0.2960336208343506,2.4838625904521905e-05,-9.690395472716773e-07,0.05025305226445198,-0.049316294491291046
1,waist_negative,13,0.21666666666666667,-0.010017693974077702,-0.9599395990371704,1.161283254623413,0.0010604825802147388,-0.2957124412059784,2.44535731326323e-05,-9.545333341520745e-07,0.05024920031428337,-0.04925902932882309
1,waist_negative,14,0.23333333333333334,-0.010851610451936722,-0.9599474668502808,1.1612740755081177,0.0010691271163523197,-0.29559633135795593,2.4105454940581694e-05,-9.41087989758671e-07,0.05024411156773567,-0.049206461757421494
1,waist_negative,15,0.25,-0.011684087105095387,-0.9599472284317017,1.1612441539764404,0.001067808480001986,-0.2958972156047821,2.3464925106964074e-05,-9.161764182863408e-07,0.05023854970932007,-0.049157410860061646
1,waist_negative,16,0.26666666666666666,-0.012518014758825302,-0.9599542617797852,1.16122305393219,0.0010602998081594706,-0.29596683382987976,2.2851927496958524e-05,-8.925161978368124e-07,0.050232090055942535,-0.04910900443792343
1,waist_negative,17,0.2833333333333333,-0.013350305147469044,-0.9599464535713196,1.161261796951294,0.001057986170053482,-0.2958405017852783,2.2275346054811962e-05,-8.703648859409441e-07,0.0502239391207695,-0.049061812460422516
1,waist_negative,18,0.3,-0.014184637926518917,-0.9599465727806091,1.1612656116485596,0.0010625116992741823,-0.2956917881965637,2.1773304979433306e-05,-8.509803137712879e-07,0.05021458864212036,-0.04901593178510666
1,waist_negative,19,0.31666666666666665,-0.015017128549516201,-0.9599472880363464,1.1612563133239746,0.0010640730615705252,-0.29581594467163086,2.131559631379787e-05,-8.332149263878819e-07,0.05020400136709213,-0.04897281154990196
1,waist_negative,20,0.3333333333333333,-0.015850983560085297,-0.9599507451057434,1.1612356901168823,0.00106071459595114,-0.29589778184890747,2.0886227503069676e-05,-8.166045404323086e-07,0.05019409582018852,-0.048932090401649475
1,waist_negative,21,0.35,-0.016683632507920265,-0.9599486589431763,1.1612515449523926,0.0010580542730167508,-0.29586854577064514,2.0484212654992007e-05,-8.011364229787432e-07,0.05018536373972893,-0.04889474809169769
1,waist_negative,22,0.36666666666666664,-0.01751752942800522,-0.9599471092224121,1.1612588167190552,0.0010597871150821447,-0.2957664132118225,1.9966193576692604e-05,-7.811136129021179e-07,0.050178758800029755,-0.04886036738753319
1,waist_negative,23,0.38333333333333336,-0.018350550904870033,-0.9599476456642151,1.1612578630447388,0.0010617934167385101,-0.295795202255249,1.931160113599617e-05,-7.555682373094896e-07,0.050173208117485046,-0.04882831126451492
1,waist_negative,24,0.4,-0.019184071570634842,-0.9599490761756897,1.161245346069336,0.0010610242607071996,-0.29585304856300354,1.867869468696881e-05,-7.308948397621862e-07,0.05016793683171272,-0.04879730939865112
1,waist_negative,25,0.4166666666666667,-0.02001708373427391,-0.959949254989624,1.1612489223480225,0.0010593464830890298,-0.2958613634109497,1.8163029380957596e-05,-7.108821478141181e-07,0.05016237497329712,-0.048767656087875366
1,waist_negative,26,0.43333333333333335,-0.020850546658039093,-0.959947943687439,1.1612547636032104,0.0010595977073535323,-0.2958083748817444,1.7734162611304782e-05,-6.942336199244892e-07,0.05015694722533226,-0.0487397238612175
1,waist_negative,27,0.45,-0.021683765575289726,-0.9599477052688599,1.1612563133239746,0.0010607506847009063,-0.29580000042915344,1.7371989088132977e-05,-6.801803351663693e-07,0.05015187710523605,-0.04871411621570587
1,waist_negative,28,0.4666666666666667,-0.022517111152410507,-0.9599485397338867,1.1612502336502075,0.0010606852592900395,-0.29583075642585754,1.7073571143555455e-05,-6.685666562589176e-07,0.05014742910861969,-0.04869098216295242
1,waist_negative,29,0.48333333333333334,-0.02335033379495144,-0.9599487781524658,1.1612485647201538,0.0010596512584015727,-0.2958478033542633,1.6789088476798497e-05,-6.575439215339429e-07,0.05014287307858467,-0.04866873845458031
1,waist_negative,30,0.5,-0.02418365702033043,-0.9599481821060181,1.1612526178359985,0.0010593001497909427,-0.295827180147171,1.6517869880772196e-05,-6.470091875598882e-07,0.0501382015645504,-0.04864714294672012
1,waist_negative,31,0.5166666666666667,-0.025016969069838524,-0.9599481821060181,1.1612545251846313,0.001059871632605791,-0.2958095669746399,1.625709410291165e-05,-6.368283607116609e-07,0.0501333512365818,-0.04862622171640396
1,waist_negative,32,0.5333333333333333,-0.025850284844636917,-0.9599482417106628,1.1612520217895508,0.0010601218091323972,-0.2958222031593323,1.6004491044441238e-05,-6.269791015256487e-07,0.050128333270549774,-0.04860595613718033
1,waist_negative,33,0.55,-0.026683587580919266,-0.9599486589431763,1.161250352859497,0.0010596723295748234,-0.2958373427391052,1.5740919479867443e-05,-6.167543915580609e-07,0.05012322589755058,-0.04858620837330818
1,waist_negative,34,0.5666666666666667,-0.027516895905137062,-0.9599483013153076,1.1612515449523926,0.0010593689512461424,-0.29583075642585754,1.5448906196979806e-05,-6.053775223335833e-07,0.05011807754635811,-0.048566754907369614
1,waist_negative,35,0.5833333333333334,-0.028350239619612694,-0.9599481225013733,1.161253571510315,0.0010596453212201595,-0.29581889510154724,1.5140484720177483e-05,-5.933877673669485e-07,0.05011286213994026,-0.04854761064052582
1,waist_negative,36,0.6,-0.029183564707636833,-0.9599480628967285,1.1612526178359985,0.0010599989909678698,-0.29582053422927856,1.4819539501331747e-05,-5.808622063341318e-07,0.050107575953006744,-0.04852877929806709
1,waist_negative,37,0.6166666666666667,-0.030016889795660973,-0.9599484801292419,1.1612510681152344,0.001059951027855277,-0.2958305776119232,1.4491933143290225e-05,-5.680157073584269e-07,0.05010225996375084,-0.04851023107767105
1,waist_negative,38,0.6333333333333333,-0.03085019625723362,-0.9599484801292419,1.161251425743103,0.0010597854852676392,-0.2958314120769501,1.4159934835333843e-05,-5.550264745579625e-07,0.05009692162275314,-0.0484919510781765
1,waist_negative,39,0.65,-0.0316835418343544,-0.9599483609199524,1.161252737045288,0.001059933565557003,-0.2958233952522278,1.3826926988258492e-05,-5.420350817075814e-07,0.050091590732336044,-0.048473943024873734
1,waist_negative,40,0.6666666666666666,-0.032516855746507645,-0.9599482417106628,1.1612528562545776,0.0010602548718452454,-0.2958213686943054,1.3492082871380262e-05,-5.289468845148804e-07,0.05008624866604805,-0.04845622926950455
1,waist_negative,41,0.6833333333333333,-0.033350199460983276,-0.9599483013153076,1.1612516641616821,0.0010603831615298986,-0.2958267629146576,1.3158309229766019e-05,-5.158887006473378e-07,0.05008092150092125,-0.048438772559165955
1,waist_negative,42,0.7,-0.03418350592255592,-0.9599484205245972,1.1612515449523926,0.0010603369446471334,-0.2958300709724426,1.2825318663090002e-05,-5.029020258007222e-07,0.050075601786375046,-0.048421576619148254
1,waist_negative,43,0.7166666666666667,-0.03501684218645096,-0.9599484205245972,1.1612519025802612,0.0010604164563119411,-0.2958260476589203,1.2495965165726375e-05,-4.899991381535074e-07,0.05007033795118332,-0.04840463399887085
1,waist_negative,44,0.7333333333333333,-0.0358501672744751,-0.9599482417106628,1.1612528562545776,0.0010606404393911362,-0.29582369327545166,1.2168412467872258e-05,-4.772138595399156e-07,0.050065089017152786,-0.048387955874204636
1,waist_negative,45,0.75,-0.036683499813079834,-0.9599482417106628,1.1612520217895508,0.001060853130184114,-0.29582422971725464,1.1844059372378979e-05,-4.6447388513115584e-07,0.05005986988544464,-0.04837151989340782
1,waist_negative,46,0.7666666666666667,-0.037516821175813675,-0.9599483609199524,1.1612521409988403,0.001060907612554729,-0.2958284616470337,1.1522980457812082e-05,-4.5198291331871587e-07,0.05005471408367157,-0.04835532233119011
1,waist_negative,47,0.7833333333333333,-0.03835013508796692,-0.9599483609199524,1.1612515449523926,0.0010609470773488283,-0.29582667350769043,1.123248875956051e-05,-4.4061673065698415e-07,0.050049588084220886,-0.048339515924453735
1,waist_negative,48,0.8,-0.039183471351861954,-0.9599483609199524,1.161252498626709,0.0010610338067635894,-0.2958260178565979,1.0965850378852338e-05,-4.301359695091378e-07,0.050044551491737366,-0.04832414537668228
1,waist_negative,49,0.8166666666666667,-0.04001676291227341,-0.9599483013153076,1.1612523794174194,0.0010611619800329208,-0.2958241403102875,1.072458235285012e-05,-4.2070510630765057e-07,0.05003958195447922,-0.048309359699487686
1,waist_negative,50,0.8333333333333334,-0.040850091725587845,-0.9599483013153076,1.1612521409988403,0.0010612033074721694,-0.29582613706588745,1.0522110642341431e-05,-4.12802137361723e-07,0.05003475397825241,-0.04829549789428711
1,waist_negative,51,0.85,-0.041683394461870193,-0.9599483609199524,1.1612519025802612,0.001061151036992669,-0.2958272695541382,1.0356047823734116e-05,-4.063550704813679e-07,0.05003007873892784,-0.048282768577337265
1,waist_negative,52,0.8666666666666667,-0.04251672327518463,-0.9599484205245972,1.1612520217895508,0.0010610974859446287,-0.29582634568214417,1.022338528855471e-05,-4.011719170193828e-07,0.05002560093998909,-0.04827123507857323
1,waist_negative,53,0.8833333333333333,-0.04335003346204758,-0.9599483609199524,1.1612521409988403,0.0010610821191221476,-0.29582536220550537,1.011956646834733e-05,-3.970696127453266e-07,0.05002134293317795,-0.04826092720031738
1,waist_negative,54,0.9,-0.04418336972594261,-0.9599483609199524,1.1612520217895508,0.0010610525496304035,-0.29582569003105164,1.0040045708592515e-05,-3.939826456189621e-07,0.0500173382461071,-0.04825182259082794
1,waist_negative,55,0.9166666666666666,-0.04501666873693466,-0.9599484205245972,1.1612520217895508,0.001060977578163147,-0.2958265244960785,9.979846254282165e-06,-3.9167809973150725e-07,0.050013571977615356,-0.048243846744298935
1,waist_negative,56,0.9333333333333333,-0.04585001990199089,-0.9599484205245972,1.1612519025802612,0.0010609253076836467,-0.29582616686820984,9.914136171573773e-06,-3.8915638356229465e-07,0.05001048743724823,-0.0482369139790535
1,waist_negative,57,0.95,-0.04668334126472473,-0.9599484205245972,1.1612519025802612,0.0010609045857563615,-0.2958260178565979,9.843020961852744e-06,-3.8643207744826213e-07,0.05000843480229378,-0.04823116213083267
1,waist_negative,58,0.9666666666666667,-0.047516677528619766,-0.9599484205245972,1.1612520217895508,0.001060900860466063,-0.29582592844963074,9.767312803887762e-06,-3.834341555375431e-07,0.050007544457912445,-0.048226673156023026
1,waist_negative,59,0.9833333333333333,-0.04835004732012749,-0.9599484205245972,1.1612520217895508,0.0010609680321067572,-0.2958258390426636,9.631811735744122e-06,-3.781495081511821e-07,0.050007760524749756,-0.04822308197617531
1,waist_negative,60,1.0,-0.04918335750699043,-0.9599484205245972,1.1612520217895508,0.0010610319441184402,-0.2958259582519531,9.495650374446996e-06,-3.7280446463228145e-07,0.05000848323106766,-0.04821993038058281
1,waist_positive,1,0.016666666666666666,0.00024155934806913137,-0.959797739982605,1.1619577407836914,0.0012313483748584986,-0.29075220227241516,-3.54917347067385e-06,1.3666493714481476e-07,0.04997580125927925,-0.05002521350979805
1,waist_positive,2,0.03333333333333333,0.0008183912141248584,-0.9599621295928955,1.161261796951294,0.001317742862738669,-0.2931954860687256,-7.35962839826243e-06,2.850588316505309e-07,0.04992520809173584,-0.050080012530088425
1,waist_positive,3,0.05,0.0018241965444758534,-0.960050106048584,1.1606755256652832,0.0011718948371708393,-0.2952762544155121,-1.4759009900444653e-05,5.722382070416643e-07,0.049828026443719864,-0.05019360035657883
1,waist_positive,4,0.06666666666666667,0.0025389548391103745,-0.9599460363388062,1.161422848701477,0.001133418409153819,-0.29600954055786133,-1.5623580111423507e-05,6.05813397669408e-07,0.04981953278183937,-0.050235163420438766
1,waist_positive,5,0.08333333333333333,0.0034525219816714525,-0.9598889350891113,1.161339521408081,0.0011676941066980362,-0.29462677240371704,-1.901888390420936e-05,7.38933067623293e-07,0.04978258162736893,-0.05032067000865936
1,waist_positive,6,0.1,0.004227224737405777,-0.9599784016609192,1.1612693071365356,0.001174634788185358,-0.2956705391407013,-1.9688106476678513e-05,7.650922952961992e-07,0.049783892929553986,-0.050383467227220535
1,waist_positive,7,0.11666666666666667,0.0051018367521464825,-0.9599469304084778,1.1611347198486328,0.001142503460869193,-0.2964487373828888,-2.1296615159371868e-05,8.281659802378272e-07,0.04977403208613396,-0.05046612769365311
1,waist_positive,8,0.13333333333333333,0.0059050205163657665,-0.9599720239639282,1.161232829093933,0.0011226970236748457,-0.296030730009079,-2.1346424546209164e-05,8.305381697937264e-07,0.049787115305662155,-0.05053352937102318
1,waist_positive,9,0.15,0.006760696414858103,-0.959926187992096,1.1613227128982544,0.0011352748842909932,-0.29539716243743896,-2.1814435967826284e-05,8.487517675348499e-07,0.04979345574975014,-0.05061124265193939
1,waist_positive,10,0.16666666666666666,0.007577270735055208,-0.9599552750587463,1.1612770557403564,0.001149835647083819,-0.29552340507507324,-2.141479853889905e-05,8.331213052770181e-07,0.049807410687208176,-0.05068007484078407
1,waist_positive,11,0.18333333333333332,0.008422797545790672,-0.9599491953849792,1.1612111330032349,0.0011395886540412903,-0.29609227180480957,-2.1047453628852963e-05,8.187068374354567e-07,0.04981686919927597,-0.05075349658727646
1,waist_positive,12,0.2,0.0092466427013278,-0.9599621891975403,1.1612135171890259,0.00112637085840106,-0.2960335314273834,-2.05157575692283e-05,7.980166856214055e-07,0.04983185604214668,-0.050818756222724915
1,waist_positive,13,0.21666666666666667,0.010087178088724613,-0.9599418044090271,1.161283016204834,0.0011284203501418233,-0.2957121729850769,-2.0181436411803588e-05,7.847970664442983e-07,0.04984501376748085,-0.05088244378566742
1,waist_positive,14,0.23333333333333334,0.010915005579590797,-0.959949254989624,1.1612741947174072,0.0011384317185729742,-0.2955917418003082,-1.95324591913959e-05,7.593687314511044e-07,0.049860093742609024,-0.05094083771109581
1,waist_positive,15,0.25,0.011752303689718246,-0.9599490761756897,1.161244511604309,0.0011379012139514089,-0.29589077830314636,-1.9032640921068378e-05,7.397532613140356e-07,0.049873873591423035,-0.05099840089678764
1,waist_positive,16,0.26666666666666666,0.012582501396536827,-0.9599559903144836,1.161223292350769,0.0011304847430437803,-0.2959636449813843,-1.822080412239302e-05,7.080545856297249e-07,0.04988888278603554,-0.051052313297986984
1,waist_positive,17,0.2833333333333333,0.013418156653642654,-0.9599484205245972,1.1612612009048462,0.0011284712236374617,-0.29583820700645447,-1.7606034816708416e-05,6.840145374553686e-07,0.049903325736522675,-0.051104508340358734
1,waist_positive,18,0.3,0.014249670319259167,-0.9599482417106628,1.161265254020691,0.001133539481088519,-0.2956898808479309,-1.6984311514534056e-05,6.596674211323261e-07,0.049917660653591156,-0.0511530339717865
1,waist_positive,19,0.31666666666666665,0.01508429553359747,-0.9599491357803345,1.1612565517425537,0.001135640311986208,-0.295811265707016,-1.6446461813757196e-05,6.385922119989118e-07,0.049929261207580566,-0.05119828134775162
1,waist_positive,20,0.3333333333333333,0.01591651141643524,-0.9599525332450867,1.1612352132797241,0.0011325542582198977,-0.2958928346633911,-1.5866489775362425e-05,6.159748977552226e-07,0.049938831478357315,-0.05123863369226456
1,waist_positive,21,0.35,0.016750741750001907,-0.9599507451057434,1.1612513065338135,0.0011298340978100896,-0.29586684703826904,-1.5107670151337516e-05,5.863496426172787e-07,0.049945492297410965,-0.05127588286995888
1,waist_positive,22,0.36666666666666664,0.017583386972546577,-0.9599488973617554,1.1612584590911865,0.0011315265437588096,-0.2957632839679718,-1.4371974430105183e-05,5.576632133852399e-07,0.04995108023285866,-0.051310524344444275
1,waist_positive,23,0.38333333333333336,0.018417125567793846,-0.9599491953849792,1.1612578630447388,0.0011335175950080156,-0.2957906723022461,-1.378557408315828e-05,5.348022114048945e-07,0.04995565116405487,-0.05134296417236328
1,waist_positive,24,0.4,0.01925002969801426,-0.959950864315033,1.1612446308135986,0.0011327062966302037,-0.29584890604019165,-1.3317117918631993e-05,5.164944241187186e-07,0.04995953291654587,-0.05137217417359352
1,waist_positive,25,0.4166666666666667,0.020083565264940262,-0.9599510431289673,1.1612485647201538,0.001130995573475957,-0.2958597242832184,-1.29442805700819e-05,5.019435889153101e-07,0.049962304532527924,-0.05139803886413574
1,waist_positive,26,0.43333333333333335,0.020916692912578583,-0.9599495530128479,1.1612542867660522,0.001131467055529356,-0.2958047091960907,-1.2652322766371071e-05,4.905376158603758e-07,0.049963850528001785,-0.051420267671346664
1,waist_positive,27,0.45,0.021750181913375854,-0.9599497318267822,1.1612563133239746,0.0011328468099236488,-0.29579585790634155,-1.226817494170973e-05,4.7554999582644086e-07,0.049963973462581635,-0.05144025757908821
1,waist_positive,28,0.4666666666666667,0.022583376616239548,-0.9599502086639404,1.1612499952316284,0.001132928067818284,-0.29582688212394714,-1.1872562936332542e-05,4.602123908625799e-07,0.04996402561664581,-0.051459308713674545
1,waist_positive,29,0.48333333333333334,0.02341674454510212,-0.9599506855010986,1.1612486839294434,0.0011319502955302596,-0.2958447337150574,-1.1506077498779632e-05,4.4597811665880727e-07,0.04996465519070625,-0.0514778196811676
1,waist_positive,30,0.5,0.024250013753771782,-0.9599500298500061,1.1612521409988403,0.001131705241277814,-0.2958233058452606,-1.1181725312781055e-05,4.333469121320377e-07,0.04996627941727638,-0.05149596557021141
1,waist_positive,31,0.5166666666666667,0.025083348155021667,-0.9599498510360718,1.1612541675567627,0.0011324218939989805,-0.2958066463470459,-1.090164550987538e-05,4.2247569354003645e-07,0.04996897280216217,-0.05151401832699776
1,waist_positive,32,0.5333333333333333,0.02591664344072342,-0.9599502682685852,1.1612521409988403,0.0011328118853271008,-0.2958186864852905,-1.064703883457696e-05,4.1255438532061817e-07,0.049972645938396454,-0.05153200775384903
1,waist_positive,33,0.55,0.026749959215521812,-0.9599502682685852,1.161250114440918,0.0011324494844302535,-0.2958327829837799,-1.0400810424471274e-05,4.0296490055879985e-07,0.049977097660303116,-0.05154988542199135
1,waist_positive,34,0.5666666666666667,0.027583276852965355,-0.9599499702453613,1.1612513065338135,0.0011321617057546973,-0.29582762718200684,-1.0166163519897964e-05,3.9384534034070384e-07,0.049982111901044846,-0.05156746879220009
1,waist_positive,35,0.5833333333333334,0.028416596353054047,-0.9599500298500061,1.1612530946731567,0.0011324184015393257,-0.2958160936832428,-9.947025318979286e-06,3.853201917536353e-07,0.0499873012304306,-0.05158451199531555
1,waist_positive,36,0.6,0.02924991585314274,-0.9599499702453613,1.1612522602081299,0.001132729696109891,-0.2958172857761383,-9.73983060248429e-06,3.7724589674326126e-07,0.049992240965366364,-0.05160066857933998
1,waist_positive,37,0.6166666666666667,0.030083226040005684,-0.95995032787323,1.161251187324524,0.0011326454114168882,-0.2958265542984009,-9.545146895106882e-06,3.696682426834741e-07,0.04999655485153198,-0.051615554839372635
1,waist_positive,38,0.6333333333333333,0.030916551128029823,-0.9599501490592957,1.1612513065338135,0.0011324455263093114,-0.29582682251930237,-9.367506208945997e-06,3.627547471296566e-07,0.04999992996454239,-0.051628850400447845
1,waist_positive,39,0.65,0.03174985200166702,-0.95995032787323,1.1612522602081299,0.0011325291125103831,-0.29582035541534424,-9.211990800395142e-06,3.567183455288614e-07,0.050002142786979675,-0.051640283316373825
1,waist_positive,40,0.6666666666666666,0.03258318826556206,-0.9599501490592957,1.1612523794174194,0.0011327489046379924,-0.2958190143108368,-9.084410521609243e-06,3.5177723134438565e-07,0.050003040581941605,-0.05164969339966774
1,waist_positive,41,0.6833333333333333,0.03341648355126381,-0.9599502682685852,1.1612515449523926,0.0011328404070809484,-0.2958228886127472,-8.989780326373875e-06,3.481068517885433e-07,0.05000261217355728,-0.051656968891620636
1,waist_positive,42,0.7,0.03424977511167526,-0.9599502086639404,1.1612516641616821,0.0011328643886372447,-0.29582539200782776,-8.97932295629289e-06,3.4767035117511114e-07,0.050001274794340134,-0.05166209861636162
1,waist_positive,43,0.7166666666666667,0.03508310765028,-0.9599505066871643,1.1612519025802612,0.0011329659027978778,-0.29582199454307556,-8.951426025305409e-06,3.465687541392981e-07,0.04999944940209389,-0.051666006445884705
1,waist_positive,44,0.7333333333333333,0.03591644763946533,-0.9599499702453613,1.161252498626709,0.0011331172427162528,-0.29582086205482483,-8.902285117073916e-06,3.44588954703795e-07,0.049997683614492416,-0.051669541746377945
1,waist_positive,45,0.75,0.03674977645277977,-0.9599502682685852,1.161251425743103,0.0011332416906952858,-0.2958211302757263,-8.844120202411432e-06,3.4232368761877296e-07,0.04999614134430885,-0.051672954112291336
1,waist_positive,46,0.7666666666666667,0.03758310526609421,-0.9599502086639404,1.1612520217895508,0.001133199781179428,-0.2958252429962158,-8.780866664892528e-06,3.398656645003939e-07,0.049994807690382004,-0.051676247268915176
1,waist_positive,47,0.7833333333333333,0.038416434079408646,-0.9599504470825195,1.161251425743103,0.0011332134017720819,-0.2958219647407532,-8.713834176887758e-06,3.3728659332155075e-07,0.04999368265271187,-0.05167943239212036
1,waist_positive,48,0.8,0.03924975171685219,-0.9599500298500061,1.1612523794174194,0.0011332751018926501,-0.2958223223686218,-8.662952495797072e-06,3.352728867866972e-07,0.04999285563826561,-0.051682520657777786
1,waist_positive,49,0.8166666666666667,0.04008306935429573,-0.95995032787323,1.161251425743103,0.0011333938455209136,-0.2958207428455353,-8.629492185718846e-06,3.3394309184586746e-07,0.049992479383945465,-0.0516856350004673
1,waist_positive,50,0.8333333333333334,0.04091639071702957,-0.9599501490592957,1.1612521409988403,0.0011334017617627978,-0.2958243191242218,-8.608639291196596e-06,3.3314111647086975e-07,0.04999256134033203,-0.051688797771930695
1,waist_positive,51,0.85,0.041749726980924606,-0.9599504470825195,1.1612515449523926,0.001133452053181827,-0.2958218455314636,-8.59291867527645e-06,3.3255258813369437e-07,0.049993034452199936,-0.051692016422748566
1,waist_positive,52,0.8666666666666667,0.04258304461836815,-0.9599500298500061,1.1612522602081299,0.0011335000162944198,-0.29582279920578003,-8.577107109886128e-06,3.3192100090673193e-07,0.04999382421374321,-0.051695264875888824
1,waist_positive,53,0.8833333333333333,0.04341639205813408,-0.9599503874778748,1.1612516641616821,0.0011335795279592276,-0.2958212196826935,-8.55787038744893e-06,3.3118226383521687e-07,0.0499948114156723,-0.05169855058193207
1,waist_positive,54,0.9,0.04424969479441643,-0.9599502086639404,1.1612521409988403,0.0011335761519148946,-0.29582345485687256,-8.530450941179879e-06,3.3018986300703546e-07,0.04999589920043945,-0.051701802760362625
1,waist_positive,55,0.9166666666666666,0.04508306458592415,-0.9599504470825195,1.161251425743103,0.0011335888411849737,-0.2958219349384308,-8.496165719407145e-06,3.2885466794141394e-07,0.04999701306223869,-0.05170502886176109
1,waist_positive,56,0.9333333333333333,0.0459163598716259,-0.9599500298500061,1.1612522602081299,0.0011335655581206083,-0.2958233058452606,-8.452988367935177e-06,3.2715584552533983e-07,0.049998097121715546,-0.05170818418264389
1,waist_positive,57,0.95,0.04674973338842392,-0.9599503874778748,1.1612515449523926,0.0011336030438542366,-0.29582083225250244,-8.404776053794194e-06,3.253333318298246e-07,0.049999117851257324,-0.05171126499772072
1,waist_positive,58,0.9666666666666667,0.04758303239941597,-0.9599500894546509,1.1612521409988403,0.001133567770011723,-0.2958235442638397,-8.349917152372655e-06,3.232186145396554e-07,0.05000007152557373,-0.05171426013112068
1,waist_positive,59,0.9833333333333333,0.0484163872897625,-0.9599504470825195,1.1612515449523926,0.0011335511226207018,-0.295821875333786,-8.293752216559369e-06,3.210205079540174e-07,0.050000958144664764,-0.05171717330813408
1,waist_positive,60,1.0,0.04924971982836723,-0.9599500298500061,1.1612522602081299,0.0011335094459354877,-0.2958231568336487,-8.235300811065827e-06,3.1872161798673915e-07,0.050001781433820724,-0.051719989627599716
1,shoulder_negative,1,0.016666666666666666,1.734410398057662e-05,-0.960847020149231,1.16218101978302,0.0012524115154519677,-0.29075974225997925,7.680027920287102e-07,-3.0824534036355544e-08,0.04998771846294403,-0.050012655556201935
1,shoulder_negative,2,0.03333333333333333,1.5714163964730687e-05,-0.9615027904510498,1.161107063293457,0.0013279416598379612,-0.2932564318180084,-1.5293554724848946e-06,5.9372382565925363e-08,0.049987293779850006,-0.0500132292509079
1,shoulder_negative,3,0.05,1.5862207874306478e-05,-0.9628691077232361,1.1606523990631104,0.0011595032410696149,-0.29546797275543213,-1.6163403415703215e-06,6.32048227089399e-08,0.049986954778432846,-0.05001362785696983
1,shoulder_negative,4,0.06666666666666667,1.5826952221686952e-05,-0.9633614420890808,1.1614267826080322,0.0011131007922813296,-0.2963506877422333,-6.443202096306777e-07,2.4816433352725653e-08,0.0499865785241127,-0.05001402273774147
1,shoulder_negative,5,0.08333333333333333,1.6008269085432403e-05,-0.9642410278320312,1.1613848209381104,0.0011392879532650113,-0.2947027385234833,-7.285255492206488e-07,2.8374573801670522e-08,0.04998615011572838,-0.05001450330018997
1,shoulder_negative,6,0.1,1.563858677400276e-05,-0.9650887846946716,1.1612637042999268,0.0011492565972730517,-0.2955881953239441,-8.888784464033961e-07,3.486493582727235e-08,0.04998583346605301,-0.050014909356832504
1,shoulder_negative,7,0.11666666666666667,1.5741539755254053e-05,-0.9659900069236755,1.1611226797103882,0.0011121301213279366,-0.2963270843029022,-9.616579745852505e-07,3.7918503892342414e-08,0.04998549818992615,-0.05001533403992653
1,shoulder_negative,8,0.13333333333333333,1.5622948922100477e-05,-0.9667408466339111,1.1612356901168823,0.0010895292507484555,-0.29620596766471863,-6.736258342243673e-07,2.66080828481563e-08,0.049985144287347794,-0.050015758723020554
1,shoulder_negative,9,0.15,1.576398608449381e-05,-0.9675984978675842,1.1613487005233765,0.0010975113837048411,-0.29552650451660156,-5.448490583148669e-07,2.1573669073404744e-08,0.04998478665947914,-0.05001620203256607
1,shoulder_negative,10,0.16666666666666666,1.5580968465656042e-05,-0.9684121608734131,1.1612825393676758,0.0011106214951723814,-0.29555830359458923,-6.121769047240377e-07,2.4265045084348458e-08,0.04998445510864258,-0.050016626715660095
1,shoulder_negative,11,0.18333333333333332,1.5592642739648e-05,-0.9692993760108948,1.1612170934677124,0.001100455760024488,-0.296030730009079,-6.780416015317314e-07,2.6959286358874124e-08,0.049984123557806015,-0.05001704394817352
1,shoulder_negative,12,0.2,1.5520754459430464e-05,-0.9700896143913269,1.1612281799316406,0.0010860776528716087,-0.2961425483226776,-5.639939786306059e-07,2.246412833528666e-08,0.04998379200696945,-0.05001746490597725
1,shoulder_negative,13,0.21666666666666667,1.556714232719969e-05,-0.9709404110908508,1.161296010017395,0.0010858175810426474,-0.29579639434814453,-4.7087860366445966e-07,1.8793448575138427e-08,0.04998345300555229,-0.05001789703965187
1,shoulder_negative,14,0.23333333333333334,1.549243097542785e-05,-0.9717506170272827,1.1612898111343384,0.0010940347565338016,-0.29568803310394287,-4.549954155663727e-07,1.8186600669878317e-08,0.049983132630586624,-0.0500183179974556
1,shoulder_negative,15,0.25,1.546359453641344e-05,-0.9726169109344482,1.161252737045288,0.0010931711876764894,-0.29587921500205994,-5.001187446396216e-07,2.000184196049304e-08,0.049982815980911255,-0.050018735229969025
1,shoulder_negative,16,0.26666666666666666,1.541532219562214e-05,-0.9734306931495667,1.1612378358840942,0.0010856421431526542,-0.29602694511413574,-4.563854929529043e-07,1.8318045746923417e-08,0.049982499331235886,-0.05001915246248245
1,shoulder_negative,17,0.2833333333333333,1.5414347217301838e-05,-0.9742752313613892,1.161271572113037,0.0010827459627762437,-0.295897513628006,-3.962272785429377e-07,1.5965490263170068e-08,0.04998219013214111,-0.05001957342028618
1,shoulder_negative,18,0.3,1.5379853721242398e-05,-0.9750910401344299,1.161281704902649,0.0010862663621082902,-0.29579079151153564,-3.560001573532645e-07,1.4357470767834002e-08,0.04998188093304634,-0.050019990652799606
1,shoulder_negative,19,0.31666666666666665,1.5342357073677704e-05,-0.9759420156478882,1.1612650156021118,0.0010876668384298682,-0.29583320021629333,-3.7157303722779034e-07,1.5026174082777288e-08,0.04998157173395157,-0.050020404160022736
1,shoulder_negative,20,0.3333333333333333,1.530540976091288e-05,-0.976767361164093,1.1612508296966553,0.0010843968484550714,-0.2959434688091278,-3.504388246255985e-07,1.4198178632796044e-08,0.049981266260147095,-0.050020813941955566
1,shoulder_negative,21,0.35,1.5283720131265e-05,-0.9776067733764648,1.1612623929977417,0.0010815165005624294,-0.29591432213783264,-3.1267708777704684e-07,1.2706953711472124e-08,0.04998096451163292,-0.0500212237238884
1,shoulder_negative,22,0.36666666666666664,1.5259198335115798e-05,-0.9784307479858398,1.16127347946167,0.0010822847252711654,-0.2958492338657379,-2.727717856032541e-07,1.1143967526550114e-08,0.049980662763118744,-0.05002163350582123
1,shoulder_negative,23,0.38333333333333336,1.522384445706848e-05,-0.9792715311050415,1.1612673997879028,0.001083445269614458,-0.295836478471756,-2.6699623845161113e-07,1.0929971594464405e-08,0.049980368465185165,-0.05002204328775406
1,shoulder_negative,24,0.4,1.519121815363178e-05,-0.9801023602485657,1.1612588167190552,0.001082211034372449,-0.2958979904651642,-2.511267211957602e-07,1.033220087265363e-08,0.04998007416725159,-0.05002244934439659
1,shoulder_negative,25,0.4166666666666667,1.5162345334829297e-05,-0.9809385538101196,1.1612603664398193,0.001080150599591434,-0.29590392112731934,-2.2526782572640514e-07,9.323937177896369e-09,0.04997977986931801,-0.050022855401039124
1,shoulder_negative,26,0.43333333333333335,1.5137509763007984e-05,-0.9817679524421692,1.161266803741455,0.0010797148570418358,-0.2958717942237854,-1.9263757167209405e-07,8.027547515609967e-09,0.049979496747255325,-0.05002325773239136
1,shoulder_negative,27,0.45,1.510582569608232e-05,-0.9826035499572754,1.1612673997879028,0.001080143847502768,-0.2958533465862274,-1.7492450865574938e-07,7.348039510191029e-09,0.04997921362519264,-0.05002366006374359
1,shoulder_negative,28,0.4666666666666667,1.5074744624143932e-05,-0.9834367632865906,1.1612619161605835,0.0010796814458444715,-0.2958752512931824,-1.594799243775924e-07,6.758782866711499e-09,0.04997893422842026,-0.05002405866980553
1,shoulder_negative,29,0.48333333333333334,1.5043950952531304e-05,-0.9842714071273804,1.1612604856491089,0.0010783690959215164,-0.29588958621025085,-1.3882910820939287e-07,5.957598858685742e-09,0.04997865483164787,-0.05002445727586746
1,shoulder_negative,30,0.5,1.5017203622846864e-05,-0.9851031303405762,1.1612629890441895,0.0010775423143059015,-0.29587769508361816,-1.120143124921924e-07,4.919445739659523e-09,0.04997837543487549,-0.0500248558819294
1,shoulder_negative,31,0.5166666666666667,1.4987213035055902e-05,-0.9859370589256287,1.161265254020691,0.001077408087439835,-0.29586315155029297,-9.001122691643104e-08,4.090432881298511e-09,0.049978107213974,-0.050025250762701035
1,shoulder_negative,32,0.5333333333333333,1.4957449820940383e-05,-0.9867703318595886,1.1612627506256104,0.0010771187953650951,-0.29586780071258545,-7.226686449257613e-08,3.4128919690346038e-09,0.04997783899307251,-0.05002564564347267
1,shoulder_negative,33,0.55,1.4926416042726487e-05,-0.9876047372817993,1.1612604856491089,0.001076267915777862,-0.2958775460720062,-5.373821210241658e-08,2.705843549222209e-09,0.04997757822275162,-0.05002603679895401
1,shoulder_negative,34,0.5666666666666667,1.4898369954607915e-05,-0.9884374141693115,1.1612612009048462,0.001075414358638227,-0.2958761155605316,-3.138424631288217e-08,1.8273009771974102e-09,0.049977321177721024,-0.05002642795443535
1,shoulder_negative,35,0.5833333333333334,1.4868964171910193e-05,-0.989270806312561,1.1612621545791626,0.0010749741923063993,-0.295866459608078,-9.920043453348626e-09,9.791392141522692e-10,0.04997706413269043,-0.05002681910991669
1,shoulder_negative,36,0.6,1.4839703908364754e-05,-0.9901043176651001,1.161261796951294,0.0010746087646111846,-0.2958652079105377,8.834440734517557e-09,2.5204194287198334e-10,0.049976810812950134,-0.05002720654010773
1,shoulder_negative,37,0.6166666666666667,1.4809403182880487e-05,-0.9909380674362183,1.1612601280212402,0.001073996420018375,-0.2958696782588959,2.77655658464937e-08,-4.6248294083284236e-10,0.04997655749320984,-0.05002759397029877
1,shoulder_negative,38,0.6333333333333333,1.4780483070353512e-05,-0.9917716979980469,1.1612600088119507,0.001073252409696579,-0.2958708703517914,4.772994088853011e-08,-1.2259557813365518e-09,0.04997630789875984,-0.05002797767519951
1,shoulder_negative,39,0.65,1.4751369235455059e-05,-0.9926047921180725,1.1612604856491089,0.001072674640454352,-0.2958666682243347,6.860837942213038e-08,-2.053603065377274e-09,0.049976058304309845,-0.05002836138010025
1,shoulder_negative,40,0.6666666666666666,1.47222017403692e-05,-0.9934385418891907,1.1612603664398193,0.0010722125880420208,-0.29586368799209595,8.821783126222726e-08,-2.8004456531505184e-09,0.049975812435150146,-0.05002874508500099
1,shoulder_negative,41,0.6833333333333333,1.469258677389007e-05,-0.9942717552185059,1.1612590551376343,0.0010716596152633429,-0.2958652973175049,1.0683373830033815e-07,-3.523207281475038e-09,0.04997556656599045,-0.050029125064611435
1,shoulder_negative,42,0.7,1.4663329238828737e-05,-0.9951056838035583,1.1612590551376343,0.0010709913913160563,-0.29586631059646606,1.2625423551071435e-07,-4.233320360924608e-09,0.04997532069683075,-0.05002950504422188
1,shoulder_negative,43,0.7166666666666667,1.4634481885877904e-05,-0.9959384799003601,1.161258578300476,0.0010704026790335774,-0.29586389660835266,1.4594357367059274e-07,-5.026684402054116e-09,0.04997507855296135,-0.05002988129854202
1,shoulder_negative,44,0.7333333333333333,1.4605216165364254e-05,-0.9967727065086365,1.1612586975097656,0.001069870893843472,-0.2958618104457855,1.6499791399837704e-07,-5.775284250830737e-09,0.04997483640909195,-0.05003025755286217
1,shoulder_negative,45,0.75,1.457632242818363e-05,-0.9976053237915039,1.1612579822540283,0.0010693169897422194,-0.2958623468875885,1.840750201154151e-07,-6.508610983502194e-09,0.04997459799051285,-0.05003063380718231
1,shoulder_negative,46,0.7666666666666667,1.454689754609717e-05,-0.9984394907951355,1.1612577438354492,0.0010687168687582016,-0.2958616018295288,2.0267950162633497e-07,-7.21555259985962e-09,0.049974359571933746,-0.05003101006150246
1,shoulder_negative,47,0.7833333333333333,1.4518290299747605e-05,-0.9992725849151611,1.1612576246261597,0.0010681310668587685,-0.29586097598075867,2.2238830865717318e-07,-7.932123402554225e-09,0.049974121153354645,-0.0500313863158226
1,shoulder_negative,48,0.8,1.4488997294392902e-05,-1.0001059770584106,1.161257266998291,0.0010675742523744702,-0.29585936665534973,2.4111488983180607e-07,-8.6353972861275e-09,0.04997388646006584,-0.050031762570142746
1,shoulder_negative,49,0.8166666666666667,1.4460233614954632e-05,-1.0009393692016602,1.1612567901611328,0.0010670103365555406,-0.29585880041122437,2.596266881482734e-07,-9.36341582047362e-09,0.04997365176677704,-0.05003213509917259
1,shoulder_negative,50,0.8333333333333334,1.4431169802264776e-05,-1.0017729997634888,1.1612563133239746,0.0010664217406883836,-0.29585859179496765,2.781050056910317e-07,-1.0077842560463068e-08,0.049973417073488235,-0.05003250762820244
1,shoulder_negative,51,0.85,1.4402542547031771e-05,-1.002606749534607,1.161256194114685,0.001065830234438181,-0.2958579361438751,2.9697787340410287e-07,-1.082202683022615e-08,0.04997318610548973,-0.050032880157232285
1,shoulder_negative,52,0.8666666666666667,1.4373716112459078e-05,-1.0034399032592773,1.161256194114685,0.001065261079929769,-0.2958570122718811,3.159111088280042e-07,-1.1563436430606089e-08,0.049972955137491226,-0.05003325268626213
1,shoulder_negative,53,0.8833333333333333,1.434493788110558e-05,-1.004273533821106,1.1612555980682373,0.0010647110175341368,-0.29585543274879456,3.340896910231095e-07,-1.2246543334981652e-08,0.04997272789478302,-0.05003362521529198
1,shoulder_negative,54,0.9,1.4316077795228921e-05,-1.0051066875457764,1.161255121231079,0.0010641288245096803,-0.2958558201789856,3.5220722338635824e-07,-1.2926493653253601e-08,0.049972500652074814,-0.050033994019031525
1,shoulder_negative,55,0.9166666666666666,1.4287372323451564e-05,-1.0059404373168945,1.1612542867660522,0.001063536386936903,-0.295854777097702,3.704328150888614e-07,-1.363265766940458e-08,0.04997227340936661,-0.05003436282277107
1,shoulder_negative,56,0.9333333333333333,1.4258770534070209e-05,-1.0067737102508545,1.1612547636032104,0.0010629448806867003,-0.29585450887680054,3.8871112906235794e-07,-1.4335665099451944e-08,0.0499720498919487,-0.05003472790122032
1,shoulder_negative,57,0.95,1.4230224223865662e-05,-1.0076074600219727,1.1612545251846313,0.001062409020960331,-0.2958521246910095,4.069150350005657e-07,-1.5049698376401466e-08,0.04997182637453079,-0.05003509297966957
1,shoulder_negative,58,0.9666666666666667,1.4201535122992937e-05,-1.0084404945373535,1.1612533330917358,0.0010618538362905383,-0.2958523631095886,4.249914695719781e-07,-1.5727847468838263e-08,0.04997160658240318,-0.05003545805811882
1,shoulder_negative,59,0.9833333333333333,1.4172875125950668e-05,-1.0092748403549194,1.1612532138824463,0.001061231130734086,-0.2958524823188782,4.4296785972619546e-07,-1.6394958279875027e-08,0.049971386790275574,-0.05003581941127777
1,shoulder_negative,60,1.0,1.414473899785662e-05,-1.0101076364517212,1.161252737045288,0.00106064195279032,-0.2958517372608185,4.6203277292988787e-07,-1.71244760593936e-08,0.049971166998147964,-0.05003618076443672
1,shoulder_positive,1,0.016666666666666666,1.753190917952452e-05,-0.958468496799469,1.1618002653121948,0.0011900827521458268,-0.2911686897277832,1.2072790696038282e-06,-4.8620876214044983e-08,0.04998765513300896,-0.05001271143555641
1,shoulder_positive,2,0.03333333333333333,1.5353474736912176e-05,-0.9581398963928223,1.1613701581954956,0.001298228045925498,-0.2933976352214813,-1.329920223724912e-06,5.1890935992560117e-08,0.04998723790049553,-0.050013259053230286
1,shoulder_positive,3,0.05,1.582627373863943e-05,-0.957091212272644,1.1606870889663696,0.001154972705990076,-0.2955484986305237,-1.2259947652637493e-06,4.8090353033103383e-08,0.049986883997917175,-0.0500137060880661
1,shoulder_positive,4,0.06666666666666667,1.5595953300362453e-05,-0.9563666582107544,1.1614131927490234,0.001114717568270862,-0.2960513234138489,-2.679549311324081e-07,1.0070367650882872e-08,0.04998647794127464,-0.05001414939761162
1,shoulder_positive,5,0.08333333333333333,1.6212810805882327e-05,-0.9553696513175964,1.1613128185272217,0.001140581676736474,-0.29454830288887024,3.340341834245919e-07,-1.3795480313660846e-08,0.049985986202955246,-0.050014689564704895
1,shoulder_positive,6,0.1,1.5628014807589352e-05,-0.9546746015548706,1.161306619644165,0.0011519413674250245,-0.2954157590866089,-1.566992580137594e-07,5.758283183610047e-09,0.049985554069280624,-0.050015222281217575
1,shoulder_positive,7,0.11666666666666667,1.587681435921695e-05,-0.9537441730499268,1.1611552238464355,0.0011239394079893827,-0.296151340007782,-1.1754724482671008e-07,4.336983217001489e-09,0.0499851256608963,-0.050015732645988464
1,shoulder_positive,8,0.13333333333333333,1.575108581164386e-05,-0.953014612197876,1.161240577697754,0.001105275470763445,-0.2958853244781494,9.218678087563603e-08,-3.930650027683669e-09,0.049984682351350784,-0.05001625046133995
1,shoulder_positive,9,0.15,1.6052999853855e-05,-0.9520871043205261,1.1613092422485352,0.0011104404693469405,-0.29541197419166565,4.3201282551308395e-07,-1.7426485143801074e-08,0.04998423904180527,-0.050016775727272034
1,shoulder_positive,10,0.16666666666666666,1.5843181245145388e-05,-0.9513055086135864,1.16128408908844,0.001123683643527329,-0.295375257730484,2.677978727660957e-07,-1.0834444452711978e-08,0.04998382180929184,-0.05001731216907501
1,shoulder_positive,11,0.18333333333333332,1.5948238797136582e-05,-0.950443685054779,1.1612391471862793,0.0011169619392603636,-0.29583704471588135,2.3043915575726714e-07,-9.300450187765819e-09,0.04998340457677841,-0.0500178337097168
1,shoulder_positive,12,0.2,1.589473322383128e-05,-0.949648380279541,1.1612282991409302,0.0011077184462919831,-0.2958069443702698,2.7968019367108354e-07,-1.1239075448088442e-08,0.04998299106955528,-0.05001835897564888
1,shoulder_positive,13,0.21666666666666667,1.6046340533648618e-05,-0.9487828612327576,1.1612825393676758,0.001106853480450809,-0.2956426739692688,4.5895782818661246e-07,-1.8366090870358676e-08,0.049982570111751556,-0.05001888796687126
1,shoulder_positive,14,0.23333333333333334,1.6002752090571448e-05,-0.9479612112045288,1.1612735986709595,0.0011145140742883086,-0.2954898476600647,4.5176733465268626e-07,-1.8046987904085654e-08,0.049982160329818726,-0.05001942440867424
1,shoulder_positive,15,0.25,1.6053691069828346e-05,-0.9471273422241211,1.1612638235092163,0.0011145949829369783,-0.29569435119628906,4.176318100235221e-07,-1.66641545007451e-08,0.049981750547885895,-0.05001995339989662
1,shoulder_positive,16,0.26666666666666666,1.6040594346122816e-05,-0.9462971687316895,1.1612402200698853,0.001111016608774662,-0.2957315146923065,4.4061289372621104e-07,-1.756934153718248e-08,0.049981337040662766,-0.0500204861164093
1,shoulder_positive,17,0.2833333333333333,1.612300366105046e-05,-0.9454630613327026,1.161270260810852,0.0011094845831394196,-0.2956916093826294,5.277861987451615e-07,-2.1013113027379404e-08,0.049980927258729935,-0.05002101883292198
1,shoulder_positive,18,0.3,1.613477616047021e-05,-0.9446234703063965,1.1612651348114014,0.0011129658669233322,-0.29558587074279785,5.658363306793035e-07,-2.250983222040759e-08,0.049980513751506805,-0.05002155527472496
1,shoulder_positive,19,0.31666666666666665,1.617230191186536e-05,-0.9437974691390991,1.1612683534622192,0.0011143689043819904,-0.2956557869911194,5.66792948575312e-07,-2.2510199926273344e-08,0.049980100244283676,-0.05002209171652794
1,shoulder_positive,20,0.3333333333333333,1.6186379070859402e-05,-0.9429599642753601,1.1612519025802612,0.0011135733220726252,-0.2956874370574951,5.848166892974405e-07,-2.3206135679743056e-08,0.049979690462350845,-0.050022631883621216
1,shoulder_positive,21,0.35,1.6234051145147532e-05,-0.942131519317627,1.1612645387649536,0.0011127280304208398,-0.2956874966621399,6.333042392725474e-07,-2.51810732265767e-08,0.049979276955127716,-0.05002317205071449
1,shoulder_positive,22,0.36666666666666664,1.6265830709016882e-05,-0.9412919282913208,1.161263346672058,0.0011141751892864704,-0.29563650488853455,6.75498768032412e-07,-2.6844986678042915e-08,0.04997886344790459,-0.05002371594309807
1,shoulder_positive,23,0.38333333333333336,1.629774305911269e-05,-0.9404637813568115,1.1612662076950073,0.0011154769454151392,-0.29565098881721497,6.948735062906053e-07,-2.757781736306697e-08,0.04997844621539116,-0.050024259835481644
1,shoulder_positive,24,0.4,1.6325400792993605e-05,-0.9396272301673889,1.1612592935562134,0.0011156880063936114,-0.29567113518714905,7.179620524766506e-07,-2.847732538668879e-08,0.04997802898287773,-0.05002480372786522
1,shoulder_positive,25,0.4166666666666667,1.6360243535018526e-05,-0.9387972354888916,1.1612625122070312,0.0011155848624184728,-0.29567569494247437,7.520416716033651e-07,-2.986789837677861e-08,0.049977611750364304,-0.05002535134553909
1,shoulder_positive,26,0.43333333333333335,1.639630863792263e-05,-0.937960684299469,1.161263346672058,0.0011162731098011136,-0.2956578731536865,7.901794560893904e-07,-3.13302450649644e-08,0.04997719079256058,-0.05002589896321297
1,shoulder_positive,27,0.45,1.642771348997485e-05,-0.9371297359466553,1.1612648963928223,0.0011172574013471603,-0.2956555187702179,8.173662990884623e-07,-3.2397263538541665e-08,0.04997676983475685,-0.05002644658088684
1,shoulder_positive,28,0.4666666666666667,1.645999145694077e-05,-0.9362950921058655,1.1612625122070312,0.0011178043205291033,-0.29566529393196106,8.442014518550423e-07,-3.346264776382668e-08,0.049976348876953125,-0.05002699792385101
1,shoulder_positive,29,0.48333333333333334,1.6491918358951807e-05,-0.935463011264801,1.1612625122070312,0.0011180877918377519,-0.2956697642803192,8.74945328632748e-07,-3.468650788818195e-08,0.0499759241938591,-0.050027549266815186
1,shoulder_positive,30,0.5,1.6527545085409656e-05,-0.934628963470459,1.161263346672058,0.001118575339205563,-0.29566502571105957,9.095273867387732e-07,-3.602581344352984e-08,0.049975503236055374,-0.050028104335069656
1,shoulder_positive,31,0.5166666666666667,1.656001404626295e-05,-0.9337958693504333,1.161264181137085,0.0011193131795153022,-0.29566091299057007,9.406647336618335e-07,-3.725794783804304e-08,0.04997507855296135,-0.05002865940332413
1,shoulder_positive,32,0.5333333333333333,1.659341069171205e-05,-0.9329626560211182,1.1612635850906372,0.0011199613800272346,-0.2956639528274536,9.694070968180313e-07,-3.839164364194403e-08,0.049974653869867325,-0.0500292144715786
1,shoulder_positive,33,0.55,1.6625659554847516e-05,-0.932129442691803,1.161263108253479,0.0011204213369637728,-0.29566776752471924,9.993610774472472e-07,-3.9586875999475524e-08,0.0499742329120636,-0.05002977326512337
1,shoulder_positive,34,0.5666666666666667,1.666017124080099e-05,-0.9312962889671326,1.1612637042999268,0.0011209046933799982,-0.29566705226898193,1.0311966889275936e-06,-4.08809022189871e-08,0.049973808228969574,-0.05003033205866814
1,shoulder_positive,35,0.5833333333333334,1.6693446013960056e-05,-0.9304628372192383,1.161264419555664,0.00112153182271868,-0.29566439986228943,1.0628239124343963e-06,-4.214768267729596e-08,0.04997338727116585,-0.050030894577503204
1,shoulder_positive,36,0.6,1.6726922694942914e-05,-0.9296296834945679,1.161264181137085,0.0011221779277548194,-0.29566478729248047,1.0926618188022985e-06,-4.333132608280721e-08,0.04997296631336212,-0.05003145709633827
1,shoulder_positive,37,0.6166666666666667,1.675978819548618e-05,-0.9287965297698975,1.161264181137085,0.0011227023787796497,-0.2956676781177521,1.1225048410778982e-06,-4.4530821696753264e-08,0.0499725416302681,-0.05003201961517334
1,shoulder_positive,38,0.6333333333333333,1.6793812392279506e-05,-0.9279630184173584,1.1612639427185059,0.0011232157703489065,-0.295667827129364,1.153644006990362e-06,-4.582942381148314e-08,0.04997211694717407,-0.050032585859298706
1,shoulder_positive,39,0.65,1.6827398212626576e-05,-0.9271300435066223,1.1612640619277954,0.001123778522014618,-0.29566720128059387,1.1854301646962995e-06,-4.708964951305461e-08,0.04997168853878975,-0.05003315210342407
1,shoulder_positive,40,0.6666666666666666,1.686146242718678e-05,-0.9262964129447937,1.1612645387649536,0.0011243572225794196,-0.295667439699173,1.2168960665803752e-06,-4.8346922909559e-08,0.049971260130405426,-0.05003372207283974
1,shoulder_positive,41,0.6833333333333333,1.689482814981602e-05,-0.9254636168479919,1.1612646579742432,0.0011249640956521034,-0.29566696286201477,1.2474936283979332e-06,-4.957079724476898e-08,0.0499708354473114,-0.0500342920422554
1,shoulder_positive,42,0.7,1.6928703189478256e-05,-0.9246301054954529,1.1612645387649536,0.0011255218414589763,-0.2956685721874237,1.2787472769559827e-06,-5.082150167368127e-08,0.04997040703892708,-0.050034862011671066
1,shoulder_positive,43,0.7166666666666667,1.6962289009825327e-05,-0.923797070980072,1.161264419555664,0.001126064220443368,-0.29566898941993713,1.3099312354825088e-06,-5.204977071571193e-08,0.049969978630542755,-0.05003543570637703
1,shoulder_positive,44,0.7333333333333333,1.6996520571410656e-05,-0.9229636192321777,1.1612650156021118,0.0011266120709478855,-0.2956692576408386,1.3421114317679894e-06,-5.329948393750783e-08,0.049969546496868134,-0.05003600940108299
1,shoulder_positive,45,0.75,1.7030286471708678e-05,-0.9221305251121521,1.1612645387649536,0.0011272248812019825,-0.2956681251525879,1.373294367112976e-06,-5.455903462348033e-08,0.04996911436319351,-0.050036586821079254
1,shoulder_positive,46,0.7666666666666667,1.7064261555788107e-05,-0.9212971925735474,1.1612651348114014,0.0011277657467871904,-0.2956704795360565,1.4048347338757594e-06,-5.583635243056051e-08,0.04996868222951889,-0.050037164241075516
1,shoulder_positive,47,0.7833333333333333,1.7098267562687397e-05,-0.9204639196395874,1.1612646579742432,0.0011283420026302338,-0.2956693470478058,1.4361201010615332e-06,-5.7096656291832915e-08,0.04996824637055397,-0.05003774166107178
1,shoulder_positive,48,0.8,1.7132328139268793e-05,-0.9196305871009827,1.1612651348114014,0.001128894160501659,-0.295670747756958,1.4675058537250152e-06,-5.836794514380017e-08,0.04996781051158905,-0.05003832280635834
1,shoulder_positive,49,0.8166666666666667,1.7166485122288577e-05,-0.9187976121902466,1.1612651348114014,0.00112947728484869,-0.29567021131515503,1.4990600902820006e-06,-5.964747629150224e-08,0.04996737465262413,-0.0500389039516449
1,shoulder_positive,50,0.8333333333333334,1.7200540241901763e-05,-0.9179641008377075,1.1612650156021118,0.0011300417827442288,-0.2956710457801819,1.530430949969741e-06,-6.091917015282888e-08,0.04996693506836891,-0.050039488822221756
1,shoulder_positive,51,0.85,1.7234771803487092e-05,-0.9171310067176819,1.16126549243927,0.0011305975494906306,-0.2956714928150177,1.5623854778823443e-06,-6.217187831225601e-08,0.04996649548411369,-0.050040073692798615
1,shoulder_positive,52,0.8666666666666667,1.726905429677572e-05,-0.9162976145744324,1.16126549243927,0.0011311842827126384,-0.29567110538482666,1.5940058801788837e-06,-6.344892966581028e-08,0.049966052174568176,-0.05004066228866577
1,shoulder_positive,53,0.8833333333333333,1.7303176718996838e-05,-0.9154647588729858,1.1612656116485596,0.001131756347604096,-0.2956719398498535,1.6258079540421022e-06,-6.471908164940032e-08,0.04996561259031296,-0.05004125088453293
1,shoulder_positive,54,0.9,1.7337622921331786e-05,-0.9146309494972229,1.161265254020691,0.0011323030339553952,-0.29567286372184753,1.6579671182626043e-06,-6.601187862997904e-08,0.04996517300605774,-0.050041839480400085
1,shoulder_positive,55,0.9166666666666666,1.7372147340211086e-05,-0.9137982726097107,1.1612659692764282,0.0011328560067340732,-0.2956734895706177,1.6900285118026659e-06,-6.732894064498396e-08,0.04996472969651222,-0.05004243180155754
1,shoulder_positive,56,0.9333333333333333,1.740729931043461e-05,-0.9129655957221985,1.1612663269042969,0.0011334463488310575,-0.29567432403564453,1.721273292787373e-06,-6.860378931605737e-08,0.0499642938375473,-0.050043024122714996
1,shoulder_positive,57,0.95,1.7441630916437134e-05,-0.9121328592300415,1.1612653732299805,0.0011340031633153558,-0.2956770062446594,1.7517440937808715e-06,-6.982315170489528e-08,0.049963854253292084,-0.05004362016916275
1,shoulder_positive,58,0.9666666666666667,1.7476526409154758e-05,-0.9113001823425293,1.1612662076950073,0.001134455087594688,-0.29568079113960266,1.7834664731708472e-06,-7.110877930927018e-08,0.049963418394327164,-0.050044216215610504
1,shoulder_positive,59,0.9833333333333333,1.7511853002361022e-05,-0.910467267036438,1.1612656116485596,0.001135016791522503,-0.2956790030002594,1.8145228750654496e-06,-7.234056909055653e-08,0.04996298626065254,-0.05004481226205826
1,shoulder_positive,60,1.0,1.7546357412356883e-05,-0.9096347689628601,1.161266565322876,0.0011355530004948378,-0.29568010568618774,1.8454405790180317e-06,-7.360273457379662e-08,0.04996256157755852,-0.05004541203379631
1,elbow_negative,1,0.016666666666666666,1.742775202728808e-05,-0.959850549697876,1.1624611616134644,0.0011955909430980682,-0.29113277792930603,1.1464737781352596e-06,-4.62407676593557e-08,0.04998770356178284,-0.05001267045736313
1,elbow_negative,2,0.03333333333333333,1.559426345920656e-05,-0.9599045515060425,1.1607197523117065,0.001373023260384798,-0.2921569049358368,-1.4518172974931076e-06,5.6492261535368016e-08,0.04998738691210747,-0.050013136118650436
1,elbow_negative,3,0.05,1.5690489817643538e-05,-0.9600611329078674,1.158983826637268,0.0012083890615031123,-0.29521456360816956,-1.6291193105644197e-06,6.387006123986794e-08,0.04998702183365822,-0.05001355707645416
1,elbow_negative,4,0.06666666666666667,1.54715253302129e-05,-0.9599708318710327,1.1589466333389282,0.0011121123097836971,-0.29674333333969116,-1.0474988130226848e-06,4.0892331298891804e-08,0.04998662322759628,-0.05001398175954819
1,elbow_negative,5,0.08333333333333333,1.5770279787830077e-05,-0.9598518013954163,1.1581552028656006,0.0011307618115097284,-0.29459434747695923,-7.774399364279816e-07,3.040620910610414e-08,0.049986179918050766,-0.05001447722315788
1,elbow_negative,6,0.1,1.5378445823444054e-05,-0.9599520564079285,1.1572813987731934,0.0011597388656809926,-0.29501447081565857,-1.0162084436160512e-06,4.004733966667118e-08,0.0499858595430851,-0.05001489818096161
1,elbow_negative,7,0.11666666666666667,1.5464509488083422e-05,-0.9599507451057434,1.1562057733535767,0.0011297923047095537,-0.2961195707321167,-1.1649008229142055e-06,4.612758885969015e-08,0.04998552426695824,-0.050015322864055634
1,elbow_negative,8,0.13333333333333333,1.5314808479161002e-05,-0.9599687457084656,1.1554608345031738,0.0010938040213659406,-0.2962915003299713,-9.550593631502124e-07,3.796557379587284e-08,0.04998517036437988,-0.05001575127243996
1,elbow_negative,9,0.15,1.5526522474829108e-05,-0.9598981142044067,1.1547675132751465,0.0010951622389256954,-0.2954920530319214,-6.810512331867358e-07,2.7138232994161626e-08,0.04998478293418884,-0.050016194581985474
1,elbow_negative,10,0.16666666666666666,1.5348663509939797e-05,-0.9599270224571228,1.1539150476455688,0.0011159729911014438,-0.2951686680316925,-7.556080277026922e-07,3.018633165652318e-08,0.049984436482191086,-0.05001663416624069
1,elbow_negative,11,0.18333333333333332,1.537239586468786e-05,-0.959933340549469,1.152979850769043,0.0011131154606118798,-0.2957722246646881,-8.511733540217392e-07,3.405445880844127e-08,0.04998411610722542,-0.05001705512404442
1,elbow_negative,12,0.2,1.528472603240516e-05,-0.9599515199661255,1.1521294116973877,0.0010942990193143487,-0.2960411012172699,-8.059600986598525e-07,3.234595524759243e-08,0.049983784556388855,-0.05001748725771904
1,elbow_negative,13,0.21666666666666667,1.538258402433712e-05,-0.9599180817604065,1.151376724243164,0.0010891815181821585,-0.29574668407440186,-6.393972853402374e-07,2.5753553956064934e-08,0.049983441829681396,-0.05001792311668396
1,elbow_negative,14,0.23333333333333334,1.5319164958782494e-05,-0.9599207043647766,1.1505566835403442,0.0010999430669471622,-0.2953976094722748,-6.229708446880977e-07,2.5154607286026476e-08,0.049983102828264236,-0.05001835897564888
1,elbow_negative,15,0.25,1.5318000805564225e-05,-0.9599254131317139,1.1496868133544922,0.0011043769773095846,-0.29562804102897644,-6.63205298678804e-07,2.6762283056314118e-08,0.04998277872800827,-0.0500187873840332
1,elbow_negative,16,0.26666666666666666,1.526474989077542e-05,-0.9599376320838928,1.1488147974014282,0.0010964761022478342,-0.29584020376205444,-6.692450824630214e-07,2.703935209069641e-08,0.049982450902462006,-0.050019219517707825
1,elbow_negative,17,0.2833333333333333,1.530050030851271e-05,-0.9599245190620422,1.148017406463623,0.0010907649993896484,-0.29579082131385803,-5.772325835096126e-07,2.3416911076878932e-08,0.04998212307691574,-0.050019651651382446
1,elbow_negative,18,0.3,1.528196662547998e-05,-0.9599200487136841,1.1472034454345703,0.0010947393020614982,-0.29555773735046387,-5.313566475706466e-07,2.1665812255378114e-08,0.04998179152607918,-0.050020087510347366
1,elbow_negative,19,0.31666666666666665,1.5273808458005078e-05,-0.9599214196205139,1.146361231803894,0.001099404995329678,-0.29559630155563354,-5.343321731743345e-07,2.176753000071585e-08,0.04998147860169411,-0.05002051591873169
1,elbow_negative,20,0.3333333333333333,1.5239789718179964e-05,-0.9599279165267944,1.1454964876174927,0.0010971385054290295,-0.2957178056240082,-5.455702876133728e-07,2.2280064015944845e-08,0.04998116195201874,-0.05002094432711601
1,elbow_negative,21,0.35,1.5247345800162293e-05,-0.9599244594573975,1.1446771621704102,0.001093140454031527,-0.2957613170146942,-4.931890771331382e-07,2.0205620288038517e-08,0.04998084157705307,-0.050021376460790634
1,elbow_negative,22,0.36666666666666664,1.5240671018545981e-05,-0.9599195122718811,1.1438555717468262,0.0010937891202047467,-0.29563280940055847,-4.4954202849112335e-07,1.849992514735277e-08,0.049980528652668,-0.050021808594465256
1,elbow_negative,23,0.38333333333333336,1.5232412806653883e-05,-0.9599189162254333,1.1430257558822632,0.0010968169663101435,-0.29560884833335876,-4.308505197059276e-07,1.776488289806366e-08,0.049980226904153824,-0.05002223700284958
1,elbow_negative,24,0.4,1.5211106074275449e-05,-0.959921658039093,1.1421740055084229,0.0010969095164909959,-0.2956637144088745,-4.3187588971704827e-07,1.7795196427528026e-08,0.04997992143034935,-0.0500226654112339
1,elbow_negative,25,0.4166666666666667,1.5204836017801426e-05,-0.9599215984344482,1.1413416862487793,0.0010946884285658598,-0.29571372270584106,-4.0254786881632754e-07,1.666014881607225e-08,0.049979619681835175,-0.050023093819618225
1,elbow_negative,26,0.43333333333333335,1.520026671641972e-05,-0.959918200969696,1.1405150890350342,0.001094141392968595,-0.29566067457199097,-3.6531821479002247e-07,1.5184875579166146e-08,0.0499793216586113,-0.05002352595329285
1,elbow_negative,27,0.45,1.5192107639450114e-05,-0.9599169492721558,1.1396867036819458,0.0010956795886158943,-0.2956236004829407,-3.391592997559201e-07,1.4174982965187155e-08,0.04997902363538742,-0.05002395436167717
1,elbow_negative,28,0.4666666666666667,1.5177758541540243e-05,-0.9599174857139587,1.1388453245162964,0.0010964061366394162,-0.2956412136554718,-3.282586931163678e-07,1.3797105680168897e-08,0.04997873678803444,-0.05002438277006149
1,elbow_negative,29,0.48333333333333334,1.5166790944931563e-05,-0.9599180221557617,1.1380082368850708,0.001095455838367343,-0.2956751883029938,-3.080534440869087e-07,1.2993427667140622e-08,0.04997844994068146,-0.05002480745315552
1,elbow_negative,30,0.5,1.516065913165221e-05,-0.9599162936210632,1.1371783018112183,0.001094719860702753,-0.2956615388393402,-2.7747913122766477e-07,1.1800867838474005e-08,0.049978163093328476,-0.05002523213624954
1,elbow_negative,31,0.5166666666666667,1.5152526430028956e-05,-0.95991450548172,1.1363482475280762,0.0010953204473480582,-0.2956309914588928,-2.508841419057717e-07,1.0744062528544873e-08,0.049977876245975494,-0.05002565681934357
1,elbow_negative,32,0.5333333333333333,1.5141207768465392e-05,-0.9599142074584961,1.1355124711990356,0.001096007996238768,-0.29563117027282715,-2.3370640178654867e-07,1.0047120468925641e-08,0.04997759312391281,-0.05002608150243759
1,elbow_negative,33,0.55,1.512983908469323e-05,-0.9599142670631409,1.1346749067306519,0.0010957387275993824,-0.2956491708755493,-2.1523798920952686e-07,9.351824203918113e-09,0.04997731372714043,-0.050026506185531616
1,elbow_negative,34,0.5666666666666667,1.5121652722882573e-05,-0.959913432598114,1.1338427066802979,0.0010951783042401075,-0.2956511378288269,-1.895733419132739e-07,8.341913826370728e-09,0.04997703433036804,-0.05002693086862564
1,elbow_negative,35,0.5833333333333334,1.5113524568732828e-05,-0.9599118828773499,1.1330113410949707,0.0010953013552352786,-0.29563164710998535,-1.6325398632943688e-07,7.327181084093581e-09,0.04997675493359566,-0.050027355551719666
1,elbow_negative,36,0.6,1.5103338228072971e-05,-0.9599114656448364,1.1321775913238525,0.0010957742342725396,-0.29562458395957947,-1.419759598775272e-07,6.50717346672991e-09,0.04997647553682327,-0.05002778023481369
1,elbow_negative,37,0.6166666666666667,1.5092618014023174e-05,-0.9599112272262573,1.131341576576233,0.00109579274430871,-0.2956324815750122,-1.2284928629924252e-07,5.783295620176432e-09,0.049976199865341187,-0.050028204917907715
1,elbow_negative,38,0.6333333333333333,1.5083079233590979e-05,-0.9599105715751648,1.1305075883865356,0.001095463172532618,-0.29563650488853455,-9.97484121967318e-08,4.871867798073026e-09,0.0499759241938591,-0.05002862960100174
1,elbow_negative,39,0.65,1.5074606380949263e-05,-0.9599093794822693,1.129675269126892,0.0010953989112749696,-0.2956271767616272,-7.524845102580002e-08,3.934257364335281e-09,0.04997565224766731,-0.050029054284095764
1,elbow_negative,40,0.6666666666666666,1.5064905710460152e-05,-0.9599084258079529,1.1288422346115112,0.0010956445476040244,-0.2956189811229706,-5.29998303022694e-08,3.0598661382441605e-09,0.049975380301475525,-0.05002947896718979
1,elbow_negative,41,0.6833333333333333,1.5054591131047346e-05,-0.9599080681800842,1.128007173538208,0.001095772022381425,-0.29561975598335266,-3.288396754896894e-08,2.275858612676984e-09,0.049975112080574036,-0.050029903650283813
1,elbow_negative,42,0.7,1.504474948887946e-05,-0.9599075317382812,1.127172827720642,0.001095611834898591,-0.29562366008758545,-1.1017995404927206e-08,1.4439418549727634e-09,0.049974843859672546,-0.05003032833337784
1,elbow_negative,43,0.7166666666666667,1.5035678188723978e-05,-0.9599066972732544,1.1263394355773926,0.001095492742024362,-0.2956191599369049,1.226467816195509e-08,5.106755018857712e-10,0.04997457563877106,-0.05003075301647186
1,elbow_negative,44,0.7333333333333333,1.5026323126221541e-05,-0.9599059224128723,1.1255067586898804,0.0010955843608826399,-0.2956128716468811,3.490556110818943e-08,-3.94047905416528e-10,0.049974311143159866,-0.05003117024898529
1,elbow_negative,45,0.75,1.5016315046523232e-05,-0.9599050283432007,1.124672293663025,0.0010957157937809825,-0.29560956358909607,5.575904538090981e-08,-1.2238863256186505e-09,0.049974046647548676,-0.05003158748149872
1,elbow_negative,46,0.7666666666666667,1.5006057765276637e-05,-0.9599047899246216,1.123837947845459,0.0010957049671560526,-0.2956131398677826,7.65871064345447e-08,-2.059411752242113e-09,0.049973782151937485,-0.050032004714012146
1,elbow_negative,47,0.7833333333333333,1.4996570826042444e-05,-0.9599039554595947,1.1230032444000244,0.0010955739999189973,-0.2956136167049408,9.811655132807573e-08,-2.877987625993228e-09,0.049973517656326294,-0.050032421946525574
1,elbow_negative,48,0.8,1.4986921996751335e-05,-0.9599034786224365,1.122170090675354,0.0010955200996249914,-0.29561173915863037,1.2086761103091703e-07,-3.761877032104621e-09,0.0499732531607151,-0.050032839179039
1,elbow_negative,49,0.8166666666666667,1.4977469618315808e-05,-0.959902822971344,1.1213363409042358,0.0010955765610560775,-0.2956078052520752,1.4212881183084392e-07,-4.6040966594773636e-09,0.04997298866510391,-0.05003325641155243
1,elbow_negative,50,0.8333333333333334,1.4967145943955984e-05,-0.9599022269248962,1.1205017566680908,0.001095618586987257,-0.29560792446136475,1.629975798778105e-07,-5.403217429034157e-09,0.04997272416949272,-0.05003367364406586
1,elbow_negative,51,0.85,1.4957450730435085e-05,-0.9599018692970276,1.119667410850525,0.0010955422185361385,-0.29560956358909607,1.8406619517463696e-07,-6.221929638172696e-09,0.04997245967388153,-0.050034090876579285
1,elbow_negative,52,0.8666666666666667,1.4947761883377098e-05,-0.9599014520645142,1.1188342571258545,0.0010954532772302628,-0.29560792446136475,2.0562778502153378e-07,-7.088032383251175e-09,0.04997219890356064,-0.05003450810909271
1,elbow_negative,53,0.8833333333333333,1.4938123058527708e-05,-0.9599009156227112,1.117999792098999,0.001095494139008224,-0.2956030070781708,2.2703170543536544e-07,-7.933616430477741e-09,0.049971938133239746,-0.05003492534160614
1,elbow_negative,54,0.9,1.4927979464118835e-05,-0.9599007368087769,1.11716628074646,0.0010955118341371417,-0.29560431838035583,2.477865734817897e-07,-8.735336010090577e-09,0.04997168108820915,-0.05003534257411957
1,elbow_negative,55,0.9166666666666666,1.4918115994078107e-05,-0.9599003791809082,1.1163311004638672,0.0010954528115689754,-0.2956029772758484,2.682011768229131e-07,-9.54947765308134e-09,0.04997142776846886,-0.050035759806632996
1,elbow_negative,56,0.9333333333333333,1.4908253433532082e-05,-0.9599000215530396,1.1154975891113281,0.0010953742312267423,-0.2956041097640991,2.897890851727425e-07,-1.0371538294862148e-08,0.04997117444872856,-0.05003617703914642
1,elbow_negative,57,0.95,1.4898775589244906e-05,-0.9598993062973022,1.1146636009216309,0.0010953245218843222,-0.2955990731716156,3.109541921730852e-07,-1.1211934491939246e-08,0.049970921128988266,-0.05003659427165985
1,elbow_negative,58,0.9666666666666667,1.4888799341861159e-05,-0.9598990082740784,1.1138304471969604,0.00109535560477525,-0.2955951988697052,3.3177539648932e-07,-1.2013283701151067e-08,0.04997066780924797,-0.05003701150417328
1,elbow_negative,59,0.9833333333333333,1.4878983165544923e-05,-0.959898829460144,1.112996220588684,0.0010953906457871199,-0.295591801404953,3.5214031868235907e-07,-1.279004369081349e-08,0.049970414489507675,-0.050037432461977005
1,elbow_negative,60,1.0,1.4868737707729451e-05,-0.9598981142044067,1.1121625900268555,0.0010953409364446998,-0.29559117555618286,3.731119875283184e-07,-1.3601578530142433e-08,0.04997016116976738,-0.05003785341978073
1,elbow_positive,1,0.016666666666666666,1.728226925479248e-05,-0.960009753704071,1.164498209953308,0.001078749424777925,-0.2921294867992401,1.0353484185543493e-06,-4.185339008699884e-08,0.04998772218823433,-0.05001264810562134
1,elbow_positive,2,0.03333333333333333,1.596988113305997e-05,-0.9598353505134583,1.164929747581482,0.0013158072251826525,-0.2917041480541229,-5.277707941786502e-07,2.0188842597690382e-08,0.049987394362688065,-0.05001305416226387
1,elbow_positive,3,0.05,1.5833637007744983e-05,-0.9600642323493958,1.1646987199783325,0.0012139301979914308,-0.29430320858955383,-1.3903611488785828e-06,5.431799365851475e-08,0.04998704418540001,-0.05001351237297058
1,elbow_positive,4,0.06666666666666667,1.5796851585037075e-05,-0.9599707126617432,1.1660393476486206,0.0011168093187734485,-0.29636913537979126,-5.160095497558359e-07,1.9825007413487583e-08,0.04998668283224106,-0.050013910979032516
1,elbow_positive,5,0.08333333333333333,1.6464447980979457e-05,-0.959946870803833,1.1670331954956055,0.0011174335377290845,-0.29456213116645813,7.233713859022828e-07,-2.969804135943832e-08,0.04998622089624405,-0.05001441016793251
1,elbow_positive,6,0.1,1.6062273061834276e-05,-0.9599339365959167,1.1679105758666992,0.001154063269495964,-0.29488521814346313,2.201821018843475e-07,-9.52513268259736e-09,0.049985792487859726,-0.05001496523618698
1,elbow_positive,7,0.11666666666666667,1.6049345504143275e-05,-0.9599448442459106,1.1685545444488525,0.0011390822473913431,-0.29588210582733154,-6.469361579775068e-08,1.9302301978996184e-09,0.049985386431217194,-0.050015468150377274
1,elbow_positive,8,0.13333333333333333,1.5997342416085303e-05,-0.9599817395210266,1.169365644454956,0.0011078908573836088,-0.29606881737709045,1.5203492864657164e-07,-6.516126305200487e-09,0.04998498037457466,-0.05001596361398697
1,elbow_positive,9,0.15,1.6340427464456297e-05,-0.9599610567092896,1.1703038215637207,0.0010996588971465826,-0.29538753628730774,8.474923447465699e-07,-3.4250007274749805e-08,0.049984537065029144,-0.05001647025346756
1,elbow_positive,10,0.16666666666666666,1.6234693248406984e-05,-0.9599548578262329,1.1711719036102295,0.00111728988122195,-0.2951028645038605,7.834339612600161e-07,-3.1611968154265924e-08,0.04998411238193512,-0.050017017871141434
1,elbow_positive,11,0.18333333333333332,1.6164613043656573e-05,-0.9599527716636658,1.1719530820846558,0.0011203164467588067,-0.29555976390838623,4.939647624269128e-07,-2.0039047754494277e-08,0.049983710050582886,-0.05001753568649292
1,elbow_positive,12,0.2,1.611016887181904e-05,-0.9599708914756775,1.1727371215820312,0.001108116703107953,-0.2958005368709564,4.94960318064841e-07,-1.9976877041472108e-08,0.04998331889510155,-0.050018034875392914
1,elbow_positive,13,0.21666666666666667,1.625372897251509e-05,-0.959966242313385,1.173614501953125,0.0011001571547240019,-0.2956177890300751,8.05923946245457e-07,-3.228973000091173e-08,0.04998291656374931,-0.050018537789583206
1,elbow_positive,14,0.23333333333333334,1.6268362742266618e-05,-0.9599676728248596,1.1744725704193115,0.0011063010897487402,-0.2953492999076843,9.114854719882715e-07,-3.644892387910659e-08,0.04998251050710678,-0.05001905560493469
1,elbow_positive,15,0.25,1.623656316951383e-05,-0.9599608182907104,1.175300121307373,0.0011109831975772977,-0.29548877477645874,7.929146477181348e-07,-3.166386619568584e-08,0.049982111901044846,-0.05001956969499588
1,elbow_positive,16,0.26666666666666666,1.6199557649088092e-05,-0.9599685668945312,1.1761001348495483,0.0011078021489083767,-0.29564234614372253,7.47917056287406e-07,-2.983369995490648e-08,0.04998171702027321,-0.05002007633447647
1,elbow_positive,17,0.2833333333333333,1.624905416974798e-05,-0.9599685668945312,1.1769452095031738,0.0011027721920982003,-0.295643150806427,8.595281997259008e-07,-3.4174338026105033e-08,0.04998132586479187,-0.05002057924866676
1,elbow_positive,18,0.3,1.6280015188385732e-05,-0.9599700570106506,1.1777920722961426,0.0011038584634661674,-0.2954997420310974,9.622178822610294e-07,-3.823074479214483e-08,0.04998093098402023,-0.05002108961343765
1,elbow_positive,19,0.31666666666666665,1.628000427444931e-05,-0.9599673748016357,1.1786304712295532,0.001106653013266623,-0.2955108880996704,9.497422297499725e-07,-3.7708659306190384e-08,0.049980536103248596,-0.05002159997820854
1,elbow_positive,20,0.3333333333333333,1.6263484212686308e-05,-0.9599700570106506,1.1794486045837402,0.0011064874706789851,-0.29558372497558594,9.234597655449761e-07,-3.665461179025442e-08,0.049980148673057556,-0.05002211034297943
1,elbow_positive,21,0.35,1.6280277122859843e-05,-0.959971010684967,1.1802823543548584,0.0011040634708479047,-0.29561859369277954,9.6484598088864e-07,-3.8263703316943065e-08,0.049979764968156815,-0.05002261698246002
1,elbow_positive,22,0.36666666666666664,1.6302794392686337e-05,-0.9599725604057312,1.181121587753296,0.001103702001273632,-0.2955646514892578,1.0311133564755437e-06,-4.0870673956305836e-08,0.049979377537965775,-0.05002312362194061
1,elbow_positive,23,0.38333333333333336,1.6312997104250826e-05,-0.9599718451499939,1.1819597482681274,0.0011048108572140336,-0.2955489456653595,1.0541000392549904e-06,-4.174590628736041e-08,0.049978990107774734,-0.0500236339867115
1,elbow_positive,24,0.4,1.631112718314398e-05,-0.9599727392196655,1.182788372039795,0.0011052151676267385,-0.29557475447654724,1.055050915965694e-06,-4.173713819000113e-08,0.049978602677583694,-0.05002414435148239
1,elbow_positive,25,0.4166666666666667,1.6318936104653403e-05,-0.9599738121032715,1.1836203336715698,0.0011043172562494874,-0.29560160636901855,1.0765863862616243e-06,-4.256077801301217e-08,0.049978215247392654,-0.05002465099096298
1,elbow_positive,26,0.43333333333333335,1.633331339689903e-05,-0.9599749445915222,1.1844556331634521,0.001103800954297185,-0.2955888509750366,1.1176948646607343e-06,-4.4117321351677674e-08,0.049977827817201614,-0.05002515763044357
1,elbow_positive,27,0.45,1.634473301237449e-05,-0.9599751830101013,1.1852918863296509,0.0011040664976462722,-0.29557764530181885,1.1472094456621562e-06,-4.524648034021084e-08,0.049977440387010574,-0.050025664269924164
1,elbow_positive,28,0.4666666666666667,1.6350024452549405e-05,-0.9599760174751282,1.1861242055892944,0.0011043342528864741,-0.29558491706848145,1.1630447716015624e-06,-4.5853933983153183e-08,0.04997705668210983,-0.050026170909404755
1,elbow_positive,29,0.48333333333333334,1.6356876585632563e-05,-0.9599766731262207,1.1869568824768066,0.0011040137615054846,-0.2956002354621887,1.182620280815172e-06,-4.661015395868162e-08,0.04997667670249939,-0.050026677548885345
1,elbow_positive,30,0.5,1.6367415810236707e-05,-0.9599776864051819,1.1877909898757935,0.001103679183870554,-0.2956002652645111,1.2119949133193586e-06,-4.7737977126871556e-08,0.049976300448179245,-0.050027184188365936
1,elbow_positive,31,0.5166666666666667,1.6377827705582604e-05,-0.9599776268005371,1.1886255741119385,0.001103654969483614,-0.29559704661369324,1.2410248473315733e-06,-4.887823124022361e-08,0.0499759241938591,-0.05002769082784653
1,elbow_positive,32,0.5333333333333333,1.638576759432908e-05,-0.9599782824516296,1.1894590854644775,0.0011037210933864117,-0.2956002652645111,1.263688886865566e-06,-4.9752888031662224e-08,0.049975547939538956,-0.05002819746732712
1,elbow_positive,33,0.55,1.639376387174707e-05,-0.9599790573120117,1.1902921199798584,0.0011035705683752894,-0.29560840129852295,1.2861019058618695e-06,-5.0606985269041616e-08,0.04997517541050911,-0.05002870410680771
1,elbow_positive,34,0.5666666666666667,1.6403217159677297e-05,-0.9599795341491699,1.1911256313323975,0.001103340764530003,-0.295612096786499,1.313229631705326e-06,-5.166561933833691e-08,0.04997480288147926,-0.0500292107462883
1,elbow_positive,35,0.5833333333333334,1.6413161574746482e-05,-0.9599798917770386,1.1919598579406738,0.0011032193433493376,-0.2956126630306244,1.3408662198344246e-06,-5.275891368228258e-08,0.04997443035244942,-0.05002971738576889
1,elbow_positive,36,0.6,1.6422140106442384e-05,-0.9599803686141968,1.1927930116653442,0.0011031931499019265,-0.295614629983902,1.366154606330383e-06,-5.3726353144156747e-08,0.04997405782341957,-0.05003022402524948
1,elbow_positive,37,0.6166666666666667,1.6430680261692032e-05,-0.9599810242652893,1.193627119064331,0.0011030498426407576,-0.29562094807624817,1.3902005093768821e-06,-5.4635073354347696e-08,0.049973685294389725,-0.05003073066473007
1,elbow_positive,38,0.6333333333333333,1.6440093531855382e-05,-0.9599815011024475,1.194460153579712,0.0011029172455891967,-0.29562315344810486,1.416286750099971e-06,-5.5681013577668637e-08,0.04997331276535988,-0.05003123730421066
1,elbow_positive,39,0.65,1.644914118514862e-05,-0.9599820971488953,1.1952941417694092,0.00110276835039258,-0.2956271171569824,1.4422150798054645e-06,-5.667772029482876e-08,0.04997294023633003,-0.050031743943691254
1,elbow_positive,40,0.6666666666666666,1.645862721488811e-05,-0.9599825143814087,1.1961276531219482,0.0011026636930182576,-0.29562923312187195,1.468623281652981e-06,-5.7649959472882983e-08,0.049972571432590485,-0.050032250583171844
1,elbow_positive,41,0.6833333333333333,1.6467345631099306e-05,-0.9599830508232117,1.196961522102356,0.0011025480926036835,-0.2956331968307495,1.4938329968572361e-06,-5.8633137456354234e-08,0.04997220262885094,-0.050032757222652435
1,elbow_positive,42,0.7,1.6476502423756756e-05,-0.9599835872650146,1.197795033454895,0.001102428650483489,-0.29563647508621216,1.5194498246273724e-06,-5.961165072676522e-08,0.04997183382511139,-0.050033263862133026
1,elbow_positive,43,0.7166666666666667,1.648530815145932e-05,-0.9599841833114624,1.1986286640167236,0.0011022872058674693,-0.2956402897834778,1.5451444141945103e-06,-6.061266333290405e-08,0.04997146502137184,-0.05003377050161362
1,elbow_positive,44,0.7333333333333333,1.649457226449158e-05,-0.959984302520752,1.1994621753692627,0.0011021516984328628,-0.29564332962036133,1.570683934914996e-06,-6.161403831583812e-08,0.049971096217632294,-0.05003427714109421
1,elbow_positive,45,0.75,1.650334888836369e-05,-0.9599854946136475,1.20029616355896,0.0011020269012078643,-0.29564669728279114,1.5961111330398126e-06,-6.259689655507827e-08,0.049970731139183044,-0.0500347837805748
1,elbow_positive,46,0.7666666666666667,1.651254206080921e-05,-0.9599854946136475,1.2011291980743408,0.001101897214539349,-0.29565003514289856,1.6219339613599004e-06,-6.358960291663607e-08,0.049970366060733795,-0.05003529042005539
1,elbow_positive,47,0.7833333333333333,1.652111859584693e-05,-0.9599862694740295,1.2019636631011963,0.0011017386568710208,-0.29565414786338806,1.6472888546559261e-06,-6.45373390284476e-08,0.049970000982284546,-0.05003579705953598
1,elbow_positive,48,0.8,1.6530582797713578e-05,-0.959986686706543,1.2027970552444458,0.0011016438947990537,-0.2956559956073761,1.6733838492655195e-06,-6.554682840942405e-08,0.0499696359038353,-0.05003630369901657
1,elbow_positive,49,0.8166666666666667,1.6538691852474585e-05,-0.9599871039390564,1.2036305665969849,0.001101506408303976,-0.2956607937812805,1.697565949143609e-06,-6.651365680454546e-08,0.04996927082538605,-0.05003681033849716
1,elbow_positive,50,0.8333333333333334,1.6547905033803545e-05,-0.9599879384040833,1.204464077949524,0.001101342961192131,-0.29566437005996704,1.7232450773008168e-06,-6.750364889285265e-08,0.0499689094722271,-0.05003731697797775
1,elbow_positive,51,0.85,1.655673622735776e-05,-0.9599881768226624,1.2052979469299316,0.0011011812603101134,-0.29566752910614014,1.7494274970886181e-06,-6.852239664567605e-08,0.049968548119068146,-0.050037823617458344
1,elbow_positive,52,0.8666666666666667,1.6565807527513243e-05,-0.9599888324737549,1.206131100654602,0.0011010731104761362,-0.2956700325012207,1.775163696038362e-06,-6.948194908318328e-08,0.049968186765909195,-0.050038330256938934
1,elbow_positive,53,0.8833333333333333,1.6574329492868856e-05,-0.9599892497062683,1.2069649696350098,0.001100903027690947,-0.29567497968673706,1.8005524680120288e-06,-7.047061956200196e-08,0.049967825412750244,-0.050038836896419525
1,elbow_positive,54,0.9,1.658352448430378e-05,-0.9599898457527161,1.2077986001968384,0.0011007661232724786,-0.29567739367485046,1.8265714061271865e-06,-7.147468750190455e-08,0.04996746778488159,-0.050039343535900116
1,elbow_positive,55,0.9166666666666666,1.6592115571256727e-05,-0.9599902629852295,1.2086323499679565,0.0011006315471604466,-0.2956809401512146,1.8517383750804584e-06,-7.243320254701757e-08,0.04996711015701294,-0.05003985017538071
1,elbow_positive,56,0.9333333333333333,1.6600897652097046e-05,-0.9599910378456116,1.2094656229019165,0.0011004966218024492,-0.29568445682525635,1.8766924085866776e-06,-7.338738328144245e-08,0.049966756254434586,-0.0500403568148613
1,elbow_positive,57,0.95,1.6609521480859257e-05,-0.9599912166595459,1.2102999687194824,0.0011003103572875261,-0.2956889569759369,1.902043322843383e-06,-7.435821203216619e-08,0.04996640980243683,-0.05004086345434189
1,elbow_positive,58,0.9666666666666667,1.6618419977021404e-05,-0.9599918723106384,1.2111330032348633,0.0011002083774656057,-0.29569047689437866,1.927530774992192e-06,-7.53314921553283e-08,0.04996606335043907,-0.05004137009382248
1,elbow_positive,59,0.9833333333333333,1.662655995460227e-05,-0.959992527961731,1.211966872215271,0.0011000295635312796,-0.29569604992866516,1.951582817127928e-06,-7.625918385656405e-08,0.049965716898441315,-0.05004187673330307
1,elbow_positive,60,1.0,1.6635633073747158e-05,-0.9599928855895996,1.2127997875213623,0.00109986518509686,-0.2956988215446472,1.977210104087135e-06,-7.728043982524468e-08,0.04996537044644356,-0.05004238337278366
1,forearm_roll_negative,1,0.016666666666666666,1.7605623725103214e-05,-0.9597976803779602,1.1619582176208496,0.001293900073505938,-0.290752112865448,1.5260534382832702e-06,-6.139853070408208e-08,0.04998772591352463,-0.050012629479169846
1,forearm_roll_negative,2,0.03333333333333333,1.5365047147497535e-05,-0.9599621891975403,1.1612606048583984,0.0012177244061604142,-0.2931951880455017,-2.1926118733972544e-06,8.503771198320464e-08,0.049986738711595535,-0.05001380667090416
1,forearm_roll_negative,3,0.05,1.5298495782190003e-05,-0.9600486755371094,1.160675048828125,0.0007258309633471072,-0.2952747642993927,-2.8877982458652696e-06,1.133235869588134e-07,0.04998626187443733,-0.05001438781619072
1,forearm_roll_negative,4,0.06666666666666667,1.5047010492708068e-05,-0.9599459767341614,1.1614235639572144,0.00021548857330344617,-0.2960044741630554,-2.209007334386115e-06,8.723333877469486e-08,0.049985699355602264,-0.050014983862638474
1,forearm_roll_negative,5,0.08333333333333333,1.5204251212708186e-05,-0.9598875045776367,1.1613402366638184,-0.000319936458254233,-0.2946327328681946,-1.9828394215437584e-06,7.921928357745855e-08,0.04998490586876869,-0.050015829503536224
1,forearm_roll_negative,6,0.1,1.4701503459946252e-05,-0.9599781632423401,1.1612681150436401,-0.0009501555468887091,-0.29567548632621765,-2.09690620067704e-06,8.454900068954885e-08,0.04998404160141945,-0.05001674219965935
1,forearm_roll_negative,7,0.11666666666666667,1.4790771274419967e-05,-0.9599457383155823,1.1611369848251343,-0.001672377111390233,-0.2964562475681305,-1.6249183545369306e-06,6.681776909545079e-08,0.04998329281806946,-0.0500175766646862
1,forearm_roll_negative,8,0.13333333333333333,1.4653091966465581e-05,-0.9599710702896118,1.1612335443496704,-0.0024188226088881493,-0.29602551460266113,-7.031064797047293e-07,3.098298151371637e-08,0.04998254403471947,-0.05001839995384216
1,forearm_roll_negative,9,0.15,1.4824996469542384e-05,-0.9599249362945557,1.1613242626190186,-0.0031610061414539814,-0.2953982949256897,3.4736382303890423e-07,-9.612667994929325e-09,0.0499817356467247,-0.05001930147409439
1,forearm_roll_negative,10,0.16666666666666666,1.4597258996218443e-05,-0.9599547386169434,1.1612789630889893,-0.003920464310795069,-0.2955283224582672,9.9731312275253e-07,-3.459579644982114e-08,0.049980852752923965,-0.050020284950733185
1,forearm_roll_negative,11,0.18333333333333332,1.463641365262447e-05,-0.9599480628967285,1.1612136363983154,-0.004720047116279602,-0.2960967719554901,1.8316078467250918e-06,-6.686664733024372e-08,0.04998002201318741,-0.050021201372146606
1,forearm_roll_negative,12,0.2,1.4570668099622708e-05,-0.9599613547325134,1.1612164974212646,-0.005533537361770868,-0.2960342764854431,2.8174149520054925e-06,-1.053309972576244e-07,0.04997917264699936,-0.05002213269472122
1,forearm_roll_negative,13,0.21666666666666667,1.4671521057607606e-05,-0.9599407911300659,1.1612857580184937,-0.006339937448501587,-0.29571324586868286,4.006774815934477e-06,-1.5163332989232003e-07,0.04997827485203743,-0.050023116171360016
1,forearm_roll_negative,14,0.23333333333333334,1.4590616956411395e-05,-0.9599484801292419,1.1612777709960938,-0.0071436623111367226,-0.2955961525440216,5.001552381145302e-06,-1.9022662911538646e-07,0.04997730255126953,-0.050024181604385376
1,forearm_roll_negative,15,0.25,1.4596758774132468e-05,-0.9599484801292419,1.161247968673706,-0.007962540723383427,-0.29589414596557617,5.974722625978757e-06,-2.2803207855304208e-07,0.04997630789875984,-0.050025250762701035
1,forearm_roll_negative,16,0.26666666666666666,1.4563465811079368e-05,-0.9599554538726807,1.1612268686294556,-0.008791327476501465,-0.2959664762020111,6.9648140197386965e-06,-2.6663775543056545e-07,0.04997529834508896,-0.050026342272758484
1,forearm_roll_negative,17,0.2833333333333333,1.4611642654926982e-05,-0.9599475264549255,1.1612660884857178,-0.009617212228477001,-0.2958414554595947,8.109480404527858e-06,-3.1133856737142196e-07,0.04997424781322479,-0.050027478486299515
1,forearm_roll_negative,18,0.3,1.4588261365133803e-05,-0.9599476456642151,1.1612701416015625,-0.010437333956360817,-0.2956909239292145,9.209078598360065e-06,-3.5410627674536954e-07,0.04997311532497406,-0.05002868175506592
1,forearm_roll_negative,19,0.31666666666666665,1.45850790431723e-05,-0.9599484205245972,1.1612616777420044,-0.01126184593886137,-0.2958149015903473,1.0265565833833534e-05,-3.950118241391465e-07,0.049971938133239746,-0.05002991855144501
1,forearm_roll_negative,20,0.3333333333333333,1.4568143342330586e-05,-0.959951639175415,1.1612406969070435,-0.012092601507902145,-0.29589664936065674,1.1284098036412615e-05,-4.346621835793485e-07,0.04997073858976364,-0.05003117769956589
1,forearm_roll_negative,21,0.35,1.458730002923403e-05,-0.9599501490592957,1.161257266998291,-0.012923472560942173,-0.2958697974681854,1.2384138244669884e-05,-4.773589807882672e-07,0.04996950924396515,-0.05003247782588005
1,forearm_roll_negative,22,0.36666666666666664,1.4584473319700919e-05,-0.9599482417106628,1.1612647771835327,-0.013750230893492699,-0.2957663834095001,1.3501427929440979e-05,-5.207256776884606e-07,0.04996822774410248,-0.05003383010625839
1,forearm_roll_negative,23,0.38333333333333336,1.45802569022635e-05,-0.9599487781524658,1.1612646579742432,-0.014577161520719528,-0.2957940101623535,1.4601338079955895e-05,-5.634807962451305e-07,0.04996689036488533,-0.050035227090120316
1,forearm_roll_negative,24,0.4,1.4572272448276635e-05,-0.9599502682685852,1.1612519025802612,-0.01540736760944128,-0.29585203528404236,1.565960883453954e-05,-6.045345344318775e-07,0.04996552690863609,-0.050036657601594925
1,forearm_roll_negative,25,0.4166666666666667,1.457756934541976e-05,-0.9599503874778748,1.1612552404403687,-0.016238810494542122,-0.2958628237247467,1.674310078669805e-05,-6.466427180384926e-07,0.04996414855122566,-0.05003810673952103
1,forearm_roll_negative,26,0.43333333333333335,1.4580290553567465e-05,-0.9599491357803345,1.161262035369873,-0.01706824079155922,-0.29581010341644287,1.785799759090878e-05,-6.899895765855035e-07,0.04996276646852493,-0.05003957077860832
1,forearm_roll_negative,27,0.45,1.4577837646356784e-05,-0.9599488973617554,1.161264181137085,-0.017896614968776703,-0.2957988679409027,1.897639776871074e-05,-7.333143798859965e-07,0.0499613881111145,-0.05004104971885681
1,forearm_roll_negative,28,0.4666666666666667,1.4574233318853658e-05,-0.9599496126174927,1.161258339881897,-0.018726347014307976,-0.2958301901817322,2.006836439250037e-05,-7.75756404891581e-07,0.049960024654865265,-0.0500425286591053
1,forearm_roll_negative,29,0.48333333333333334,1.4575314708054066e-05,-0.9599502086639404,1.1612577438354492,-0.019557325169444084,-0.2958492338657379,2.1158315576030873e-05,-8.180331292351184e-07,0.049958713352680206,-0.0500439777970314
1,forearm_roll_negative,30,0.5,1.4578273294318933e-05,-0.9599495530128479,1.161260962486267,-0.02038760669529438,-0.29582715034484863,2.227070763183292e-05,-8.612528858975566e-07,0.04995758831501007,-0.05004530027508736
1,forearm_roll_negative,31,0.5166666666666667,1.4578791706298944e-05,-0.9599493145942688,1.1612637042999268,-0.021216940134763718,-0.29581183195114136,2.339780257898383e-05,-9.049601885635639e-07,0.04995676502585411,-0.05004638433456421
1,forearm_roll_negative,32,0.5333333333333333,1.4579041817341931e-05,-0.9599496126174927,1.1612615585327148,-0.022046614438295364,-0.2958226799964905,2.45134906435851e-05,-9.481626648266683e-07,0.049956340342760086,-0.050047144293785095
1,forearm_roll_negative,33,0.55,1.4581114555767272e-05,-0.9599498510360718,1.1612601280212402,-0.022877121344208717,-0.2958379089832306,2.561466499173548e-05,-9.907894309435505e-07,0.04995640367269516,-0.05004749074578285
1,forearm_roll_negative,34,0.5666666666666667,1.4585591088689398e-05,-0.9599497318267822,1.1612613201141357,-0.023707564920186996,-0.29583248496055603,2.6717467335402034e-05,-1.0335270417272113e-06,0.04995705932378769,-0.05004727840423584
1,forearm_roll_negative,35,0.5833333333333334,1.4589153579436243e-05,-0.9599496722221375,1.1612634658813477,-0.024537429213523865,-0.29582151770591736,2.7819363822345622e-05,-1.0762770443761838e-06,0.049958374351263046,-0.05004645884037018
1,forearm_roll_negative,36,0.6,1.4591947547160089e-05,-0.9599495530128479,1.161263108253479,-0.02536720409989357,-0.2958225607872009,2.890008363465313e-05,-1.1179977263964247e-06,0.04996033012866974,-0.050045013427734375
1,forearm_roll_negative,37,0.6166666666666667,1.4594508684240282e-05,-0.9599498510360718,1.1612625122070312,-0.026197396218776703,-0.2958315312862396,2.994721944560297e-05,-1.158743884843716e-06,0.049962881952524185,-0.05004294961690903
1,forearm_roll_negative,38,0.6333333333333333,1.4597813787986524e-05,-0.959949791431427,1.1612628698349,-0.02702772617340088,-0.2958322763442993,3.0967319617047906e-05,-1.1982442629232537e-06,0.04996607080101967,-0.05004021152853966
1,forearm_roll_negative,39,0.65,1.4599747373722494e-05,-0.9599498510360718,1.1612639427185059,-0.027857787907123566,-0.29582664370536804,3.196348552592099e-05,-1.236923594660766e-06,0.0499698780477047,-0.05003676190972328
1,forearm_roll_negative,40,0.6666666666666666,1.4600620488636196e-05,-0.9599496722221375,1.161264419555664,-0.028687696903944016,-0.29582563042640686,3.292703695478849e-05,-1.2740473493977333e-06,0.0499742291867733,-0.0500326007604599
1,forearm_roll_negative,41,0.6833333333333333,1.4599753740185406e-05,-0.9599499702453613,1.161264181137085,-0.02951773628592491,-0.29582905769348145,3.384926094440743e-05,-1.3098893987262272e-06,0.049979083240032196,-0.05002777650952339
1,forearm_roll_negative,42,0.7,1.4598510460928082e-05,-0.9599498510360718,1.161264181137085,-0.030347900465130806,-0.2958314120769501,3.473230026429519e-05,-1.3439608892440447e-06,0.0499843992292881,-0.05002224072813988
1,forearm_roll_negative,43,0.7166666666666667,1.4595048924093135e-05,-0.9599499106407166,1.1612648963928223,-0.031177975237369537,-0.2958296835422516,3.557977106538601e-05,-1.376850605083746e-06,0.049990180879831314,-0.05001595988869667
1,forearm_roll_negative,44,0.7333333333333333,1.4589705642720219e-05,-0.9599498510360718,1.1612656116485596,-0.032007910311222076,-0.29582783579826355,3.639032001956366e-05,-1.4080954997552908e-06,0.049996376037597656,-0.050008948892354965
1,forearm_roll_negative,45,0.75,1.4581640243704896e-05,-0.9599499106407166,1.1612657308578491,-0.03283785283565521,-0.2958289086818695,3.7160632928134874e-05,-1.4378809964910033e-06,0.05000292882323265,-0.05000123009085655
1,forearm_roll_negative,46,0.7666666666666667,1.4569231097993907e-05,-0.9599500894546509,1.1612657308578491,-0.033667873591184616,-0.29583102464675903,3.7886740756221116e-05,-1.465924697185983e-06,0.05000978335738182,-0.04999277740716934
1,forearm_roll_negative,47,0.7833333333333333,1.4552295397152193e-05,-0.9599499702453613,1.1612663269042969,-0.03449788689613342,-0.2958312928676605,3.857728006551042e-05,-1.4925378764019115e-06,0.05001692846417427,-0.049983590841293335
1,forearm_roll_negative,48,0.8,1.453012282581767e-05,-0.9599499702453613,1.161266565322876,-0.03532775118947029,-0.2958294451236725,3.917357389582321e-05,-1.5156628023760277e-06,0.05002434924244881,-0.04997362941503525
1,forearm_roll_negative,49,0.8166666666666667,1.4503894817607943e-05,-0.9599499702453613,1.1612672805786133,-0.03615754470229149,-0.29583048820495605,3.967503653257154e-05,-1.535019919174374e-06,0.050031889230012894,-0.049962859600782394
1,forearm_roll_negative,50,0.8333333333333334,1.447452450520359e-05,-0.9599499702453613,1.1612670421600342,-0.03698728606104851,-0.2958310544490814,4.0100811020238325e-05,-1.5513675180045539e-06,0.05003949999809265,-0.04995130002498627
1,forearm_roll_negative,51,0.85,1.444294503016863e-05,-0.9599500298500061,1.1612673997879028,-0.03781704604625702,-0.2958325147628784,4.0461996832164004e-05,-1.5653579339414136e-06,0.05004698410630226,-0.04993897303938866
1,forearm_roll_negative,52,0.8666666666666667,1.4409017239813693e-05,-0.9599500894546509,1.1612679958343506,-0.03864672780036926,-0.29583194851875305,4.076962432009168e-05,-1.577174316480523e-06,0.050054412335157394,-0.04992580786347389
1,forearm_roll_negative,53,0.8833333333333333,1.4373223166330718e-05,-0.9599499702453613,1.1612684726715088,-0.03947634622454643,-0.29583126306533813,4.103589162696153e-05,-1.5873180245762342e-06,0.050061844289302826,-0.04991183429956436
1,forearm_roll_negative,54,0.9,1.4336500498757232e-05,-0.9599500894546509,1.161268711090088,-0.04030594974756241,-0.29583218693733215,4.126706699025817e-05,-1.5962443740136223e-06,0.05006925389170647,-0.04989708214998245
1,forearm_roll_negative,55,0.9166666666666666,1.4299207578005735e-05,-0.9599501490592957,1.1612688302993774,-0.04113559052348137,-0.29583340883255005,4.146693026996218e-05,-1.6040277159845573e-06,0.050076600164175034,-0.049881596118211746
1,forearm_roll_negative,56,0.9333333333333333,1.4261378055380192e-05,-0.9599500894546509,1.1612690687179565,-0.04196523502469063,-0.295833557844162,4.164317942922935e-05,-1.6107470628412557e-06,0.05008392408490181,-0.04986538365483284
1,forearm_roll_negative,57,0.95,1.4223835023585707e-05,-0.9599500894546509,1.1612696647644043,-0.0427948497235775,-0.29583340883255005,4.1818784666247666e-05,-1.617414568499953e-06,0.05009128898382187,-0.04984848201274872
1,forearm_roll_negative,58,0.9666666666666667,1.4186377484293189e-05,-0.9599500298500061,1.1612697839736938,-0.043624456971883774,-0.2958332598209381,4.1989122109953314e-05,-1.623865387045953e-06,0.05009867250919342,-0.04983089864253998
1,forearm_roll_negative,59,0.9833333333333333,1.4149266462482046e-05,-0.9599501490592957,1.1612701416015625,-0.04445410892367363,-0.29583483934402466,4.214943328406662e-05,-1.629942062209011e-06,0.05010606348514557,-0.049812693148851395
1,forearm_roll_negative,60,1.0,1.4112315511738416e-05,-0.9599501490592957,1.1612703800201416,-0.04528377577662468,-0.29583507776260376,4.229825935908593e-05,-1.6357976164727006e-06,0.050113435834646225,-0.04979386553168297
1,forearm_roll_positive,1,0.016666666666666666,1.827652522479184e-05,-0.9597975015640259,1.1619586944580078,0.0017211962258443236,-0.2907477915287018,3.3220032946701394e-06,-1.3335174742223899e-07,0.04998987540602684,-0.05001043528318405
1,forearm_roll_positive,2,0.03333333333333333,1.6486377717228606e-05,-0.9599618315696716,1.1612614393234253,0.002399818040430546,-0.2931920289993286,8.817963959018016e-08,-6.781775141462276e-09,0.04998936131596565,-0.050011083483695984
1,forearm_roll_positive,3,0.05,1.6736663383198902e-05,-0.960048496723175,1.1606734991073608,0.002903673565015197,-0.29527491331100464,-2.3978688545867044e-07,6.2422618185564716e-09,0.04998926818370819,-0.05001130700111389
1,forearm_roll_positive,4,0.06666666666666667,1.6719644918339327e-05,-0.9599459171295166,1.1614218950271606,0.0035649777855724096,-0.29600632190704346,3.081537442994886e-07,-1.586845499446099e-08,0.04998931288719177,-0.05001135915517807
1,forearm_roll_positive,5,0.08333333333333333,1.7056991055142134e-05,-0.9598871469497681,1.1613389253616333,0.004330618306994438,-0.2946295142173767,-3.9603850154890097e-07,1.1322828008530905e-08,0.04998922348022461,-0.05001154541969299
1,forearm_roll_positive,6,0.1,1.6655621948302723e-05,-0.959977924823761,1.1612664461135864,0.005097042769193649,-0.2956715226173401,-1.757675590852159e-06,6.441585043148734e-08,0.04998893290758133,-0.05001194775104523
1,forearm_roll_positive,7,0.11666666666666667,1.680283276073169e-05,-0.959945559501648,1.1611331701278687,0.005842298734933138,-0.29645493626594543,-2.535945213821833e-06,9.475659368263223e-08,0.04998878017067909,-0.050012193620204926
1,forearm_roll_positive,8,0.13333333333333333,1.674257146078162e-05,-0.9599711298942566,1.161230206489563,0.00661425432190299,-0.2960277497768402,-3.02588250633562e-06,1.1377479580687577e-07,0.049988746643066406,-0.05001230910420418
1,forearm_roll_positive,9,0.15,1.6967658666544594e-05,-0.9599246382713318,1.1613198518753052,0.007427458185702562,-0.2953959107398987,-3.857546289509628e-06,1.4588701446882624e-07,0.04998866841197014,-0.0500124953687191
1,forearm_roll_positive,10,0.16666666666666666,1.6767822671681643e-05,-0.9599543809890747,1.1612735986709595,0.008250894024968147,-0.295526385307312,-5.2146101552352775e-06,1.988634750205165e-07,0.0499885231256485,-0.05001277104020119
1,forearm_roll_positive,11,0.18333333333333332,1.6794190742075443e-05,-0.9599477052688599,1.1612080335617065,0.009055690839886665,-0.2960972189903259,-6.24203312327154e-06,2.390605118307576e-07,0.04998841881752014,-0.050013016909360886
1,forearm_roll_positive,12,0.2,1.675339626672212e-05,-0.9599609375,1.1612104177474976,0.009861604310572147,-0.29603344202041626,-6.999208380875643e-06,2.6861337687478226e-07,0.04998842626810074,-0.05001317337155342
1,forearm_roll_positive,13,0.21666666666666667,1.687774420133792e-05,-0.9599403738975525,1.1612787246704102,0.010684890672564507,-0.29571226239204407,-7.848155291867442e-06,3.016939729150181e-07,0.049988459795713425,-0.05001334473490715
1,forearm_roll_positive,14,0.23333333333333334,1.6815958588267677e-05,-0.9599481225013733,1.1612701416015625,0.011518234387040138,-0.29559651017189026,-9.035127732204273e-06,3.481608814581705e-07,0.04998846724629402,-0.05001355707645416
1,forearm_roll_positive,15,0.25,1.68038131960202e-05,-0.9599477648735046,1.1612393856048584,0.012343160808086395,-0.2958942949771881,-1.0147410648642108e-05,3.916780428880884e-07,0.04998856410384178,-0.0500137023627758
1,forearm_roll_positive,16,0.26666666666666666,1.6775366020738147e-05,-0.9599546790122986,1.161218523979187,0.013162964954972267,-0.29596683382987976,-1.1046486179111525e-05,4.268011650765402e-07,0.04998878389596939,-0.05001373589038849
1,forearm_roll_positive,17,0.2833333333333333,1.683641858107876e-05,-0.9599470496177673,1.1612557172775269,0.013988553546369076,-0.29583975672721863,-1.192531726701418e-05,4.611182760072552e-07,0.04998907074332237,-0.0500137060880661
1,forearm_roll_positive,18,0.3,1.6832214896567166e-05,-0.9599470496177673,1.1612601280212402,0.014821453019976616,-0.29569366574287415,-1.3004244465264492e-05,5.032854346609383e-07,0.04998937249183655,-0.05001368746161461
1,forearm_roll_positive,19,0.31666666666666665,1.6819298252812587e-05,-0.9599477052688599,1.161250114440918,0.015652084723114967,-0.2958146929740906,-1.4121271306066774e-05,5.468920676321432e-07,0.049989718943834305,-0.05001361295580864
1,forearm_roll_positive,20,0.3333333333333333,1.6800076991785318e-05,-0.9599511623382568,1.1612286567687988,0.016478220000863075,-0.2958981394767761,-1.5109539162949659e-05,5.855865197190724e-07,0.04999015852808952,-0.050013456493616104
1,forearm_roll_positive,21,0.35,1.6825453712954186e-05,-0.9599493145942688,1.161244511604309,0.017305118963122368,-0.29587069153785706,-1.60361232701689e-05,6.218809289748606e-07,0.04999067261815071,-0.0500132255256176
1,forearm_roll_positive,22,0.36666666666666664,1.6838217561598867e-05,-0.9599472880363464,1.1612516641616821,0.018136324360966682,-0.2957667410373688,-1.7066111468011513e-05,6.622116188736982e-07,0.049991220235824585,-0.0500129759311676
1,forearm_roll_positive,23,0.38333333333333336,1.6832969777169637e-05,-0.9599477648735046,1.1612504720687866,0.018967868760228157,-0.2957949638366699,-1.8162814740207978e-05,7.049798114167061e-07,0.04999181255698204,-0.05001268908381462
1,forearm_roll_positive,24,0.4,1.682104448263999e-05,-0.959949791431427,1.1612367630004883,0.019796794280409813,-0.29585495591163635,-1.920203067129478e-05,7.457119863829575e-07,0.04999246820807457,-0.050012342631816864
1,forearm_roll_positive,25,0.4166666666666667,1.6828664229251444e-05,-0.9599493145942688,1.1612399816513062,0.020624877884984016,-0.29586538672447205,-2.017922633967828e-05,7.838756346245646e-07,0.04999318718910217,-0.05001193284988403
1,forearm_roll_positive,26,0.43333333333333335,1.684138442215044e-05,-0.9599483013153076,1.1612458229064941,0.02145499363541603,-0.29580986499786377,-2.1197602109168656e-05,8.238272357630194e-07,0.049993935972452164,-0.0500115230679512
1,forearm_roll_positive,27,0.45,1.6842488548718393e-05,-0.9599481821060181,1.1612471342086792,0.022286120802164078,-0.29580116271972656,-2.2276097297435626e-05,8.660708203933609e-07,0.04999469593167305,-0.05001113563776016
1,forearm_roll_positive,28,0.4666666666666667,1.683577647781931e-05,-0.9599488377571106,1.1612404584884644,0.023116130381822586,-0.29583343863487244,-2.334117380087264e-05,9.078111133931088e-07,0.04999546706676483,-0.05001077428460121
1,forearm_roll_positive,29,0.48333333333333334,1.6836163922562264e-05,-0.9599493741989136,1.1612390279769897,0.023945176973938942,-0.295851469039917,-2.4361679606954567e-05,9.478895321990422e-07,0.04999621585011482,-0.050010476261377335
1,forearm_roll_positive,30,0.5,1.6843519915710203e-05,-0.9599484801292419,1.1612417697906494,0.02477489598095417,-0.29582929611206055,-2.5389639631612226e-05,9.881664482236374e-07,0.04999687895178795,-0.050010327249765396
1,forearm_roll_positive,31,0.5166666666666667,1.6846081052790396e-05,-0.9599482417106628,1.1612441539764404,0.0256054624915123,-0.2958140969276428,-2.6456616978975944e-05,1.0298883807990933e-06,0.049997374415397644,-0.050010405480861664
1,forearm_roll_positive,32,0.5333333333333333,1.6842726836330257e-05,-0.9599485397338867,1.1612404584884644,0.02643577940762043,-0.295825332403183,-2.7527703423402272e-05,1.0719443253037753e-06,0.049997683614492416,-0.05001070350408554
1,forearm_roll_positive,33,0.55,1.6839903764775954e-05,-0.9599488973617554,1.1612391471862793,0.02726537175476551,-0.29584264755249023,-2.856699939002283e-05,1.1128759069833905e-06,0.04999779164791107,-0.05001124367117882
1,forearm_roll_positive,34,0.5666666666666667,1.6842755940160714e-05,-0.9599484205245972,1.161239504814148,0.028095083311200142,-0.295834481716156,-2.9595383239211515e-05,1.1533096540006227e-06,0.049997616559267044,-0.05001214146614075
1,forearm_roll_positive,35,0.5833333333333334,1.684399467194453e-05,-0.9599483609199524,1.1612409353256226,0.028925307095050812,-0.29582419991493225,-3.063744952669367e-05,1.1942114497287548e-06,0.04999707639217377,-0.05001349374651909
1,forearm_roll_positive,36,0.6,1.6842048353282735e-05,-0.9599484205245972,1.1612399816513062,0.029755545780062675,-0.29582691192626953,-3.16784244205337e-05,1.2351130180832115e-06,0.04999617114663124,-0.05001530051231384
1,forearm_roll_positive,37,0.6166666666666667,1.6838832380017266e-05,-0.9599486589431763,1.1612380743026733,0.03058544546365738,-0.2958356738090515,-3.269479566370137e-05,1.2749457027894096e-06,0.0499948188662529,-0.05001761391758919
1,forearm_roll_positive,38,0.6333333333333333,1.683863956714049e-05,-0.9599484801292419,1.1612383127212524,0.03141523525118828,-0.29583680629730225,-3.368479883647524e-05,1.3140277133061318e-06,0.04999297857284546,-0.05002051219344139
1,forearm_roll_positive,39,0.65,1.6839292584336363e-05,-0.9599484801292419,1.161238431930542,0.032245293259620667,-0.295829713344574,-3.4663669794099405e-05,1.352693971057306e-06,0.04999060928821564,-0.05002404749393463
1,forearm_roll_positive,40,0.6666666666666666,1.683862865320407e-05,-0.9599484205245972,1.1612383127212524,0.03307541087269783,-0.295830100774765,-3.562687197700143e-05,1.390541115142696e-06,0.049987755715847015,-0.05002822354435921
1,forearm_roll_positive,41,0.6833333333333333,1.6842121112858877e-05,-0.9599484205245972,1.161237120628357,0.03390536084771156,-0.2958340048789978,-3.65442901966162e-05,1.42656529078522e-06,0.04998442158102989,-0.05003318935632706
1,forearm_roll_positive,42,0.7,1.6854683053679764e-05,-0.9599483609199524,1.1612365245819092,0.03473510593175888,-0.29583629965782166,-3.7328863982111216e-05,1.457449911868025e-06,0.049980588257312775,-0.05003906041383743
1,forearm_roll_positive,43,0.7166666666666667,1.6873362255864777e-05,-0.9599483013153076,1.1612368822097778,0.0355648510158062,-0.2958342134952545,-3.801841376116499e-05,1.4846200429019518e-06,0.04997624084353447,-0.05004584416747093
1,forearm_roll_positive,44,0.7333333333333333,1.689641248958651e-05,-0.9599483609199524,1.1612365245819092,0.0363946408033371,-0.2958323359489441,-3.863307574647479e-05,1.5088616009961697e-06,0.04997134208679199,-0.05005352199077606
1,forearm_roll_positive,45,0.75,1.692453042778652e-05,-0.9599483013153076,1.1612359285354614,0.03722432628273964,-0.295835018157959,-3.9178332372102886e-05,1.530473014099698e-06,0.04996594414114952,-0.05006203055381775
1,forearm_roll_positive,46,0.7666666666666667,1.695691025815904e-05,-0.9599483013153076,1.1612350940704346,0.03805388882756233,-0.29583677649497986,-3.9640694012632594e-05,1.5488155895582167e-06,0.049960073083639145,-0.050071340054273605
1,forearm_roll_positive,47,0.7833333333333333,1.6992882592603564e-05,-0.9599483013153076,1.1612348556518555,0.038883406668901443,-0.2958366274833679,-4.0028709918260574e-05,1.5641564914403716e-06,0.049953825771808624,-0.05008142068982124
1,forearm_roll_positive,48,0.8,1.70309649547562e-05,-0.9599482417106628,1.1612344980239868,0.039712950587272644,-0.2958356738090515,-4.036163227283396e-05,1.577455691403884e-06,0.04994729161262512,-0.05009226128458977
1,forearm_roll_positive,49,0.8166666666666667,1.706952571112197e-05,-0.9599481821060181,1.1612342596054077,0.040542468428611755,-0.295836478471756,-4.06537001254037e-05,1.5891477005425259e-06,0.04994053766131401,-0.0501038059592247
1,forearm_roll_positive,50,0.8333333333333334,1.7108455722336657e-05,-0.9599481821060181,1.161233901977539,0.041371963918209076,-0.29583740234375,-4.091369919478893e-05,1.5996315596567001e-06,0.04993359372019768,-0.05011603981256485
1,forearm_roll_positive,51,0.85,1.7147538528661244e-05,-0.9599481225013733,1.1612334251403809,0.04220142588019371,-0.295837938785553,-4.114820694667287e-05,1.6088939673863933e-06,0.0499265193939209,-0.05012894794344902
1,forearm_roll_positive,52,0.8666666666666667,1.718652310955804e-05,-0.9599481821060181,1.1612330675125122,0.04303089529275894,-0.2958384156227112,-4.136307325097732e-05,1.6174201391550014e-06,0.04991932585835457,-0.05014250800013542
1,forearm_roll_positive,53,0.8833333333333333,1.7224696421180852e-05,-0.9599481821060181,1.1612327098846436,0.043860383331775665,-0.29583877325057983,-4.156756040174514e-05,1.625555682949198e-06,0.049912113696336746,-0.05015666410326958
1,forearm_roll_positive,54,0.9,1.7262191249756142e-05,-0.9599481225013733,1.161232352256775,0.04468987509608269,-0.29583919048309326,-4.176287256996147e-05,1.6334089423253317e-06,0.04990491271018982,-0.050171397626399994
1,forearm_roll_positive,55,0.9166666666666666,1.7299093087785877e-05,-0.9599481821060181,1.1612318754196167,0.04551936313509941,-0.29583966732025146,-4.1949493606807664e-05,1.6409240970460814e-06,0.04989774525165558,-0.05018668621778488
1,forearm_roll_positive,56,0.9333333333333333,1.7335831216769293e-05,-0.9599480628967285,1.1612313985824585,0.04634884372353554,-0.29584047198295593,-4.212268686387688e-05,1.6478254565299721e-06,0.04989062622189522,-0.05020258203148842
1,forearm_roll_positive,57,0.95,1.7372643924318254e-05,-0.9599481821060181,1.161231279373169,0.047178320586681366,-0.2958409786224365,-4.228266334393993e-05,1.6541840750505798e-06,0.04988355562090874,-0.050219133496284485
1,forearm_roll_positive,58,0.9666666666666667,1.74094493559096e-05,-0.9599481225013733,1.1612310409545898,0.048007797449827194,-0.29584094882011414,-4.2431791371200234e-05,1.6601619563516579e-06,0.04987657442688942,-0.050236329436302185
1,forearm_roll_positive,59,0.9833333333333333,1.7445723642595112e-05,-0.9599480032920837,1.161230206489563,0.048837289214134216,-0.29584139585494995,-4.257039836375043e-05,1.6658080994602642e-06,0.04986969009041786,-0.05025415122509003
1,forearm_roll_positive,60,1.0,1.748162139847409e-05,-0.9599481225013733,1.1612298488616943,0.049666762351989746,-0.2958432734012604,-4.269827695679851e-05,1.6710173440515064e-06,0.04986291006207466,-0.05027255788445473
1,wrist_angle_negative,1,0.016666666666666666,1.763600084814243e-05,-0.95980304479599,1.1618143320083618,0.0011790221324190497,-0.2872526943683624,1.5860365465414361e-06,-6.368860283600952e-08,0.049987584352493286,-0.05001278221607208
1,wrist_angle_negative,2,0.03333333333333333,1.5785433788551018e-05,-0.9598947167396545,1.1616990566253662,0.0013438294408842921,-0.28976383805274963,-1.0565587444943958e-06,3.9562202402976254e-08,0.04998711869120598,-0.05001339316368103
1,wrist_angle_negative,3,0.05,1.5930567315081134e-05,-0.9600338339805603,1.1606029272079468,0.001227154745720327,-0.29264429211616516,-1.249442107109644e-06,4.7702435779228836e-08,0.049986809492111206,-0.050013795495033264
1,wrist_angle_negative,4,0.06666666666666667,1.5620558770024218e-05,-0.9599951505661011,1.161219835281372,0.0011275000870227814,-0.2952852249145508,-7.4167411412418e-07,2.7993520390623416e-08,0.04998647794127464,-0.0500141866505146
1,wrist_angle_negative,5,0.08333333333333333,1.6046102246036753e-05,-0.9599010944366455,1.161405086517334,0.0011455811327323318,-0.295247346162796,-3.0751317581234616e-07,1.110363623268995e-08,0.04998607933521271,-0.050014641135931015
1,wrist_angle_negative,6,0.1,1.5595929653500207e-05,-0.9599653482437134,1.1612451076507568,0.0011564606102183461,-0.2964169681072235,-6.35896014955506e-07,2.4449128943615506e-08,0.049985695630311966,-0.05001511052250862
1,wrist_angle_negative,7,0.11666666666666667,1.57539780047955e-05,-0.9599526524543762,1.1611272096633911,0.0011189586948603392,-0.2978377342224121,-6.24036999852251e-07,2.4248233643220374e-08,0.049985308200120926,-0.050015561282634735
1,wrist_angle_negative,8,0.13333333333333333,1.562822399137076e-05,-0.9599660038948059,1.161244511604309,0.0011028425069525838,-0.2986205220222473,-4.3424887508081156e-07,1.685572215137654e-08,0.04998493194580078,-0.05001601204276085
1,wrist_angle_negative,9,0.15,1.5782765331096016e-05,-0.9599347114562988,1.1612740755081177,0.0011046710424125195,-0.29918408393859863,-3.331851985421963e-07,1.2947481309311115e-08,0.04998456686735153,-0.05001647397875786
1,wrist_angle_negative,10,0.16666666666666666,1.5636045645806007e-05,-0.9599659442901611,1.1612454652786255,0.0011036236537620425,-0.30011627078056335,-3.77273153162605e-07,1.4833782202572365e-08,0.04998418688774109,-0.05001693591475487
1,wrist_angle_negative,11,0.18333333333333332,1.5718487702542916e-05,-0.9599494338035583,1.1612122058868408,0.0010919017950072885,-0.3011472523212433,-3.485999968688702e-07,1.3803331810890995e-08,0.049983810633420944,-0.05001739785075188
1,wrist_angle_negative,12,0.2,1.565648017276544e-05,-0.9599642753601074,1.1612284183502197,0.0010834929998964071,-0.3019310534000397,-2.896554178732913e-07,1.154264328562249e-08,0.049983441829681396,-0.050017859786748886
1,wrist_angle_negative,13,0.21666666666666667,1.5732734027551487e-05,-0.9599469900131226,1.1612441539764404,0.0010805383790284395,-0.30267414450645447,-2.231843154731905e-07,8.943851881326736e-09,0.04998307302594185,-0.050018321722745895
1,wrist_angle_negative,14,0.23333333333333334,1.5680730939493515e-05,-0.9599596858024597,1.1612392663955688,0.0010786523343995214,-0.3035031259059906,-2.1275212702676072e-07,8.599354117677649e-09,0.0499827079474926,-0.050018783658742905
1,wrist_angle_negative,15,0.25,1.5722658645245247e-05,-0.9599522352218628,1.161225438117981,0.0010729795321822166,-0.3044132888317108,-1.8746501950772654e-07,7.665371448695169e-09,0.04998233914375305,-0.050019245594739914
1,wrist_angle_negative,16,0.26666666666666666,1.569799496792257e-05,-0.9599595665931702,1.1612262725830078,0.0010673323413357139,-0.30524739623069763,-1.533984885782047e-07,6.375647565448617e-09,0.0499819740653038,-0.05001970753073692
1,wrist_angle_negative,17,0.2833333333333333,1.5737226931378245e-05,-0.959952175617218,1.1612318754196167,0.0010633674683049321,-0.3060538172721863,-1.0829313623617054e-07,4.586175883503074e-09,0.04998161271214485,-0.05002016946673393
1,wrist_angle_negative,18,0.3,1.572164910612628e-05,-0.9599573016166687,1.161231517791748,0.0010604418348520994,-0.306873083114624,-8.320500910485862e-08,3.594335939993698e-09,0.0499812588095665,-0.05002063512802124
1,wrist_angle_negative,19,0.31666666666666665,1.574558518768754e-05,-0.9599540829658508,1.1612257957458496,0.001056325389072299,-0.30773258209228516,-5.5643695873186516e-08,2.539669807788414e-09,0.04998089745640755,-0.05002110078930855
1,wrist_angle_negative,20,0.3333333333333333,1.5738949514343403e-05,-0.959957480430603,1.161224365234375,0.0010519229108467698,-0.30857279896736145,-2.7235671495873248e-08,1.3814922539268082e-09,0.04998054355382919,-0.05002156272530556
1,wrist_angle_negative,21,0.35,1.5760742826387286e-05,-0.9599542617797852,1.1612253189086914,0.0010479501215741038,-0.3094007670879364,7.754302089324483e-09,-1.4425349803559584e-11,0.04998018965125084,-0.050022024661302567
1,wrist_angle_negative,22,0.36666666666666664,1.575922578922473e-05,-0.9599565267562866,1.161225438117981,0.0010445142397657037,-0.31022700667381287,3.5546456444990326e-08,-1.144611516679106e-09,0.049979835748672485,-0.050022486597299576
1,wrist_angle_negative,23,0.38333333333333336,1.5774794519529678e-05,-0.9599547982215881,1.1612224578857422,0.0010407579829916358,-0.3110695481300354,6.370919436449185e-08,-2.2544703881521855e-09,0.04997948184609413,-0.050022948533296585
1,wrist_angle_negative,24,0.4,1.5776187865412794e-05,-0.9599565863609314,1.1612207889556885,0.0010368275688961148,-0.3119078278541565,9.169772852146707e-08,-3.3600473514638907e-09,0.049979131668806076,-0.050023410469293594
1,wrist_angle_negative,25,0.4166666666666667,1.5790494217071682e-05,-0.9599553346633911,1.1612203121185303,0.0010329775977879763,-0.3127416968345642,1.2303172525207628e-07,-4.5987924579549144e-09,0.04997877776622772,-0.050023872405290604
1,wrist_angle_negative,26,0.43333333333333335,1.579443778609857e-05,-0.9599563479423523,1.161219835281372,0.0010293872328475118,-0.31357231736183167,1.519756267498451e-07,-5.808642455917834e-09,0.04997842758893967,-0.05002433434128761
1,wrist_angle_negative,27,0.45,1.5805992006789893e-05,-0.9599555134773254,1.1612184047698975,0.0010257232934236526,-0.314409464597702,1.803873317385296e-07,-6.99614099985979e-09,0.04997808113694191,-0.05002479627728462
1,wrist_angle_negative,28,0.4666666666666667,1.581090509716887e-05,-0.9599562287330627,1.1612166166305542,0.001022010575979948,-0.31524598598480225,2.0836671410506824e-07,-8.124880324089645e-09,0.04997773468494415,-0.05002525821328163
1,wrist_angle_negative,29,0.48333333333333334,1.5821489796508104e-05,-0.9599558115005493,1.1612156629562378,0.0010182621190324426,-0.3160818815231323,2.3733537091175094e-07,-9.288145363939293e-09,0.049977388232946396,-0.05002572014927864
1,wrist_angle_negative,30,0.5,1.5827707102289423e-05,-0.9599559903144836,1.1612147092819214,0.0010146397398784757,-0.31691494584083557,2.6586019430396846e-07,-1.0435575958922527e-08,0.04997704178094864,-0.05002618208527565
1,wrist_angle_negative,31,0.5166666666666667,1.5837018509046175e-05,-0.9599559307098389,1.161213994026184,0.001011026673950255,-0.31775033473968506,2.940358854175429e-07,-1.160024609703214e-08,0.04997669532895088,-0.05002664402127266
1,wrist_angle_negative,32,0.5333333333333333,1.5843688743188977e-05,-0.959956169128418,1.1612128019332886,0.0010074127931147814,-0.3185860514640808,3.216887307644356e-07,-1.2717050523747275e-08,0.049976348876953125,-0.05002710595726967
1,wrist_angle_negative,33,0.55,1.585222162248101e-05,-0.9599558711051941,1.1612114906311035,0.0010037694592028856,-0.31942218542099,3.4972077855854877e-07,-1.3925038899742503e-08,0.04997600242495537,-0.05002756789326668
1,wrist_angle_negative,34,0.5666666666666667,1.585919744684361e-05,-0.9599563479423523,1.1612104177474976,0.0010001558111980557,-0.3202569782733917,3.775782602133404e-07,-1.5082335380611767e-08,0.04997565969824791,-0.05002802982926369
1,wrist_angle_negative,35,0.5833333333333334,1.5867541151237674e-05,-0.9599559903144836,1.1612094640731812,0.000996559509076178,-0.3210921585559845,4.0568150438957673e-07,-1.62705813266939e-08,0.04997531697154045,-0.050028495490550995
1,wrist_angle_negative,36,0.6,1.5874415112193674e-05,-0.9599563479423523,1.1612082719802856,0.000993007211945951,-0.3219270408153534,4.332929677275388e-07,-1.743126887276958e-08,0.04997497424483299,-0.0500289611518383
1,wrist_angle_negative,37,0.6166666666666667,1.5882396837696433e-05,-0.9599561095237732,1.161206603050232,0.0009894265094771981,-0.3227629065513611,4.606470724866085e-07,-1.8614612073974968e-08,0.049974631518125534,-0.05002942681312561
1,wrist_angle_negative,38,0.6333333333333333,1.588926897966303e-05,-0.9599564671516418,1.1612058877944946,0.0009858518606051803,-0.32359808683395386,4.882864459432312e-07,-1.9790279637277308e-08,0.049974288791418076,-0.05002989247441292
1,wrist_angle_negative,39,0.65,1.5897208868409507e-05,-0.9599562287330627,1.1612048149108887,0.0009823308791965246,-0.3244326114654541,5.159715783520369e-07,-2.1003689454346386e-08,0.04997394606471062,-0.050030358135700226
1,wrist_angle_negative,40,0.6666666666666666,1.590386818861589e-05,-0.9599565267562866,1.1612039804458618,0.0009788222378119826,-0.32526788115501404,5.431285785562068e-07,-2.217857897335307e-08,0.04997360706329346,-0.050030823796987534
1,wrist_angle_negative,41,0.6833333333333333,1.5911500668153167e-05,-0.9599564075469971,1.1612027883529663,0.0009753035847097635,-0.32610374689102173,5.706544357053644e-07,-2.3367347168345987e-08,0.0499732680618763,-0.05003128945827484
1,wrist_angle_negative,42,0.7,1.5918147255433723e-05,-0.9599566459655762,1.1612014770507812,0.0009717902285046875,-0.3269389867782593,5.979254638077691e-07,-2.4533994391617853e-08,0.04997292906045914,-0.05003175511956215
1,wrist_angle_negative,43,0.7166666666666667,1.5925555999274366e-05,-0.9599564671516418,1.1612005233764648,0.0009682808304205537,-0.32777419686317444,6.257909603846201e-07,-2.5734202324656508e-08,0.049972593784332275,-0.05003222078084946
1,wrist_angle_negative,44,0.7333333333333333,1.59321916726185e-05,-0.9599565863609314,1.1611992120742798,0.0009648234117776155,-0.32860878109931946,6.531245730911905e-07,-2.6918824502786265e-08,0.04997226223349571,-0.050032686442136765
1,wrist_angle_negative,45,0.75,1.5939320292090997e-05,-0.9599566459655762,1.1611981391906738,0.000961348123382777,-0.3294442296028137,6.800881351409771e-07,-2.811263044577572e-08,0.04997193068265915,-0.05003315210342407
1,wrist_angle_negative,46,0.7666666666666667,1.5945943232509308e-05,-0.9599566459655762,1.1611968278884888,0.0009578951285220683,-0.3302791714668274,7.076030783537135e-07,-2.9286484348745034e-08,0.049971602857112885,-0.05003361776471138
1,wrist_angle_negative,47,0.7833333333333333,1.595277717569843e-05,-0.9599566459655762,1.1611958742141724,0.0009544495842419565,-0.33111435174942017,7.350030841735133e-07,-3.050475783084039e-08,0.04997127503156662,-0.05003408342599869
1,wrist_angle_negative,48,0.8,1.5959401935106143e-05,-0.9599568247795105,1.1611946821212769,0.000951034075114876,-0.3319493532180786,7.618132826792134e-07,-3.1683615731026293e-08,0.049970947206020355,-0.050034549087285995
1,wrist_angle_negative,49,0.8166666666666667,1.5966081264195964e-05,-0.9599565863609314,1.1611933708190918,0.0009476097766309977,-0.3327848017215729,7.886897037678864e-07,-3.285896355009754e-08,0.04997061938047409,-0.0500350147485733
1,wrist_angle_negative,50,0.8333333333333334,1.597247683093883e-05,-0.9599568843841553,1.1611924171447754,0.0009442050941288471,-0.33361974358558655,8.153850785674877e-07,-3.404776194315673e-08,0.049970291554927826,-0.05003548040986061
1,wrist_angle_negative,51,0.85,1.5979205272742547e-05,-0.9599568843841553,1.1611912250518799,0.0009408178157173097,-0.33445486426353455,8.419663117820164e-07,-3.524240455021754e-08,0.04996996372938156,-0.05003594607114792
1,wrist_angle_negative,52,0.8666666666666667,1.598540802660864e-05,-0.9599567651748657,1.161190152168274,0.0009374356013722718,-0.33528998494148254,8.688019761393662e-07,-3.646259116862893e-08,0.0499696359038353,-0.050036411732435226
1,wrist_angle_negative,53,0.8833333333333333,1.599183633516077e-05,-0.9599568247795105,1.1611889600753784,0.0009340775432065129,-0.3361251652240753,8.954766599345021e-07,-3.7645126127472395e-08,0.04996930807828903,-0.050036877393722534
1,wrist_angle_negative,54,0.9,1.5998006347217597e-05,-0.9599569439888,1.161187767982483,0.0009307156433351338,-0.33696049451828003,9.219226058121421e-07,-3.883330634835147e-08,0.04996898025274277,-0.05003734305500984
1,wrist_angle_negative,55,0.9166666666666666,1.600431278347969e-05,-0.9599568247795105,1.1611870527267456,0.0009273658506572247,-0.3377956748008728,9.486299177297042e-07,-4.002860620744286e-08,0.0499686524271965,-0.05003780871629715
1,wrist_angle_negative,56,0.9333333333333333,1.601034455234185e-05,-0.9599568247795105,1.161185622215271,0.0009240593644790351,-0.3386304974555969,9.74564272837597e-07,-4.1233327863210434e-08,0.04996832460165024,-0.05003827437758446
1,wrist_angle_negative,57,0.95,1.6016334484447725e-05,-0.9599570631980896,1.1611841917037964,0.0009207215043716133,-0.339466392993927,1.000984525489912e-06,-4.242144058252961e-08,0.04996800050139427,-0.050038740038871765
1,wrist_angle_negative,58,0.9666666666666667,1.6022419004002586e-05,-0.9599570631980896,1.1611829996109009,0.000917387951631099,-0.3403015732765198,1.0272954114043387e-06,-4.3626243950711796e-08,0.049967676401138306,-0.05003920570015907
1,wrist_angle_negative,59,0.9833333333333333,1.6028365280362777e-05,-0.9599569439888,1.161181926727295,0.0009141010814346373,-0.34113579988479614,1.0533693739489536e-06,-4.4849574720728924e-08,0.04996735230088234,-0.05003967136144638
1,wrist_angle_negative,60,1.0,1.6034191503422335e-05,-0.9599570631980896,1.1611812114715576,0.0009108385420404375,-0.3419707715511322,1.079134790415992e-06,-4.603115044687911e-08,0.04996702820062637,-0.05004013702273369
1,wrist_angle_positive,1,0.016666666666666666,1.770208473317325e-05,-0.9597831964492798,1.1617457866668701,0.0011559497797861695,-0.285491943359375,1.758455255185254e-06,-7.055473361106124e-08,0.04998745769262314,-0.05001290142536163
1,wrist_angle_positive,2,0.03333333333333333,1.584589517733548e-05,-0.9598560333251953,1.1618231534957886,0.001340413698926568,-0.2862868905067444,-7.598052889079554e-07,2.7559377002717156e-08,0.04998686909675598,-0.050013646483421326
1,wrist_angle_positive,3,0.05,1.5832329154363833e-05,-0.9600298404693604,1.1606299877166748,0.0012439793208613992,-0.28830716013908386,-1.525020365988894e-06,5.8003777780868404e-08,0.04998651519417763,-0.05001409724354744
1,wrist_angle_positive,4,0.06666666666666667,1.5542296750936657e-05,-0.959998369216919,1.161124587059021,0.001124590984545648,-0.2895455062389374,-7.882854333729483e-07,2.9580915494875626e-08,0.04998614639043808,-0.050014521926641464
1,wrist_angle_positive,5,0.08333333333333333,1.6350855730706826e-05,-0.9598857164382935,1.1614083051681519,0.001128105097450316,-0.2861320674419403,6.012189714965643e-07,-2.4640847584578296e-08,0.04998566210269928,-0.05001502484083176
1,wrist_angle_positive,6,0.1,1.58121511049103e-05,-0.959934651851654,1.1614574193954468,0.0011936872033402324,-0.28501230478286743,7.223943043754844e-08,-3.766913003744321e-09,0.04998518526554108,-0.05001560226082802
1,wrist_angle_positive,7,0.11666666666666667,1.5772375263622962e-05,-0.9599326848983765,1.1611614227294922,0.0011878303484991193,-0.2859184145927429,-4.5288160777090525e-07,1.6906561484120175e-08,0.04998479783535004,-0.050016097724437714
1,wrist_angle_positive,8,0.13333333333333333,1.554466325615067e-05,-0.9599860906600952,1.1611018180847168,0.0011374900350347161,-0.28573015332221985,-3.816919615928782e-07,1.4445693530262815e-08,0.0499844029545784,-0.05001658573746681
1,wrist_angle_positive,9,0.15,1.5954918126226403e-05,-0.959921658039093,1.161309003829956,0.0011243704939261079,-0.28377512097358704,3.99610598833533e-07,-1.5753403914686714e-08,0.04998395964503288,-0.05001707747578621
1,wrist_angle_positive,10,0.16666666666666666,1.580786374688614e-05,-0.9599303007125854,1.1613898277282715,0.0011641538003459573,-0.2820780575275421,4.012854049051384e-07,-1.572320762477375e-08,0.049983520060777664,-0.05001760646700859
1,wrist_angle_positive,11,0.18333333333333332,1.5722520402050577e-05,-0.9599298238754272,1.1612838506698608,0.00118325836956501,-0.28211045265197754,7.464223017450422e-09,-4.860782887305959e-10,0.04998314753174782,-0.05001810938119888
1,wrist_angle_positive,12,0.2,1.555424569232855e-05,-0.9599624872207642,1.1611506938934326,0.0011608953354880214,-0.28193676471710205,-1.3074985361072322e-07,4.980869938719934e-09,0.04998277872800827,-0.05001859739422798
1,wrist_angle_positive,13,0.21666666666666667,1.5729650840512477e-05,-0.9599395394325256,1.1612608432769775,0.001144296140410006,-0.28079357743263245,2.5128213110292563e-07,-9.662850963820802e-09,0.04998239502310753,-0.05001908540725708
1,wrist_angle_positive,14,0.23333333333333334,1.5739988157292828e-05,-0.9599305987358093,1.1613337993621826,0.0011633126996457577,-0.2791638672351837,4.415088596942951e-07,-1.6910775002543232e-08,0.0499819815158844,-0.05001958832144737
1,wrist_angle_positive,15,0.25,1.5685043763369322e-05,-0.9599313735961914,1.1613208055496216,0.0011856274213641882,-0.2785884439945221,2.618933194753481e-07,-1.0017186191646488e-08,0.04998160898685455,-0.05002008378505707
1,wrist_angle_positive,16,0.26666666666666666,1.5563980923616327e-05,-0.9599477648735046,1.1612104177474976,0.0011814284371212125,-0.278257817029953,7.774059440635028e-08,-2.8883255787093276e-09,0.049981240183115005,-0.050020575523376465
1,wrist_angle_positive,17,0.2833333333333333,1.561589670018293e-05,-0.9599447846412659,1.1612449884414673,0.0011686080833896995,-0.2774869203567505,2.376275460846955e-07,-8.959000652453142e-09,0.04998087137937546,-0.050021059811115265
1,wrist_angle_positive,18,0.3,1.5660569260944612e-05,-0.9599338173866272,1.1612998247146606,0.001175250275991857,-0.27613773941993713,4.2986914650100516e-07,-1.62329669706196e-08,0.049980491399765015,-0.05002155527472496
1,wrist_angle_positive,19,0.31666666666666665,1.564143894938752e-05,-0.9599330425262451,1.1613203287124634,0.0011929230531677604,-0.2752431631088257,4.057645810462418e-07,-1.5267669795093752e-08,0.04998011514544487,-0.05002204701304436
1,wrist_angle_positive,20,0.3333333333333333,1.556224378873594e-05,-0.9599406123161316,1.1612569093704224,0.0011981091229245067,-0.27471473813056946,2.629424216138432e-07,-9.804676182056937e-09,0.04997975006699562,-0.050022538751363754
1,wrist_angle_positive,21,0.35,1.5553488992736675e-05,-0.9599437713623047,1.161248803138733,0.0011916585499420762,-0.2740577459335327,2.9741909202130046e-07,-1.1063931992794096e-08,0.04997938498854637,-0.050023023039102554
1,wrist_angle_positive,22,0.36666666666666664,1.5590214388794266e-05,-0.9599372148513794,1.1612823009490967,0.0011925959261134267,-0.2729712426662445,4.451913468983548e-07,-1.6654986723096954e-08,0.049979016184806824,-0.05002351105213165
1,wrist_angle_positive,23,0.38333333333333336,1.559099655423779e-05,-0.959934413433075,1.161310076713562,0.001204432686790824,-0.2719743847846985,4.925237817587913e-07,-1.8415406088934105e-08,0.049978651106357574,-0.05002399906516075
1,wrist_angle_positive,24,0.4,1.5542556866421364e-05,-0.959937334060669,1.1612826585769653,0.0012130390387028456,-0.2712755501270294,4.1287751173513243e-07,-1.534793803159573e-08,0.049978289753198624,-0.05002448707818985
1,wrist_angle_positive,25,0.4166666666666667,1.5514413462369703e-05,-0.9599414467811584,1.161262035369873,0.001212151488289237,-0.2706123888492584,3.9977655319489713e-07,-1.4788270163990092e-08,0.04997793212532997,-0.05002497136592865
1,wrist_angle_positive,26,0.43333333333333335,1.55302113853395e-05,-0.9599388241767883,1.1612766981124878,0.0012118506710976362,-0.2696968615055084,4.911954079034331e-07,-1.8164602266779184e-08,0.04997757449746132,-0.05002545937895775
1,wrist_angle_positive,27,0.45,1.553751280880533e-05,-0.9599356651306152,1.1613001823425293,0.0012191610876470804,-0.26871225237846375,5.606449917650025e-07,-2.074726701550844e-08,0.04997721686959267,-0.05002594739198685
1,wrist_angle_positive,28,0.4666666666666667,1.551155037304852e-05,-0.959936261177063,1.161293864250183,0.0012278150534257293,-0.267902135848999,5.38806602889963e-07,-1.9864609512865172e-08,0.049976859241724014,-0.050026435405015945
1,wrist_angle_positive,29,0.48333333333333334,1.548093860037625e-05,-0.9599394202232361,1.1612763404846191,0.0012307174038141966,-0.26719099283218384,5.146962394064758e-07,-1.8923696387673772e-08,0.04997650533914566,-0.050026919692754745
1,wrist_angle_positive,30,0.5,1.5479319699807093e-05,-0.9599388241767883,1.1612786054611206,0.0012312860926613212,-0.26636138558387756,5.630665214084729e-07,-2.066152937629795e-08,0.049976151436567307,-0.050027403980493546
1,wrist_angle_positive,31,0.5166666666666667,1.5484298273804598e-05,-0.9599367380142212,1.1612945795059204,0.0012359492247924209,-0.26542750000953674,6.283055995481845e-07,-2.3049663511187646e-08,0.04997579753398895,-0.050027888268232346
1,wrist_angle_positive,32,0.5333333333333333,1.5470883226953447e-05,-0.9599360227584839,1.1612979173660278,0.0012433839729055762,-0.2645655870437622,6.409612751667737e-07,-2.34696635459386e-08,0.0499754436314106,-0.050028372555971146
1,wrist_angle_positive,33,0.55,1.5445164535776712e-05,-0.9599379301071167,1.161287546157837,0.0012482200982049108,-0.2637995779514313,6.278563660089276e-07,-2.291509915153256e-08,0.049975089728832245,-0.050028856843709946
1,wrist_angle_positive,34,0.5666666666666667,1.543368307466153e-05,-0.9599382877349854,1.1612842082977295,0.0012502921745181084,-0.26300033926963806,6.506861609523185e-07,-2.3724160413962636e-08,0.04997473955154419,-0.05002933740615845
1,wrist_angle_positive,35,0.5833333333333334,1.543260987091344e-05,-0.9599372744560242,1.1612926721572876,0.0012538355076685548,-0.2621161937713623,7.017574716883246e-07,-2.555909439649895e-08,0.04997439309954643,-0.05002981796860695
1,wrist_angle_positive,36,0.6,1.542476275062654e-05,-0.959936261177063,1.161299467086792,0.001259886659681797,-0.2612417936325073,7.311825811484596e-07,-2.6585539103507472e-08,0.049974046647548676,-0.05003029853105545
1,wrist_angle_positive,37,0.6166666666666667,1.540506855235435e-05,-0.9599369168281555,1.1612948179244995,0.0012654298916459084,-0.26043227314949036,7.324145485654299e-07,-2.6542549491637146e-08,0.04997370019555092,-0.05003077909350395
1,wrist_angle_positive,38,0.6333333333333333,1.5389601685456e-05,-0.9599377512931824,1.1612907648086548,0.0012688273563981056,-0.25963518023490906,7.451923806911509e-07,-2.694147127613178e-08,0.04997335374355316,-0.050031259655952454
1,wrist_angle_positive,39,0.65,1.5383062418550253e-05,-0.9599372148513794,1.1612939834594727,0.0012721926905214787,-0.2587844729423523,7.814039690856589e-07,-2.823543532315398e-08,0.0499730110168457,-0.05003173649311066
1,wrist_angle_positive,40,0.6666666666666666,1.5376057490357198e-05,-0.9599365592002869,1.1613004207611084,0.0012772586196660995,-0.2579162120819092,8.152429700203356e-07,-2.9421480363112096e-08,0.049972668290138245,-0.05003221333026886
1,wrist_angle_positive,41,0.6833333333333333,1.53611308633117e-05,-0.9599363803863525,1.1612999439239502,0.0012827982427552342,-0.2570818066596985,8.286364732157381e-07,-2.9849701377315796e-08,0.049972325563430786,-0.05003269016742706
1,wrist_angle_positive,42,0.7,1.5344729035859928e-05,-0.9599370956420898,1.161297082901001,0.0012870959471911192,-0.2562735378742218,8.405055496041314e-07,-3.0199586831258785e-08,0.049971986562013626,-0.050033167004585266
1,wrist_angle_positive,43,0.7166666666666667,1.5334308045567013e-05,-0.959936797618866,1.1612974405288696,0.0012907532509416342,-0.25544092059135437,8.667394695294206e-07,-3.112304725050308e-08,0.049971651285886765,-0.05003364384174347
1,wrist_angle_positive,44,0.7333333333333333,1.5325840649893507e-05,-0.9599363803863525,1.161301851272583,0.0012952592223882675,-0.2545849084854126,8.990772357719834e-07,-3.220135269543789e-08,0.0499713197350502,-0.050034116953611374
1,wrist_angle_positive,45,0.75,1.531376074126456e-05,-0.9599361419677734,1.1613037586212158,0.0013005034998059273,-0.25374048948287964,9.198469683724397e-07,-3.286670491320365e-08,0.04997098818421364,-0.05003459006547928
1,wrist_angle_positive,46,0.7666666666666667,1.529815017420333e-05,-0.9599364995956421,1.1613023281097412,0.0013052740832790732,-0.2529182732105255,9.33438627725991e-07,-3.3309238034462396e-08,0.049970656633377075,-0.05003506317734718
1,wrist_angle_positive,47,0.7833333333333333,1.5285409972420894e-05,-0.9599364399909973,1.1613019704818726,0.0013093576999381185,-0.2520921528339386,9.54285269472166e-07,-3.399011916371819e-08,0.04997033253312111,-0.05003553628921509
1,wrist_angle_positive,48,0.8,1.527502536191605e-05,-0.9599361419677734,1.1613044738769531,0.0013136863708496094,-0.25124701857566833,9.817445061344188e-07,-3.49124711362947e-08,0.04997001215815544,-0.050036005675792694
1,wrist_angle_positive,49,0.8166666666666667,1.526364758319687e-05,-0.95993572473526,1.1613068580627441,0.0013186360010877252,-0.2504011392593384,1.005688204713806e-06,-3.5689218691459246e-08,0.049969691783189774,-0.0500364750623703
1,wrist_angle_positive,50,0.8333333333333334,1.5249251191562507e-05,-0.9599358439445496,1.1613065004348755,0.0013235644437372684,-0.24956952035427094,1.0230858151771827e-06,-3.622859168217474e-08,0.049969371408224106,-0.050036944448947906
1,wrist_angle_positive,51,0.85,1.5235541468427982e-05,-0.9599360227584839,1.1613065004348755,0.0013279836857691407,-0.24874331057071686,1.0415186579848523e-06,-3.6783553980512806e-08,0.04996905475854874,-0.05003741383552551
1,wrist_angle_positive,52,0.8666666666666667,1.5223630725813564e-05,-0.9599358439445496,1.1613078117370605,0.0013323649764060974,-0.24790415167808533,1.0654083553163218e-06,-3.7531808771973374e-08,0.04996873810887337,-0.05003787949681282
1,wrist_angle_positive,53,0.8833333333333333,1.5211827303573955e-05,-0.95993572473526,1.1613097190856934,0.0013371523236855865,-0.24706073105335236,1.089540774046327e-06,-3.83291229866245e-08,0.049968421459198,-0.05003834515810013
1,wrist_angle_positive,54,0.9,1.51982558236341e-05,-0.9599356651306152,1.1613106727600098,0.0013420616742223501,-0.24622513353824615,1.1087400935139158e-06,-3.894087896583187e-08,0.04996810480952263,-0.050038810819387436
1,wrist_angle_positive,55,0.9166666666666666,1.5184151379799005e-05,-0.9599354863166809,1.1613106727600098,0.0013467317912727594,-0.24539412558078766,1.1273676818746026e-06,-3.9541234286843974e-08,0.04996779188513756,-0.050039276480674744
1,wrist_angle_positive,56,0.9333333333333333,1.5171135601121932e-05,-0.9599356651306152,1.1613115072250366,0.0013512666337192059,-0.24455931782722473,1.149275135503558e-06,-4.0220765384901824e-08,0.04996747896075249,-0.05003973841667175
1,wrist_angle_positive,57,0.95,1.515868916612817e-05,-0.9599354863166809,1.1613126993179321,0.001355960383079946,-0.24371953308582306,1.171652343145979e-06,-4.09508196241859e-08,0.049967169761657715,-0.05004020035266876
1,wrist_angle_positive,58,0.9666666666666667,1.514533141744323e-05,-0.9599354267120361,1.1613143682479858,0.0013608107110485435,-0.2428819090127945,1.1925176295335405e-06,-4.157037025720456e-08,0.04996686056256294,-0.05004066228866577
1,wrist_angle_positive,59,0.9833333333333333,1.5131324289541226e-05,-0.9599354267120361,1.161314606666565,0.001365644158795476,-0.24204669892787933,1.2113667935409467e-06,-4.216992977035261e-08,0.04996655508875847,-0.05004112422466278
1,wrist_angle_positive,60,1.0,1.5117363545869011e-05,-0.9599354267120361,1.1613155603408813,0.0013703308068215847,-0.24121379852294922,1.2312157195992768e-06,-4.278664889056927e-08,0.049966249614953995,-0.05004158243536949
1,wrist_rotate_negative,1,0.016666666666666666,1.7474663764005527e-05,-0.9597975611686707,1.161957859992981,0.0012324247509241104,-0.2907524108886719,-0.00022005547361914068,-4.8637520677630164e-08,0.04998787119984627,-0.0500124990940094
1,wrist_rotate_negative,2,0.03333333333333333,1.5694247849751264e-05,-0.9599622488021851,1.1612616777420044,0.0013232302153483033,-0.29319557547569275,-0.0006063524051569402,5.345495424080582e-08,0.0499875508248806,-0.05001290887594223
1,wrist_rotate_negative,3,0.05,1.6057208995334804e-05,-0.9600485563278198,1.160674810409546,0.0011746810050681233,-0.2952754497528076,-0.0011090991320088506,4.2799925381586945e-08,0.049987707287073135,-0.05001283064484596
1,wrist_rotate_negative,4,0.06666666666666667,1.6187765140784904e-05,-0.9599459171295166,1.161422610282898,0.0011368001578375697,-0.2960064113140106,-0.0016982058295980096,-1.9680440388469833e-08,0.049987997859716415,-0.050012584775686264
1,wrist_rotate_negative,5,0.08333333333333333,1.666983007453382e-05,-0.9598873853683472,1.1613397598266602,0.0011689976090565324,-0.29463106393814087,-0.002352530835196376,-4.940461195701573e-08,0.04998791590332985,-0.0500127337872982
1,wrist_rotate_negative,6,0.1,1.642289134906605e-05,-0.9599779844284058,1.1612681150436401,0.001176458434201777,-0.29567191004753113,-0.0030547715723514557,-5.504315225834944e-08,0.04998781904578209,-0.050012893974781036
1,wrist_rotate_negative,7,0.11666666666666667,1.6722089640097693e-05,-0.9599456191062927,1.1611353158950806,0.0011433328036218882,-0.2964535057544708,-0.0037913129199296236,-7.851688366145027e-08,0.049987804144620895,-0.0500129833817482
1,wrist_rotate_negative,8,0.13333333333333333,1.6769254216342233e-05,-0.9599713087081909,1.1612319946289062,0.0011232402175664902,-0.29602718353271484,-0.0045529697090387344,-1.1855514969738579e-07,0.0499877855181694,-0.05001306161284447
1,wrist_rotate_negative,9,0.15,1.7087215383071452e-05,-0.9599248170852661,1.1613223552703857,0.0011346259852871299,-0.2953971028327942,-0.005333295091986656,-1.6157068216671178e-07,0.04998769611120224,-0.050013214349746704
1,wrist_rotate_negative,10,0.16666666666666666,1.6969499483820982e-05,-0.9599546790122986,1.1612766981124878,0.0011489709140732884,-0.2955247163772583,-0.006127845961600542,-1.8659737577308988e-07,0.0499875545501709,-0.050013408064842224
1,wrist_rotate_negative,11,0.18333333333333332,1.7083220882341266e-05,-0.9599478244781494,1.161211371421814,0.001138513907790184,-0.2960948050022125,-0.006932422518730164,-2.1564983399002813e-07,0.049987487494945526,-0.05001353472471237
1,wrist_rotate_negative,12,0.2,1.7092437701649033e-05,-0.9599611759185791,1.1612135171890259,0.0011249976232647896,-0.29603245854377747,-0.007744233123958111,-2.525647460061009e-07,0.04998742416501045,-0.05001365765929222
1,wrist_rotate_negative,13,0.21666666666666667,1.7254214981221594e-05,-0.959940493106842,1.161283016204834,0.001126157701946795,-0.29571229219436646,-0.008561287075281143,-2.980287945320015e-07,0.049987323582172394,-0.050013814121484756
1,wrist_rotate_negative,14,0.23333333333333334,1.7220318113686517e-05,-0.9599481821060181,1.1612741947174072,0.0011356050381436944,-0.2955929636955261,-0.009382539428770542,-3.3598630011510977e-07,0.04998717084527016,-0.050014007836580276
1,wrist_rotate_negative,15,0.25,1.7247848518309183e-05,-0.9599478840827942,1.1612443923950195,0.001134572084993124,-0.2958923578262329,-0.010206823237240314,-3.7057233726045524e-07,0.04998704046010971,-0.05001417174935341
1,wrist_rotate_negative,16,0.26666666666666666,1.7240263332496397e-05,-0.9599550366401672,1.1612229347229004,0.001126984367147088,-0.29596424102783203,-0.011033223941922188,-4.0725666394791915e-07,0.04998688027262688,-0.05001434311270714
1,wrist_rotate_negative,17,0.2833333333333333,1.7312551790382713e-05,-0.9599473476409912,1.161260962486267,0.0011244039051234722,-0.2958391308784485,-0.011861041188240051,-4.507497521899495e-07,0.049986690282821655,-0.05001452565193176
1,wrist_rotate_negative,18,0.3,1.731186239339877e-05,-0.9599472284317017,1.1612656116485596,0.0011288848472759128,-0.2956900894641876,-0.012690048664808273,-4.931037551614281e-07,0.04998646304011345,-0.05001473054289818
1,wrist_rotate_negative,19,0.31666666666666665,1.7313805074081756e-05,-0.959947943687439,1.1612563133239746,0.001130499760620296,-0.29581063985824585,-0.01352000143378973,-5.319666342984419e-07,0.049986228346824646,-0.050014935433864594
1,wrist_rotate_negative,20,0.3333333333333333,1.7303165805060416e-05,-0.9599515795707703,1.1612353324890137,0.001127007300965488,-0.29589420557022095,-0.014350617304444313,-5.698299787582073e-07,0.049985986202955246,-0.05001514032483101
1,wrist_rotate_negative,21,0.35,1.7330758055322804e-05,-0.9599496126174927,1.1612507104873657,0.0011239914456382394,-0.2958671748638153,-0.015181604772806168,-6.115174073784146e-07,0.04998573288321495,-0.05001534894108772
1,wrist_rotate_negative,22,0.36666666666666664,1.7339316400466487e-05,-0.9599481821060181,1.1612586975097656,0.0011253010015934706,-0.2957642078399658,-0.01601289212703705,-6.545993755935342e-07,0.049985453486442566,-0.05001557990908623
1,wrist_rotate_negative,23,0.38333333333333336,1.7337653844151646e-05,-0.9599483609199524,1.1612577438354492,0.001126868650317192,-0.2957896292209625,-0.01684447191655636,-6.960522682675219e-07,0.049985162913799286,-0.05001581832766533
1,wrist_rotate_negative,24,0.4,1.7328973626717925e-05,-0.9599499702453613,1.1612448692321777,0.0011255958816036582,-0.2958487868309021,-0.017676271498203278,-7.354240096901776e-07,0.04998486489057541,-0.05001606419682503
1,wrist_rotate_negative,25,0.4166666666666667,1.7336653399979696e-05,-0.9599499106407166,1.1612480878829956,0.001123320427723229,-0.29585957527160645,-0.01850818656384945,-7.761590268273721e-07,0.049984559416770935,-0.05001631751656532
1,wrist_rotate_negative,26,0.43333333333333335,1.734436591505073e-05,-0.9599488973617554,1.1612540483474731,0.001123072113841772,-0.2958056330680847,-0.01934015564620495,-8.186929676412547e-07,0.049984242767095566,-0.05001658573746681
1,wrist_rotate_negative,27,0.45,1.7344153093290515e-05,-0.9599485397338867,1.161255955696106,0.0011238744482398033,-0.2957956790924072,-0.020172201097011566,-8.610355735072517e-07,0.0499839186668396,-0.0500168614089489
1,wrist_rotate_negative,28,0.4666666666666667,1.7338736142846756e-05,-0.9599491953849792,1.1612499952316284,0.0011235123965889215,-0.29582592844963074,-0.021004339680075645,-9.018461923915311e-07,0.04998358339071274,-0.05001714453101158
1,wrist_rotate_negative,29,0.48333333333333334,1.7339089026791044e-05,-0.9599496722221375,1.1612491607666016,0.0011220852611586452,-0.29584407806396484,-0.02183651551604271,-9.426179303773097e-07,0.04998324066400528,-0.05001743510365486
1,wrist_rotate_negative,30,0.5,1.7343325453111902e-05,-0.9599490761756897,1.1612515449523926,0.0011213261168450117,-0.29582223296165466,-0.02266869693994522,-9.842111694524647e-07,0.04998288303613663,-0.05001773312687874
1,wrist_rotate_negative,31,0.5166666666666667,1.734419129206799e-05,-0.9599488377571106,1.1612541675567627,0.0011214057449251413,-0.29580825567245483,-0.02350088767707348,-1.026266545522958e-06,0.04998248815536499,-0.050018034875392914
1,wrist_rotate_negative,32,0.5333333333333333,1.7341721104457974e-05,-0.9599489569664001,1.1612520217895508,0.0011212436947971582,-0.2958173453807831,-0.024333110079169273,-1.0678994613044779e-06,0.04998207092285156,-0.05001834034919739
1,wrist_rotate_negative,33,0.55,1.7340080376015976e-05,-0.9599494338035583,1.1612499952316284,0.0011204073671251535,-0.2958314120769501,-0.02516535483300686,-1.108987476072798e-06,0.04998163878917694,-0.05001864954829216
1,wrist_rotate_negative,34,0.5666666666666667,1.7341866623610258e-05,-0.959949254989624,1.1612509489059448,0.0011195703409612179,-0.2958274483680725,-0.025997601449489594,-1.1506723467391566e-06,0.04998118430376053,-0.05001896619796753
1,wrist_rotate_negative,35,0.5833333333333334,1.7342910723527893e-05,-0.9599490165710449,1.1612526178359985,0.0011192515958100557,-0.2958158552646637,-0.026829835027456284,-1.1929810170840938e-06,0.04998072236776352,-0.0500192865729332
1,wrist_rotate_negative,36,0.6,1.734205761749763e-05,-0.9599490165710449,1.161252498626709,0.0011190405348315835,-0.2958162724971771,-0.02766207978129387,-1.2349431699476554e-06,0.049980249255895615,-0.05001961067318916
1,wrist_rotate_negative,37,0.6166666666666667,1.7340496924589388e-05,-0.959949254989624,1.1612510681152344,0.0011184877948835492,-0.2958240807056427,-0.0284943375736475,-1.2763424592776573e-06,0.04997976869344711,-0.05001993849873543
1,wrist_rotate_negative,38,0.6333333333333333,1.734078068693634e-05,-0.9599491953849792,1.1612510681152344,0.0011177626438438892,-0.295826256275177,-0.02932659350335598,-1.3179338793634088e-06,0.04997928440570831,-0.05002027377486229
1,wrist_rotate_negative,39,0.65,1.7341495549771935e-05,-0.9599490761756897,1.1612519025802612,0.001117256237193942,-0.2958202064037323,-0.030158845707774162,-1.3598092891697888e-06,0.049978792667388916,-0.05002061277627945
1,wrist_rotate_negative,40,0.6666666666666666,1.734140096232295e-05,-0.9599488973617554,1.1612520217895508,0.0011169153731316328,-0.2958177924156189,-0.030991094186902046,-1.401889676344581e-06,0.04997829347848892,-0.05002095550298691
1,wrist_rotate_negative,41,0.6833333333333333,1.7340584236080758e-05,-0.9599491357803345,1.1612519025802612,0.001116449013352394,-0.29582151770591736,-0.031823351979255676,-1.443597625438997e-06,0.049977801740169525,-0.05002126470208168
1,wrist_rotate_negative,42,0.7,1.7340644262731075e-05,-0.9599490761756897,1.1612509489059448,0.001115858438424766,-0.29582297801971436,-0.03265560045838356,-1.4852912499918602e-06,0.049977365881204605,-0.050021491944789886
1,wrist_rotate_negative,43,0.7166666666666667,1.7341279090032913e-05,-0.9599490165710449,1.1612520217895508,0.0011152814840897918,-0.2958224415779114,-0.03348785638809204,-1.5271422171281301e-06,0.04997701197862625,-0.050021592527627945
1,wrist_rotate_negative,44,0.7333333333333333,1.734217039484065e-05,-0.9599489569664001,1.1612517833709717,0.0011148530757054687,-0.2958184480667114,-0.034320104867219925,-1.5693128716520732e-06,0.04997681453824043,-0.05002149939537048
1,wrist_rotate_negative,45,0.75,1.7342408682452515e-05,-0.9599491953849792,1.1612519025802612,0.0011143845040351152,-0.29582053422927856,-0.03515235707163811,-1.611467723705573e-06,0.04997682198882103,-0.05002116039395332
1,wrist_rotate_negative,46,0.7666666666666667,1.7343307263217866e-05,-0.9599490761756897,1.161251187324524,0.0011138287372887135,-0.29582181572914124,-0.03598461672663689,-1.6532806057512062e-06,0.04997706785798073,-0.05002053081989288
1,wrist_rotate_negative,47,0.7833333333333333,1.7343820218229666e-05,-0.959949254989624,1.1612519025802612,0.0011132598156109452,-0.29582181572914124,-0.036816876381635666,-1.6951513543972396e-06,0.04997767508029938,-0.050019521266222
1,wrist_rotate_negative,48,0.8,1.7344338630209677e-05,-0.9599490761756897,1.1612517833709717,0.0011127899633720517,-0.2958190441131592,-0.037649139761924744,-1.7365266558044823e-06,0.04997864365577698,-0.050018101930618286
1,wrist_rotate_negative,49,0.8166666666666667,1.7342204955639318e-05,-0.9599491357803345,1.1612517833709717,0.0011123232543468475,-0.29581984877586365,-0.038481418043375015,-1.7774448224372463e-06,0.04997999593615532,-0.05001620203256607
1,wrist_rotate_negative,50,0.8333333333333334,1.733599856379442e-05,-0.9599490165710449,1.1612515449523926,0.0011118019465357065,-0.2958211898803711,-0.039313703775405884,-1.8173908529206528e-06,0.04998176172375679,-0.050013501197099686
1,wrist_rotate_negative,51,0.85,1.7320016922894865e-05,-0.9599491953849792,1.1612516641616821,0.0011113141663372517,-0.29582086205482483,-0.04014607146382332,-1.8552717619968462e-06,0.04998420551419258,-0.050009842962026596
1,wrist_rotate_negative,52,0.8666666666666667,1.7294363715336658e-05,-0.9599490761756897,1.1612516641616821,0.001110975630581379,-0.29581987857818604,-0.04097854718565941,-1.8883214352172217e-06,0.04998735338449478,-0.050005219876766205
1,wrist_rotate_negative,53,0.8833333333333333,1.726010668789968e-05,-0.9599491953849792,1.1612516641616821,0.0011107932077720761,-0.29581978917121887,-0.041811201721429825,-1.9150418211211218e-06,0.04999113082885742,-0.049999672919511795
1,wrist_rotate_negative,54,0.9,1.722076558507979e-05,-0.9599490761756897,1.1612516641616821,0.0011106976307928562,-0.29582035541534424,-0.04264397919178009,-1.936426997417584e-06,0.04999545216560364,-0.049993254244327545
1,wrist_rotate_negative,55,0.9166666666666666,1.7177502741105855e-05,-0.9599491357803345,1.1612516641616821,0.0011106763267889619,-0.2958201467990875,-0.04347686097025871,-1.954181470864569e-06,0.05000026151537895,-0.04998600110411644
1,wrist_rotate_negative,56,0.9333333333333333,1.7132071661762893e-05,-0.9599490761756897,1.1612516641616821,0.001110713928937912,-0.2958199381828308,-0.044309817254543304,-1.9689487089635804e-06,0.0500054657459259,-0.049977850168943405
1,wrist_rotate_negative,57,0.95,1.7083575585274957e-05,-0.9599490165710449,1.1612516641616821,0.0011108086910098791,-0.29581981897354126,-0.04514284059405327,-1.9808931028819643e-06,0.05001099407672882,-0.04996849596500397
1,wrist_rotate_negative,58,0.9666666666666667,1.7033456970239058e-05,-0.9599489569664001,1.1612516641616821,0.0011109394254162908,-0.29581984877586365,-0.045975930988788605,-1.990379587368807e-06,0.050016745924949646,-0.04995777830481529
1,wrist_rotate_negative,59,0.9833333333333333,1.6982079614535905e-05,-0.9599490165710449,1.1612516641616821,0.0011110944906249642,-0.29581978917121887,-0.04680907353758812,-1.9980336674052523e-06,0.050022661685943604,-0.04994561895728111
1,wrist_rotate_negative,60,1.0,1.6930527635850012e-05,-0.9599489569664001,1.1612516641616821,0.0011112639913335443,-0.29581978917121887,-0.04764225333929062,-2.0040115487063304e-06,0.050028689205646515,-0.04993203654885292
1,wrist_rotate_positive,1,0.016666666666666666,1.752393291098997e-05,-0.9597977995872498,1.1619582176208496,0.0012190203415229917,-0.290753036737442,0.0002223130431957543,-5.1610218321229695e-08,0.04998743161559105,-0.05001292750239372
1,wrist_rotate_positive,2,0.03333333333333333,1.55408815771807e-05,-0.9599622488021851,1.161261796951294,0.0012985857902094722,-0.2931953966617584,0.0006030026124790311,6.010560582581093e-08,0.04998646676540375,-0.05001407489180565
1,wrist_rotate_positive,3,0.05,1.555190647195559e-05,-0.9600485563278198,1.160674810409546,0.0011416883207857609,-0.295274943113327,0.0011052889749407768,8.489320180160576e-08,0.0499856136739254,-0.050015032291412354
1,wrist_rotate_positive,4,0.06666666666666667,1.5289346265490167e-05,-0.9599458575248718,1.161422610282898,0.0010972967138513923,-0.2960057556629181,0.0016963807865977287,6.551496767315257e-08,0.04998479783535004,-0.05001593753695488
1,wrist_rotate_positive,5,0.08333333333333333,1.5385889128083363e-05,-0.9598874449729919,1.1613402366638184,0.001124453148804605,-0.2946328818798065,0.002350781811401248,8.993507805143963e-08,0.0499836765229702,-0.05001719295978546
1,wrist_rotate_positive,6,0.1,1.479543607274536e-05,-0.9599780440330505,1.161267876625061,0.0011277763405814767,-0.29567334055900574,0.0030519478023052216,1.3623886729874357e-07,0.049982476979494095,-0.050018560141325
1,wrist_rotate_positive,7,0.11666666666666667,1.4783354345127009e-05,-0.9599456191062927,1.1611359119415283,0.001091542188078165,-0.29645565152168274,0.003788446541875601,1.602697494718086e-07,0.049981385469436646,-0.05001980438828468
1,wrist_rotate_positive,8,0.13333333333333333,1.4562279829988256e-05,-0.9599711298942566,1.1612322330474854,0.0010692891664803028,-0.29602715373039246,0.004550700541585684,1.756959306931094e-07,0.04998030140995979,-0.05002103000879288
1,wrist_rotate_positive,9,0.15,1.4658849067927804e-05,-0.9599248766899109,1.1613225936889648,0.0010792167158797383,-0.2953982651233673,0.005331431981176138,2.019869356217896e-07,0.04997916892170906,-0.050022322684526443
1,wrist_rotate_positive,10,0.16666666666666666,1.4362814908963628e-05,-0.9599546790122986,1.161276936531067,0.0010925257811322808,-0.29552775621414185,0.006125423591583967,2.489252608484094e-07,0.04997803643345833,-0.05002368241548538
1,wrist_rotate_positive,11,0.18333333333333332,1.4329782061395235e-05,-0.959947943687439,1.1612114906311035,0.00108136550989002,-0.2960969805717468,0.006929884664714336,2.8232028626007377e-07,0.04997699707746506,-0.05002494528889656
1,wrist_rotate_positive,12,0.2,1.421799879608443e-05,-0.9599611163139343,1.161213994026184,0.0010675443336367607,-0.2960343062877655,0.007741950452327728,3.0895284908183385e-07,0.04997600242495537,-0.050026170909404755
1,wrist_rotate_positive,13,0.21666666666666667,1.4283928976510651e-05,-0.9599406719207764,1.1612831354141235,0.0010687909089028835,-0.2957131564617157,0.008559394627809525,3.3862571058307367e-07,0.04997501149773598,-0.05002741143107414
1,wrist_rotate_positive,14,0.23333333333333334,1.4176653166941833e-05,-0.9599483013153076,1.161274790763855,0.001078501925803721,-0.29559627175331116,0.009380511939525604,3.819925780135236e-07,0.0499739907681942,-0.05002869665622711
1,wrist_rotate_positive,15,0.25,1.4147641195449978e-05,-0.9599480032920837,1.1612440347671509,0.001077803666703403,-0.2958945631980896,0.010204690508544445,4.2087484075636894e-07,0.049973014742136,-0.050029948353767395
1,wrist_rotate_positive,16,0.26666666666666666,1.4094642210693564e-05,-0.9599552154541016,1.1612236499786377,0.0010706213070079684,-0.29596802592277527,0.011031189002096653,4.53788317145154e-07,0.04997207224369049,-0.0500311553478241
1,wrist_rotate_positive,17,0.2833333333333333,1.4131584066490177e-05,-0.9599473476409912,1.1612615585327148,0.0010686886962503195,-0.29584020376205444,0.01185928750783205,4.86340582028788e-07,0.04997114837169647,-0.050032347440719604
1,wrist_rotate_positive,18,0.3,1.4104061847319826e-05,-0.9599472880363464,1.1612659692764282,0.0010739541612565517,-0.2956923842430115,0.012688344344496727,5.27108909409435e-07,0.049970224499702454,-0.050033558160066605
1,wrist_rotate_positive,19,0.31666666666666665,1.4087620911595877e-05,-0.959947943687439,1.1612564325332642,0.0010762745514512062,-0.29581499099731445,0.013518262654542923,5.676257615050417e-07,0.04996933788061142,-0.05003476142883301
1,wrist_rotate_positive,20,0.3333333333333333,1.406269620929379e-05,-0.959951639175415,1.1612355709075928,0.0010734789539128542,-0.2958980202674866,0.014348920434713364,6.040016273800575e-07,0.049968503415584564,-0.050035931169986725
1,wrist_rotate_positive,21,0.35,1.4079836546443403e-05,-0.9599495530128479,1.161251187324524,0.0010712842922657728,-0.2958698868751526,0.01518008578568697,6.384885864463286e-07,0.049967698752880096,-0.05003707855939865
1,wrist_rotate_positive,22,0.36666666666666664,1.4080289474804886e-05,-0.9599481225013733,1.1612591743469238,0.0010735217947512865,-0.2957669198513031,0.01601148024201393,6.775744623155333e-07,0.049966905266046524,-0.050038229674100876
1,wrist_rotate_positive,23,0.38333333333333336,1.4074184946366586e-05,-0.9599483013153076,1.1612581014633179,0.0010759824654087424,-0.2957935333251953,0.01684308424592018,7.181297974057088e-07,0.049966126680374146,-0.050039373338222504
1,wrist_rotate_positive,24,0.4,1.4062879927223548e-05,-0.9599499702453613,1.1612454652786255,0.0010755480034276843,-0.2958531081676483,0.017674926668405533,7.564199790977e-07,0.04996536672115326,-0.05004049837589264
1,wrist_rotate_positive,25,0.4166666666666667,1.4069091776036657e-05,-0.959949791431427,1.1612484455108643,0.0010741548612713814,-0.2958628535270691,0.018506962805986404,7.926996659080032e-07,0.049964629113674164,-0.050041601061820984
1,wrist_rotate_positive,26,0.43333333333333335,1.4075744729780126e-05,-0.9599488377571106,1.1612545251846313,0.001074839266948402,-0.29580971598625183,0.01933903992176056,8.311278065775696e-07,0.049963898956775665,-0.05004270002245903
1,wrist_rotate_positive,27,0.45,1.4076002116780728e-05,-0.9599485993385315,1.1612566709518433,0.0010765754850581288,-0.29579994082450867,0.0201711542904377,8.711670602679078e-07,0.04996319115161896,-0.05004379525780678
1,wrist_rotate_positive,28,0.4666666666666667,1.4071729310671799e-05,-0.959949254989624,1.1612499952316284,0.001077141147106886,-0.2958296835422516,0.02100333943963051,9.102673175220843e-07,0.04996250942349434,-0.05004487931728363
1,wrist_rotate_positive,29,0.48333333333333334,1.4073743841436226e-05,-0.9599499106407166,1.161249041557312,0.0010765924816951156,-0.2958495020866394,0.021835606545209885,9.478339393353963e-07,0.04996185377240181,-0.050045955926179886
1,wrist_rotate_positive,30,0.5,1.4079811080591753e-05,-0.9599491357803345,1.1612523794174194,0.0010767391650006175,-0.295827180147171,0.022667890414595604,9.85956489785167e-07,0.04996122047305107,-0.050047021359205246
1,wrist_rotate_positive,31,0.5166666666666667,1.4082481357036158e-05,-0.959948718547821,1.1612545251846313,0.0010778516298159957,-0.2958104908466339,0.02350015752017498,1.0254875633108895e-06,0.049960605800151825,-0.05004808306694031
1,wrist_rotate_positive,32,0.5333333333333333,1.4082079360377975e-05,-0.9599490761756897,1.1612522602081299,0.0010786497732624412,-0.2958225905895233,0.024332432076334953,1.0649857813405106e-06,0.04996000975370407,-0.05004913732409477
1,wrist_rotate_positive,33,0.55,1.4082992493058555e-05,-0.9599494934082031,1.1612502336502075,0.001078677480109036,-0.2958376407623291,0.025164751335978508,1.1034350109184743e-06,0.04995943233370781,-0.05005018413066864
1,wrist_rotate_positive,34,0.5666666666666667,1.4087271665630396e-05,-0.9599493741989136,1.1612516641616821,0.0010787730570882559,-0.295832097530365,0.025997083634138107,1.1417732821428217e-06,0.04995887726545334,-0.05005121976137161
1,wrist_rotate_positive,35,0.5833333333333334,1.409070500812959e-05,-0.9599490165710449,1.1612530946731567,0.0010794601403176785,-0.29581955075263977,0.026829397305846214,1.1810016076196916e-06,0.04995834082365036,-0.050052251666784286
1,wrist_rotate_positive,36,0.6,1.4092021046963055e-05,-0.9599491357803345,1.1612529754638672,0.0010802021715790033,-0.29582175612449646,0.027661705389618874,1.220531544277037e-06,0.04995781555771828,-0.05005328357219696
1,wrist_rotate_positive,37,0.6166666666666667,1.4093188838160131e-05,-0.9599494338035583,1.1612513065338135,0.001080558286048472,-0.29583021998405457,0.028494032099843025,1.2593305882546701e-06,0.049957312643527985,-0.050054311752319336
1,wrist_rotate_positive,38,0.6333333333333333,1.4096062841417734e-05,-0.9599493741989136,1.161251187324524,0.0010807543294504285,-0.2958318591117859,0.02932637184858322,1.2980033261555946e-06,0.049956828355789185,-0.050055328756570816
1,wrist_rotate_positive,39,0.65,1.4099437066761311e-05,-0.9599491953849792,1.161252498626709,0.0010812084656208754,-0.29582569003105164,0.03015870414674282,1.337016215074982e-06,0.049956366419792175,-0.050056349486112595
1,wrist_rotate_positive,40,0.6666666666666666,1.410162713000318e-05,-0.9599488973617554,1.161252498626709,0.0010818579467013478,-0.29582253098487854,0.030991028994321823,1.3765373978458229e-06,0.04995592683553696,-0.050057366490364075
1,wrist_rotate_positive,41,0.6833333333333333,1.410312961525051e-05,-0.959949254989624,1.1612520217895508,0.0010823477059602737,-0.29582735896110535,0.03182336315512657,1.4158803196551162e-06,0.04995550215244293,-0.05005837604403496
1,wrist_rotate_positive,42,0.7,1.410549521096982e-05,-0.959949254989624,1.161251187324524,0.0010826644720509648,-0.2958300709724426,0.03265569731593132,1.4549585785061936e-06,0.0499550960958004,-0.05005938187241554
1,wrist_rotate_positive,43,0.7166666666666667,1.4108260984357912e-05,-0.9599491357803345,1.1612521409988403,0.0010830367682501674,-0.29582834243774414,0.033488038927316666,1.4939813581804628e-06,0.04995470494031906,-0.05006038025021553
1,wrist_rotate_positive,44,0.7333333333333333,1.41111277116579e-05,-0.9599490165710449,1.1612523794174194,0.001083592651411891,-0.29582422971725464,0.03432036563754082,1.5334877616623999e-06,0.04995432868599892,-0.05006139725446701
1,wrist_rotate_positive,45,0.75,1.4113736142462585e-05,-0.9599491953849792,1.1612520217895508,0.0010841190814971924,-0.29582610726356506,0.03515268862247467,1.5729999631730607e-06,0.049953971058130264,-0.05006246268749237
1,wrist_rotate_positive,46,0.7666666666666667,1.4118999388301745e-05,-0.9599491357803345,1.1612516641616821,0.0010844969656318426,-0.295829176902771,0.03598502650856972,1.6121814496727893e-06,0.04995362460613251,-0.05006363242864609
1,wrist_rotate_positive,47,0.7833333333333333,1.4127469512459356e-05,-0.9599490165710449,1.1612516641616821,0.00108483643271029,-0.295828253030777,0.036817409098148346,1.6495473573741037e-06,0.04995330423116684,-0.05006496235728264
1,wrist_rotate_positive,48,0.8,1.4139246559352614e-05,-0.9599490761756897,1.1612521409988403,0.0010852277046069503,-0.2958264648914337,0.03764982894062996,1.6853981605891022e-06,0.04995298013091087,-0.050066541880369186
1,wrist_rotate_positive,49,0.8166666666666667,1.4153451047604904e-05,-0.9599490761756897,1.1612517833709717,0.0010856065200641751,-0.2958261966705322,0.03848228231072426,1.7199288322444772e-06,0.04995262995362282,-0.05006842315196991
1,wrist_rotate_positive,50,0.8333333333333334,1.4171764632919803e-05,-0.9599491953849792,1.1612517833709717,0.0010858740424737334,-0.29582837224006653,0.03931478410959244,1.7527397631056374e-06,0.049952201545238495,-0.0500706322491169
1,wrist_rotate_positive,51,0.85,1.4194834875524975e-05,-0.9599490761756897,1.1612517833709717,0.0010860813781619072,-0.29582804441452026,0.040147338062524796,1.7835891412687488e-06,0.049951642751693726,-0.05007322505116463
1,wrist_rotate_positive,52,0.8666666666666667,1.42225489980774e-05,-0.9599490165710449,1.1612520217895508,0.0010862672934308648,-0.29582688212394714,0.04097995162010193,1.8116470528184436e-06,0.04995090886950493,-0.05007623881101608
1,wrist_rotate_positive,53,0.8833333333333333,1.425410300726071e-05,-0.9599490761756897,1.1612517833709717,0.0010864139767363667,-0.29582688212394714,0.04181263595819473,1.8371516716797487e-06,0.049949947744607925,-0.05007965490221977
1,wrist_rotate_positive,54,0.9,1.4288403690443374e-05,-0.9599491953849792,1.1612517833709717,0.0010864612413570285,-0.29582828283309937,0.04264538735151291,1.8605312561703613e-06,0.04994873329997063,-0.05008349195122719
1,wrist_rotate_positive,55,0.9166666666666666,1.4325652045954484e-05,-0.9599490761756897,1.1612519025802612,0.0010864640353247523,-0.2958278954029083,0.04347818344831467,1.8818972193912487e-06,0.04994724318385124,-0.050087738782167435
1,wrist_rotate_positive,56,0.9333333333333333,1.4364878552441951e-05,-0.9599490761756897,1.1612520217895508,0.0010864802170544863,-0.2958269715309143,0.04431102052330971,1.9017402337340172e-06,0.049945466220378876,-0.0500924289226532
1,wrist_rotate_positive,57,0.95,1.4405493857339025e-05,-0.9599490165710449,1.1612519025802612,0.0010864739306271076,-0.29582735896110535,0.04514387995004654,1.9204496766178636e-06,0.049943409860134125,-0.05009755864739418
1,wrist_rotate_positive,58,0.9666666666666667,1.4446837667492218e-05,-0.9599491953849792,1.1612516641616821,0.0010864163050428033,-0.2958281934261322,0.045976776629686356,1.9380063349672128e-06,0.04994107037782669,-0.050103090703487396
1,wrist_rotate_positive,59,0.9833333333333333,1.4489136447082274e-05,-0.9599490761756897,1.1612520217895508,0.001086332486011088,-0.29582834243774414,0.04680969566106796,1.954658046088298e-06,0.04993845522403717,-0.05010904744267464
1,wrist_rotate_positive,60,1.0,1.4532832210534252e-05,-0.9599490761756897,1.1612517833709717,0.001086284639313817,-0.29582679271698,0.04764264076948166,1.970245875781984e-06,0.049935538321733475,-0.05011553689837456
1,gripper_closed,1,0.016666666666666666,1.7512429622001946e-05,-0.959797739982605,1.161957859992981,0.001225565792992711,-0.2907527685165405,1.3969215615361463e-06,-5.608600872619718e-08,0.04998501390218735,-0.050012677907943726
1,gripper_closed,2,0.03333333333333333,1.5851501302677207e-05,-0.9599623084068298,1.161261796951294,0.0013081318465992808,-0.29319557547569275,1.2857583442382747e-06,-4.9539188751168695e-08,0.049964066594839096,-0.050013307482004166
1,gripper_closed,3,0.05,1.6512196452822536e-05,-0.9600486159324646,1.160674810409546,0.001149693038314581,-0.295274943113327,6.882235538796522e-06,-2.660122504494211e-07,0.04989650100469589,-0.05001281201839447
1,gripper_closed,4,0.06666666666666667,1.7161795767606236e-05,-0.9599459171295166,1.161422610282898,0.0010996836936101317,-0.2960059344768524,1.7091608242481016e-05,-6.646598649240332e-07,0.04976854473352432,-0.05000559613108635
1,gripper_closed,5,0.08333333333333333,1.840279219322838e-05,-0.9598874449729919,1.1613401174545288,0.0011175796389579773,-0.29463183879852295,2.9863538657082245e-05,-1.1636683439064655e-06,0.04956511780619621,-0.049979232251644135
1,gripper_closed,6,0.1,1.8949913282995112e-05,-0.9599780440330505,1.161267876625061,0.001110580749809742,-0.29567185044288635,4.3212890886934474e-05,-1.682685365267389e-06,0.04929018393158913,-0.04991286247968674
1,gripper_closed,7,0.11666666666666667,1.9781471564783715e-05,-0.9599456191062927,1.161135196685791,0.0010662226704880595,-0.2964541018009186,5.460661486722529e-05,-2.1288356037985068e-06,0.0489514097571373,-0.04978981614112854
1,gripper_closed,8,0.13333333333333333,2.0148982002865523e-05,-0.9599712491035461,1.1612324714660645,0.0010383001063019037,-0.29602739214897156,6.395310629159212e-05,-2.4979435693239793e-06,0.048545803874731064,-0.0495915450155735
1,gripper_closed,9,0.15,2.0624453100026585e-05,-0.9599248170852661,1.1613223552703857,0.0010450673289597034,-0.29539647698402405,7.118303619790822e-05,-2.7842465897265356e-06,0.04807009920477867,-0.04930991306900978
1,gripper_closed,10,0.16666666666666666,2.0554769434966147e-05,-0.959954559803009,1.1612768173217773,0.0010569199221208692,-0.2955261468887329,7.623137207701802e-05,-2.984886577905854e-06,0.04752594232559204,-0.048942696303129196
1,gripper_closed,11,0.18333333333333332,2.0533159840852022e-05,-0.9599478244781494,1.1612114906311035,0.0010460930643603206,-0.29609566926956177,7.90693229646422e-05,-3.101056108789635e-06,0.04692252725362778,-0.04849051684141159
1,gripper_closed,12,0.2,2.0247000065864995e-05,-0.9599611759185791,1.1612135171890259,0.0010346091585233808,-0.2960329055786133,7.978775829542428e-05,-3.1367148949357215e-06,0.046271998435258865,-0.047959934920072556
1,gripper_closed,13,0.21666666666666667,1.9988186977570876e-05,-0.9599406123161316,1.161283016204834,0.001040223753079772,-0.29571256041526794,7.858907338231802e-05,-3.0976177640695823e-06,0.04558798298239708,-0.04736300930380821
1,gripper_closed,14,0.23333333333333334,1.9476397937978618e-05,-0.9599482417106628,1.1612744331359863,0.0010555587941780686,-0.2955939769744873,7.575506606372073e-05,-2.9936300052213483e-06,0.04488494619727135,-0.046716030687093735
1,gripper_closed,15,0.25,1.8967824871651828e-05,-0.9599478840827942,1.1612443923950195,0.0010610789759084582,-0.2958930730819702,7.162155088735744e-05,-2.838058435372659e-06,0.04417939484119415,-0.046036023646593094
1,gripper_closed,16,0.26666666666666666,1.8390775949228555e-05,-0.959955096244812,1.16122305393219,0.001060517388395965,-0.2959655523300171,6.658522761426866e-05,-2.6466752842679853e-06,0.04348728433251381,-0.0453408844769001
1,gripper_closed,17,0.2833333333333333,1.789553243725095e-05,-0.9599473476409912,1.1612616777420044,0.0010654005454853177,-0.29584014415740967,6.108087836764753e-05,-2.435830538161099e-06,0.042822305113077164,-0.04464852809906006
1,gripper_closed,18,0.3,1.738433820719365e-05,-0.959947407245636,1.1612653732299805,0.001077167922630906,-0.29568997025489807,5.554366362048313e-05,-2.222286184405675e-06,0.042194753885269165,-0.043976135551929474
1,gripper_closed,19,0.31666666666666665,1.6952853911789134e-05,-0.9599481225013733,1.1612565517425537,0.0010850473772734404,-0.2958137094974518,5.0372094847261906e-05,-2.0220093119860394e-06,0.04161236807703972,-0.04333766549825668
1,gripper_closed,20,0.3333333333333333,1.659670851950068e-05,-0.9599517583847046,1.1612354516983032,0.0010866657830774784,-0.2958952784538269,4.591076503857039e-05,-1.8494075675334898e-06,0.041079629212617874,-0.042743466794490814
1,gripper_closed,21,0.35,1.6377449355786666e-05,-0.9599495530128479,1.161251187324524,0.0010876781307160854,-0.2958678901195526,4.2437604861333966e-05,-1.7160101606350509e-06,0.04059725999832153,-0.04220005124807358
1,gripper_closed,22,0.36666666666666664,1.6256004528258927e-05,-0.9599481821060181,1.1612588167190552,0.0010917517356574535,-0.29576507210731506,4.014836304122582e-05,-1.6298264426950482e-06,0.04016197472810745,-0.04171030595898628
1,gripper_closed,23,0.38333333333333336,1.6241414414253086e-05,-0.9599483609199524,1.1612578630447388,0.0010945406975224614,-0.29579222202301025,3.913744512828998e-05,-1.595147978150635e-06,0.03976753354072571,-0.04127294197678566
1,gripper_closed,24,0.4,1.6322579540428706e-05,-0.9599499702453613,1.1612452268600464,0.0010930565185844898,-0.29585087299346924,3.94041562685743e-05,-1.612403707440535e-06,0.039405450224876404,-0.04088278487324715
1,gripper_closed,25,0.4166666666666667,1.6503347069374286e-05,-0.9599499106407166,1.1612484455108643,0.0010894894367083907,-0.2958604097366333,4.085820910404436e-05,-1.6783404817033443e-06,0.03906557336449623,-0.040531452745199203
1,gripper_closed,26,0.43333333333333335,1.6752059309510514e-05,-0.9599488377571106,1.1612544059753418,0.0010870889527723193,-0.2958073019981384,4.333537071943283e-05,-1.7863297898657038e-06,0.038736552000045776,-0.04020846262574196
1,gripper_closed,27,0.45,1.704104943200946e-05,-0.9599486589431763,1.1612567901611328,0.0010850514518097043,-0.29579785466194153,4.660632475861348e-05,-1.927017137859366e-06,0.038406867533922195,-0.03990190848708153
1,gripper_closed,28,0.4666666666666667,1.7346286767860875e-05,-0.9599491953849792,1.1612499952316284,0.0010814715642482042,-0.29582712054252625,5.039885581936687e-05,-2.089356030410272e-06,0.0380658358335495,-0.0395992211997509
1,gripper_closed,29,0.48333333333333334,1.7650778318056837e-05,-0.959949791431427,1.1612493991851807,0.0010767471976578236,-0.2958470582962036,5.4419211664935574e-05,-2.2614040062762797e-06,0.03770428150892258,-0.03928811848163605
1,gripper_closed,30,0.5,1.793159572116565e-05,-0.9599490761756897,1.1612517833709717,0.0010730238864198327,-0.29582422971725464,5.8375935623189434e-05,-2.431140273984056e-06,0.037314895540475845,-0.0389576219022274
1,gripper_closed,31,0.5166666666666667,1.8163942513638176e-05,-0.9599487781524658,1.161255121231079,0.0010707296896725893,-0.2958095967769623,6.199905328685418e-05,-2.587364178907592e-06,0.03689262270927429,-0.038598738610744476
1,gripper_closed,32,0.5333333333333333,1.8333439584239386e-05,-0.9599490165710449,1.1612517833709717,0.0010689205955713987,-0.2958182990550995,6.505610508611426e-05,-2.720374823184102e-06,0.036435071378946304,-0.0382048673927784
1,gripper_closed,33,0.55,1.8432625438435934e-05,-0.9599494934082031,1.1612508296966553,0.0010671636555343866,-0.2958359718322754,6.736674549756572e-05,-2.822663645929424e-06,0.03594246879220009,-0.037772130221128464
1,gripper_closed,34,0.5666666666666667,1.8460352293914184e-05,-0.9599490761756897,1.1612509489059448,0.0010664553847163916,-0.29582855105400085,6.881301669636741e-05,-2.889245706683141e-06,0.03541747108101845,-0.037299495190382004
1,gripper_closed,35,0.5833333333333334,1.8414357327856123e-05,-0.9599490165710449,1.1612539291381836,0.0010672343196347356,-0.2958183288574219,6.934563134564087e-05,-2.917838628491154e-06,0.034864798188209534,-0.03678883984684944
1,gripper_closed,36,0.6,1.8301421732758172e-05,-0.9599488377571106,1.161252498626709,0.0010690202470868826,-0.29581719636917114,6.897973798913881e-05,-2.9088307655911194e-06,0.03429079055786133,-0.03624451160430908
1,gripper_closed,37,0.6166666666666667,1.813200651668012e-05,-0.9599491953849792,1.1612516641616821,0.001071097212843597,-0.295828640460968,6.779166869819164e-05,-2.865267333618249e-06,0.03370299190282822,-0.03567289561033249
1,gripper_closed,38,0.6333333333333333,1.7923710402101278e-05,-0.9599493741989136,1.1612513065338135,0.0010736141121014953,-0.29582884907722473,6.591207784367725e-05,-2.7924349979002727e-06,0.03310948610305786,-0.03508187457919121
1,gripper_closed,39,0.65,1.769034679455217e-05,-0.9599490165710449,1.1612526178359985,0.0010767703643068671,-0.2958226799964905,6.351149204419926e-05,-2.6972884370479733e-06,0.032518237829208374,-0.03448024392127991
1,gripper_closed,40,0.6666666666666666,1.744941619108431e-05,-0.9599489569664001,1.1612523794174194,0.0010802847100421786,-0.2958197295665741,6.078795559005812e-05,-2.5880822249746416e-06,0.03193661570549011,-0.03387702628970146
1,gripper_closed,41,0.6833333333333333,1.7216858395840973e-05,-0.959949254989624,1.1612521409988403,0.0010835406137630343,-0.29582497477531433,5.794999742647633e-05,-2.473565700711333e-06,0.03137088567018509,-0.033280808478593826
1,gripper_closed,42,0.7,1.7009659131872468e-05,-0.9599491953849792,1.161251425743103,0.0010863927891477942,-0.29582661390304565,5.520351623999886e-05,-2.3624136247235583e-06,0.030825920403003693,-0.03269917890429497
1,gripper_closed,43,0.7166666666666667,1.683973823674023e-05,-0.9599491357803345,1.1612522602081299,0.0010888816323131323,-0.29582473635673523,5.27365154994186e-05,-2.262738007630105e-06,0.03030482307076454,-0.03213827311992645
1,gripper_closed,44,0.7333333333333333,1.671672180236783e-05,-0.9599489569664001,1.1612522602081299,0.001090947655029595,-0.2958216071128845,5.0706061301752925e-05,-2.181376203225227e-06,0.02980886772274971,-0.03160243108868599
1,gripper_closed,45,0.75,1.664528826950118e-05,-0.9599491953849792,1.1612522602081299,0.0010923045920208097,-0.2958237826824188,4.9231050070375204e-05,-2.1235223357507493e-06,0.029337497428059578,-0.03109399788081646
1,gripper_closed,46,0.7666666666666667,1.6628528101136908e-05,-0.9599490761756897,1.1612517833709717,0.0010928623378276825,-0.2958253026008606,4.8384576075477526e-05,-2.0924935597577132e-06,0.028888504952192307,-0.03061327151954174
1,gripper_closed,47,0.7833333333333333,1.6663625501678325e-05,-0.9599491357803345,1.1612521409988403,0.0010927474359050393,-0.29582488536834717,4.8192050599027425e-05,-2.089520648951293e-06,0.02845824509859085,-0.03015858493745327
1,gripper_closed,48,0.8,1.6745692846598104e-05,-0.9599490761756897,1.1612522602081299,0.0010920894565060735,-0.2958231568336487,4.863189678872004e-05,-2.1138243937457446e-06,0.02804197184741497,-0.02972656674683094
1,gripper_closed,49,0.8166666666666667,1.6865136785781942e-05,-0.959949254989624,1.1612521409988403,0.0010909100528806448,-0.2958233952522278,4.9640308134257793e-05,-2.162754526580102e-06,0.027634231373667717,-0.02931245230138302
1,gripper_closed,50,0.8333333333333334,1.701241490081884e-05,-0.9599491357803345,1.1612521409988403,0.0010892772115767002,-0.2958247661590576,5.111660357215442e-05,-2.2320182324619964e-06,0.02722930908203125,-0.02891049161553383
1,gripper_closed,51,0.85,1.7174937966046855e-05,-0.9599491357803345,1.1612521409988403,0.0010874033905565739,-0.2958241105079651,5.293465801514685e-05,-2.3161708213592647e-06,0.02682160958647728,-0.02851441316306591
1,gripper_closed,52,0.8666666666666667,1.7341120837954804e-05,-0.9599490761756897,1.1612520217895508,0.0010854739230126143,-0.29582372307777405,5.494968354469165e-05,-2.4090343231364386e-06,0.026406044140458107,-0.028117891401052475
1,gripper_closed,53,0.8833333333333333,1.7498454326414503e-05,-0.9599491953849792,1.1612522602081299,0.0010835981229320168,-0.2958240807056427,5.70130578125827e-05,-2.504038320694235e-06,0.025978365913033485,-0.02771499939262867
1,gripper_closed,54,0.9,1.7636963093536906e-05,-0.9599490761756897,1.1612520217895508,0.0010819287272170186,-0.2958238422870636,5.8979996538255364e-05,-2.5949434530048165e-06,0.025535404682159424,-0.02730056829750538
1,gripper_closed,55,0.9166666666666666,1.774760130501818e-05,-0.9599491357803345,1.1612522602081299,0.001080573070794344,-0.295824259519577,6.0721598856616765e-05,-2.676032636372838e-06,0.025075245648622513,-0.02687053382396698
1,gripper_closed,56,0.9333333333333333,1.782473009370733e-05,-0.9599490761756897,1.1612520217895508,0.001079641398973763,-0.29582369327545166,6.21313156443648e-05,-2.742607421168941e-06,0.024597272276878357,-0.02642214111983776
1,gripper_closed,57,0.95,1.786431130312849e-05,-0.9599491357803345,1.1612522602081299,0.0010791661916300654,-0.29582419991493225,6.313178892014548e-05,-2.7912165023735724e-06,0.024102140218019485,-0.02595406398177147
1,gripper_closed,58,0.9666666666666667,1.7866232155938633e-05,-0.9599490761756897,1.1612520217895508,0.0010791802778840065,-0.2958237826824188,6.367840978782624e-05,-2.8198378458910156e-06,0.023591648787260056,-0.025466417893767357
1,gripper_closed,59,0.9833333333333333,1.783198422344867e-05,-0.9599491953849792,1.1612522602081299,0.0010796536225825548,-0.29582417011260986,6.376110832206905e-05,-2.8279466732783476e-06,0.023068586364388466,-0.02496066875755787
1,gripper_closed,60,1.0,1.7766487871995196e-05,-0.9599490761756897,1.1612520217895508,0.0010805529309436679,-0.29582375288009644,6.340089021250606e-05,-2.8164299692434724e-06,0.022536437958478928,-0.024439457803964615
1,gripper_closed,61,1.0166666666666666,1.7301133993896656e-05,-0.9599491357803345,1.1612522602081299,0.0010861946502700448,-0.29582422971725464,5.825283733429387e-05,-2.59088756138226e-06,0.022036338225007057,-0.02390633337199688
1,gripper_closed,62,1.0333333333333334,1.663708644628059e-05,-0.9599490761756897,1.1612520217895508,0.0010945935500785708,-0.2958238124847412,5.010459790355526e-05,-2.2306014670903096e-06,0.021608810871839523,-0.023396171629428864
1,gripper_closed,63,1.05,1.5920455552986823e-05,-0.9599491357803345,1.1612522602081299,0.001103932154364884,-0.2958243787288666,4.058426202391274e-05,-1.8078919765684986e-06,0.021280834451317787,-0.02294633537530899
1,gripper_closed,64,1.0666666666666667,1.526438609289471e-05,-0.9599490761756897,1.1612520217895508,0.0011127578327432275,-0.29582399129867554,3.1092396966414526e-05,-1.3853848486178322e-06,0.021069562062621117,-0.022588809952139854
1,gripper_closed,65,1.0833333333333333,1.485908796894364e-05,-0.9599490761756897,1.1612520217895508,0.001118439482524991,-0.29582417011260986,2.4255310563603416e-05,-1.0812133268700563e-06,0.020999999716877937,-0.02234739251434803
1,gripper_closed,66,1.1,1.5244499081745744e-05,-0.9599490165710449,1.1612522602081299,0.0011150880018249154,-0.29582417011260986,2.5965746317524463e-05,-1.1605889085331e-06,0.020999999716877937,-0.022229930385947227
1,gripper_closed,67,1.1166666666666667,1.5787483789608814e-05,-0.9599491357803345,1.1612521409988403,0.0011078879470005631,-0.2958236336708069,3.146848393953405e-05,-1.4099692862146185e-06,0.020999999716877937,-0.02219253033399582
1,gripper_closed,68,1.1333333333333333,1.6082207366707735e-05,-0.9599490761756897,1.1612522602081299,0.0011045526480302215,-0.29582449793815613,3.3395419450243935e-05,-1.4980903415562352e-06,0.02100030519068241,-0.022190773859620094
1,gripper_closed,69,1.15,1.627207711862866e-05,-0.9599489569664001,1.1612522602081299,0.0011023340048268437,-0.2958241403102875,3.457436105236411e-05,-1.5521872001045267e-06,0.021000441163778305,-0.022189941257238388
1,gripper_closed,70,1.1666666666666667,1.6412161130574532e-05,-0.9599490761756897,1.1612521409988403,0.0011007176944985986,-0.29582399129867554,3.543654747772962e-05,-1.5917364635242848e-06,0.02100089006125927,-0.022189179435372353
1,gripper_closed,71,1.1833333333333333,1.651501952437684e-05,-0.9599490165710449,1.1612523794174194,0.0010995174525305629,-0.29582443833351135,3.606014433898963e-05,-1.6203599670916446e-06,0.02100132219493389,-0.022188421338796616
1,gripper_closed,72,1.2,1.6590442101005465e-05,-0.9599490165710449,1.1612521409988403,0.0010986587731167674,-0.2958238422870636,3.650879443739541e-05,-1.640934897295665e-06,0.021001743152737617,-0.022187666967511177
1,gripper_closed,73,1.2166666666666666,1.6645737559883855e-05,-0.9599490165710449,1.1612523794174194,0.0010980204679071903,-0.29582446813583374,3.682837268570438e-05,-1.6556404034417938e-06,0.021002156659960747,-0.022186914458870888
1,gripper_closed,74,1.2333333333333334,1.668615914240945e-05,-0.9599489569664001,1.1612521409988403,0.001097564585506916,-0.2958239018917084,3.705345079652034e-05,-1.666029902480659e-06,0.02100255712866783,-0.022186163812875748
1,gripper_closed,75,1.25,1.671560494287405e-05,-0.9599491357803345,1.1612523794174194,0.0010972260497510433,-0.29582440853118896,3.720941094798036e-05,-1.6732242329453584e-06,0.02100295200943947,-0.022185420617461205
1,gripper_closed,76,1.2666666666666666,1.6737112673581578e-05,-0.9599490761756897,1.1612521409988403,0.0010969851864501834,-0.29582399129867554,3.7314643122954294e-05,-1.678094349699677e-06,0.021003341302275658,-0.02218467742204666
1,gripper_closed,77,1.2833333333333334,1.6752486772020347e-05,-0.9599491953849792,1.1612523794174194,0.0010968082351610065,-0.2958243489265442,3.738193481694907e-05,-1.6812011836009333e-06,0.0210037212818861,-0.022183936089277267
1,gripper_closed,78,1.3,1.6763719031587243e-05,-0.9599490761756897,1.1612521409988403,0.0010966925183311105,-0.2958238422870636,3.742166154552251e-05,-1.6830632603159756e-06,0.021004093810915947,-0.02218320034444332
1,gripper_closed,79,1.3166666666666667,1.6771471564425156e-05,-0.9599491357803345,1.1612523794174194,0.0010966059053316712,-0.2958242893218994,3.7441597669385374e-05,-1.6840028820297448e-06,0.021004460752010345,-0.022182472050189972
1,gripper_closed,80,1.3333333333333333,1.6777148630353622e-05,-0.9599490761756897,1.1612521409988403,0.0010965528199449182,-0.295823872089386,3.744704008568078e-05,-1.6842575405462412e-06,0.02100481651723385,-0.02218174748122692
1,gripper_closed,81,1.35,1.6780806618044153e-05,-0.9599491357803345,1.1612523794174194,0.001096509164199233,-0.2958243191242218,3.7441321182996035e-05,-1.6840513126226142e-06,0.021005168557167053,-0.02218102477490902
1,gripper_closed,82,1.3666666666666667,1.6783478713477962e-05,-0.9599490761756897,1.1612521409988403,0.0010964919347316027,-0.2958239018917084,3.742765329661779e-05,-1.6834401321830228e-06,0.02100551500916481,-0.022180305793881416
1,gripper_closed,83,1.3833333333333333,1.6784928448032588e-05,-0.9599491953849792,1.1612523794174194,0.0010964731918647885,-0.2958243489265442,3.7408783100545406e-05,-1.682607376096712e-06,0.02100585214793682,-0.02217959240078926
1,gripper_closed,84,1.4,1.6785985280876048e-05,-0.9599490761756897,1.1612521409988403,0.0010964714456349611,-0.2958239018917084,3.738553641596809e-05,-1.681583967183542e-06,0.021006181836128235,-0.022178880870342255
1,gripper_closed,85,1.4166666666666667,1.6786218111519702e-05,-0.9599491357803345,1.1612523794174194,0.0010964691173285246,-0.2958242893218994,3.7359724956331775e-05,-1.6803950302346493e-06,0.02100650779902935,-0.022178173065185547
1,gripper_closed,86,1.4333333333333333,1.6786392734502442e-05,-0.9599490761756897,1.1612521409988403,0.0010964807588607073,-0.295823872089386,3.7331290513975546e-05,-1.6791578900665627e-06,0.02100682444870472,-0.02217746712267399
1,gripper_closed,87,1.45,1.678600165178068e-05,-0.9599491357803345,1.1612523794174194,0.0010964825050905347,-0.2958243787288666,3.7301972042769194e-05,-1.67782525295479e-06,0.02100713551044464,-0.02217676490545273
1,gripper_closed,88,1.4666666666666666,1.678574517427478e-05,-0.9599490761756897,1.1612521409988403,0.0010964972898364067,-0.2958239018917084,3.7271474866429344e-05,-1.676474653322657e-06,0.021007442846894264,-0.022176066413521767
1,gripper_closed,89,1.4833333333333334,1.67850375873968e-05,-0.9599491357803345,1.1612523794174194,0.0010965032270178199,-0.2958243191242218,3.724034104379825e-05,-1.6750615259297774e-06,0.02100774273276329,-0.022175373509526253
1,gripper_closed,90,1.5,1.6784484614618123e-05,-0.9599490761756897,1.1612521409988403,0.001096521271392703,-0.2958239018917084,3.7208879803074524e-05,-1.6736537418182706e-06,0.02100803516805172,-0.022174682468175888
1,gripper_partially_closed,1,0.016666666666666666,1.7504555216873996e-05,-0.959797739982605,1.161957859992981,0.0012256576446816325,-0.2907527685165405,1.3049169638179592e-06,-5.249911794180662e-08,0.049986645579338074,-0.05001267045736313
1,gripper_partially_closed,2,0.03333333333333333,1.5632427675882354e-05,-0.9599623084068298,1.161261796951294,0.00131067237816751,-0.2931956350803375,-1.250282934961433e-06,4.8159417787019265e-08,0.04998395964503288,-0.05001331865787506
1,gripper_partially_closed,3,0.05,1.583165067131631e-05,-0.9600485563278198,1.160674810409546,0.0011577547993510962,-0.2952753007411957,-1.1960514711972792e-06,4.66120511077861e-08,0.04998055845499039,-0.050013743340969086
1,gripper_partially_closed,4,0.06666666666666667,1.5788686141604558e-05,-0.9599459171295166,1.161422610282898,0.0011163430754095316,-0.2960062026977539,1.3054868475137482e-07,-5.602209807165082e-09,0.04997590556740761,-0.05001416429877281
1,gripper_partially_closed,5,0.08333333333333333,1.6142959793796763e-05,-0.9598874449729919,1.1613398790359497,0.0011450604069977999,-0.2946318984031677,1.2013165360258427e-06,-4.7275932502088835e-08,0.049968171864748,-0.0500146709382534
1,gripper_partially_closed,6,0.1,1.5933070244500414e-05,-0.9599780440330505,1.161267876625061,0.0011480135144665837,-0.29567262530326843,3.1732263323647203e-06,-1.2350842837349774e-07,0.04994317516684532,-0.05001514405012131
1,gripper_partially_closed,7,0.11666666666666667,1.637432796997018e-05,-0.9599456191062927,1.161135196685791,0.001109678065404296,-0.29645439982414246,6.942456820979714e-06,-2.702538210996863e-07,0.04989083111286163,-0.050014346837997437
1,gripper_partially_closed,8,0.13333333333333333,1.6632850019959733e-05,-0.9599712491035461,1.1612324714660645,0.0010840841569006443,-0.2960274815559387,1.197062010760419e-05,-4.668723647682782e-07,0.04981163144111633,-0.050011761486530304
1,gripper_partially_closed,9,0.15,1.7213167666341178e-05,-0.9599248170852661,1.1613224744796753,0.0010899771004915237,-0.2953968048095703,1.7601309082238004e-05,-6.867295496704173e-07,0.04970843717455864,-0.05000467225909233
1,gripper_partially_closed,10,0.16666666666666666,1.7399459466105327e-05,-0.959954559803009,1.161276936531067,0.0010987854329869151,-0.2955264747142792,2.3274445993592963e-05,-9.074670401787444e-07,0.04958543926477432,-0.04999173805117607
1,gripper_partially_closed,11,0.18333333333333332,1.7800677596824244e-05,-0.9599478840827942,1.161211609840393,0.0010831679683178663,-0.29609590768814087,2.9094930141582154e-05,-1.1344048971295706e-06,0.049449045211076736,-0.0499705970287323
1,gripper_partially_closed,12,0.2,1.8058379282592796e-05,-0.9599611163139343,1.1612135171890259,0.001065266551449895,-0.29603296518325806,3.472913886071183e-05,-1.355058543595078e-06,0.049306340515613556,-0.04994234815239906
1,gripper_partially_closed,13,0.21666666666666667,1.842226629378274e-05,-0.9599406123161316,1.161283016204834,0.0010629997123032808,-0.2957128584384918,3.9949325582711026e-05,-1.5597142919432372e-06,0.04916185140609741,-0.04990879073739052
1,gripper_partially_closed,14,0.23333333333333334,1.854389665822964e-05,-0.9599483013153076,1.1612744331359863,0.0010698391124606133,-0.2955942153930664,4.4387248635757715e-05,-1.7333463802060578e-06,0.049017369747161865,-0.049871861934661865
1,gripper_partially_closed,15,0.25,1.86683773790719e-05,-0.959947943687439,1.1612443923950195,0.0010670064948499203,-0.29589298367500305,4.8005254939198494e-05,-1.8750115486909635e-06,0.048872869461774826,-0.04982908442616463
1,gripper_partially_closed,16,0.26666666666666666,1.8706869013840333e-05,-0.959955096244812,1.16122305393219,0.0010583066614344716,-0.29596561193466187,5.100340786157176e-05,-1.9931956103391713e-06,0.04872597008943558,-0.049777109175920486
1,gripper_partially_closed,17,0.2833333333333333,1.8786013242788613e-05,-0.9599473476409912,1.1612616777420044,0.0010553462198004127,-0.29584014415740967,5.351033905753866e-05,-2.092487875415827e-06,0.04857395589351654,-0.049713216722011566
1,gripper_partially_closed,18,0.3,1.8781249309540726e-05,-0.9599471688270569,1.1612653732299805,0.0010599435772746801,-0.2956900894641876,5.560066711041145e-05,-2.175302824980463e-06,0.04841388016939163,-0.04963574558496475
1,gripper_partially_closed,19,0.31666666666666665,1.8763523257803172e-05,-0.9599481225013733,1.1612565517425537,0.001061826478689909,-0.29581350088119507,5.7302175264339894e-05,-2.242911477878806e-06,0.0482441782951355,-0.0495428703725338
1,gripper_partially_closed,20,0.3333333333333333,1.8708769857767038e-05,-0.9599516987800598,1.1612350940704346,0.001058870111592114,-0.2958954870700836,5.8623700169846416e-05,-2.2960809928918025e-06,0.048064399510622025,-0.04943316802382469
1,gripper_partially_closed,21,0.35,1.866474667622242e-05,-0.9599496722221375,1.1612509489059448,0.0010568362195044756,-0.29586854577064514,5.9571935707936063e-05,-2.3350314677372808e-06,0.047874756157398224,-0.04930600896477699
1,gripper_partially_closed,22,0.36666666666666664,1.8587554222904146e-05,-0.9599480628967285,1.1612589359283447,0.0010595398489385843,-0.29576489329338074,6.0160331486258656e-05,-2.359990048717009e-06,0.047675710171461105,-0.04916203394532204
1,gripper_partially_closed,23,0.38333333333333336,1.8488413843442686e-05,-0.9599481821060181,1.1612578630447388,0.001062692143023014,-0.2957911789417267,6.040558946551755e-05,-2.3715217594144633e-06,0.047468531876802444,-0.04900249093770981
1,gripper_partially_closed,24,0.4,1.8368589735473506e-05,-0.9599499702453613,1.1612452268600464,0.0010631020413711667,-0.2958512008190155,6.033185127307661e-05,-2.3707882519374834e-06,0.0472552515566349,-0.0488290935754776
1,gripper_partially_closed,25,0.4166666666666667,1.8250282664666884e-05,-0.9599499106407166,1.1612478494644165,0.0010627274168655276,-0.2958611249923706,5.997871994622983e-05,-2.359352492931066e-06,0.047038283199071884,-0.0486440546810627
1,gripper_partially_closed,26,0.43333333333333335,1.8126262148143724e-05,-0.9599488973617554,1.1612545251846313,0.0010645583970472217,-0.29580819606781006,5.939932452747598e-05,-2.3391569357045228e-06,0.046819932758808136,-0.0484502837061882
1,gripper_partially_closed,27,0.45,1.7996297174249776e-05,-0.9599485397338867,1.1612560749053955,0.001067548175342381,-0.2957964241504669,5.865352432010695e-05,-2.3124027848098194e-06,0.046602483838796616,-0.04825085029006004
1,gripper_partially_closed,28,0.4666666666666667,1.786581560736522e-05,-0.959949254989624,1.161250352859497,0.0010692846262827516,-0.29582810401916504,5.780609717476182e-05,-2.28165708904271e-06,0.04638813063502312,-0.04804878681898117
1,gripper_partially_closed,29,0.48333333333333334,1.7747630408848636e-05,-0.9599494934082031,1.1612489223480225,0.0010698505211621523,-0.29584628343582153,5.692177728633396e-05,-2.249536692033871e-06,0.046178869903087616,-0.047846853733062744
1,gripper_partially_closed,30,0.5,1.764476292009931e-05,-0.9599491357803345,1.1612520217895508,0.0010709804482758045,-0.2958252727985382,5.606558988802135e-05,-2.2185301986610284e-06,0.04597614333033562,-0.04764758050441742
1,gripper_partially_closed,31,0.5166666666666667,1.7556165403220803e-05,-0.9599489569664001,1.1612542867660522,0.0010728428605943918,-0.29580938816070557,5.529549525817856e-05,-2.1908904273004737e-06,0.045780766755342484,-0.04745307192206383
1,gripper_partially_closed,32,0.5333333333333333,1.7483156625530683e-05,-0.9599488973617554,1.161252498626709,0.0010742044541984797,-0.2958197593688965,5.465960202855058e-05,-2.168464106944157e-06,0.04559306055307388,-0.04726482927799225
1,gripper_partially_closed,33,0.55,1.7430411389796063e-05,-0.9599494934082031,1.1612499952316284,0.001074630068615079,-0.2958334982395172,5.4192245443118736e-05,-2.152702109015081e-06,0.04541290923953056,-0.04708366096019745
1,gripper_partially_closed,34,0.5666666666666667,1.7399797798134387e-05,-0.9599493145942688,1.1612513065338135,0.0010747950291261077,-0.29583072662353516,5.3915584430797026e-05,-2.144443442375632e-06,0.045239612460136414,-0.04690975695848465
1,gripper_partially_closed,35,0.5833333333333334,1.7387606931151822e-05,-0.9599490165710449,1.161252498626709,0.0010752909583970904,-0.29581785202026367,5.383701864047907e-05,-2.144012114513316e-06,0.0450720377266407,-0.04674274101853371
1,gripper_partially_closed,36,0.6,1.7390821085427888e-05,-0.9599490761756897,1.1612530946731567,0.0010756658157333732,-0.2958192825317383,5.395045081968419e-05,-2.1511571048904443e-06,0.04490869864821434,-0.04658171534538269
1,gripper_partially_closed,37,0.6166666666666667,1.740740663080942e-05,-0.959949254989624,1.1612510681152344,0.001075529376976192,-0.29582589864730835,5.4235264542512596e-05,-2.1650921553373337e-06,0.04474795609712601,-0.04642530530691147
1,gripper_partially_closed,38,0.6333333333333333,1.743530810927041e-05,-0.9599491953849792,1.1612509489059448,0.0010750393848866224,-0.29582977294921875,5.466145012178458e-05,-2.1846276467840653e-06,0.044588059186935425,-0.04627184569835663
1,gripper_partially_closed,39,0.65,1.747048372635618e-05,-0.9599491357803345,1.1612522602081299,0.001074672327376902,-0.29582375288009644,5.519025944522582e-05,-2.208255864388775e-06,0.04442734271287918,-0.04611951857805252
1,gripper_partially_closed,40,0.6666666666666666,1.7507469237898476e-05,-0.9599490165710449,1.1612522602081299,0.0010744911851361394,-0.2958197295665741,5.5778702517272905e-05,-2.2342258034768747e-06,0.04426422342658043,-0.045966461300849915
1,gripper_partially_closed,41,0.6833333333333333,1.7542710338602774e-05,-0.9599491953849792,1.1612520217895508,0.0010741662699729204,-0.2958242893218994,5.638190850731917e-05,-2.2607848677580478e-06,0.044097427278757095,-0.045810963958501816
1,gripper_partially_closed,42,0.7,1.7573875084053725e-05,-0.9599490761756897,1.1612513065338135,0.001073727267794311,-0.29582661390304565,5.6956923799589276e-05,-2.2862629975861637e-06,0.043926022946834564,-0.045651521533727646
1,gripper_partially_closed,43,0.7166666666666667,1.7598154954612255e-05,-0.9599491357803345,1.1612519025802612,0.0010734210954979062,-0.295825332403183,5.746503666159697e-05,-2.3091120056051295e-06,0.043749433010816574,-0.04548695310950279
1,gripper_partially_closed,44,0.7333333333333333,1.7613328964216635e-05,-0.9599490165710449,1.1612520217895508,0.0010733632370829582,-0.29582223296165466,5.7875025959219784e-05,-2.32801585298148e-06,0.043567460030317307,-0.04531647264957428
1,gripper_partially_closed,45,0.75,1.7617428966332227e-05,-0.9599491953849792,1.1612517833709717,0.001073425286449492,-0.29582345485687256,5.8163881476502866e-05,-2.342064590266091e-06,0.043380334973335266,-0.04513975977897644
1,gripper_partially_closed,46,0.7666666666666667,1.7611282601137646e-05,-0.9599490761756897,1.1612519025802612,0.0010735192336142063,-0.2958256006240845,5.831810995005071e-05,-2.3508184767706553e-06,0.04318860173225403,-0.04495689645409584
1,gripper_partially_closed,47,0.7833333333333333,1.7594924429431558e-05,-0.9599490165710449,1.1612520217895508,0.001073774415999651,-0.29582419991493225,5.833547402289696e-05,-2.354064463361283e-06,0.04299311712384224,-0.044768355786800385
1,gripper_partially_closed,48,0.8,1.756994242896326e-05,-0.9599489569664001,1.1612519025802612,0.0010742032900452614,-0.29582342505455017,5.822216917295009e-05,-2.352082901779795e-06,0.04279493913054466,-0.04457497596740723
1,gripper_partially_closed,49,0.8166666666666667,1.7537688108859584e-05,-0.959949254989624,1.1612519025802612,0.0010746996849775314,-0.29582443833351135,5.799410428153351e-05,-2.3455399968952406e-06,0.04259525239467621,-0.044377874583005905
1,gripper_partially_closed,50,0.8333333333333334,1.750107912812382e-05,-0.9599490761756897,1.1612517833709717,0.0010752328671514988,-0.29582467675209045,5.767448601545766e-05,-2.335307499379269e-06,0.042395297437906265,-0.04417835921049118
1,gripper_partially_closed,51,0.85,1.7462038158555515e-05,-0.9599491357803345,1.1612520217895508,0.0010758318239822984,-0.2958240807056427,5.7291003031423315e-05,-2.322483851457946e-06,0.04219624772667885,-0.043977782130241394
1,gripper_partially_closed,52,0.8666666666666667,1.742368476698175e-05,-0.9599490761756897,1.1612519025802612,0.0010764579055830836,-0.29582372307777405,5.687418524757959e-05,-2.308344846824184e-06,0.04199916124343872,-0.04377751797437668
1,gripper_partially_closed,53,0.8833333333333333,1.7387792468070984e-05,-0.9599491953849792,1.1612519025802612,0.0010770340450108051,-0.2958243191242218,5.645654891850427e-05,-2.2941117094887886e-06,0.041804879903793335,-0.04357881098985672
1,gripper_partially_closed,54,0.9,1.7357253454974853e-05,-0.9599491357803345,1.1612517833709717,0.0010775414993986487,-0.29582443833351135,5.6066495744744316e-05,-2.2810181690147147e-06,0.041614022105932236,-0.043382756412029266
1,gripper_partially_closed,55,0.9166666666666666,1.7333093637716956e-05,-0.9599491357803345,1.1612519025802612,0.0010779786389321089,-0.295824259519577,5.573089947574772e-05,-2.270079903610167e-06,0.04142693057656288,-0.04319014400243759
1,gripper_partially_closed,56,0.9333333333333333,1.7316950106760487e-05,-0.9599490761756897,1.1612519025802612,0.001078335684724152,-0.2958239018917084,5.5471569794462994e-05,-2.262227553728735e-06,0.04124365746974945,-0.04300149902701378
1,gripper_partially_closed,57,0.95,1.7308824681094848e-05,-0.9599491953849792,1.1612517833709717,0.0010785824852064252,-0.29582417011260986,5.5302221880992875e-05,-2.2579827145818854e-06,0.04106399789452553,-0.04281703010201454
1,gripper_partially_closed,58,0.9666666666666667,1.7309270333498716e-05,-0.9599490761756897,1.1612517833709717,0.0010787012288346887,-0.29582464694976807,5.523052459466271e-05,-2.2577007712243358e-06,0.0408874973654747,-0.04263665899634361
1,gripper_partially_closed,59,0.9833333333333333,1.731720294628758e-05,-0.9599491357803345,1.1612519025802612,0.0010787338251248002,-0.2958240211009979,5.525697997654788e-05,-2.261374447698472e-06,0.04071352258324623,-0.04245997592806816
1,gripper_partially_closed,60,1.0,1.7331960407318547e-05,-0.9599490165710449,1.1612519025802612,0.0010786938946694136,-0.2958239018917084,5.5375137890223414e-05,-2.268719299536315e-06,0.04054126888513565,-0.04228638485074043
1,gripper_partially_closed,61,1.0166666666666666,1.720948966976721e-05,-0.9599491953849792,1.1612519025802612,0.0010802230099216104,-0.2958243489265442,5.3925894462736323e-05,-2.2115909814601764e-06,0.04038401320576668,-0.04211507737636566
1,gripper_partially_closed,62,1.0333333333333334,1.7021980966092087e-05,-0.9599491357803345,1.1612517833709717,0.0010826238431036472,-0.2958245277404785,5.153385427547619e-05,-2.1154910427867435e-06,0.040254708379507065,-0.04195677861571312
1,gripper_partially_closed,63,1.05,1.6819398297229782e-05,-0.9599490761756897,1.1612520217895508,0.001085310010239482,-0.2958243191242218,4.8753030569059774e-05,-2.0031282019772334e-06,0.040161292999982834,-0.04182301461696625
1,gripper_partially_closed,64,1.0666666666666667,1.663971306697931e-05,-0.9599490165710449,1.1612519025802612,0.0010878077009692788,-0.29582369327545166,4.6045915951253846e-05,-1.8934836134576472e-06,0.04010821133852005,-0.041723281145095825
1,gripper_partially_closed,65,1.0833333333333333,1.6642869013594463e-05,-0.9599491953849792,1.1612517833709717,0.0010881611378863454,-0.29582440853118896,4.531499871518463e-05,-1.8650915762918885e-06,0.040090013295412064,-0.04166421294212341
1,gripper_partially_closed,66,1.1,1.678865373833105e-05,-0.9599491357803345,1.1612519025802612,0.0010867007076740265,-0.29582479596138,4.6287528675748035e-05,-1.9066820868829382e-06,0.04008146747946739,-0.041638925671577454
1,gripper_partially_closed,67,1.1166666666666667,1.691662873781752e-05,-0.9599490165710449,1.1612519025802612,0.0010852657724171877,-0.2958237826824188,4.7321937017841265e-05,-1.9504591364238877e-06,0.04007452726364136,-0.04162726178765297
1,gripper_partially_closed,68,1.1333333333333333,1.7007780115818605e-05,-0.9599489569664001,1.1612519025802612,0.0010842185001820326,-0.29582393169403076,4.807296136277728e-05,-1.982304638659116e-06,0.04006793349981308,-0.04162198677659035
1,gripper_partially_closed,69,1.15,1.7071626643883064e-05,-0.9599490761756897,1.1612519025802612,0.001083403592929244,-0.29582449793815613,4.8661389882909134e-05,-2.007235934797791e-06,0.040061429142951965,-0.04161664843559265
1,gripper_partially_closed,70,1.1666666666666667,1.7119044059654698e-05,-0.9599490165710449,1.1612517833709717,0.0010827890364453197,-0.29582443833351135,4.91031605633907e-05,-2.0259999473637436e-06,0.040054962038993835,-0.04161128029227257
1,gripper_partially_closed,71,1.1833333333333333,1.7154105080408044e-05,-0.9599491357803345,1.1612520217895508,0.0010823446791619062,-0.2958243787288666,4.943719250150025e-05,-2.040167828454287e-06,0.0400485023856163,-0.041605882346630096
1,gripper_partially_closed,72,1.2,1.7180225768242963e-05,-0.9599490761756897,1.1612517833709717,0.0010820277966558933,-0.2958238124847412,4.9691156164044514e-05,-2.0509435216808924e-06,0.04004206135869026,-0.04160045459866524
1,gripper_partially_closed,73,1.2166666666666666,1.7199434296344407e-05,-0.9599491953849792,1.1612520217895508,0.0010817806469276547,-0.2958245575428009,4.988553700968623e-05,-2.0592233340721577e-06,0.040035706013441086,-0.041594989597797394
1,gripper_partially_closed,74,1.2333333333333334,1.7213968021678738e-05,-0.9599490761756897,1.1612519025802612,0.001081596128642559,-0.2958240509033203,5.00355708936695e-05,-2.0655693333537783e-06,0.040029361844062805,-0.04158952087163925
1,gripper_partially_closed,75,1.25,1.7224559996975586e-05,-0.9599491357803345,1.1612520217895508,0.0010814657434821129,-0.2958240509033203,5.015303395339288e-05,-2.0705890619865386e-06,0.040023040026426315,-0.041584014892578125
1,gripper_partially_closed,76,1.2666666666666666,1.7232727259397507e-05,-0.9599490761756897,1.1612517833709717,0.0010813690023496747,-0.2958241105079651,5.0245242164237425e-05,-2.074551048281137e-06,0.040016788989305496,-0.04157848656177521
1,gripper_partially_closed,77,1.2833333333333334,1.7238626242033206e-05,-0.9599491953849792,1.1612520217895508,0.0010812802938744426,-0.2958245873451233,5.031903856433928e-05,-2.0777220015588682e-06,0.04001056030392647,-0.04157295078039169
1,gripper_partially_closed,78,1.3,1.7243333786609583e-05,-0.9599490761756897,1.1612517833709717,0.001081228838302195,-0.29582399129867554,5.037869777879678e-05,-2.0802460767299635e-06,0.040004342794418335,-0.04156738892197609
1,gripper_partially_closed,79,1.3166666666666667,1.7246604329557158e-05,-0.9599491357803345,1.1612520217895508,0.001081186579540372,-0.2958242893218994,5.042733027948998e-05,-2.082342916764901e-06,0.03999814763665199,-0.0415618009865284
1,gripper_partially_closed,80,1.3333333333333333,1.724932917568367e-05,-0.9599490761756897,1.1612517833709717,0.0010811620159074664,-0.29582396149635315,5.046740989200771e-05,-2.0840702745772433e-06,0.03999203443527222,-0.04155619814991951
1,gripper_partially_closed,81,1.35,1.7251113604288548e-05,-0.9599491953849792,1.1612520217895508,0.001081129303202033,-0.2958245277404785,5.0500526413088664e-05,-2.085525011352729e-06,0.039985932409763336,-0.04155058413743973
1,gripper_partially_closed,82,1.3666666666666667,1.7252765246666968e-05,-0.9599490761756897,1.1612517833709717,0.0010811135871335864,-0.29582399129867554,5.052892447565682e-05,-2.0867573766736314e-06,0.039979852735996246,-0.04154495894908905
1,gripper_partially_closed,83,1.3833333333333333,1.7253734768019058e-05,-0.9599491357803345,1.1612520217895508,0.0010810975218191743,-0.2958243191242218,5.0552964239614084e-05,-2.0878255782008637e-06,0.03997383639216423,-0.041539326310157776
1,gripper_partially_closed,84,1.4,1.7254735212191008e-05,-0.9599490761756897,1.1612517833709717,0.0010810955427587032,-0.29582399129867554,5.057288217358291e-05,-2.0887384835077683e-06,0.039967846125364304,-0.0415336899459362
1,gripper_partially_closed,85,1.4166666666666667,1.7255173588637263e-05,-0.9599491953849792,1.1612520217895508,0.001081080292351544,-0.2958245277404785,5.058989700046368e-05,-2.089545205308241e-06,0.03996186703443527,-0.04152802750468254
1,gripper_partially_closed,86,1.4333333333333333,1.7255792045034468e-05,-0.9599490761756897,1.1612517833709717,0.0010810790117830038,-0.29582399129867554,5.060443072579801e-05,-2.090213229166693e-06,0.03995591402053833,-0.04152235761284828
1,gripper_partially_closed,87,1.45,1.7255928469239734e-05,-0.9599491357803345,1.1612520217895508,0.0010810747044160962,-0.2958243191242218,5.0616723456187174e-05,-2.090771886287257e-06,0.039950039237737656,-0.04151667281985283
1,gripper_partially_closed,88,1.4666666666666666,1.7256268620258197e-05,-0.9599490761756897,1.1612517833709717,0.0010810805251821876,-0.29582396149635315,5.062653872300871e-05,-2.0912552827212494e-06,0.03994417563080788,-0.04151098430156708
1,gripper_partially_closed,89,1.4833333333333334,1.7256195860682055e-05,-0.9599491953849792,1.1612520217895508,0.0010810726089403033,-0.2958245277404785,5.063495336798951e-05,-2.0916804714943282e-06,0.03993832319974899,-0.04150528088212013
1,gripper_partially_closed,90,1.5,1.7256390492548235e-05,-0.9599490761756897,1.1612517833709717,0.00108107621781528,-0.29582399129867554,5.0641614507185295e-05,-2.091990154440282e-06,0.0399324931204319,-0.04149957746267319
1,gripper_open,1,0.016666666666666666,1.749885814206209e-05,-0.959797739982605,1.161957859992981,0.001225725281983614,-0.2907527983188629,1.2385157788230572e-06,-4.9898751797172736e-08,0.04998781532049179,-0.05001266673207283
1,gripper_open,2,0.03333333333333333,1.5618177712894976e-05,-0.9599623084068298,1.161261796951294,0.0013108447892591357,-0.2931957244873047,-1.4295100072558853e-06,5.512512046834672e-08,0.049987610429525375,-0.05001332610845566
1,gripper_open,3,0.05,1.5805951989023015e-05,-0.9600485563278198,1.160674810409546,0.0011580875143408775,-0.29527536034584045,-1.5430945268235519e-06,6.009212683011356e-08,0.049987759441137314,-0.05001373961567879
1,gripper_open,4,0.06666666666666667,1.573584449943155e-05,-0.9599459171295166,1.161422610282898,0.0011170277139171958,-0.2960062623023987,-5.914511689297797e-07,2.2527729015564546e-08,0.04998805746436119,-0.05001414567232132
1,gripper_open,5,0.08333333333333333,1.6028441677917726e-05,-0.9598874449729919,1.1613398790359497,0.0011465686839073896,-0.29463183879852295,-3.934806329652929e-07,1.4893333677434839e-08,0.049988485872745514,-0.050014641135931015
1,gripper_open,6,0.1,1.5613810319337063e-05,-0.9599780440330505,1.161267876625061,0.0011517946841195226,-0.2956726849079132,-7.539002808698569e-07,2.9314747962416732e-08,0.04998910427093506,-0.05001511424779892
1,gripper_open,7,0.11666666666666667,1.5755418644403107e-05,-0.9599456191062927,1.1611350774765015,0.0011171346995979548,-0.29645463824272156,-7.885585091571556e-07,3.085369471023114e-08,0.04998990148305893,-0.050015587359666824
1,gripper_open,8,0.13333333333333333,1.5665531464037485e-05,-0.9599712491035461,1.161232590675354,0.0010959922801703215,-0.2960277497768402,-5.392520279201563e-07,2.1053326193509747e-08,0.049990952014923096,-0.05001606047153473
1,gripper_open,9,0.15,1.5871579307713546e-05,-0.9599247574806213,1.1613223552703857,0.001106685376726091,-0.29539647698402405,-3.3872981930471724e-07,1.3100158291479147e-08,0.04999217763543129,-0.05001653730869293
1,gripper_open,10,0.16666666666666666,1.5664114471292123e-05,-0.9599546194076538,1.1612768173217773,0.0011204590555280447,-0.2955268919467926,-5.893878096685512e-07,2.3050041875194438e-08,0.049993593245744705,-0.05001702159643173
1,gripper_open,11,0.18333333333333332,1.570116182847414e-05,-0.9599478840827942,1.161211609840393,0.0011096735252067447,-0.29609647393226624,-7.173655944825441e-07,2.813884236729791e-08,0.04999516159296036,-0.05001749098300934
1,gripper_open,12,0.2,1.5645377061446197e-05,-0.9599611163139343,1.1612133979797363,0.0010960936779156327,-0.2960328757762909,-6.946899020476849e-07,2.7244025702088948e-08,0.04999709874391556,-0.050017960369586945
1,gripper_open,13,0.21666666666666667,1.5755273125250824e-05,-0.9599406123161316,1.161283016204834,0.0010973457247018814,-0.2957128584384918,-5.903340252189082e-07,2.3079049782381844e-08,0.04999924078583717,-0.05001843348145485
1,gripper_open,14,0.23333333333333334,1.5682069715694524e-05,-0.9599482417106628,1.1612744331359863,0.0011069501051679254,-0.2955945134162903,-7.169469995460531e-07,2.8058941836661688e-08,0.05000167340040207,-0.05001891031861305
1,gripper_open,15,0.25,1.567737308505457e-05,-0.9599480032920837,1.1612443923950195,0.0011061454424634576,-0.29589343070983887,-8.657008834234148e-07,3.3940409593924414e-08,0.050004296004772186,-0.050019387155771255
1,gripper_open,16,0.26666666666666666,1.564220292493701e-05,-0.9599551558494568,1.16122305393219,0.0010988571448251605,-0.29596585035324097,-9.470176678405551e-07,3.714264096288389e-08,0.050007253885269165,-0.05001985654234886
1,gripper_open,17,0.2833333333333333,1.569183950778097e-05,-0.9599473476409912,1.161261796951294,0.001096667256206274,-0.295840322971344,-9.40495851864398e-07,3.683214444549776e-08,0.0500105656683445,-0.05002032592892647
1,gripper_open,18,0.3,1.5673560483264737e-05,-0.9599473476409912,1.1612653732299805,0.0011016293428838253,-0.2956900894641876,-1.033135163197585e-06,4.0452817984260037e-08,0.05001420900225639,-0.05002079904079437
1,gripper_open,19,0.31666666666666665,1.5661766155972145e-05,-0.9599481225013733,1.1612565517425537,0.0011036335490643978,-0.2958141267299652,-1.1794752481364412e-06,4.616221715991742e-08,0.05001824349164963,-0.05002127215266228
1,gripper_open,20,0.3333333333333333,1.563917612656951e-05,-0.9599516987800598,1.1612350940704346,0.001100577530451119,-0.29589566588401794,-1.3127280453772983e-06,5.136412539741286e-08,0.05002274736762047,-0.05002174153923988
1,gripper_open,21,0.35,1.5656343748560175e-05,-0.9599496126174927,1.161251187324524,0.0010980728548020124,-0.29586872458457947,-1.3865919754607603e-06,5.4227349721713836e-08,0.05002783238887787,-0.05002220720052719
1,gripper_open,22,0.36666666666666664,1.5656509276595898e-05,-0.9599481225013733,1.1612590551376343,0.0010999548248946667,-0.2957647442817688,-1.4933564216335071e-06,5.836169947315284e-08,0.05003371462225914,-0.0500226765871048
1,gripper_open,23,0.38333333333333336,1.564848207635805e-05,-0.9599481821060181,1.1612579822540283,0.0011020473903045058,-0.29579174518585205,-1.6446896324850968e-06,6.427304555245428e-08,0.050040628761053085,-0.0500231496989727
1,gripper_open,24,0.4,1.563484147482086e-05,-0.9599500298500061,1.161245346069336,0.001101256930269301,-0.29585158824920654,-1.809349328141252e-06,7.069120044889132e-08,0.050048816949129105,-0.05002362281084061
1,gripper_open,25,0.4166666666666667,1.5637178876204416e-05,-0.959949791431427,1.161247968673706,0.0010995123302564025,-0.29586127400398254,-1.956942014658125e-06,7.644391786243432e-08,0.050058383494615555,-0.05002409219741821
1,gripper_open,26,0.43333333333333335,1.5632811482646503e-05,-0.9599488377571106,1.161254644393921,0.001099834800697863,-0.29580822587013245,-2.145190364899463e-06,8.376412807820088e-08,0.05006932094693184,-0.05002456530928612
1,gripper_open,27,0.45,1.5611118215019815e-05,-0.9599484801292419,1.1612560749053955,0.0011013937182724476,-0.2957970201969147,-2.5196889055223437e-06,9.832866965098219e-08,0.050081517547369,-0.050025034695863724
1,gripper_open,28,0.4666666666666667,1.557686846354045e-05,-0.9599493145942688,1.161250352859497,0.0011018846416845918,-0.29582881927490234,-3.06179958897701e-06,1.19475856763529e-07,0.05009489133954048,-0.05002552643418312
1,gripper_open,29,0.48333333333333334,1.5542407709290273e-05,-0.9599495530128479,1.1612491607666016,0.0011014232877641916,-0.2958465814590454,-3.7269203403411666e-06,1.4539529047397082e-07,0.050109390169382095,-0.050026051700115204
1,gripper_open,30,0.5,1.5507395801250823e-05,-0.9599490165710449,1.1612517833709717,0.0011017300421372056,-0.2958248555660248,-4.4805474317399785e-06,1.7476222069490177e-07,0.05012492462992668,-0.05002663657069206
1,gripper_open,31,0.5166666666666667,1.5469568097614683e-05,-0.9599490165710449,1.1612547636032104,0.001102891401387751,-0.2958105206489563,-5.2542909543262795e-06,2.048912648433543e-07,0.05014144629240036,-0.0500272773206234
1,gripper_open,32,0.5333333333333333,1.542881000204943e-05,-0.9599488973617554,1.1612517833709717,0.0011037952499464154,-0.29581931233406067,-6.038456831447547e-06,2.3547055150174856e-07,0.050158821046352386,-0.05002797022461891
1,gripper_open,33,0.55,1.5386915038106963e-05,-0.9599494338035583,1.1612504720687866,0.001103986636735499,-0.29583534598350525,-6.854105322418036e-06,2.672474010978476e-07,0.050177596509456635,-0.05002870410680771
1,gripper_open,34,0.5666666666666667,1.534677721792832e-05,-0.9599491953849792,1.1612507104873657,0.0011042506666854024,-0.2958294153213501,-7.699162779317703e-06,3.001360369125905e-07,0.050197992473840714,-0.050029486417770386
1,gripper_open,35,0.5833333333333334,1.5306100976886228e-05,-0.9599490165710449,1.1612536907196045,0.001105011673644185,-0.29581940174102783,-8.563957635487895e-06,3.3381687103428703e-07,0.05021984875202179,-0.05003032833337784
1,gripper_open,36,0.6,1.526618143543601e-05,-0.9599488973617554,1.161252498626709,0.0011059087701141834,-0.2958172857761383,-9.430873433302622e-06,3.675872903841082e-07,0.05024278536438942,-0.05003122240304947
1,gripper_open,37,0.6166666666666667,1.5228426491376013e-05,-0.9599491953849792,1.1612516641616821,0.001106348936446011,-0.29582861065864563,-1.028006045089569e-05,4.0067698137136176e-07,0.05026637017726898,-0.050032150000333786
1,gripper_open,38,0.6333333333333333,1.5196372260106727e-05,-0.9599493145942688,1.1612510681152344,0.0011065782746300101,-0.29582932591438293,-1.110251196223544e-05,4.326645353103231e-07,0.0502903088927269,-0.050033096224069595
1,gripper_open,39,0.65,1.5167593119258527e-05,-0.9599490761756897,1.1612523794174194,0.0011070005130022764,-0.29582375288009644,-1.1897283911821432e-05,4.6359389216377167e-07,0.050314344465732574,-0.050034068524837494
1,gripper_open,40,0.6666666666666666,1.5141326002776623e-05,-0.9599489569664001,1.1612521409988403,0.0011075916700065136,-0.2958201467990875,-1.2668357157963328e-05,4.936113100484363e-07,0.05033829063177109,-0.05003504827618599
1,gripper_open,41,0.6833333333333333,1.5116344002308324e-05,-0.959949254989624,1.1612520217895508,0.001107993652112782,-0.295825332403183,-1.3417648915492464e-05,5.227763608672831e-07,0.05036205053329468,-0.05003603175282478
1,gripper_open,42,0.7,1.509391950094141e-05,-0.9599491357803345,1.161251425743103,0.0011082326527684927,-0.2958267629146576,-1.4148896298138425e-05,5.512010261554678e-07,0.05038561671972275,-0.05003701522946358
1,gripper_open,43,0.7166666666666667,1.507250726717757e-05,-0.9599490761756897,1.1612521409988403,0.001108525786548853,-0.2958250939846039,-1.4868007383483928e-05,5.791710577796039e-07,0.05040902644395828,-0.05003799870610237
1,gripper_open,44,0.7333333333333333,1.5051816262712236e-05,-0.9599490165710449,1.1612520217895508,0.0011089331237599254,-0.29582250118255615,-1.5581483239657246e-05,6.069120104257308e-07,0.05043230578303337,-0.050038985908031464
1,gripper_open,45,0.75,1.5030521353764925e-05,-0.9599491953849792,1.1612519025802612,0.0011092897038906813,-0.29582443833351135,-1.6291964129777625e-05,6.345567271637265e-07,0.050455495715141296,-0.05003998056054115
1,gripper_open,46,0.7666666666666667,1.5009833077783696e-05,-0.9599490761756897,1.1612517833709717,0.0011095647932961583,-0.29582589864730835,-1.7001053493004292e-05,6.621303896281461e-07,0.05047864839434624,-0.05004097893834114
1,gripper_open,47,0.7833333333333333,1.4988861948950216e-05,-0.9599490761756897,1.1612519025802612,0.001109867007471621,-0.29582470655441284,-1.7710459360387176e-05,6.897143407513795e-07,0.05050180107355118,-0.050041984766721725
1,gripper_open,48,0.8,1.4968076357035898e-05,-0.9599490165710449,1.1612520217895508,0.0011102233547717333,-0.2958239018917084,-1.8421287677483633e-05,7.173622407208313e-07,0.05052497610449791,-0.0500430092215538
1,gripper_open,49,0.8166666666666667,1.4946663213777356e-05,-0.9599491953849792,1.1612519025802612,0.001110569923184812,-0.2958243191242218,-1.9133507521473803e-05,7.450486805282708e-07,0.05054815858602524,-0.050044041126966476
1,gripper_open,50,0.8333333333333334,1.4925538380339276e-05,-0.9599491357803345,1.1612517833709717,0.0011108767939731479,-0.2958252727985382,-1.9845896531478502e-05,7.727147135483392e-07,0.05057137459516525,-0.050045087933540344
1,gripper_open,51,0.85,1.4904208910593297e-05,-0.9599489569664001,1.1612519025802612,0.0011111889034509659,-0.2958248555660248,-2.0558451069518924e-05,8.004033134056954e-07,0.05059461295604706,-0.05004614591598511
1,gripper_open,52,0.8666666666666667,1.4883134099363815e-05,-0.9599489569664001,1.1612519025802612,0.0011115402448922396,-0.2958240807056427,-2.1271102013997734e-05,8.280777024083363e-07,0.05061788484454155,-0.050047215074300766
1,gripper_open,53,0.8833333333333333,1.486187284172047e-05,-0.9599491357803345,1.1612519025802612,0.0011118804104626179,-0.29582467675209045,-2.1983767510391772e-05,8.557631758776552e-07,0.05064116418361664,-0.05004829168319702
1,gripper_open,54,0.9,1.4840746189292986e-05,-0.9599490761756897,1.1612517833709717,0.0011121915886178613,-0.2958250343799591,-2.269605829496868e-05,8.834069262775301e-07,0.050664450973272324,-0.05004937946796417
1,gripper_open,55,0.9166666666666666,1.4819634088780731e-05,-0.9599489569664001,1.1612520217895508,0.001112511265091598,-0.29582473635673523,-2.3407301341649145e-05,9.110442533710739e-07,0.05068773776292801,-0.05005047470331192
1,gripper_open,56,0.9333333333333333,1.4798635675106198e-05,-0.9599489569664001,1.1612519025802612,0.001112861791625619,-0.2958240509033203,-2.411823697912041e-05,9.386621400153672e-07,0.05071102827787399,-0.050051577389240265
1,gripper_open,57,0.95,1.4777520846109837e-05,-0.9599490761756897,1.1612517833709717,0.0011131871724501252,-0.29582488536834717,-2.4828965251799673e-05,9.662488764661248e-07,0.05073431879281998,-0.0500526949763298
1,gripper_open,58,0.9666666666666667,1.4756652490177657e-05,-0.9599490165710449,1.1612519025802612,0.001113489968702197,-0.2958252429962158,-2.5538560294080526e-05,9.937936056303442e-07,0.05075760558247566,-0.05005382001399994
1,gripper_open,59,0.9833333333333333,1.4735686818312388e-05,-0.9599490761756897,1.1612521409988403,0.0011138219852000475,-0.2958243489265442,-2.6248040740028955e-05,1.0213224186372827e-06,0.05078089237213135,-0.05005495622754097
1,gripper_open,60,1.0,1.4714735698362347e-05,-0.9599490165710449,1.1612519025802612,0.0011141728609800339,-0.2958240211009979,-2.6957839509123005e-05,1.0488315638212953e-06,0.05080417916178703,-0.0500560961663723
1,gripper_open,61,1.0166666666666666,1.4719937098561786e-05,-0.9599491357803345,1.1612517833709717,0.0011141834547743201,-0.2958252429962158,-2.7364754714653827e-05,1.064600496647472e-06,0.05082489177584648,-0.05005725473165512
1,gripper_open,62,1.0333333333333334,1.4749012734682765e-05,-0.9599490761756897,1.1612519025802612,0.001113878097385168,-0.2958252727985382,-2.7462443540571257e-05,1.068336814569193e-06,0.050840508192777634,-0.05005823075771332
1,gripper_open,63,1.05,1.4777330761717167e-05,-0.9599490761756897,1.1612521409988403,0.0011135890381410718,-0.2958240807056427,-2.7502428565640002e-05,1.069827362698561e-06,0.050853900611400604,-0.05005897954106331
1,gripper_open,64,1.0666666666666667,1.4803865269641392e-05,-0.9599490165710449,1.1612520217895508,0.0011133209336549044,-0.2958239018917084,-2.751425745373126e-05,1.070245957635052e-06,0.05086590722203255,-0.05005963146686554
1,gripper_open,65,1.0833333333333333,1.4819064745097421e-05,-0.9599491357803345,1.1612519025802612,0.0011131369974464178,-0.29582512378692627,-2.761770701908972e-05,1.0741927098933957e-06,0.050876837223768234,-0.05006026476621628
1,gripper_open,66,1.1,1.482675907027442e-05,-0.9599490761756897,1.1612519025802612,0.0011130283819511533,-0.2958252727985382,-2.7791575121227652e-05,1.0809089872054756e-06,0.05088687315583229,-0.050060901790857315
1,gripper_open,67,1.1166666666666667,1.4829050996922888e-05,-0.9599490165710449,1.1612520217895508,0.001113017788156867,-0.29582440853118896,-2.8006596039631404e-05,1.0892082400459913e-06,0.050896137952804565,-0.05006154254078865
1,gripper_open,68,1.1333333333333333,1.4827818631601986e-05,-0.9599489569664001,1.1612519025802612,0.0011130699422210455,-0.29582419991493225,-2.824346665875055e-05,1.0983740139636211e-06,0.0509047657251358,-0.050062187016010284
1,gripper_open,69,1.15,1.482422521803528e-05,-0.9599491357803345,1.1612519025802612,0.001113121397793293,-0.29582497477531433,-2.848822077794466e-05,1.107856292037468e-06,0.050912901759147644,-0.05006283149123192
1,gripper_open,70,1.1666666666666667,1.4819609532423783e-05,-0.9599490761756897,1.1612519025802612,0.0011131728533655405,-0.2958250939846039,-2.8733227736665867e-05,1.117319698096253e-06,0.05092068389058113,-0.05006347596645355
1,gripper_open,71,1.1833333333333333,1.4814065252721775e-05,-0.9599491357803345,1.1612520217895508,0.0011132573708891869,-0.29582443833351135,-2.897353442676831e-05,1.1266727142356103e-06,0.050928134471178055,-0.050064120441675186
1,gripper_open,72,1.2,1.4808258129050955e-05,-0.9599490165710449,1.1612517833709717,0.0011133592342957854,-0.2958243489265442,-2.920772021752782e-05,1.1357599305483745e-06,0.05093536898493767,-0.05006476491689682
1,gripper_open,73,1.2166666666666666,1.4802018085902091e-05,-0.9599491953849792,1.1612519025802612,0.001113438163883984,-0.2958250939846039,-2.9435392207233235e-05,1.1445800964793307e-06,0.05094239488244057,-0.050065409392118454
1,gripper_open,74,1.2333333333333334,1.4796079085499514e-05,-0.9599491357803345,1.1612519025802612,0.0011135173263028264,-0.2958247661590576,-2.9655762773472816e-05,1.1531222980920575e-06,0.05094921216368675,-0.05006605386734009
1,gripper_open,75,1.25,1.4789869055675808e-05,-0.9599491357803345,1.1612520217895508,0.001113613834604621,-0.2958243787288666,-2.9868484489270486e-05,1.1613649348873878e-06,0.0509558767080307,-0.05006670206785202
1,gripper_open,76,1.2666666666666666,1.4783969163545407e-05,-0.9599490165710449,1.1612517833709717,0.0011137129040434957,-0.2958243787288666,-3.007481063832529e-05,1.1693606438711868e-06,0.0509624145925045,-0.05006735026836395
1,gripper_open,77,1.2833333333333334,1.4777978321944829e-05,-0.9599491953849792,1.1612520217895508,0.0011137861292809248,-0.2958250939846039,-3.0274741220637225e-05,1.1771055596909719e-06,0.05096879601478577,-0.050067998468875885
1,gripper_open,78,1.3,1.4772436770726927e-05,-0.9599491357803345,1.1612519025802612,0.0011138663394376636,-0.29582446813583374,-3.046834717679303e-05,1.184620941785397e-06,0.050975069403648376,-0.05006864666938782
1,gripper_open,79,1.3166666666666667,1.4766688764211722e-05,-0.9599491357803345,1.1612519025802612,0.0011139515554532409,-0.2958245873451233,-3.065698183490895e-05,1.1919306643903838e-06,0.05098125338554382,-0.05006929486989975
1,gripper_open,80,1.3333333333333333,1.4761395505047403e-05,-0.9599490761756897,1.1612519025802612,0.0011140282731503248,-0.29582473635673523,-3.0840841645840555e-05,1.1990186976618133e-06,0.050987359136343,-0.05006994307041168
1,gripper_open,81,1.35,1.4756011296412908e-05,-0.9599491357803345,1.1612519025802612,0.0011141074355691671,-0.2958246171474457,-3.102023038081825e-05,1.2059838354616659e-06,0.05099332332611084,-0.050070591270923615
1,gripper_open,82,1.3666666666666667,1.4750943591934629e-05,-0.9599490761756897,1.1612519025802612,0.0011141818249598145,-0.29582470655441284,-3.119531538686715e-05,1.212789015880844e-06,0.05099920928478241,-0.05007123947143555
1,gripper_open,83,1.3833333333333333,1.4745820408279542e-05,-0.9599490165710449,1.1612519025802612,0.0011142570292577147,-0.2958246171474457,-3.136754094157368e-05,1.2194030887258123e-06,0.0510050430893898,-0.05007188767194748
1,gripper_open,84,1.4,1.4740945516678039e-05,-0.9599489569664001,1.1612519025802612,0.0011143337469547987,-0.29582467675209045,-3.1535866582999006e-05,1.225909500135458e-06,0.05101080983877182,-0.05007253587245941
1,gripper_open,85,1.4166666666666667,1.4736049706698395e-05,-0.9599490761756897,1.1612519025802612,0.0011144063901156187,-0.29582473635673523,-3.1700546969659626e-05,1.2323073406150797e-06,0.05101645737886429,-0.050073184072971344
1,gripper_open,86,1.4333333333333333,1.4731407645740546e-05,-0.9599490165710449,1.1612519025802612,0.0011144712334498763,-0.29582479596138,-3.1862778996583074e-05,1.238600361830322e-06,0.05102204158902168,-0.05007383972406387
1,gripper_open,87,1.45,1.4726702829648275e-05,-0.9599491357803345,1.1612519025802612,0.0011145411990582943,-0.29582470655441284,-3.2021591323427856e-05,1.244775944542198e-06,0.051027581095695496,-0.0500744953751564
1,gripper_open,88,1.4666666666666666,1.472223721066257e-05,-0.9599490761756897,1.1612519025802612,0.0011146075557917356,-0.29582473635673523,-3.217814810341224e-05,1.2508355666795978e-06,0.05103306844830513,-0.05007515475153923
1,gripper_open,89,1.4833333333333334,1.4717685189680196e-05,-0.9599490761756897,1.1612519025802612,0.0011146763572469354,-0.2958245575428009,-3.233204915886745e-05,1.2567759313242277e-06,0.05103845149278641,-0.05007581412792206
1,gripper_open,90,1.5,1.471338327974081e-05,-0.9599490165710449,1.1612519025802612,0.0011147448094561696,-0.29582470655441284,-3.2483261747984216e-05,1.2626243233171408e-06,0.05104377865791321,-0.050076477229595184
1,gripper_maximum_legal_aperture,1,0.016666666666666666,1.7496658983873203e-05,-0.959797739982605,1.161957859992981,0.0012257506605237722,-0.2907527983188629,1.2130168443036382e-06,-4.889470517355221e-08,0.0499882698059082,-0.05001266673207283
1,gripper_maximum_legal_aperture,2,0.03333333333333333,1.561269527883269e-05,-0.9599623084068298,1.161261796951294,0.0013109113788232207,-0.2931957244873047,-1.4987004988142871e-06,5.774951006287665e-08,0.0499889999628067,-0.050013329833745956
1,gripper_maximum_legal_aperture,3,0.05,1.57960948854452e-05,-0.9600485563278198,1.160674810409546,0.0011582153383642435,-0.29527536034584045,-1.6772037270129658e-06,6.525657880729341e-08,0.04999047890305519,-0.05001373589038849
1,gripper_maximum_legal_aperture,4,0.06666666666666667,1.572089604451321e-05,-0.9599459171295166,1.161422610282898,0.0011172263184562325,-0.2960062623023987,-8.060263780862442e-07,3.0804891082425456e-08,0.049992647022008896,-0.050014134496450424
1,gripper_maximum_legal_aperture,5,0.08333333333333333,1.6008705642889254e-05,-0.9598874449729919,1.1613398790359497,0.0011468385346233845,-0.29463186860084534,-6.981268825256848e-07,2.6713715683968076e-08,0.04999614879488945,-0.05001462250947952
1,gripper_maximum_legal_aperture,6,0.1,1.5590312614222057e-05,-0.9599780440330505,1.1612677574157715,0.0011521376436576247,-0.2956726551055908,-1.1587053450057283e-06,4.5053788255700056e-08,0.05000175163149834,-0.05001509189605713
1,gripper_maximum_legal_aperture,7,0.11666666666666667,1.571768007124774e-05,-0.9599456191062927,1.161135196685791,0.001117637031711638,-0.2964547574520111,-1.3938703204985359e-06,5.438694472559291e-08,0.05001327022910118,-0.05001555383205414
1,gripper_maximum_legal_aperture,8,0.13333333333333333,1.5523075489909388e-05,-0.9599712491035461,1.161232590675354,0.0010977175552397966,-0.2960273325443268,-2.421061481072684e-06,9.444506332556557e-08,0.0500338152050972,-0.05001601204276085
1,gripper_maximum_legal_aperture,9,0.15,1.5568724847980775e-05,-0.9599246978759766,1.1613223552703857,0.0011104353470727801,-0.2953965961933136,-4.390366029838333e-06,1.7108729366555053e-07,0.05006663501262665,-0.050016917288303375
1,gripper_maximum_legal_aperture,10,0.16666666666666666,1.5188805264187977e-05,-0.9599546790122986,1.1612768173217773,0.0011265001958236098,-0.2955269515514374,-7.199456831585849e-06,2.8058519774276647e-07,0.0501115657389164,-0.0500185564160347
1,gripper_maximum_legal_aperture,11,0.18333333333333332,1.5050799447635654e-05,-0.959947943687439,1.161211609840393,0.0011180712608620524,-0.29609647393226624,-1.00398328868323e-05,3.912877559741901e-07,0.05016391724348068,-0.050020888447761536
1,gripper_maximum_legal_aperture,12,0.2,1.4798045413044747e-05,-0.9599611163139343,1.1612133979797363,0.001107090269215405,-0.29603269696235657,-1.3078257325105369e-05,5.098237920719839e-07,0.05022651329636574,-0.050023917108774185
1,gripper_maximum_legal_aperture,13,0.21666666666666667,1.4703466149512678e-05,-0.9599406719207764,1.161283016204834,0.0011110211489722133,-0.2957128584384918,-1.6287382095470093e-05,6.347889893731917e-07,0.050298962742090225,-0.05002816393971443
1,gripper_maximum_legal_aperture,14,0.23333333333333334,1.4446170098381117e-05,-0.9599483013153076,1.1612744331359863,0.0011230841046199203,-0.29559460282325745,-1.969567165360786e-05,7.674034350202419e-07,0.05037831887602806,-0.05003393441438675
1,gripper_maximum_legal_aperture,15,0.25,1.4279591596277896e-05,-0.9599480628967285,1.1612443923950195,0.0011245413916185498,-0.2958934009075165,-2.299577317899093e-05,8.95712332749099e-07,0.05046166107058525,-0.05004068836569786
1,gripper_maximum_legal_aperture,16,0.26666666666666666,1.409908236382762e-05,-0.9599551558494568,1.16122305393219,0.001119330758228898,-0.2959657907485962,-2.6101351977558807e-05,1.0166268111788668e-06,0.05054738372564316,-0.050048280507326126
1,gripper_maximum_legal_aperture,17,0.2833333333333333,1.4017525245435536e-05,-0.9599473476409912,1.161261796951294,0.001118989777751267,-0.2958402931690216,-2.9012415325269103e-05,1.1298171784801525e-06,0.05063440650701523,-0.05005667731165886
1,gripper_maximum_legal_aperture,18,0.3,1.3889345609641168e-05,-0.9599473476409912,1.16126549243927,0.0011254895944148302,-0.2956902086734772,-3.18414531648159e-05,1.2396460533636855e-06,0.050721339881420135,-0.05006597563624382
1,gripper_maximum_legal_aperture,19,0.31666666666666665,1.3786772797175217e-05,-0.9599481821060181,1.1612565517425537,0.0011288350215181708,-0.29581406712532043,-3.453368481132202e-05,1.3440372867989936e-06,0.05080719664692879,-0.05007569491863251
1,gripper_maximum_legal_aperture,20,0.3333333333333333,1.3683668839803431e-05,-0.959951639175415,1.1612352132797241,0.0011270169634371996,-0.2958959937095642,-3.707976793521084e-05,1.4428048871195642e-06,0.05089189484715462,-0.05008571594953537
1,gripper_maximum_legal_aperture,21,0.35,1.3623121958517004e-05,-0.9599496126174927,1.161251187324524,0.0011256937868893147,-0.2958686053752899,-3.951107646571472e-05,1.5371228982985485e-06,0.05097591131925583,-0.05009615421295166
1,gripper_maximum_legal_aperture,22,0.36666666666666664,1.3549039977078792e-05,-0.9599480628967285,1.1612591743469238,0.0011286432854831219,-0.29576513171195984,-4.1925388359231874e-05,1.6306594261550345e-06,0.051059432327747345,-0.050107430666685104
1,gripper_maximum_legal_aperture,23,0.38333333333333336,1.3470180419972166e-05,-0.9599482417106628,1.1612579822540283,0.0011317642638459802,-0.29579171538352966,-4.433079084265046e-05,1.7236893654626328e-06,0.051142528653144836,-0.05011960491538048
1,gripper_maximum_legal_aperture,24,0.4,1.3387105354922824e-05,-0.9599500298500061,1.161245346069336,0.001132028759457171,-0.2958519160747528,-4.6712459152331576e-05,1.8157575141231064e-06,0.05122540891170502,-0.05013279244303703
1,gripper_maximum_legal_aperture,25,0.4166666666666667,1.3320080142875668e-05,-0.959949791431427,1.161247968673706,0.001131329219788313,-0.2958614230155945,-4.902685759589076e-05,1.9052529296459397e-06,0.05130847543478012,-0.05014735832810402
1,gripper_maximum_legal_aperture,26,0.43333333333333335,1.3267811482364777e-05,-0.9599488377571106,1.1612547636032104,0.0011324618244543672,-0.2958084046840668,-5.1151295338058844e-05,1.9872948087140685e-06,0.05139227956533432,-0.05016464367508888
1,gripper_maximum_legal_aperture,27,0.45,1.3231809134595096e-05,-0.9599485397338867,1.161256194114685,0.001134393154643476,-0.2957969307899475,-5.300411066855304e-05,2.0586969640135067e-06,0.051478154957294464,-0.0501868799328804
1,gripper_maximum_legal_aperture,28,0.4666666666666667,1.3207365554990247e-05,-0.959949254989624,1.161250352859497,0.0011349210981279612,-0.2958289682865143,-5.4627224017167464e-05,2.1211128569120774e-06,0.05156821385025978,-0.050216592848300934
1,gripper_maximum_legal_aperture,29,0.48333333333333334,1.3201130059314892e-05,-0.9599494934082031,1.1612492799758911,0.0011342238867655396,-0.29584693908691406,-5.6032920838333666e-05,2.175048848584993e-06,0.05166441947221756,-0.05025576800107956
1,gripper_maximum_legal_aperture,30,0.5,1.321150193689391e-05,-0.9599490165710449,1.1612517833709717,0.0011340331984683871,-0.29582494497299194,-5.721522029489279e-05,2.2202323179953964e-06,0.05176812410354614,-0.05030612647533417
1,gripper_maximum_legal_aperture,31,0.5166666666666667,1.3234695870778523e-05,-0.9599488973617554,1.1612548828125,0.0011344735976308584,-0.2958107590675354,-5.8160043408861384e-05,2.2560411707672756e-06,0.051879990845918655,-0.05036889389157295
1,gripper_maximum_legal_aperture,32,0.5333333333333333,1.327024983766023e-05,-0.9599488973617554,1.1612517833709717,0.0011344815138727427,-0.29581940174102783,-5.8853827795246616e-05,2.281957677041646e-06,0.05200008675456047,-0.05044467747211456
1,gripper_maximum_legal_aperture,33,0.55,1.3321185178938322e-05,-0.9599494934082031,1.1612508296966553,0.001133557758294046,-0.29583585262298584,-5.928886457695626e-05,2.2977210392127745e-06,0.05212796851992607,-0.05053335055708885
1,gripper_maximum_legal_aperture,34,0.5666666666666667,1.3388658771873452e-05,-0.9599491357803345,1.1612509489059448,0.0011325149098411202,-0.29582905769348145,-5.9467147366376594e-05,2.303374458278995e-06,0.052262578159570694,-0.050634197890758514
1,gripper_maximum_legal_aperture,35,0.5833333333333334,1.3467388271237724e-05,-0.9599490165710449,1.1612534523010254,0.0011317800963297486,-0.295819491147995,-5.9402074839454144e-05,2.2994468054093886e-06,0.05240245163440704,-0.050745949149131775
1,gripper_maximum_legal_aperture,36,0.6,1.3554911674873438e-05,-0.9599488973617554,1.1612526178359985,0.0011310101253911853,-0.29581865668296814,-5.9118694480275735e-05,2.2869132862979313e-06,0.05254579707980156,-0.05086686089634895
1,gripper_maximum_legal_aperture,37,0.6166666666666667,1.3647515515913256e-05,-0.9599491953849792,1.1612517833709717,0.001129771233536303,-0.2958281636238098,-5.865268758498132e-05,2.267236368425074e-06,0.05269068852066994,-0.05099478363990784
1,gripper_maximum_legal_aperture,38,0.6333333333333333,1.3744515854341444e-05,-0.959949254989624,1.161251187324524,0.0011283354833722115,-0.29582908749580383,-5.804758984595537e-05,2.2421206722356146e-06,0.05283520370721817,-0.0511273518204689
1,gripper_maximum_legal_aperture,39,0.65,1.3839787243341561e-05,-0.9599490761756897,1.1612523794174194,0.0011270868126302958,-0.29582417011260986,-5.73542965867091e-05,2.2134747723612236e-06,0.0529775395989418,-0.051262177526950836
1,gripper_maximum_legal_aperture,40,0.6666666666666666,1.3929789929534309e-05,-0.9599489569664001,1.1612521409988403,0.0011260660830885172,-0.29582080245018005,-5.6624121498316526e-05,2.1833791379322065e-06,0.053116101771593094,-0.051396992057561874
1,gripper_maximum_legal_aperture,41,0.6833333333333333,1.4010006452735979e-05,-0.959949254989624,1.1612522602081299,0.0011250001844018698,-0.29582536220550537,-5.590896762441844e-05,2.153882405764307e-06,0.05324966087937355,-0.051529720425605774
1,gripper_maximum_legal_aperture,42,0.7,1.407923991791904e-05,-0.9599491357803345,1.1612513065338135,0.0011239538434892893,-0.29582634568214417,-5.525559390662238e-05,2.12674672184221e-06,0.0533774197101593,-0.051658667623996735
1,gripper_maximum_legal_aperture,43,0.7166666666666667,1.413446352671599e-05,-0.9599491953849792,1.1612520217895508,0.0011231001699343324,-0.29582589864730835,-5.470276664709672e-05,2.103537553921342e-06,0.053499020636081696,-0.05178256705403328
1,gripper_maximum_legal_aperture,44,0.7333333333333333,1.4175052456266712e-05,-0.9599490761756897,1.1612520217895508,0.0011225416092202067,-0.29582297801971436,-5.428165241028182e-05,2.08541268875706e-06,0.053614504635334015,-0.05190068483352661
1,gripper_maximum_legal_aperture,45,0.75,1.4199255019775592e-05,-0.9599491953849792,1.1612520217895508,0.001122163375839591,-0.29582399129867554,-5.4011390602681786e-05,2.073128143820213e-06,0.05372436344623566,-0.05201277509331703
1,gripper_maximum_legal_aperture,46,0.7666666666666667,1.4209131222742144e-05,-0.9599490761756897,1.1612517833709717,0.001121898996643722,-0.2958256006240845,-5.390014484873973e-05,2.067024979623966e-06,0.05382944643497467,-0.05211908370256424
1,gripper_maximum_legal_aperture,47,0.7833333333333333,1.4205305888026487e-05,-0.9599491953849792,1.1612520217895508,0.0011218036524951458,-0.2958253026008606,-5.394385880208574e-05,2.0669294826802798e-06,0.053930897265672684,-0.05222027748823166
1,gripper_maximum_legal_aperture,48,0.8,1.4190678484737873e-05,-0.9599490761756897,1.1612520217895508,0.0011219059815630317,-0.2958240509033203,-5.412818063632585e-05,2.072278448395082e-06,0.054030001163482666,-0.052317406982183456
1,gripper_maximum_legal_aperture,49,0.8166666666666667,1.4166926121106371e-05,-0.9599491953849792,1.1612519025802612,0.001122129149734974,-0.2958243787288666,-5.443060945253819e-05,2.082175569739775e-06,0.05412817746400833,-0.052411798387765884
1,gripper_maximum_legal_aperture,50,0.8333333333333334,1.4138039659883361e-05,-0.9599491357803345,1.1612517833709717,0.0011223898036405444,-0.2958252727985382,-5.4821714002173394e-05,2.0954491901648e-06,0.054226793348789215,-0.052504923194646835
1,gripper_maximum_legal_aperture,51,0.85,1.4106466551311314e-05,-0.9599491357803345,1.1612520217895508,0.0011226944625377655,-0.2958250045776367,-5.52663768758066e-05,2.1108367036504205e-06,0.054327111691236496,-0.05259827524423599
1,gripper_maximum_legal_aperture,52,0.8666666666666667,1.4075792023504619e-05,-0.9599490165710449,1.1612519025802612,0.0011230347445234656,-0.2958240509033203,-5.573039743467234e-05,2.1269568151183194e-06,0.05443019047379494,-0.05269326642155647
1,gripper_maximum_legal_aperture,53,0.8833333333333333,1.4048109733266756e-05,-0.9599491953849792,1.1612517833709717,0.0011233295081183314,-0.2958247661590576,-5.6177326769102365e-05,2.1424323222163366e-06,0.05453687533736229,-0.05279115214943886
1,gripper_maximum_legal_aperture,54,0.9,1.4026395547261927e-05,-0.9599491357803345,1.1612519025802612,0.0011235243873670697,-0.2958255112171173,-5.6576187489554286e-05,2.156060645575053e-06,0.05464766547083855,-0.052892934530973434
1,gripper_maximum_legal_aperture,55,0.9166666666666666,1.4011734492669348e-05,-0.9599490165710449,1.1612520217895508,0.0011236554710194468,-0.2958243489265442,-5.6900771596701816e-05,2.1668126919394126e-06,0.05476276949048042,-0.05299931764602661
1,gripper_maximum_legal_aperture,56,0.9333333333333333,1.4005640878167469e-05,-0.9599489569664001,1.1612519025802612,0.001123707857914269,-0.29582419991493225,-5.7130862842313945e-05,2.1739022031397326e-06,0.05488208681344986,-0.05311065539717674
1,gripper_maximum_legal_aperture,57,0.95,1.4008027392264921e-05,-0.9599491357803345,1.1612517833709717,0.0011236123973503709,-0.29582518339157104,-5.725468145101331e-05,2.17691217585525e-06,0.05500521510839462,-0.05322693660855293
1,gripper_maximum_legal_aperture,58,0.9666666666666667,1.4019070476933848e-05,-0.9599490761756897,1.1612517833709717,0.0011233862023800611,-0.29582536220550537,-5.726844756281935e-05,2.1756934529548744e-06,0.055131491273641586,-0.05334785580635071
1,gripper_maximum_legal_aperture,59,0.9833333333333333,1.4037344953976572e-05,-0.9599490761756897,1.1612520217895508,0.0011230921372771263,-0.2958245575428009,-5.7176632253685966e-05,2.1703929178329417e-06,0.05526011064648628,-0.053472742438316345
1,gripper_maximum_legal_aperture,60,1.0,1.4061760339245666e-05,-0.9599490165710449,1.1612519025802612,0.001122736488468945,-0.2958240211009979,-5.6989749282365665e-05,2.1614666820823913e-06,0.0553901270031929,-0.053600795567035675
1,gripper_maximum_legal_aperture,61,1.0166666666666666,1.4180871403368656e-05,-0.9599491357803345,1.1612517833709717,0.0011212462559342384,-0.2958250939846039,-5.568950291490182e-05,2.110400373567245e-06,0.05551153048872948,-0.05373097583651543
1,gripper_maximum_legal_aperture,62,1.0333333333333334,1.4346291209221818e-05,-0.9599490761756897,1.1612517833709717,0.0011191001394763589,-0.29582539200782776,-5.370242797653191e-05,2.033430291703553e-06,0.05561455339193344,-0.053854718804359436
1,gripper_maximum_legal_aperture,63,1.05,1.452207379770698e-05,-0.9599490165710449,1.1612520217895508,0.001116783358156681,-0.2958245575428009,-5.141446672496386e-05,1.945224767041509e-06,0.05569273233413696,-0.05396297201514244
1,gripper_maximum_legal_aperture,64,1.0666666666666667,1.4681317225040402e-05,-0.9599489569664001,1.1612519025802612,0.0011146466713398695,-0.2958240509033203,-4.9157308239955455e-05,1.8583732526167296e-06,0.055742047727108,-0.05404803901910782
1,gripper_maximum_legal_aperture,65,1.0833333333333333,1.4709813513036352e-05,-0.9599491953849792,1.1612517833709717,0.0011140869464725256,-0.29582512378692627,-4.83753283333499e-05,1.8273566411153297e-06,0.055762771517038345,-0.05410424992442131
1,gripper_maximum_legal_aperture,66,1.1,1.4617393389926292e-05,-0.9599491357803345,1.1612517833709717,0.001114930841140449,-0.2958255410194397,-4.8926343879429623e-05,1.8468097096047131e-06,0.05577363073825836,-0.054135970771312714
1,gripper_maximum_legal_aperture,67,1.1166666666666667,1.4504445061902516e-05,-0.9599490165710449,1.1612520217895508,0.0011161802103742957,-0.2958245575428009,-4.984588667866774e-05,1.8803838202074985e-06,0.055781617760658264,-0.05415195971727371
1,gripper_maximum_legal_aperture,68,1.1333333333333333,1.4394697245734278e-05,-0.9599489569664001,1.1612519025802612,0.0011175025720149279,-0.2958240211009979,-5.086096280138008e-05,1.917820782182389e-06,0.05578846484422684,-0.05415811762213707
1,gripper_maximum_legal_aperture,69,1.15,1.431979126209626e-05,-0.9599491953849792,1.1612517833709717,0.0011184349423274398,-0.29582515358924866,-5.160036380402744e-05,1.94504309547483e-06,0.055795058608055115,-0.05416035279631615
1,gripper_maximum_legal_aperture,70,1.1666666666666667,1.4266892321757041e-05,-0.9599491357803345,1.1612517833709717,0.0011190777877345681,-0.2958255112171173,-5.2153965953039005e-05,1.965448973351158e-06,0.05580151826143265,-0.054162368178367615
1,gripper_maximum_legal_aperture,71,1.1833333333333333,1.4226990970200859e-05,-0.9599490165710449,1.1612520217895508,0.00111958640627563,-0.2958245575428009,-5.259331373963505e-05,1.981653667826322e-06,0.0558079369366169,-0.054164398461580276
1,gripper_maximum_legal_aperture,72,1.2,1.4196874872141052e-05,-0.9599489569664001,1.1612519025802612,0.0011200032895430923,-0.29582399129867554,-5.29493554495275e-05,1.994776994251879e-06,0.05581433326005936,-0.05416644737124443
1,gripper_maximum_legal_aperture,73,1.2166666666666666,1.417366638634121e-05,-0.9599491953849792,1.1612517833709717,0.0011202972382307053,-0.29582518339157104,-5.3243275033310056e-05,2.0056563698744867e-06,0.05582065507769585,-0.05416850745677948
1,gripper_maximum_legal_aperture,74,1.2333333333333334,1.415607039234601e-05,-0.9599491357803345,1.1612517833709717,0.001120491186156869,-0.2958255410194397,-5.349026105250232e-05,2.014785195569857e-06,0.055826909840106964,-0.054170578718185425
1,gripper_maximum_legal_aperture,75,1.25,1.414222970197443e-05,-0.9599490165710449,1.1612520217895508,0.0011206719791516662,-0.2958245873451233,-5.370333747123368e-05,2.022664148171316e-06,0.05583314225077629,-0.054172664880752563
1,gripper_maximum_legal_aperture,76,1.2666666666666666,1.4131355783320032e-05,-0.9599489569664001,1.1612519025802612,0.001120846252888441,-0.29582399129867554,-5.3890704293735325e-05,2.029576762652141e-06,0.05583934113383293,-0.0541747584939003
1,gripper_maximum_legal_aperture,77,1.2833333333333334,1.4122379980108235e-05,-0.9599491953849792,1.1612517833709717,0.0011209623189643025,-0.29582515358924866,-5.405877891462296e-05,2.0357949779281626e-06,0.05584545433521271,-0.054176878184080124
1,gripper_maximum_legal_aperture,78,1.3,1.4115304111328442e-05,-0.9599491357803345,1.1612517833709717,0.0011210257653146982,-0.2958255410194397,-5.42119778401684e-05,2.0414481696207076e-06,0.0558515340089798,-0.05417901650071144
1,gripper_maximum_legal_aperture,79,1.3166666666666667,1.4109259609540459e-05,-0.9599490165710449,1.1612519025802612,0.0011211078381165862,-0.2958245873451233,-5.435399725683965e-05,2.0467159629333764e-06,0.055857595056295395,-0.054181162267923355
1,gripper_maximum_legal_aperture,80,1.3333333333333333,1.4104183719609864e-05,-0.9599489569664001,1.1612519025802612,0.0011212060926482081,-0.295824259519577,-5.448715455713682e-05,2.05163473765424e-06,0.055863622575998306,-0.054183319211006165
1,gripper_maximum_legal_aperture,81,1.35,1.4099546206125524e-05,-0.9599491357803345,1.1612517833709717,0.0011212722165510058,-0.29582491517066956,-5.461421824293211e-05,2.0563513771776343e-06,0.055869560688734055,-0.05418548360466957
1,gripper_maximum_legal_aperture,82,1.3666666666666667,1.4095668120717164e-05,-0.9599490761756897,1.1612517833709717,0.001121304463595152,-0.29582545161247253,-5.473488999996334e-05,2.0608438262570417e-06,0.05587548017501831,-0.054187674075365067
1,gripper_maximum_legal_aperture,83,1.3833333333333333,1.4092112905927934e-05,-0.9599490165710449,1.1612519025802612,0.0011213525431230664,-0.29582473635673523,-5.4851170716574416e-05,2.0651550585171208e-06,0.055881377309560776,-0.05418987572193146
1,gripper_maximum_legal_aperture,84,1.4,1.4088938769418746e-05,-0.9599489569664001,1.1612519025802612,0.0011214205296710134,-0.2958243489265442,-5.496353333001025e-05,2.0692957605206175e-06,0.055887237191200256,-0.05419209226965904
1,gripper_maximum_legal_aperture,85,1.4166666666666667,1.4085778275330085e-05,-0.9599491357803345,1.1612517833709717,0.0011214693076908588,-0.29582491517066956,-5.507267633220181e-05,2.073374389510718e-06,0.05589301139116287,-0.05419432744383812
1,gripper_maximum_legal_aperture,86,1.4333333333333333,1.4083079804549925e-05,-0.9599490761756897,1.1612517833709717,0.0011214881669729948,-0.29582539200782776,-5.517831596080214e-05,2.0772808966285083e-06,0.055898766964673996,-0.05419658124446869
1,gripper_maximum_legal_aperture,87,1.45,1.4080441360420082e-05,-0.9599490165710449,1.1612519025802612,0.001121524372138083,-0.29582470655441284,-5.528107067220844e-05,2.081077354887384e-06,0.055904489010572433,-0.054198864847421646
1,gripper_maximum_legal_aperture,88,1.4666666666666666,1.4078020285523962e-05,-0.9599489569664001,1.1612519025802612,0.0011215823469683528,-0.2958243489265442,-5.5381489801220596e-05,2.084798552459688e-06,0.05591018497943878,-0.0542011633515358
1,gripper_maximum_legal_aperture,89,1.4833333333333334,1.4075494618737139e-05,-0.9599491357803345,1.1612517833709717,0.0011216228595003486,-0.29582488536834717,-5.547991531784646e-05,2.088437668135157e-06,0.05591580644249916,-0.054203521460294724
1,gripper_maximum_legal_aperture,90,1.5,1.407355648552766e-05,-0.9599490761756897,1.1612517833709717,0.0011216322891414165,-0.29582542181015015,-5.5572352721355855e-05,2.0918641894240864e-06,0.055921416729688644,-0.05420595780014992
