robot,friction,phase,phase_step,frame,left_finger_m,right_finger_m
follower_left,0.3,settle,0,0,0.022094612941145897,-0.013814005069434643
follower_left,0.3,settle,1,1,0.02163606323301792,-0.013913676142692566
follower_left,0.3,settle,2,2,0.021238692104816437,-0.014087032526731491
follower_left,0.3,settle,3,3,0.020999999716877937,-0.014291265979409218
follower_left,0.3,settle,4,4,0.02100001834332943,-0.014695056714117527
follower_left,0.3,settle,5,5,0.021000005304813385,-0.015190500766038895
follower_left,0.3,settle,6,6,0.021053649485111237,-0.015716349706053734
follower_left,0.3,settle,7,7,0.021155502647161484,-0.016223052516579628
follower_left,0.3,settle,8,8,0.02126016840338707,-0.016701366752386093
follower_left,0.3,settle,9,9,0.0213537085801363,-0.01714230701327324
follower_left,0.3,settle,10,10,0.02143426612019539,-0.01754230074584484
follower_left,0.3,settle,11,11,0.02150297351181507,-0.01789994351565838
follower_left,0.3,settle,12,12,0.021560512483119965,-0.018215607851743698
follower_left,0.3,settle,13,13,0.021606968715786934,-0.018492121249437332
follower_left,0.3,settle,14,14,0.02164399065077305,-0.018733004108071327
follower_left,0.3,settle,15,15,0.02167394571006298,-0.01894216239452362
follower_left,0.3,settle,16,16,0.02169812098145485,-0.0191225316375494
follower_left,0.3,settle,17,17,0.021716831251978874,-0.019276553764939308
follower_left,0.3,settle,18,18,0.021731186658143997,-0.019407423213124275
follower_left,0.3,settle,19,19,0.021742284297943115,-0.019518207758665085
follower_left,0.3,settle,20,20,0.02175092324614525,-0.019611239433288574
follower_left,0.3,settle,21,21,0.021757598966360092,-0.019688677042722702
follower_left,0.3,settle,22,22,0.021762818098068237,-0.019752854481339455
follower_left,0.3,settle,23,23,0.021767131984233856,-0.01980600878596306
follower_left,0.3,settle,24,24,0.02177136391401291,-0.019849877804517746
follower_left,0.3,settle,25,25,0.021775417029857635,-0.019885854795575142
follower_left,0.3,settle,26,26,0.02177903801202774,-0.019915292039513588
follower_left,0.3,settle,27,27,0.021782441064715385,-0.019939467310905457
follower_left,0.3,settle,28,28,0.021785760298371315,-0.01995939575135708
follower_left,0.3,settle,29,29,0.021789012476801872,-0.019975805655121803
follower_left,0.3,settle,30,30,0.021792175248265266,-0.01998932659626007
follower_left,0.3,settle,31,31,0.021795282140374184,-0.02000056579709053
follower_left,0.3,settle,32,32,0.021798336878418922,-0.02001004107296467
follower_left,0.3,settle,33,33,0.021801337599754333,-0.02001807652413845
follower_left,0.3,settle,34,34,0.02180425636470318,-0.020024938508868217
follower_left,0.3,settle,35,35,0.02180425636470318,-0.020024938508868217
follower_left,0.3,settle,36,36,0.02180425636470318,-0.020024938508868217
follower_left,0.3,settle,37,37,0.02180425636470318,-0.020024938508868217
follower_left,0.3,settle,38,38,0.02180425636470318,-0.020024938508868217
follower_left,0.3,settle,39,39,0.02180425636470318,-0.020024938508868217
follower_left,0.3,settle,40,40,0.02180425636470318,-0.020024938508868217
follower_left,0.3,settle,41,41,0.02180425636470318,-0.020024938508868217
follower_left,0.3,settle,42,42,0.02180425636470318,-0.020024938508868217
follower_left,0.3,settle,43,43,0.02180425636470318,-0.020024938508868217
follower_left,0.3,settle,44,44,0.02180425636470318,-0.020024938508868217
follower_left,0.3,settle,45,45,0.02180425636470318,-0.020024938508868217
follower_left,0.3,settle,46,46,0.02180425636470318,-0.020024938508868217
follower_left,0.3,settle,47,47,0.02180425636470318,-0.020024938508868217
follower_left,0.3,settle,48,48,0.02180425636470318,-0.020024938508868217
follower_left,0.3,settle,49,49,0.02180425636470318,-0.020024938508868217
follower_left,0.3,settle,50,50,0.02180425636470318,-0.020024938508868217
follower_left,0.3,settle,51,51,0.02180425636470318,-0.020024938508868217
follower_left,0.3,settle,52,52,0.02180425636470318,-0.020024938508868217
follower_left,0.3,settle,53,53,0.02180425636470318,-0.020024938508868217
follower_left,0.3,settle,54,54,0.02180425636470318,-0.020024938508868217
follower_left,0.3,settle,55,55,0.02180425636470318,-0.020024938508868217
follower_left,0.3,settle,56,56,0.02180425636470318,-0.020024938508868217
follower_left,0.3,settle,57,57,0.02180425636470318,-0.020024938508868217
follower_left,0.3,settle,58,58,0.02180425636470318,-0.020024938508868217
follower_left,0.3,settle,59,59,0.02180425636470318,-0.020024938508868217
follower_left,0.3,open,0,60,0.024399902671575546,-0.02004406601190567
follower_left,0.3,open,1,61,0.029517928138375282,-0.02220611274242401
follower_left,0.3,open,2,62,0.03624122962355614,-0.026648592203855515
follower_left,0.3,open,3,63,0.04392533749341965,-0.03298792243003845
follower_left,0.3,open,4,64,0.05194766819477081,-0.04067753627896309
follower_left,0.3,open,5,65,0.05699998885393143,-0.04912130907177925
follower_left,0.3,open,6,66,0.05699988827109337,-0.05442742258310318
follower_left,0.3,open,7,67,0.05700000002980232,-0.057619694620370865
follower_left,0.3,open,8,68,0.05700000002980232,-0.059379544109106064
follower_left,0.3,open,9,69,0.05700000002980232,-0.06019428372383118
follower_left,0.3,open,10,70,0.05700000002980232,-0.060403063893318176
follower_left,0.3,open,11,71,0.05699998885393143,-0.060346223413944244
follower_left,0.3,open,12,72,0.05699998140335083,-0.06022407487034798
follower_left,0.3,open,13,73,0.05699997767806053,-0.06007074937224388
follower_left,0.3,open,14,74,0.05699998885393143,-0.05990797281265259
follower_left,0.3,open,15,75,0.05699998140335083,-0.059748273342847824
follower_left,0.3,open,16,76,0.056999966502189636,-0.059598878026008606
follower_left,0.3,open,17,77,0.056999947875738144,-0.05946428328752518
follower_left,0.3,open,18,78,0.056999947875738144,-0.059346314519643784
follower_left,0.3,open,19,79,0.056999921798706055,-0.05924474820494652
follower_left,0.3,open,20,80,0.056999918073415756,-0.05915825441479683
follower_left,0.3,open,21,81,0.05699992924928665,-0.05908548831939697
follower_left,0.3,open,22,82,0.056999944150447845,-0.05902509391307831
follower_left,0.3,open,23,83,0.05699993669986725,-0.05897551402449608
follower_left,0.3,open,24,84,0.056999921798706055,-0.0589350089430809
follower_left,0.3,open,25,85,0.056999921798706055,-0.0589350089430809
follower_left,0.3,open,26,86,0.056999921798706055,-0.0589350089430809
follower_left,0.3,open,27,87,0.056999921798706055,-0.0589350089430809
follower_left,0.3,open,28,88,0.056999921798706055,-0.0589350089430809
follower_left,0.3,open,29,89,0.056999921798706055,-0.0589350089430809
follower_left,0.3,open,30,90,0.056999921798706055,-0.0589350089430809
follower_left,0.3,open,31,91,0.056999921798706055,-0.0589350089430809
follower_left,0.3,open,32,92,0.056999921798706055,-0.0589350089430809
follower_left,0.3,open,33,93,0.056999921798706055,-0.0589350089430809
follower_left,0.3,open,34,94,0.056999921798706055,-0.0589350089430809
follower_left,0.3,open,35,95,0.056999921798706055,-0.0589350089430809
follower_left,0.3,open,36,96,0.056999921798706055,-0.0589350089430809
follower_left,0.3,open,37,97,0.056999921798706055,-0.0589350089430809
follower_left,0.3,open,38,98,0.056999921798706055,-0.0589350089430809
follower_left,0.3,open,39,99,0.056999921798706055,-0.0589350089430809
follower_left,0.3,open,40,100,0.056999921798706055,-0.0589350089430809
follower_left,0.3,open,41,101,0.056999921798706055,-0.0589350089430809
follower_left,0.3,open,42,102,0.056999921798706055,-0.0589350089430809
follower_left,0.3,open,43,103,0.056999921798706055,-0.0589350089430809
follower_left,0.3,open,44,104,0.056999921798706055,-0.0589350089430809
follower_left,0.3,open,45,105,0.056999921798706055,-0.0589350089430809
follower_left,0.3,open,46,106,0.056999921798706055,-0.0589350089430809
follower_left,0.3,open,47,107,0.056999921798706055,-0.0589350089430809
follower_left,0.3,open,48,108,0.056999921798706055,-0.0589350089430809
follower_left,0.3,open,49,109,0.056999921798706055,-0.0589350089430809
follower_left,0.3,open,50,110,0.056999921798706055,-0.0589350089430809
follower_left,0.3,open,51,111,0.056999921798706055,-0.0589350089430809
follower_left,0.3,open,52,112,0.056999921798706055,-0.0589350089430809
follower_left,0.3,open,53,113,0.056999921798706055,-0.0589350089430809
follower_left,0.3,open,54,114,0.056999921798706055,-0.0589350089430809
follower_left,0.3,open,55,115,0.056999921798706055,-0.0589350089430809
follower_left,0.3,open,56,116,0.056999921798706055,-0.0589350089430809
follower_left,0.3,open,57,117,0.056999921798706055,-0.0589350089430809
follower_left,0.3,open,58,118,0.056999921798706055,-0.0589350089430809
follower_left,0.3,open,59,119,0.056999921798706055,-0.0589350089430809
follower_left,0.3,open,60,120,0.056999921798706055,-0.0589350089430809
follower_left,0.3,open,61,121,0.056999921798706055,-0.0589350089430809
follower_left,0.3,open,62,122,0.056999921798706055,-0.0589350089430809
follower_left,0.3,open,63,123,0.056999921798706055,-0.0589350089430809
follower_left,0.3,open,64,124,0.056999921798706055,-0.0589350089430809
follower_left,0.3,open,65,125,0.056999921798706055,-0.0589350089430809
follower_left,0.3,open,66,126,0.056999921798706055,-0.0589350089430809
follower_left,0.3,open,67,127,0.056999921798706055,-0.0589350089430809
follower_left,0.3,open,68,128,0.056999921798706055,-0.0589350089430809
follower_left,0.3,open,69,129,0.056999921798706055,-0.0589350089430809
follower_left,0.3,open,70,130,0.056999921798706055,-0.0589350089430809
follower_left,0.3,open,71,131,0.056999921798706055,-0.0589350089430809
follower_left,0.3,open,72,132,0.056999921798706055,-0.0589350089430809
follower_left,0.3,open,73,133,0.056999921798706055,-0.0589350089430809
follower_left,0.3,open,74,134,0.056999921798706055,-0.0589350089430809
follower_left,0.3,open,75,135,0.056999921798706055,-0.0589350089430809
follower_left,0.3,open,76,136,0.056999921798706055,-0.0589350089430809
follower_left,0.3,open,77,137,0.056999921798706055,-0.0589350089430809
follower_left,0.3,open,78,138,0.056999921798706055,-0.0589350089430809
follower_left,0.3,open,79,139,0.056999921798706055,-0.0589350089430809
follower_left,0.3,open,80,140,0.056999921798706055,-0.0589350089430809
follower_left,0.3,open,81,141,0.056999921798706055,-0.0589350089430809
follower_left,0.3,open,82,142,0.056999921798706055,-0.0589350089430809
follower_left,0.3,open,83,143,0.056999921798706055,-0.0589350089430809
follower_left,0.3,open,84,144,0.056999921798706055,-0.0589350089430809
follower_left,0.3,open,85,145,0.056999921798706055,-0.0589350089430809
follower_left,0.3,open,86,146,0.056999921798706055,-0.0589350089430809
follower_left,0.3,open,87,147,0.056999921798706055,-0.0589350089430809
follower_left,0.3,open,88,148,0.056999921798706055,-0.0589350089430809
follower_left,0.3,open,89,149,0.056999921798706055,-0.0589350089430809
follower_left,0.3,fixed_bottle_settle,0,150,0.056999921798706055,-0.0589350089430809
follower_left,0.3,fixed_bottle_settle,1,151,0.056616999208927155,-0.05904397368431091
follower_left,0.3,fixed_bottle_settle,2,152,0.05699725076556206,-0.05867401137948036
follower_left,0.3,fixed_bottle_settle,3,153,0.05693918839097023,-0.058303866535425186
follower_left,0.3,fixed_bottle_settle,4,154,0.05689847096800804,-0.0580994114279747
follower_left,0.3,fixed_bottle_settle,5,155,0.056881099939346313,-0.05799529701471329
follower_left,0.3,fixed_bottle_settle,6,156,0.05688057094812393,-0.057949863374233246
follower_left,0.3,fixed_bottle_settle,7,157,0.05688502639532089,-0.05793887376785278
follower_left,0.3,fixed_bottle_settle,8,158,0.05689186230301857,-0.05793874338269234
follower_left,0.3,fixed_bottle_settle,9,159,0.0568993017077446,-0.05793970450758934
follower_left,0.3,fixed_bottle_settle,10,160,0.056905824691057205,-0.05794014036655426
follower_left,0.3,fixed_bottle_settle,11,161,0.05691184476017952,-0.05794302001595497
follower_left,0.3,fixed_bottle_settle,12,162,0.05691852420568466,-0.057948797941207886
follower_left,0.3,fixed_bottle_settle,13,163,0.056925710290670395,-0.05795562267303467
follower_left,0.3,fixed_bottle_settle,14,164,0.05693294480443001,-0.05796365439891815
follower_left,0.3,fixed_bottle_settle,15,165,0.056940216571092606,-0.05797288194298744
follower_left,0.3,fixed_bottle_settle,16,166,0.05694732069969177,-0.05798221006989479
follower_left,0.3,fixed_bottle_settle,17,167,0.05695415288209915,-0.057991210371255875
follower_left,0.3,fixed_bottle_settle,18,168,0.056960269808769226,-0.05799981951713562
follower_left,0.3,fixed_bottle_settle,19,169,0.056965313851833344,-0.05800845846533775
follower_left,0.3,fixed_bottle_settle,20,170,0.05696940794587135,-0.05801616609096527
follower_left,0.3,fixed_bottle_settle,21,171,0.05697263032197952,-0.05802332982420921
follower_left,0.3,fixed_bottle_settle,22,172,0.056975189596414566,-0.058029670268297195
follower_left,0.3,fixed_bottle_settle,23,173,0.0569775216281414,-0.05803464725613594
follower_left,0.3,fixed_bottle_settle,24,174,0.056979674845933914,-0.0580390989780426
follower_left,0.3,fixed_bottle_settle,25,175,0.05698133632540703,-0.05804404616355896
follower_left,0.3,fixed_bottle_settle,26,176,0.056982703506946564,-0.05804874002933502
follower_left,0.3,fixed_bottle_settle,27,177,0.05698410049080849,-0.05805293843150139
follower_left,0.3,fixed_bottle_settle,28,178,0.056985486298799515,-0.0580567941069603
follower_left,0.3,fixed_bottle_settle,29,179,0.05698668584227562,-0.05806102231144905
follower_left,0.3,fixed_bottle_settle,30,180,0.05698784068226814,-0.05806512385606766
follower_left,0.3,fixed_bottle_settle,31,181,0.05698896944522858,-0.05806879326701164
follower_left,0.3,fixed_bottle_settle,32,182,0.056990113109350204,-0.05807241052389145
follower_left,0.3,fixed_bottle_settle,33,183,0.05699027702212334,-0.058076001703739166
follower_left,0.3,fixed_bottle_settle,34,184,0.05699065327644348,-0.058079347014427185
follower_left,0.3,fixed_bottle_settle,35,185,0.056990865617990494,-0.0580831877887249
follower_left,0.3,fixed_bottle_settle,36,186,0.05699118971824646,-0.05808709189295769
follower_left,0.3,fixed_bottle_settle,37,187,0.05699186772108078,-0.05809012055397034
follower_left,0.3,fixed_bottle_settle,38,188,0.056992121040821075,-0.05809411406517029
follower_left,0.3,fixed_bottle_settle,39,189,0.05699238181114197,-0.058098431676626205
follower_left,0.3,fixed_bottle_settle,40,190,0.05699295923113823,-0.05810233950614929
follower_left,0.3,fixed_bottle_settle,41,191,0.05699339509010315,-0.05810640752315521
follower_left,0.3,fixed_bottle_settle,42,192,0.05699395760893822,-0.05811045691370964
follower_left,0.3,fixed_bottle_settle,43,193,0.05699465796351433,-0.05811404436826706
follower_left,0.3,fixed_bottle_settle,44,194,0.05699531361460686,-0.05811777338385582
follower_left,0.3,fixed_bottle_settle,45,195,0.05699574574828148,-0.05812195688486099
follower_left,0.3,fixed_bottle_settle,46,196,0.05699582397937775,-0.05812639743089676
follower_left,0.3,fixed_bottle_settle,47,197,0.05699614807963371,-0.058130670338869095
follower_left,0.3,fixed_bottle_settle,48,198,0.056996166706085205,-0.058135032653808594
follower_left,0.3,fixed_bottle_settle,49,199,0.05699632316827774,-0.058139342814683914
follower_left,0.3,fixed_bottle_settle,50,200,0.05699625983834267,-0.058143142610788345
follower_left,0.3,fixed_bottle_settle,51,201,0.05699652433395386,-0.05814661830663681
follower_left,0.3,fixed_bottle_settle,52,202,0.05699659511446953,-0.058149758726358414
follower_left,0.3,fixed_bottle_settle,53,203,0.056996677070856094,-0.058152299374341965
follower_left,0.3,fixed_bottle_settle,54,204,0.05699620395898819,-0.05815475806593895
follower_left,0.3,fixed_bottle_settle,55,205,0.056996431201696396,-0.05815683305263519
follower_left,0.3,fixed_bottle_settle,56,206,0.056996650993824005,-0.058158524334430695
follower_left,0.3,fixed_bottle_settle,57,207,0.05699639022350311,-0.058160483837127686
follower_left,0.3,fixed_bottle_settle,58,208,0.05699644610285759,-0.058162789791822433
follower_left,0.3,fixed_bottle_settle,59,209,0.056996315717697144,-0.05816522240638733
follower_left,0.3,close_fixed_bottle,0,210,0.05428704619407654,-0.05815757438540459
follower_left,0.3,close_fixed_bottle,1,211,0.04898688569664955,-0.05595030263066292
follower_left,0.3,close_fixed_bottle,2,212,0.04516984522342682,-0.051429539918899536
follower_left,0.3,close_fixed_bottle,3,213,0.04508509114384651,-0.04862494021654129
follower_left,0.3,close_fixed_bottle,4,214,0.045064058154821396,-0.047001492232084274
follower_left,0.3,close_fixed_bottle,5,215,0.045051928609609604,-0.047001227736473083
follower_left,0.3,close_fixed_bottle,6,216,0.04503875970840454,-0.04700048267841339
follower_left,0.3,close_fixed_bottle,7,217,0.04504186660051346,-0.046999696642160416
follower_left,0.3,close_fixed_bottle,8,218,0.04502743482589722,-0.04699938744306564
follower_left,0.3,close_fixed_bottle,9,219,0.045034315437078476,-0.04699883237481117
follower_left,0.3,close_fixed_bottle,10,220,0.045034006237983704,-0.04699859023094177
follower_left,0.3,close_fixed_bottle,11,221,0.045034222304821014,-0.046998705714941025
follower_left,0.3,close_fixed_bottle,12,222,0.04502308368682861,-0.04699912667274475
follower_left,0.3,close_fixed_bottle,13,223,0.04502040147781372,-0.04699857905507088
follower_left,0.3,close_fixed_bottle,14,224,0.04502983018755913,-0.046998292207717896
follower_left,0.3,close_fixed_bottle,15,225,0.0450209341943264,-0.046998392790555954
follower_left,0.3,close_fixed_bottle,16,226,0.04503028467297554,-0.04699845612049103
follower_left,0.3,close_fixed_bottle,17,227,0.045031242072582245,-0.04699850082397461
follower_left,0.3,close_fixed_bottle,18,228,0.04503284767270088,-0.04699857532978058
follower_left,0.3,close_fixed_bottle,19,229,0.045023348182439804,-0.046998437494039536
follower_left,0.3,close_fixed_bottle,20,230,0.045031335204839706,-0.046998146921396255
follower_left,0.3,close_fixed_bottle,21,231,0.04503246769309044,-0.04699859768152237
follower_left,0.3,close_fixed_bottle,22,232,0.045033130794763565,-0.046998657286167145
follower_left,0.3,close_fixed_bottle,23,233,0.0450226329267025,-0.04699917137622833
follower_left,0.3,close_fixed_bottle,24,234,0.04503227770328522,-0.04699840024113655
follower_left,0.3,close_fixed_bottle,25,235,0.045032698661088943,-0.046998605132102966
follower_left,0.3,close_fixed_bottle,26,236,0.04502328112721443,-0.04699864983558655
follower_left,0.3,close_fixed_bottle,27,237,0.04503128305077553,-0.04699843376874924
follower_left,0.3,close_fixed_bottle,28,238,0.04503198340535164,-0.04699847847223282
follower_left,0.3,close_fixed_bottle,29,239,0.045033689588308334,-0.04699213430285454
follower_left,0.3,close_fixed_bottle,30,240,0.04502338916063309,-0.04699995741248131
follower_left,0.3,close_fixed_bottle,31,241,0.04501958563923836,-0.0469985157251358
follower_left,0.3,close_fixed_bottle,32,242,0.04502911865711212,-0.046998076140880585
follower_left,0.3,close_fixed_bottle,33,243,0.045031338930130005,-0.0469985231757164
follower_left,0.3,close_fixed_bottle,34,244,0.04503326117992401,-0.046992458403110504
follower_left,0.3,close_fixed_bottle,35,245,0.04503282159566879,-0.04699980467557907
follower_left,0.3,close_fixed_bottle,36,246,0.04503277689218521,-0.046998653560876846
follower_left,0.3,close_fixed_bottle,37,247,0.04503399506211281,-0.04699200764298439
follower_left,0.3,close_fixed_bottle,38,248,0.045023415237665176,-0.04699993506073952
follower_left,0.3,close_fixed_bottle,39,249,0.04503105208277702,-0.04699841886758804
follower_left,0.3,close_fixed_bottle,40,250,0.04503176733851433,-0.046998556703329086
follower_left,0.3,close_fixed_bottle,41,251,0.04503358155488968,-0.04699211195111275
follower_left,0.3,close_fixed_bottle,42,252,0.04502327740192413,-0.04699990898370743
follower_left,0.3,close_fixed_bottle,43,253,0.04503082111477852,-0.04699838533997536
follower_left,0.3,close_fixed_bottle,44,254,0.045021332800388336,-0.04699859768152237
follower_left,0.3,close_fixed_bottle,45,255,0.04503042995929718,-0.0469982847571373
follower_left,0.3,close_fixed_bottle,46,256,0.04503133147954941,-0.046998605132102966
follower_left,0.3,close_fixed_bottle,47,257,0.04503333568572998,-0.04699209704995155
follower_left,0.3,close_fixed_bottle,48,258,0.04502341151237488,-0.046999964863061905
follower_left,0.3,close_fixed_bottle,49,259,0.04501955583691597,-0.04699840024113655
follower_left,0.3,close_fixed_bottle,50,260,0.04502953588962555,-0.04699832573533058
follower_left,0.3,close_fixed_bottle,51,261,0.045021116733551025,-0.0469985231757164
follower_left,0.3,close_fixed_bottle,52,262,0.04503032565116882,-0.04699824005365372
follower_left,0.3,close_fixed_bottle,53,263,0.04503178969025612,-0.04699854925274849
follower_left,0.3,close_fixed_bottle,54,264,0.04503273218870163,-0.04699859768152237
follower_left,0.3,close_fixed_bottle,55,265,0.04503398388624191,-0.04699202999472618
follower_left,0.3,close_fixed_bottle,56,266,0.045023299753665924,-0.04699992388486862
follower_left,0.3,close_fixed_bottle,57,267,0.045030929148197174,-0.046998511999845505
follower_left,0.3,close_fixed_bottle,58,268,0.04503163322806358,-0.046998560428619385
follower_left,0.3,close_fixed_bottle,59,269,0.04503263905644417,-0.04699872061610222
follower_left,0.3,close_fixed_bottle,60,270,0.04502308741211891,-0.04699867218732834
follower_left,0.3,close_fixed_bottle,61,271,0.045019637793302536,-0.046998441219329834
follower_left,0.3,close_fixed_bottle,62,272,0.045029137283563614,-0.04699832573533058
follower_left,0.3,close_fixed_bottle,63,273,0.04503079131245613,-0.046998605132102966
follower_left,0.3,close_fixed_bottle,64,274,0.04503307491540909,-0.04699248448014259
follower_left,0.3,close_fixed_bottle,65,275,0.04503273591399193,-0.046999797224998474
follower_left,0.3,close_fixed_bottle,66,276,0.04503317177295685,-0.04699857532978058
follower_left,0.3,close_fixed_bottle,67,277,0.045023754239082336,-0.04699177294969559
follower_left,0.3,close_fixed_bottle,68,278,0.04503122717142105,-0.04699987918138504
follower_left,0.3,close_fixed_bottle,69,279,0.04502110183238983,-0.04699854552745819
follower_left,0.3,close_fixed_bottle,70,280,0.045030225068330765,-0.046998389065265656
follower_left,0.3,close_fixed_bottle,71,281,0.04503224417567253,-0.04699265584349632
follower_left,0.3,close_fixed_bottle,72,282,0.04502302408218384,-0.04699984937906265
follower_left,0.3,close_fixed_bottle,73,283,0.045030754059553146,-0.04699830338358879
follower_left,0.3,close_fixed_bottle,74,284,0.045031528919935226,-0.04699857905507088
follower_left,0.3,close_fixed_bottle,75,285,0.045033544301986694,-0.046992141753435135
follower_left,0.3,close_fixed_bottle,76,286,0.045023590326309204,-0.0469914935529232
follower_left,0.3,close_fixed_bottle,77,287,0.0450308695435524,-0.04699983447790146
follower_left,0.3,close_fixed_bottle,78,288,0.04503128305077553,-0.04699837043881416
follower_left,0.3,close_fixed_bottle,79,289,0.04503336921334267,-0.046992041170597076
follower_left,0.3,close_fixed_bottle,80,290,0.045023199170827866,-0.04699990898370743
follower_left,0.3,close_fixed_bottle,81,291,0.045030854642391205,-0.046998389065265656
follower_left,0.3,close_fixed_bottle,82,292,0.04503163322806358,-0.04699854180216789
follower_left,0.3,close_fixed_bottle,83,293,0.04503265768289566,-0.04699856787919998
follower_left,0.3,close_fixed_bottle,84,294,0.04502324387431145,-0.04699864611029625
follower_left,0.3,close_fixed_bottle,85,295,0.04501967132091522,-0.04699855297803879
follower_left,0.3,close_fixed_bottle,86,296,0.04502975940704346,-0.04699829965829849
follower_left,0.3,close_fixed_bottle,87,297,0.04502766206860542,-0.04699881002306938
follower_left,0.3,close_fixed_bottle,88,298,0.04503307864069939,-0.04699856415390968
follower_left,0.3,close_fixed_bottle,89,299,0.04503311961889267,-0.04699868708848953
follower_left,0.3,close_fixed_bottle,90,300,0.04503333568572998,-0.04699846729636192
follower_left,0.3,close_fixed_bottle,91,301,0.0450238361954689,-0.04699154570698738
follower_left,0.3,close_fixed_bottle,92,302,0.045031312853097916,-0.046999894082546234
follower_left,0.3,close_fixed_bottle,93,303,0.04503156989812851,-0.04699857905507088
follower_left,0.3,close_fixed_bottle,94,304,0.04503309726715088,-0.04699860140681267
follower_left,0.3,close_fixed_bottle,95,305,0.04502357169985771,-0.04699866473674774
follower_left,0.3,close_fixed_bottle,96,306,0.04501975327730179,-0.04699848219752312
follower_left,0.3,close_fixed_bottle,97,307,0.04502921178936958,-0.04699822887778282
follower_left,0.3,close_fixed_bottle,98,308,0.045020706951618195,-0.04699841886758804
follower_left,0.3,close_fixed_bottle,99,309,0.04503102973103523,-0.04699220880866051
follower_left,0.3,close_fixed_bottle,100,310,0.04503117501735687,-0.04699970409274101
follower_left,0.3,close_fixed_bottle,101,311,0.04503234848380089,-0.046998511999845505
follower_left,0.3,close_fixed_bottle,102,312,0.04503365978598595,-0.04699208214879036
follower_left,0.3,close_fixed_bottle,103,313,0.04502333328127861,-0.04699992388486862
follower_left,0.3,close_fixed_bottle,104,314,0.04501957818865776,-0.046998459845781326
follower_left,0.3,close_fixed_bottle,105,315,0.045030057430267334,-0.04699251055717468
follower_left,0.3,close_fixed_bottle,106,316,0.04502086341381073,-0.0469997264444828
follower_left,0.3,close_fixed_bottle,107,317,0.04502975940704346,-0.04699819162487984
follower_left,0.3,close_fixed_bottle,108,318,0.04502107948064804,-0.046998534351587296
follower_left,0.3,close_fixed_bottle,109,319,0.045030828565359116,-0.04699818789958954
follower_left,0.3,close_fixed_bottle,110,320,0.04503209516406059,-0.04699847474694252
follower_left,0.3,close_fixed_bottle,111,321,0.045033324509859085,-0.046998560428619385
follower_left,0.3,close_fixed_bottle,112,322,0.04503345489501953,-0.04699867218732834
follower_left,0.3,close_fixed_bottle,113,323,0.045023415237665176,-0.04699870944023132
follower_left,0.3,close_fixed_bottle,114,324,0.045031484216451645,-0.04699854180216789
follower_left,0.3,close_fixed_bottle,115,325,0.04503205791115761,-0.04699840024113655
follower_left,0.3,close_fixed_bottle,116,326,0.045022428035736084,-0.04699907451868057
follower_left,0.3,close_fixed_bottle,117,327,0.04502008482813835,-0.046998538076877594
follower_left,0.3,close_fixed_bottle,118,328,0.0450296588242054,-0.04699833318591118
follower_left,0.3,close_fixed_bottle,119,329,0.04503165930509567,-0.0469985231757164
follower_left,0.3,fixed_contact,0,330,0.04503314569592476,-0.04699857532978058
follower_left,0.3,fixed_contact,1,331,0.04502325877547264,-0.046998731791973114
follower_left,0.3,fixed_contact,2,332,0.04503121227025986,-0.04699842259287834
follower_left,0.3,fixed_contact,3,333,0.04503187909722328,-0.046998560428619385
follower_left,0.3,fixed_contact,4,334,0.04503326863050461,-0.04699859768152237
follower_left,0.3,fixed_contact,5,335,0.0450226254761219,-0.046999212354421616
follower_left,0.3,fixed_contact,6,336,0.045032281428575516,-0.04699854925274849
follower_left,0.3,fixed_contact,7,337,0.04503321275115013,-0.046998683363199234
follower_left,0.3,fixed_contact,8,338,0.045023396611213684,-0.046998489648103714
follower_left,0.3,fixed_contact,9,339,0.04503146559000015,-0.046998511999845505
follower_left,0.3,fixed_contact,10,340,0.045032624155282974,-0.046998608857393265
follower_left,0.3,fixed_contact,11,341,0.04502353072166443,-0.04699160158634186
follower_left,0.3,fixed_contact,12,342,0.04501961171627045,-0.04699983820319176
follower_left,0.3,fixed_contact,13,343,0.04502956196665764,-0.046992603689432144
follower_left,0.3,fixed_contact,14,344,0.045020755380392075,-0.04699970781803131
follower_left,0.3,fixed_contact,15,345,0.045029643923044205,-0.04699820652604103
follower_left,0.3,fixed_contact,16,346,0.04503088817000389,-0.046998485922813416
follower_left,0.3,fixed_contact,17,347,0.0450330413877964,-0.04699215665459633
follower_left,0.3,fixed_contact,18,348,0.04502315819263458,-0.04699984937906265
follower_left,0.3,fixed_contact,19,349,0.045030802488327026,-0.04699835181236267
follower_left,0.3,fixed_contact,20,350,0.04503154009580612,-0.04699862748384476
follower_left,0.3,fixed_contact,21,351,0.0450325571000576,-0.04699840769171715
follower_left,0.3,fixed_contact,22,352,0.04502196982502937,-0.04699859395623207
follower_left,0.3,fixed_contact,23,353,0.04503047838807106,-0.04699841886758804
follower_left,0.3,fixed_contact,24,354,0.04503140598535538,-0.0469985269010067
follower_left,0.3,fixed_contact,25,355,0.045032501220703125,-0.04699859023094177
follower_left,0.3,fixed_contact,26,356,0.04503301531076431,-0.04699843004345894
follower_left,0.3,fixed_contact,27,357,0.04502351954579353,-0.046998657286167145
follower_left,0.3,fixed_contact,28,358,0.045031361281871796,-0.046998459845781326
follower_left,0.3,fixed_contact,29,359,0.04503190144896507,-0.04699854180216789
follower_left,0.3,fixed_contact,30,360,0.04503273218870163,-0.04699861630797386
follower_left,0.3,fixed_contact,31,361,0.04503311216831207,-0.04699863865971565
follower_left,0.3,fixed_contact,32,362,0.04502331465482712,-0.04699863865971565
follower_left,0.3,fixed_contact,33,363,0.04503125324845314,-0.0469985157251358
follower_left,0.3,fixed_contact,34,364,0.04503285139799118,-0.04699220508337021
follower_left,0.3,fixed_contact,35,365,0.04503277689218521,-0.04699981212615967
follower_left,0.3,fixed_contact,36,366,0.04502116143703461,-0.046999070793390274
follower_left,0.3,fixed_contact,37,367,0.045031338930130005,-0.04699850082397461
follower_left,0.3,fixed_contact,38,368,0.04503217339515686,-0.04699837416410446
follower_left,0.3,fixed_contact,39,369,0.04503341019153595,-0.04699864983558655
follower_left,0.3,fixed_contact,40,370,0.04502299055457115,-0.04699914529919624
follower_left,0.3,fixed_contact,41,371,0.04503267630934715,-0.04699867591261864
follower_left,0.3,fixed_contact,42,372,0.045033447444438934,-0.04699874669313431
follower_left,0.3,fixed_contact,43,373,0.04502350091934204,-0.04699881374835968
follower_left,0.3,fixed_contact,44,374,0.04503152519464493,-0.04699847847223282
follower_left,0.3,fixed_contact,45,375,0.045032110065221786,-0.04699842259287834
follower_left,0.3,fixed_contact,46,376,0.04503297805786133,-0.046998415142297745
follower_left,0.3,fixed_contact,47,377,0.04502340778708458,-0.04699871316552162
follower_left,0.3,fixed_contact,48,378,0.04503140598535538,-0.046998485922813416
follower_left,0.3,fixed_contact,49,379,0.045032843947410583,-0.046992260962724686
follower_left,0.3,fixed_contact,50,380,0.045022524893283844,-0.04700035974383354
follower_left,0.3,fixed_contact,51,381,0.045032378286123276,-0.04699855297803879
follower_left,0.3,fixed_contact,52,382,0.04503275081515312,-0.046998415142297745
follower_left,0.3,fixed_contact,53,383,0.04502271115779877,-0.046999186277389526
follower_left,0.3,fixed_contact,54,384,0.04502023756504059,-0.0469985269010067
follower_left,0.3,fixed_contact,55,385,0.04502984136343002,-0.04699833318591118
follower_left,0.3,fixed_contact,56,386,0.045021288096904755,-0.04699230566620827
follower_left,0.3,fixed_contact,57,387,0.045030009001493454,-0.046999741345644
follower_left,0.3,fixed_contact,58,388,0.04502767324447632,-0.046998683363199234
follower_left,0.3,fixed_contact,59,389,0.0450330525636673,-0.046998530626297
follower_left,0.3,released_hold,0,390,0.04421442002058029,-0.047788724303245544
follower_left,0.3,released_hold,1,391,0.043228715658187866,-0.04876789078116417
follower_left,0.3,released_hold,2,392,0.0423135869204998,-0.049687113612890244
follower_left,0.3,released_hold,3,393,0.041489001363515854,-0.05050552636384964
follower_left,0.3,released_hold,4,394,0.04072003811597824,-0.051277950406074524
follower_left,0.3,released_hold,5,395,0.040068451315164566,-0.05193038657307625
follower_left,0.3,released_hold,6,396,0.03961452469229698,-0.05237821489572525
follower_left,0.3,released_hold,7,397,0.039223749190568924,-0.052737705409526825
follower_left,0.3,released_hold,8,398,0.03892429545521736,-0.05309709906578064
follower_left,0.3,released_hold,9,399,0.03870156407356262,-0.053338050842285156
follower_left,0.3,released_hold,10,400,0.038542065769433975,-0.053480979055166245
follower_left,0.3,released_hold,11,401,0.03835868462920189,-0.05369424447417259
follower_left,0.3,released_hold,12,402,0.03811775892972946,-0.053842298686504364
follower_left,0.3,released_hold,13,403,0.03803902491927147,-0.05398350581526756
follower_left,0.3,released_hold,14,404,0.037322115153074265,-0.05348340421915054
follower_left,0.3,released_hold,15,405,0.03555278852581978,-0.051826801151037216
follower_left,0.3,released_hold,16,406,0.03291312977671623,-0.04910480976104736
follower_left,0.3,released_hold,17,407,0.02965235710144043,-0.04547248035669327
follower_left,0.3,released_hold,18,408,0.0260420273989439,-0.041155945509672165
follower_left,0.3,released_hold,19,409,0.022359486669301987,-0.03642658889293671
follower_left,0.3,released_hold,20,410,0.021000035107135773,-0.03158263862133026
follower_left,0.3,released_hold,21,411,0.021186979487538338,-0.02822761796414852
follower_left,0.3,released_hold,22,412,0.020999999716877937,-0.026085004210472107
follower_left,0.3,released_hold,23,413,0.021046336740255356,-0.024628615006804466
follower_left,0.3,released_hold,24,414,0.020999999716877937,-0.023703204467892647
follower_left,0.3,released_hold,25,415,0.021009188145399094,-0.02310365065932274
follower_left,0.3,released_hold,26,416,0.020999999716877937,-0.022737693041563034
follower_left,0.3,released_hold,27,417,0.020999999716877937,-0.022524012252688408
follower_left,0.3,released_hold,28,418,0.020999999716877937,-0.022412557154893875
follower_left,0.3,released_hold,29,419,0.020999999716877937,-0.022368047386407852
follower_left,0.3,released_hold,30,420,0.021000782027840614,-0.02235923334956169
follower_left,0.3,released_hold,31,421,0.021001985296607018,-0.02235756255686283
follower_left,0.3,released_hold,32,422,0.021003177389502525,-0.022355888038873672
follower_left,0.3,released_hold,33,423,0.021004319190979004,-0.022354241460561752
follower_left,0.3,released_hold,34,424,0.021005412563681602,-0.02235262840986252
follower_left,0.3,released_hold,35,425,0.021006470546126366,-0.02235102653503418
follower_left,0.3,released_hold,36,426,0.02100750058889389,-0.022349432110786438
follower_left,0.3,released_hold,37,427,0.02100849151611328,-0.02234785258769989
follower_left,0.3,released_hold,38,428,0.021009452641010284,-0.02234630472958088
follower_left,0.3,released_hold,39,429,0.0210103802382946,-0.02234477549791336
follower_left,0.3,released_hold,40,430,0.02101128362119198,-0.02234325371682644
follower_left,0.3,released_hold,41,431,0.021012166514992714,-0.02234174869954586
follower_left,0.3,released_hold,42,432,0.021012166514992714,-0.02234174869954586
follower_left,0.3,released_hold,43,433,0.021012166514992714,-0.02234174869954586
follower_left,0.3,released_hold,44,434,0.021012166514992714,-0.02234174869954586
follower_left,0.3,released_hold,45,435,0.021012166514992714,-0.02234174869954586
follower_left,0.3,released_hold,46,436,0.021012166514992714,-0.02234174869954586
follower_left,0.3,released_hold,47,437,0.021012166514992714,-0.02234174869954586
follower_left,0.3,released_hold,48,438,0.021012166514992714,-0.02234174869954586
follower_left,0.3,released_hold,49,439,0.021012166514992714,-0.02234174869954586
follower_left,0.3,released_hold,50,440,0.021012166514992714,-0.02234174869954586
follower_left,0.3,released_hold,51,441,0.021012166514992714,-0.02234174869954586
follower_left,0.3,released_hold,52,442,0.021012166514992714,-0.02234174869954586
follower_left,0.3,released_hold,53,443,0.021012166514992714,-0.02234174869954586
follower_left,0.3,released_hold,54,444,0.021012166514992714,-0.02234174869954586
follower_left,0.3,released_hold,55,445,0.021012166514992714,-0.02234174869954586
follower_left,0.3,released_hold,56,446,0.021012166514992714,-0.02234174869954586
follower_left,0.3,released_hold,57,447,0.021012166514992714,-0.02234174869954586
follower_left,0.3,released_hold,58,448,0.021012166514992714,-0.02234174869954586
follower_left,0.3,released_hold,59,449,0.021012166514992714,-0.02234174869954586
follower_left,0.3,released_hold,60,450,0.021012166514992714,-0.02234174869954586
follower_left,0.3,released_hold,61,451,0.021012166514992714,-0.02234174869954586
follower_left,0.3,released_hold,62,452,0.021012166514992714,-0.02234174869954586
follower_left,0.3,released_hold,63,453,0.021012166514992714,-0.02234174869954586
follower_left,0.3,released_hold,64,454,0.021012166514992714,-0.02234174869954586
follower_left,0.3,released_hold,65,455,0.021012166514992714,-0.02234174869954586
follower_left,0.3,released_hold,66,456,0.021012166514992714,-0.02234174869954586
follower_left,0.3,released_hold,67,457,0.021012166514992714,-0.02234174869954586
follower_left,0.3,released_hold,68,458,0.021012166514992714,-0.02234174869954586
follower_left,0.3,released_hold,69,459,0.021012166514992714,-0.02234174869954586
follower_left,0.3,released_hold,70,460,0.021012166514992714,-0.02234174869954586
follower_left,0.3,released_hold,71,461,0.021012166514992714,-0.02234174869954586
follower_left,0.3,released_hold,72,462,0.021012166514992714,-0.02234174869954586
follower_left,0.3,released_hold,73,463,0.021012166514992714,-0.02234174869954586
follower_left,0.3,released_hold,74,464,0.021012166514992714,-0.02234174869954586
follower_left,0.3,released_hold,75,465,0.021012166514992714,-0.02234174869954586
follower_left,0.3,released_hold,76,466,0.021012166514992714,-0.02234174869954586
follower_left,0.3,released_hold,77,467,0.021012166514992714,-0.02234174869954586
follower_left,0.3,released_hold,78,468,0.021012166514992714,-0.02234174869954586
follower_left,0.3,released_hold,79,469,0.021012166514992714,-0.02234174869954586
follower_left,0.3,released_hold,80,470,0.021012166514992714,-0.02234174869954586
follower_left,0.3,released_hold,81,471,0.021012166514992714,-0.02234174869954586
follower_left,0.3,released_hold,82,472,0.021012166514992714,-0.02234174869954586
follower_left,0.3,released_hold,83,473,0.021012166514992714,-0.02234174869954586
follower_left,0.3,released_hold,84,474,0.021012166514992714,-0.02234174869954586
follower_left,0.3,released_hold,85,475,0.021012166514992714,-0.02234174869954586
follower_left,0.3,released_hold,86,476,0.021012166514992714,-0.02234174869954586
follower_left,0.3,released_hold,87,477,0.021012166514992714,-0.02234174869954586
follower_left,0.3,released_hold,88,478,0.021012166514992714,-0.02234174869954586
follower_left,0.3,released_hold,89,479,0.021012166514992714,-0.02234174869954586
follower_left,0.3,released_hold,90,480,0.021012166514992714,-0.02234174869954586
follower_left,0.3,released_hold,91,481,0.021012166514992714,-0.02234174869954586
follower_left,0.3,released_hold,92,482,0.021012166514992714,-0.02234174869954586
follower_left,0.3,released_hold,93,483,0.021012166514992714,-0.02234174869954586
follower_left,0.3,released_hold,94,484,0.021012166514992714,-0.02234174869954586
follower_left,0.3,released_hold,95,485,0.021012166514992714,-0.02234174869954586
follower_left,0.3,released_hold,96,486,0.021012166514992714,-0.02234174869954586
follower_left,0.3,released_hold,97,487,0.021012166514992714,-0.02234174869954586
follower_left,0.3,released_hold,98,488,0.021012166514992714,-0.02234174869954586
follower_left,0.3,released_hold,99,489,0.021012166514992714,-0.02234174869954586
follower_left,0.3,released_hold,100,490,0.021012166514992714,-0.02234174869954586
follower_left,0.3,released_hold,101,491,0.021012166514992714,-0.02234174869954586
follower_left,0.3,released_hold,102,492,0.021012166514992714,-0.02234174869954586
follower_left,0.3,released_hold,103,493,0.021012166514992714,-0.02234174869954586
follower_left,0.3,released_hold,104,494,0.021012166514992714,-0.02234174869954586
follower_left,0.3,released_hold,105,495,0.021012166514992714,-0.02234174869954586
follower_left,0.3,released_hold,106,496,0.021012166514992714,-0.02234174869954586
follower_left,0.3,released_hold,107,497,0.021012166514992714,-0.02234174869954586
follower_left,0.3,released_hold,108,498,0.021012166514992714,-0.02234174869954586
follower_left,0.3,released_hold,109,499,0.021012166514992714,-0.02234174869954586
follower_left,0.3,released_hold,110,500,0.021012166514992714,-0.02234174869954586
follower_left,0.3,released_hold,111,501,0.021012166514992714,-0.02234174869954586
follower_left,0.3,released_hold,112,502,0.021012166514992714,-0.02234174869954586
follower_left,0.3,released_hold,113,503,0.021012166514992714,-0.02234174869954586
follower_left,0.3,released_hold,114,504,0.021012166514992714,-0.02234174869954586
follower_left,0.3,released_hold,115,505,0.021012166514992714,-0.02234174869954586
follower_left,0.3,released_hold,116,506,0.021012166514992714,-0.02234174869954586
follower_left,0.3,released_hold,117,507,0.021012166514992714,-0.02234174869954586
follower_left,0.3,released_hold,118,508,0.021012166514992714,-0.02234174869954586
follower_left,0.3,released_hold,119,509,0.021012166514992714,-0.02234174869954586
follower_left,0.5,settle,0,0,0.022094612941145897,-0.013814005069434643
follower_left,0.5,settle,1,1,0.02163606323301792,-0.013913676142692566
follower_left,0.5,settle,2,2,0.021238692104816437,-0.014087032526731491
follower_left,0.5,settle,3,3,0.020999999716877937,-0.014291265979409218
follower_left,0.5,settle,4,4,0.02100001834332943,-0.014695056714117527
follower_left,0.5,settle,5,5,0.021000005304813385,-0.015190500766038895
follower_left,0.5,settle,6,6,0.021053649485111237,-0.015716349706053734
follower_left,0.5,settle,7,7,0.021155502647161484,-0.016223052516579628
follower_left,0.5,settle,8,8,0.02126016840338707,-0.016701366752386093
follower_left,0.5,settle,9,9,0.0213537085801363,-0.01714230701327324
follower_left,0.5,settle,10,10,0.02143426612019539,-0.01754230074584484
follower_left,0.5,settle,11,11,0.02150297351181507,-0.01789994351565838
follower_left,0.5,settle,12,12,0.021560512483119965,-0.018215607851743698
follower_left,0.5,settle,13,13,0.021606968715786934,-0.018492121249437332
follower_left,0.5,settle,14,14,0.02164399065077305,-0.018733004108071327
follower_left,0.5,settle,15,15,0.02167394571006298,-0.01894216239452362
follower_left,0.5,settle,16,16,0.02169812098145485,-0.0191225316375494
follower_left,0.5,settle,17,17,0.021716831251978874,-0.019276553764939308
follower_left,0.5,settle,18,18,0.021731186658143997,-0.019407423213124275
follower_left,0.5,settle,19,19,0.021742284297943115,-0.019518207758665085
follower_left,0.5,settle,20,20,0.02175092324614525,-0.019611239433288574
follower_left,0.5,settle,21,21,0.021757598966360092,-0.019688677042722702
follower_left,0.5,settle,22,22,0.021762818098068237,-0.019752854481339455
follower_left,0.5,settle,23,23,0.021767131984233856,-0.01980600878596306
follower_left,0.5,settle,24,24,0.02177136391401291,-0.019849877804517746
follower_left,0.5,settle,25,25,0.021775417029857635,-0.019885854795575142
follower_left,0.5,settle,26,26,0.02177903801202774,-0.019915292039513588
follower_left,0.5,settle,27,27,0.021782441064715385,-0.019939467310905457
follower_left,0.5,settle,28,28,0.021785760298371315,-0.01995939575135708
follower_left,0.5,settle,29,29,0.021789012476801872,-0.019975805655121803
follower_left,0.5,settle,30,30,0.021792175248265266,-0.01998932659626007
follower_left,0.5,settle,31,31,0.021795282140374184,-0.02000056579709053
follower_left,0.5,settle,32,32,0.021798336878418922,-0.02001004107296467
follower_left,0.5,settle,33,33,0.021801337599754333,-0.02001807652413845
follower_left,0.5,settle,34,34,0.02180425636470318,-0.020024938508868217
follower_left,0.5,settle,35,35,0.02180425636470318,-0.020024938508868217
follower_left,0.5,settle,36,36,0.02180425636470318,-0.020024938508868217
follower_left,0.5,settle,37,37,0.02180425636470318,-0.020024938508868217
follower_left,0.5,settle,38,38,0.02180425636470318,-0.020024938508868217
follower_left,0.5,settle,39,39,0.02180425636470318,-0.020024938508868217
follower_left,0.5,settle,40,40,0.02180425636470318,-0.020024938508868217
follower_left,0.5,settle,41,41,0.02180425636470318,-0.020024938508868217
follower_left,0.5,settle,42,42,0.02180425636470318,-0.020024938508868217
follower_left,0.5,settle,43,43,0.02180425636470318,-0.020024938508868217
follower_left,0.5,settle,44,44,0.02180425636470318,-0.020024938508868217
follower_left,0.5,settle,45,45,0.02180425636470318,-0.020024938508868217
follower_left,0.5,settle,46,46,0.02180425636470318,-0.020024938508868217
follower_left,0.5,settle,47,47,0.02180425636470318,-0.020024938508868217
follower_left,0.5,settle,48,48,0.02180425636470318,-0.020024938508868217
follower_left,0.5,settle,49,49,0.02180425636470318,-0.020024938508868217
follower_left,0.5,settle,50,50,0.02180425636470318,-0.020024938508868217
follower_left,0.5,settle,51,51,0.02180425636470318,-0.020024938508868217
follower_left,0.5,settle,52,52,0.02180425636470318,-0.020024938508868217
follower_left,0.5,settle,53,53,0.02180425636470318,-0.020024938508868217
follower_left,0.5,settle,54,54,0.02180425636470318,-0.020024938508868217
follower_left,0.5,settle,55,55,0.02180425636470318,-0.020024938508868217
follower_left,0.5,settle,56,56,0.02180425636470318,-0.020024938508868217
follower_left,0.5,settle,57,57,0.02180425636470318,-0.020024938508868217
follower_left,0.5,settle,58,58,0.02180425636470318,-0.020024938508868217
follower_left,0.5,settle,59,59,0.02180425636470318,-0.020024938508868217
follower_left,0.5,open,0,60,0.024399902671575546,-0.02004406601190567
follower_left,0.5,open,1,61,0.029517928138375282,-0.02220611274242401
follower_left,0.5,open,2,62,0.03624122962355614,-0.026648592203855515
follower_left,0.5,open,3,63,0.04392533749341965,-0.03298792243003845
follower_left,0.5,open,4,64,0.05194766819477081,-0.04067753627896309
follower_left,0.5,open,5,65,0.05699998885393143,-0.04912130907177925
follower_left,0.5,open,6,66,0.05699988827109337,-0.05442742258310318
follower_left,0.5,open,7,67,0.05700000002980232,-0.057619694620370865
follower_left,0.5,open,8,68,0.05700000002980232,-0.059379544109106064
follower_left,0.5,open,9,69,0.05700000002980232,-0.06019428372383118
follower_left,0.5,open,10,70,0.05700000002980232,-0.060403063893318176
follower_left,0.5,open,11,71,0.05699998885393143,-0.060346223413944244
follower_left,0.5,open,12,72,0.05699998140335083,-0.06022407487034798
follower_left,0.5,open,13,73,0.05699997767806053,-0.06007074937224388
follower_left,0.5,open,14,74,0.05699998885393143,-0.05990797281265259
follower_left,0.5,open,15,75,0.05699998140335083,-0.059748273342847824
follower_left,0.5,open,16,76,0.056999966502189636,-0.059598878026008606
follower_left,0.5,open,17,77,0.056999947875738144,-0.05946428328752518
follower_left,0.5,open,18,78,0.056999947875738144,-0.059346314519643784
follower_left,0.5,open,19,79,0.056999921798706055,-0.05924474820494652
follower_left,0.5,open,20,80,0.056999918073415756,-0.05915825441479683
follower_left,0.5,open,21,81,0.05699992924928665,-0.05908548831939697
follower_left,0.5,open,22,82,0.056999944150447845,-0.05902509391307831
follower_left,0.5,open,23,83,0.05699993669986725,-0.05897551402449608
follower_left,0.5,open,24,84,0.056999921798706055,-0.0589350089430809
follower_left,0.5,open,25,85,0.056999921798706055,-0.0589350089430809
follower_left,0.5,open,26,86,0.056999921798706055,-0.0589350089430809
follower_left,0.5,open,27,87,0.056999921798706055,-0.0589350089430809
follower_left,0.5,open,28,88,0.056999921798706055,-0.0589350089430809
follower_left,0.5,open,29,89,0.056999921798706055,-0.0589350089430809
follower_left,0.5,open,30,90,0.056999921798706055,-0.0589350089430809
follower_left,0.5,open,31,91,0.056999921798706055,-0.0589350089430809
follower_left,0.5,open,32,92,0.056999921798706055,-0.0589350089430809
follower_left,0.5,open,33,93,0.056999921798706055,-0.0589350089430809
follower_left,0.5,open,34,94,0.056999921798706055,-0.0589350089430809
follower_left,0.5,open,35,95,0.056999921798706055,-0.0589350089430809
follower_left,0.5,open,36,96,0.056999921798706055,-0.0589350089430809
follower_left,0.5,open,37,97,0.056999921798706055,-0.0589350089430809
follower_left,0.5,open,38,98,0.056999921798706055,-0.0589350089430809
follower_left,0.5,open,39,99,0.056999921798706055,-0.0589350089430809
follower_left,0.5,open,40,100,0.056999921798706055,-0.0589350089430809
follower_left,0.5,open,41,101,0.056999921798706055,-0.0589350089430809
follower_left,0.5,open,42,102,0.056999921798706055,-0.0589350089430809
follower_left,0.5,open,43,103,0.056999921798706055,-0.0589350089430809
follower_left,0.5,open,44,104,0.056999921798706055,-0.0589350089430809
follower_left,0.5,open,45,105,0.056999921798706055,-0.0589350089430809
follower_left,0.5,open,46,106,0.056999921798706055,-0.0589350089430809
follower_left,0.5,open,47,107,0.056999921798706055,-0.0589350089430809
follower_left,0.5,open,48,108,0.056999921798706055,-0.0589350089430809
follower_left,0.5,open,49,109,0.056999921798706055,-0.0589350089430809
follower_left,0.5,open,50,110,0.056999921798706055,-0.0589350089430809
follower_left,0.5,open,51,111,0.056999921798706055,-0.0589350089430809
follower_left,0.5,open,52,112,0.056999921798706055,-0.0589350089430809
follower_left,0.5,open,53,113,0.056999921798706055,-0.0589350089430809
follower_left,0.5,open,54,114,0.056999921798706055,-0.0589350089430809
follower_left,0.5,open,55,115,0.056999921798706055,-0.0589350089430809
follower_left,0.5,open,56,116,0.056999921798706055,-0.0589350089430809
follower_left,0.5,open,57,117,0.056999921798706055,-0.0589350089430809
follower_left,0.5,open,58,118,0.056999921798706055,-0.0589350089430809
follower_left,0.5,open,59,119,0.056999921798706055,-0.0589350089430809
follower_left,0.5,open,60,120,0.056999921798706055,-0.0589350089430809
follower_left,0.5,open,61,121,0.056999921798706055,-0.0589350089430809
follower_left,0.5,open,62,122,0.056999921798706055,-0.0589350089430809
follower_left,0.5,open,63,123,0.056999921798706055,-0.0589350089430809
follower_left,0.5,open,64,124,0.056999921798706055,-0.0589350089430809
follower_left,0.5,open,65,125,0.056999921798706055,-0.0589350089430809
follower_left,0.5,open,66,126,0.056999921798706055,-0.0589350089430809
follower_left,0.5,open,67,127,0.056999921798706055,-0.0589350089430809
follower_left,0.5,open,68,128,0.056999921798706055,-0.0589350089430809
follower_left,0.5,open,69,129,0.056999921798706055,-0.0589350089430809
follower_left,0.5,open,70,130,0.056999921798706055,-0.0589350089430809
follower_left,0.5,open,71,131,0.056999921798706055,-0.0589350089430809
follower_left,0.5,open,72,132,0.056999921798706055,-0.0589350089430809
follower_left,0.5,open,73,133,0.056999921798706055,-0.0589350089430809
follower_left,0.5,open,74,134,0.056999921798706055,-0.0589350089430809
follower_left,0.5,open,75,135,0.056999921798706055,-0.0589350089430809
follower_left,0.5,open,76,136,0.056999921798706055,-0.0589350089430809
follower_left,0.5,open,77,137,0.056999921798706055,-0.0589350089430809
follower_left,0.5,open,78,138,0.056999921798706055,-0.0589350089430809
follower_left,0.5,open,79,139,0.056999921798706055,-0.0589350089430809
follower_left,0.5,open,80,140,0.056999921798706055,-0.0589350089430809
follower_left,0.5,open,81,141,0.056999921798706055,-0.0589350089430809
follower_left,0.5,open,82,142,0.056999921798706055,-0.0589350089430809
follower_left,0.5,open,83,143,0.056999921798706055,-0.0589350089430809
follower_left,0.5,open,84,144,0.056999921798706055,-0.0589350089430809
follower_left,0.5,open,85,145,0.056999921798706055,-0.0589350089430809
follower_left,0.5,open,86,146,0.056999921798706055,-0.0589350089430809
follower_left,0.5,open,87,147,0.056999921798706055,-0.0589350089430809
follower_left,0.5,open,88,148,0.056999921798706055,-0.0589350089430809
follower_left,0.5,open,89,149,0.056999921798706055,-0.0589350089430809
follower_left,0.5,fixed_bottle_settle,0,150,0.056999921798706055,-0.0589350089430809
follower_left,0.5,fixed_bottle_settle,1,151,0.056616999208927155,-0.05904397368431091
follower_left,0.5,fixed_bottle_settle,2,152,0.05699725076556206,-0.05867401137948036
follower_left,0.5,fixed_bottle_settle,3,153,0.05693918839097023,-0.058303866535425186
follower_left,0.5,fixed_bottle_settle,4,154,0.05689847096800804,-0.0580994114279747
follower_left,0.5,fixed_bottle_settle,5,155,0.056881099939346313,-0.05799529701471329
follower_left,0.5,fixed_bottle_settle,6,156,0.05688057094812393,-0.057949863374233246
follower_left,0.5,fixed_bottle_settle,7,157,0.05688502639532089,-0.05793887376785278
follower_left,0.5,fixed_bottle_settle,8,158,0.05689186230301857,-0.05793874338269234
follower_left,0.5,fixed_bottle_settle,9,159,0.0568993017077446,-0.05793970450758934
follower_left,0.5,fixed_bottle_settle,10,160,0.056905824691057205,-0.05794014036655426
follower_left,0.5,fixed_bottle_settle,11,161,0.05691184476017952,-0.05794302001595497
follower_left,0.5,fixed_bottle_settle,12,162,0.05691852420568466,-0.057948797941207886
follower_left,0.5,fixed_bottle_settle,13,163,0.056925710290670395,-0.05795562267303467
follower_left,0.5,fixed_bottle_settle,14,164,0.05693294480443001,-0.05796365439891815
follower_left,0.5,fixed_bottle_settle,15,165,0.056940216571092606,-0.05797288194298744
follower_left,0.5,fixed_bottle_settle,16,166,0.05694732069969177,-0.05798221006989479
follower_left,0.5,fixed_bottle_settle,17,167,0.05695415288209915,-0.057991210371255875
follower_left,0.5,fixed_bottle_settle,18,168,0.056960269808769226,-0.05799981951713562
follower_left,0.5,fixed_bottle_settle,19,169,0.056965313851833344,-0.05800845846533775
follower_left,0.5,fixed_bottle_settle,20,170,0.05696940794587135,-0.05801616609096527
follower_left,0.5,fixed_bottle_settle,21,171,0.05697263032197952,-0.05802332982420921
follower_left,0.5,fixed_bottle_settle,22,172,0.056975189596414566,-0.058029670268297195
follower_left,0.5,fixed_bottle_settle,23,173,0.0569775216281414,-0.05803464725613594
follower_left,0.5,fixed_bottle_settle,24,174,0.056979674845933914,-0.0580390989780426
follower_left,0.5,fixed_bottle_settle,25,175,0.05698133632540703,-0.05804404616355896
follower_left,0.5,fixed_bottle_settle,26,176,0.056982703506946564,-0.05804874002933502
follower_left,0.5,fixed_bottle_settle,27,177,0.05698410049080849,-0.05805293843150139
follower_left,0.5,fixed_bottle_settle,28,178,0.056985486298799515,-0.0580567941069603
follower_left,0.5,fixed_bottle_settle,29,179,0.05698668584227562,-0.05806102231144905
follower_left,0.5,fixed_bottle_settle,30,180,0.05698784068226814,-0.05806512385606766
follower_left,0.5,fixed_bottle_settle,31,181,0.05698896944522858,-0.05806879326701164
follower_left,0.5,fixed_bottle_settle,32,182,0.056990113109350204,-0.05807241052389145
follower_left,0.5,fixed_bottle_settle,33,183,0.05699027702212334,-0.058076001703739166
follower_left,0.5,fixed_bottle_settle,34,184,0.05699065327644348,-0.058079347014427185
follower_left,0.5,fixed_bottle_settle,35,185,0.056990865617990494,-0.0580831877887249
follower_left,0.5,fixed_bottle_settle,36,186,0.05699118971824646,-0.05808709189295769
follower_left,0.5,fixed_bottle_settle,37,187,0.05699186772108078,-0.05809012055397034
follower_left,0.5,fixed_bottle_settle,38,188,0.056992121040821075,-0.05809411406517029
follower_left,0.5,fixed_bottle_settle,39,189,0.05699238181114197,-0.058098431676626205
follower_left,0.5,fixed_bottle_settle,40,190,0.05699295923113823,-0.05810233950614929
follower_left,0.5,fixed_bottle_settle,41,191,0.05699339509010315,-0.05810640752315521
follower_left,0.5,fixed_bottle_settle,42,192,0.05699395760893822,-0.05811045691370964
follower_left,0.5,fixed_bottle_settle,43,193,0.05699465796351433,-0.05811404436826706
follower_left,0.5,fixed_bottle_settle,44,194,0.05699531361460686,-0.05811777338385582
follower_left,0.5,fixed_bottle_settle,45,195,0.05699574574828148,-0.05812195688486099
follower_left,0.5,fixed_bottle_settle,46,196,0.05699582397937775,-0.05812639743089676
follower_left,0.5,fixed_bottle_settle,47,197,0.05699614807963371,-0.058130670338869095
follower_left,0.5,fixed_bottle_settle,48,198,0.056996166706085205,-0.058135032653808594
follower_left,0.5,fixed_bottle_settle,49,199,0.05699632316827774,-0.058139342814683914
follower_left,0.5,fixed_bottle_settle,50,200,0.05699625983834267,-0.058143142610788345
follower_left,0.5,fixed_bottle_settle,51,201,0.05699652433395386,-0.05814661830663681
follower_left,0.5,fixed_bottle_settle,52,202,0.05699659511446953,-0.058149758726358414
follower_left,0.5,fixed_bottle_settle,53,203,0.056996677070856094,-0.058152299374341965
follower_left,0.5,fixed_bottle_settle,54,204,0.05699620395898819,-0.05815475806593895
follower_left,0.5,fixed_bottle_settle,55,205,0.056996431201696396,-0.05815683305263519
follower_left,0.5,fixed_bottle_settle,56,206,0.056996650993824005,-0.058158524334430695
follower_left,0.5,fixed_bottle_settle,57,207,0.05699639022350311,-0.058160483837127686
follower_left,0.5,fixed_bottle_settle,58,208,0.05699644610285759,-0.058162789791822433
follower_left,0.5,fixed_bottle_settle,59,209,0.056996315717697144,-0.05816522240638733
follower_left,0.5,close_fixed_bottle,0,210,0.05428704619407654,-0.05815757438540459
follower_left,0.5,close_fixed_bottle,1,211,0.04898688569664955,-0.05595030263066292
follower_left,0.5,close_fixed_bottle,2,212,0.04517826810479164,-0.05142614617943764
follower_left,0.5,close_fixed_bottle,3,213,0.045102644711732864,-0.04862642660737038
follower_left,0.5,close_fixed_bottle,4,214,0.04508163779973984,-0.04700332507491112
follower_left,0.5,close_fixed_bottle,5,215,0.045068562030792236,-0.04700305685400963
follower_left,0.5,close_fixed_bottle,6,216,0.04505375400185585,-0.04700123891234398
follower_left,0.5,close_fixed_bottle,7,217,0.04504535719752312,-0.04700027406215668
follower_left,0.5,close_fixed_bottle,8,218,0.04502599686384201,-0.0469992570579052
follower_left,0.5,close_fixed_bottle,9,219,0.04503064230084419,-0.04699834808707237
follower_left,0.5,close_fixed_bottle,10,220,0.04502912610769272,-0.0469980426132679
follower_left,0.5,close_fixed_bottle,11,221,0.045020539313554764,-0.04699736833572388
follower_left,0.5,close_fixed_bottle,12,222,0.04502379521727562,-0.04699698090553284
follower_left,0.5,close_fixed_bottle,13,223,0.045020315796136856,-0.04699678719043732
follower_left,0.5,close_fixed_bottle,14,224,0.04502181336283684,-0.0469963438808918
follower_left,0.5,close_fixed_bottle,15,225,0.04501672834157944,-0.046996213495731354
follower_left,0.5,close_fixed_bottle,16,226,0.04501785710453987,-0.046995993703603745
follower_left,0.5,close_fixed_bottle,17,227,0.045017413794994354,-0.0469919815659523
follower_left,0.5,close_fixed_bottle,18,228,0.045013949275016785,-0.046995628625154495
follower_left,0.5,close_fixed_bottle,19,229,0.04501616209745407,-0.046991925686597824
follower_left,0.5,close_fixed_bottle,20,230,0.04501572623848915,-0.046995509415864944
follower_left,0.5,close_fixed_bottle,21,231,0.0450156033039093,-0.04699200764298439
follower_left,0.5,close_fixed_bottle,22,232,0.04501492157578468,-0.0469951331615448
follower_left,0.5,close_fixed_bottle,23,233,0.04501465708017349,-0.04699508473277092
follower_left,0.5,close_fixed_bottle,24,234,0.04501435160636902,-0.04699493572115898
follower_left,0.5,close_fixed_bottle,25,235,0.04501385614275932,-0.046994712203741074
follower_left,0.5,close_fixed_bottle,26,236,0.04501459747552872,-0.04699491709470749
follower_left,0.5,close_fixed_bottle,27,237,0.04501473531126976,-0.0469951294362545
follower_left,0.5,close_fixed_bottle,28,238,0.045014265924692154,-0.04699482396245003
follower_left,0.5,close_fixed_bottle,29,239,0.0450139082968235,-0.0469946414232254
follower_left,0.5,close_fixed_bottle,30,240,0.045014530420303345,-0.046994756907224655
follower_left,0.5,close_fixed_bottle,31,241,0.04501466080546379,-0.04699510335922241
follower_left,0.5,close_fixed_bottle,32,242,0.04501456767320633,-0.04699501022696495
follower_left,0.5,close_fixed_bottle,33,243,0.04501398652791977,-0.046994660049676895
follower_left,0.5,close_fixed_bottle,34,244,0.04501490294933319,-0.046994902193546295
follower_left,0.5,close_fixed_bottle,35,245,0.04501437395811081,-0.04699478670954704
follower_left,0.5,close_fixed_bottle,36,246,0.04501386359333992,-0.046994660049676895
follower_left,0.5,close_fixed_bottle,37,247,0.0450148768723011,-0.046994905918836594
follower_left,0.5,close_fixed_bottle,38,248,0.045014332979917526,-0.04699479788541794
follower_left,0.5,close_fixed_bottle,39,249,0.04501381888985634,-0.04699460789561272
follower_left,0.5,close_fixed_bottle,40,250,0.045014526695013046,-0.04699484631419182
follower_left,0.5,close_fixed_bottle,41,251,0.04501596838235855,-0.04699510335922241
follower_left,0.5,close_fixed_bottle,42,252,0.04501459375023842,-0.04699490964412689
follower_left,0.5,close_fixed_bottle,43,253,0.045013923197984695,-0.04699472337961197
follower_left,0.5,close_fixed_bottle,44,254,0.04501492530107498,-0.04699493944644928
follower_left,0.5,close_fixed_bottle,45,255,0.0450143963098526,-0.046994972974061966
follower_left,0.5,close_fixed_bottle,46,256,0.04501384496688843,-0.046994660049676895
follower_left,0.5,close_fixed_bottle,47,257,0.04501454904675484,-0.04699484631419182
follower_left,0.5,close_fixed_bottle,48,258,0.04501597583293915,-0.04699510335922241
follower_left,0.5,close_fixed_bottle,49,259,0.04501461982727051,-0.04699493944644928
follower_left,0.5,close_fixed_bottle,50,260,0.04501418024301529,-0.04699479416012764
follower_left,0.5,close_fixed_bottle,51,261,0.04501498490571976,-0.04699482023715973
follower_left,0.5,close_fixed_bottle,52,262,0.045014385133981705,-0.04699492081999779
follower_left,0.5,close_fixed_bottle,53,263,0.04501385986804962,-0.04699469730257988
follower_left,0.5,close_fixed_bottle,54,264,0.04501459002494812,-0.046994760632514954
follower_left,0.5,close_fixed_bottle,55,265,0.045014381408691406,-0.04699493199586868
follower_left,0.5,close_fixed_bottle,56,266,0.04501402750611305,-0.04699471965432167
follower_left,0.5,close_fixed_bottle,57,267,0.04501517117023468,-0.04699166864156723
follower_left,0.5,close_fixed_bottle,58,268,0.045014288276433945,-0.04699480161070824
follower_left,0.5,close_fixed_bottle,59,269,0.04501499608159065,-0.04699493944644928
follower_left,0.5,close_fixed_bottle,60,270,0.04501437395811081,-0.046994954347610474
follower_left,0.5,close_fixed_bottle,61,271,0.04501402750611305,-0.04699469730257988
follower_left,0.5,close_fixed_bottle,62,272,0.04501507431268692,-0.04699169099330902
follower_left,0.5,close_fixed_bottle,63,273,0.04501451924443245,-0.04699496179819107
follower_left,0.5,close_fixed_bottle,64,274,0.04501422867178917,-0.04699471592903137
follower_left,0.5,close_fixed_bottle,65,275,0.045015014708042145,-0.04699493199586868
follower_left,0.5,close_fixed_bottle,66,276,0.045014381408691406,-0.046994902193546295
follower_left,0.5,close_fixed_bottle,67,277,0.04501403123140335,-0.04699470475316048
follower_left,0.5,close_fixed_bottle,68,278,0.04501504823565483,-0.046994905918836594
follower_left,0.5,close_fixed_bottle,69,279,0.045014362782239914,-0.04699493199586868
follower_left,0.5,close_fixed_bottle,70,280,0.045013803988695145,-0.046994585543870926
follower_left,0.5,close_fixed_bottle,71,281,0.04501452296972275,-0.04699472710490227
follower_left,0.5,close_fixed_bottle,72,282,0.045016270130872726,-0.04699511453509331
follower_left,0.5,close_fixed_bottle,73,283,0.04501453787088394,-0.0469948910176754
follower_left,0.5,close_fixed_bottle,74,284,0.04501533880829811,-0.04699496179819107
follower_left,0.5,close_fixed_bottle,75,285,0.04501483216881752,-0.04699515551328659
follower_left,0.5,close_fixed_bottle,76,286,0.045014649629592896,-0.04699510335922241
follower_left,0.5,close_fixed_bottle,77,287,0.04501410201191902,-0.04699484631419182
follower_left,0.5,close_fixed_bottle,78,288,0.045015182346105576,-0.04699495807290077
follower_left,0.5,close_fixed_bottle,79,289,0.0450143925845623,-0.04699492081999779
follower_left,0.5,close_fixed_bottle,80,290,0.04501397907733917,-0.046994615346193314
follower_left,0.5,close_fixed_bottle,81,291,0.04501505568623543,-0.046994972974061966
follower_left,0.5,close_fixed_bottle,82,292,0.04501468688249588,-0.046995073556900024
follower_left,0.5,close_fixed_bottle,83,293,0.04501410946249962,-0.046994782984256744
follower_left,0.5,close_fixed_bottle,84,294,0.04501492530107498,-0.04699484631419182
follower_left,0.5,close_fixed_bottle,85,295,0.04501471295952797,-0.04699200391769409
follower_left,0.5,close_fixed_bottle,86,296,0.04501417651772499,-0.046994633972644806
follower_left,0.5,close_fixed_bottle,87,297,0.045014847069978714,-0.04699486121535301
follower_left,0.5,close_fixed_bottle,88,298,0.04501436650753021,-0.04699491336941719
follower_left,0.5,close_fixed_bottle,89,299,0.04501398652791977,-0.04699468985199928
follower_left,0.5,close_fixed_bottle,90,300,0.045015014708042145,-0.046994857490062714
follower_left,0.5,close_fixed_bottle,91,301,0.04501466453075409,-0.04699511453509331
follower_left,0.5,close_fixed_bottle,92,302,0.0450141504406929,-0.04699481278657913
follower_left,0.5,close_fixed_bottle,93,303,0.04501497745513916,-0.04699480161070824
follower_left,0.5,close_fixed_bottle,94,304,0.04501472786068916,-0.04699508100748062
follower_left,0.5,close_fixed_bottle,95,305,0.045014504343271255,-0.046995002776384354
follower_left,0.5,close_fixed_bottle,96,306,0.045013945549726486,-0.04699460789561272
follower_left,0.5,close_fixed_bottle,97,307,0.04501456022262573,-0.04699486121535301
follower_left,0.5,close_fixed_bottle,98,308,0.045015983283519745,-0.0469948947429657
follower_left,0.5,close_fixed_bottle,99,309,0.04501490294933319,-0.046995144337415695
follower_left,0.5,close_fixed_bottle,100,310,0.04501458257436752,-0.04699508473277092
follower_left,0.5,close_fixed_bottle,101,311,0.045014359056949615,-0.046994924545288086
follower_left,0.5,close_fixed_bottle,102,312,0.045013803988695145,-0.04699469357728958
follower_left,0.5,close_fixed_bottle,103,313,0.04501489922404289,-0.04699494317173958
follower_left,0.5,close_fixed_bottle,104,314,0.04501471668481827,-0.04699510708451271
follower_left,0.5,close_fixed_bottle,105,315,0.04501419886946678,-0.04699481651186943
follower_left,0.5,close_fixed_bottle,106,316,0.04501540586352348,-0.04699157923460007
follower_left,0.5,close_fixed_bottle,107,317,0.04501430690288544,-0.04699473828077316
follower_left,0.5,close_fixed_bottle,108,318,0.04501497745513916,-0.046994876116514206
follower_left,0.5,close_fixed_bottle,109,319,0.04501474276185036,-0.046995095908641815
follower_left,0.5,close_fixed_bottle,110,320,0.04501453414559364,-0.046994954347610474
follower_left,0.5,close_fixed_bottle,111,321,0.04501427710056305,-0.046994853764772415
follower_left,0.5,close_fixed_bottle,112,322,0.04501507058739662,-0.04699494689702988
follower_left,0.5,close_fixed_bottle,113,323,0.0450143925845623,-0.046994902193546295
follower_left,0.5,close_fixed_bottle,114,324,0.04501385614275932,-0.046994686126708984
follower_left,0.5,close_fixed_bottle,115,325,0.04501456767320633,-0.04699481651186943
follower_left,0.5,close_fixed_bottle,116,326,0.045014388859272,-0.046994905918836594
follower_left,0.5,close_fixed_bottle,117,327,0.04501385986804962,-0.04699459671974182
follower_left,0.5,close_fixed_bottle,118,328,0.04501454159617424,-0.04699483886361122
follower_left,0.5,close_fixed_bottle,119,329,0.04501626640558243,-0.04699511453509331
follower_left,0.5,fixed_contact,0,330,0.045014917850494385,-0.046991873532533646
follower_left,0.5,fixed_contact,1,331,0.04501448944211006,-0.04699490964412689
follower_left,0.5,fixed_contact,2,332,0.045013923197984695,-0.04699461907148361
follower_left,0.5,fixed_contact,3,333,0.04501454159617424,-0.0469948947429657
follower_left,0.5,fixed_contact,4,334,0.04501628875732422,-0.0469951257109642
follower_left,0.5,fixed_contact,5,335,0.04501497000455856,-0.04699185863137245
follower_left,0.5,fixed_contact,6,336,0.045014478266239166,-0.046995021402835846
follower_left,0.5,fixed_contact,7,337,0.045013923197984695,-0.046994615346193314
follower_left,0.5,fixed_contact,8,338,0.045014940202236176,-0.0469948872923851
follower_left,0.5,fixed_contact,9,339,0.04501470923423767,-0.04699508473277092
follower_left,0.5,fixed_contact,10,340,0.04501413181424141,-0.046994779258966446
follower_left,0.5,fixed_contact,11,341,0.04501493647694588,-0.04699485003948212
follower_left,0.5,fixed_contact,12,342,0.04501436650753021,-0.046994898468256
follower_left,0.5,fixed_contact,13,343,0.045014023780822754,-0.04699472710490227
follower_left,0.5,fixed_contact,14,344,0.045014698058366776,-0.04699485003948212
follower_left,0.5,fixed_contact,15,345,0.0450144037604332,-0.04699493944644928
follower_left,0.5,fixed_contact,16,346,0.045014023780822754,-0.046994708478450775
follower_left,0.5,fixed_contact,17,347,0.04501504451036453,-0.0469948910176754
follower_left,0.5,fixed_contact,18,348,0.04501466453075409,-0.04699511080980301
follower_left,0.5,fixed_contact,19,349,0.045014526695013046,-0.046991828829050064
follower_left,0.5,fixed_contact,20,350,0.045014020055532455,-0.046994663774967194
follower_left,0.5,fixed_contact,21,351,0.04501482844352722,-0.04699486494064331
follower_left,0.5,fixed_contact,22,352,0.04501432180404663,-0.046994905918836594
follower_left,0.5,fixed_contact,23,353,0.04501400142908096,-0.04699468985199928
follower_left,0.5,fixed_contact,24,354,0.04501499980688095,-0.046994928270578384
follower_left,0.5,fixed_contact,25,355,0.045014388859272,-0.046994879841804504
follower_left,0.5,fixed_contact,26,356,0.045013830065727234,-0.046994637697935104
follower_left,0.5,fixed_contact,27,357,0.04501451924443245,-0.046994734555482864
follower_left,0.5,fixed_contact,28,358,0.04501623660326004,-0.0469951331615448
follower_left,0.5,fixed_contact,29,359,0.04501456767320633,-0.046994805335998535
follower_left,0.5,fixed_contact,30,360,0.0450139120221138,-0.04699469357728958
follower_left,0.5,fixed_contact,31,361,0.04501497745513916,-0.046991754323244095
follower_left,0.5,fixed_contact,32,362,0.04501451924443245,-0.04699498042464256
follower_left,0.5,fixed_contact,33,363,0.04501420259475708,-0.046994805335998535
follower_left,0.5,fixed_contact,34,364,0.04501497372984886,-0.046994924545288086
follower_left,0.5,fixed_contact,35,365,0.0450143925845623,-0.04699479788541794
follower_left,0.5,fixed_contact,36,366,0.045014020055532455,-0.04699470475316048
follower_left,0.5,fixed_contact,37,367,0.045014746487140656,-0.046994827687740326
follower_left,0.5,fixed_contact,38,368,0.04501625522971153,-0.046995144337415695
follower_left,0.5,fixed_contact,39,369,0.045014891773462296,-0.04699188098311424
follower_left,0.5,fixed_contact,40,370,0.045014455914497375,-0.04699499532580376
follower_left,0.5,fixed_contact,41,371,0.045013923197984695,-0.04699467495083809
follower_left,0.5,fixed_contact,42,372,0.04501456022262573,-0.04699477180838585
follower_left,0.5,fixed_contact,43,373,0.04501470550894737,-0.0469951331615448
follower_left,0.5,fixed_contact,44,374,0.045014213770627975,-0.04699482023715973
follower_left,0.5,fixed_contact,45,375,0.045015379786491394,-0.04699491709470749
follower_left,0.5,fixed_contact,46,376,0.04501437023282051,-0.046994876116514206
follower_left,0.5,fixed_contact,47,377,0.045013993978500366,-0.04699467495083809
follower_left,0.5,fixed_contact,48,378,0.04501500725746155,-0.046994876116514206
follower_left,0.5,fixed_contact,49,379,0.04501437023282051,-0.04699480161070824
follower_left,0.5,fixed_contact,50,380,0.04501382261514664,-0.04699467122554779
follower_left,0.5,fixed_contact,51,381,0.04501456767320633,-0.04699484258890152
follower_left,0.5,fixed_contact,52,382,0.04501635953783989,-0.04699151962995529
follower_left,0.5,fixed_contact,53,383,0.04501476138830185,-0.04699185863137245
follower_left,0.5,fixed_contact,54,384,0.04501425847411156,-0.04699477180838585
follower_left,0.5,fixed_contact,55,385,0.045015059411525726,-0.046994954347610474
follower_left,0.5,fixed_contact,56,386,0.04501443728804588,-0.046994879841804504
follower_left,0.5,fixed_contact,57,387,0.045013874769210815,-0.04699472710490227
follower_left,0.5,fixed_contact,58,388,0.0450148768723011,-0.046994924545288086
follower_left,0.5,fixed_contact,59,389,0.045014671981334686,-0.0469951257109642
follower_left,0.5,released_hold,0,390,0.044200703501701355,-0.04780202358961105
follower_left,0.5,released_hold,1,391,0.04322927072644234,-0.04876663535833359
follower_left,0.5,released_hold,2,392,0.04231748357415199,-0.04968294873833656
follower_left,0.5,released_hold,3,393,0.04149598628282547,-0.05050107091665268
follower_left,0.5,released_hold,4,394,0.04072163626551628,-0.05126587674021721
follower_left,0.5,released_hold,5,395,0.04007421061396599,-0.05192780867218971
follower_left,0.5,released_hold,6,396,0.03960450366139412,-0.05238709971308708
follower_left,0.5,released_hold,7,397,0.039258070290088654,-0.05274245887994766
follower_left,0.5,released_hold,8,398,0.038954105228185654,-0.053044117987155914
follower_left,0.5,released_hold,9,399,0.03866731375455856,-0.05334542691707611
follower_left,0.5,released_hold,10,400,0.03849358111619949,-0.05347001552581787
follower_left,0.5,released_hold,11,401,0.03829627111554146,-0.053710613399744034
follower_left,0.5,released_hold,12,402,0.03819548338651657,-0.053814154118299484
follower_left,0.5,released_hold,13,403,0.038023337721824646,-0.05379010736942291
follower_left,0.5,released_hold,14,404,0.037971556186676025,-0.05417522415518761
follower_left,0.5,released_hold,15,405,0.03772110491991043,-0.05423876643180847
follower_left,0.5,released_hold,16,406,0.03767768293619156,-0.054324399679899216
follower_left,0.5,released_hold,17,407,0.03768477961421013,-0.054397065192461014
follower_left,0.5,released_hold,18,408,0.037575863301754,-0.054380785673856735
follower_left,0.5,released_hold,19,409,0.036892373114824295,-0.053792938590049744
follower_left,0.5,released_hold,20,410,0.035184577107429504,-0.0520857498049736
follower_left,0.5,released_hold,21,411,0.03263428434729576,-0.049341339617967606
follower_left,0.5,released_hold,22,412,0.029474573209881783,-0.04571756720542908
follower_left,0.5,released_hold,23,413,0.025967270135879517,-0.04143460467457771
follower_left,0.5,released_hold,24,414,0.022381164133548737,-0.03675663098692894
follower_left,0.5,released_hold,25,415,0.02100003883242607,-0.031969279050827026
follower_left,0.5,released_hold,26,416,0.021199893206357956,-0.028626099228858948
follower_left,0.5,released_hold,27,417,0.020999999716877937,-0.02647782303392887
follower_left,0.5,released_hold,28,418,0.021058570593595505,-0.024995852261781693
follower_left,0.5,released_hold,29,419,0.020999999716877937,-0.02404552511870861
follower_left,0.5,released_hold,30,420,0.02101936750113964,-0.023412181064486504
follower_left,0.5,released_hold,31,421,0.020999999716877937,-0.02301698923110962
follower_left,0.5,released_hold,32,422,0.021004609763622284,-0.02277047373354435
follower_left,0.5,released_hold,33,423,0.020999999716877937,-0.02262633852660656
follower_left,0.5,released_hold,34,424,0.02100195363163948,-0.02255094051361084
follower_left,0.5,released_hold,35,425,0.021000219509005547,-0.02252041921019554
follower_left,0.5,released_hold,36,426,0.02100030891597271,-0.02251075953245163
follower_left,0.5,released_hold,37,427,0.021003231406211853,-0.02250666357576847
follower_left,0.5,released_hold,38,428,0.0210060216486454,-0.02250288426876068
follower_left,0.5,released_hold,39,429,0.02100858837366104,-0.02249925024807453
follower_left,0.5,released_hold,40,430,0.021010976284742355,-0.022495729848742485
follower_left,0.5,released_hold,41,431,0.021013187244534492,-0.02249232307076454
follower_left,0.5,released_hold,42,432,0.021015245467424393,-0.022489033639431
follower_left,0.5,released_hold,43,433,0.021017173305153847,-0.022485852241516113
follower_left,0.5,released_hold,44,434,0.02101898565888405,-0.02248276025056839
follower_left,0.5,released_hold,45,435,0.02102070488035679,-0.022479750216007233
follower_left,0.5,released_hold,46,436,0.02102232165634632,-0.022476831451058388
follower_left,0.5,released_hold,47,437,0.02102232165634632,-0.022476831451058388
follower_left,0.5,released_hold,48,438,0.02102232165634632,-0.022476831451058388
follower_left,0.5,released_hold,49,439,0.02102232165634632,-0.022476831451058388
follower_left,0.5,released_hold,50,440,0.02102232165634632,-0.022476831451058388
follower_left,0.5,released_hold,51,441,0.02102232165634632,-0.022476831451058388
follower_left,0.5,released_hold,52,442,0.02102232165634632,-0.022476831451058388
follower_left,0.5,released_hold,53,443,0.02102232165634632,-0.022476831451058388
follower_left,0.5,released_hold,54,444,0.02102232165634632,-0.022476831451058388
follower_left,0.5,released_hold,55,445,0.02102232165634632,-0.022476831451058388
follower_left,0.5,released_hold,56,446,0.02102232165634632,-0.022476831451058388
follower_left,0.5,released_hold,57,447,0.02102232165634632,-0.022476831451058388
follower_left,0.5,released_hold,58,448,0.02102232165634632,-0.022476831451058388
follower_left,0.5,released_hold,59,449,0.02102232165634632,-0.022476831451058388
follower_left,0.5,released_hold,60,450,0.02102232165634632,-0.022476831451058388
follower_left,0.5,released_hold,61,451,0.02102232165634632,-0.022476831451058388
follower_left,0.5,released_hold,62,452,0.02102232165634632,-0.022476831451058388
follower_left,0.5,released_hold,63,453,0.02102232165634632,-0.022476831451058388
follower_left,0.5,released_hold,64,454,0.02102232165634632,-0.022476831451058388
follower_left,0.5,released_hold,65,455,0.02102232165634632,-0.022476831451058388
follower_left,0.5,released_hold,66,456,0.02102232165634632,-0.022476831451058388
follower_left,0.5,released_hold,67,457,0.02102232165634632,-0.022476831451058388
follower_left,0.5,released_hold,68,458,0.02102232165634632,-0.022476831451058388
follower_left,0.5,released_hold,69,459,0.02102232165634632,-0.022476831451058388
follower_left,0.5,released_hold,70,460,0.02102232165634632,-0.022476831451058388
follower_left,0.5,released_hold,71,461,0.02102232165634632,-0.022476831451058388
follower_left,0.5,released_hold,72,462,0.02102232165634632,-0.022476831451058388
follower_left,0.5,released_hold,73,463,0.02102232165634632,-0.022476831451058388
follower_left,0.5,released_hold,74,464,0.02102232165634632,-0.022476831451058388
follower_left,0.5,released_hold,75,465,0.02102232165634632,-0.022476831451058388
follower_left,0.5,released_hold,76,466,0.02102232165634632,-0.022476831451058388
follower_left,0.5,released_hold,77,467,0.02102232165634632,-0.022476831451058388
follower_left,0.5,released_hold,78,468,0.02102232165634632,-0.022476831451058388
follower_left,0.5,released_hold,79,469,0.02102232165634632,-0.022476831451058388
follower_left,0.5,released_hold,80,470,0.02102232165634632,-0.022476831451058388
follower_left,0.5,released_hold,81,471,0.02102232165634632,-0.022476831451058388
follower_left,0.5,released_hold,82,472,0.02102232165634632,-0.022476831451058388
follower_left,0.5,released_hold,83,473,0.02102232165634632,-0.022476831451058388
follower_left,0.5,released_hold,84,474,0.02102232165634632,-0.022476831451058388
follower_left,0.5,released_hold,85,475,0.02102232165634632,-0.022476831451058388
follower_left,0.5,released_hold,86,476,0.02102232165634632,-0.022476831451058388
follower_left,0.5,released_hold,87,477,0.02102232165634632,-0.022476831451058388
follower_left,0.5,released_hold,88,478,0.02102232165634632,-0.022476831451058388
follower_left,0.5,released_hold,89,479,0.02102232165634632,-0.022476831451058388
follower_left,0.5,released_hold,90,480,0.02102232165634632,-0.022476831451058388
follower_left,0.5,released_hold,91,481,0.02102232165634632,-0.022476831451058388
follower_left,0.5,released_hold,92,482,0.02102232165634632,-0.022476831451058388
follower_left,0.5,released_hold,93,483,0.02102232165634632,-0.022476831451058388
follower_left,0.5,released_hold,94,484,0.02102232165634632,-0.022476831451058388
follower_left,0.5,released_hold,95,485,0.02102232165634632,-0.022476831451058388
follower_left,0.5,released_hold,96,486,0.02102232165634632,-0.022476831451058388
follower_left,0.5,released_hold,97,487,0.02102232165634632,-0.022476831451058388
follower_left,0.5,released_hold,98,488,0.02102232165634632,-0.022476831451058388
follower_left,0.5,released_hold,99,489,0.02102232165634632,-0.022476831451058388
follower_left,0.5,released_hold,100,490,0.02102232165634632,-0.022476831451058388
follower_left,0.5,released_hold,101,491,0.02102232165634632,-0.022476831451058388
follower_left,0.5,released_hold,102,492,0.02102232165634632,-0.022476831451058388
follower_left,0.5,released_hold,103,493,0.02102232165634632,-0.022476831451058388
follower_left,0.5,released_hold,104,494,0.02102232165634632,-0.022476831451058388
follower_left,0.5,released_hold,105,495,0.02102232165634632,-0.022476831451058388
follower_left,0.5,released_hold,106,496,0.02102232165634632,-0.022476831451058388
follower_left,0.5,released_hold,107,497,0.02102232165634632,-0.022476831451058388
follower_left,0.5,released_hold,108,498,0.02102232165634632,-0.022476831451058388
follower_left,0.5,released_hold,109,499,0.02102232165634632,-0.022476831451058388
follower_left,0.5,released_hold,110,500,0.02102232165634632,-0.022476831451058388
follower_left,0.5,released_hold,111,501,0.02102232165634632,-0.022476831451058388
follower_left,0.5,released_hold,112,502,0.02102232165634632,-0.022476831451058388
follower_left,0.5,released_hold,113,503,0.02102232165634632,-0.022476831451058388
follower_left,0.5,released_hold,114,504,0.02102232165634632,-0.022476831451058388
follower_left,0.5,released_hold,115,505,0.02102232165634632,-0.022476831451058388
follower_left,0.5,released_hold,116,506,0.02102232165634632,-0.022476831451058388
follower_left,0.5,released_hold,117,507,0.02102232165634632,-0.022476831451058388
follower_left,0.5,released_hold,118,508,0.02102232165634632,-0.022476831451058388
follower_left,0.5,released_hold,119,509,0.02102232165634632,-0.022476831451058388
follower_left,0.7,settle,0,0,0.022094612941145897,-0.013814005069434643
follower_left,0.7,settle,1,1,0.02163606323301792,-0.013913676142692566
follower_left,0.7,settle,2,2,0.021238692104816437,-0.014087032526731491
follower_left,0.7,settle,3,3,0.020999999716877937,-0.014291265979409218
follower_left,0.7,settle,4,4,0.02100001834332943,-0.014695056714117527
follower_left,0.7,settle,5,5,0.021000005304813385,-0.015190500766038895
follower_left,0.7,settle,6,6,0.021053649485111237,-0.015716349706053734
follower_left,0.7,settle,7,7,0.021155502647161484,-0.016223052516579628
follower_left,0.7,settle,8,8,0.02126016840338707,-0.016701366752386093
follower_left,0.7,settle,9,9,0.0213537085801363,-0.01714230701327324
follower_left,0.7,settle,10,10,0.02143426612019539,-0.01754230074584484
follower_left,0.7,settle,11,11,0.02150297351181507,-0.01789994351565838
follower_left,0.7,settle,12,12,0.021560512483119965,-0.018215607851743698
follower_left,0.7,settle,13,13,0.021606968715786934,-0.018492121249437332
follower_left,0.7,settle,14,14,0.02164399065077305,-0.018733004108071327
follower_left,0.7,settle,15,15,0.02167394571006298,-0.01894216239452362
follower_left,0.7,settle,16,16,0.02169812098145485,-0.0191225316375494
follower_left,0.7,settle,17,17,0.021716831251978874,-0.019276553764939308
follower_left,0.7,settle,18,18,0.021731186658143997,-0.019407423213124275
follower_left,0.7,settle,19,19,0.021742284297943115,-0.019518207758665085
follower_left,0.7,settle,20,20,0.02175092324614525,-0.019611239433288574
follower_left,0.7,settle,21,21,0.021757598966360092,-0.019688677042722702
follower_left,0.7,settle,22,22,0.021762818098068237,-0.019752854481339455
follower_left,0.7,settle,23,23,0.021767131984233856,-0.01980600878596306
follower_left,0.7,settle,24,24,0.02177136391401291,-0.019849877804517746
follower_left,0.7,settle,25,25,0.021775417029857635,-0.019885854795575142
follower_left,0.7,settle,26,26,0.02177903801202774,-0.019915292039513588
follower_left,0.7,settle,27,27,0.021782441064715385,-0.019939467310905457
follower_left,0.7,settle,28,28,0.021785760298371315,-0.01995939575135708
follower_left,0.7,settle,29,29,0.021789012476801872,-0.019975805655121803
follower_left,0.7,settle,30,30,0.021792175248265266,-0.01998932659626007
follower_left,0.7,settle,31,31,0.021795282140374184,-0.02000056579709053
follower_left,0.7,settle,32,32,0.021798336878418922,-0.02001004107296467
follower_left,0.7,settle,33,33,0.021801337599754333,-0.02001807652413845
follower_left,0.7,settle,34,34,0.02180425636470318,-0.020024938508868217
follower_left,0.7,settle,35,35,0.02180425636470318,-0.020024938508868217
follower_left,0.7,settle,36,36,0.02180425636470318,-0.020024938508868217
follower_left,0.7,settle,37,37,0.02180425636470318,-0.020024938508868217
follower_left,0.7,settle,38,38,0.02180425636470318,-0.020024938508868217
follower_left,0.7,settle,39,39,0.02180425636470318,-0.020024938508868217
follower_left,0.7,settle,40,40,0.02180425636470318,-0.020024938508868217
follower_left,0.7,settle,41,41,0.02180425636470318,-0.020024938508868217
follower_left,0.7,settle,42,42,0.02180425636470318,-0.020024938508868217
follower_left,0.7,settle,43,43,0.02180425636470318,-0.020024938508868217
follower_left,0.7,settle,44,44,0.02180425636470318,-0.020024938508868217
follower_left,0.7,settle,45,45,0.02180425636470318,-0.020024938508868217
follower_left,0.7,settle,46,46,0.02180425636470318,-0.020024938508868217
follower_left,0.7,settle,47,47,0.02180425636470318,-0.020024938508868217
follower_left,0.7,settle,48,48,0.02180425636470318,-0.020024938508868217
follower_left,0.7,settle,49,49,0.02180425636470318,-0.020024938508868217
follower_left,0.7,settle,50,50,0.02180425636470318,-0.020024938508868217
follower_left,0.7,settle,51,51,0.02180425636470318,-0.020024938508868217
follower_left,0.7,settle,52,52,0.02180425636470318,-0.020024938508868217
follower_left,0.7,settle,53,53,0.02180425636470318,-0.020024938508868217
follower_left,0.7,settle,54,54,0.02180425636470318,-0.020024938508868217
follower_left,0.7,settle,55,55,0.02180425636470318,-0.020024938508868217
follower_left,0.7,settle,56,56,0.02180425636470318,-0.020024938508868217
follower_left,0.7,settle,57,57,0.02180425636470318,-0.020024938508868217
follower_left,0.7,settle,58,58,0.02180425636470318,-0.020024938508868217
follower_left,0.7,settle,59,59,0.02180425636470318,-0.020024938508868217
follower_left,0.7,open,0,60,0.024399902671575546,-0.02004406601190567
follower_left,0.7,open,1,61,0.029517928138375282,-0.02220611274242401
follower_left,0.7,open,2,62,0.03624122962355614,-0.026648592203855515
follower_left,0.7,open,3,63,0.04392533749341965,-0.03298792243003845
follower_left,0.7,open,4,64,0.05194766819477081,-0.04067753627896309
follower_left,0.7,open,5,65,0.05699998885393143,-0.04912130907177925
follower_left,0.7,open,6,66,0.05699988827109337,-0.05442742258310318
follower_left,0.7,open,7,67,0.05700000002980232,-0.057619694620370865
follower_left,0.7,open,8,68,0.05700000002980232,-0.059379544109106064
follower_left,0.7,open,9,69,0.05700000002980232,-0.06019428372383118
follower_left,0.7,open,10,70,0.05700000002980232,-0.060403063893318176
follower_left,0.7,open,11,71,0.05699998885393143,-0.060346223413944244
follower_left,0.7,open,12,72,0.05699998140335083,-0.06022407487034798
follower_left,0.7,open,13,73,0.05699997767806053,-0.06007074937224388
follower_left,0.7,open,14,74,0.05699998885393143,-0.05990797281265259
follower_left,0.7,open,15,75,0.05699998140335083,-0.059748273342847824
follower_left,0.7,open,16,76,0.056999966502189636,-0.059598878026008606
follower_left,0.7,open,17,77,0.056999947875738144,-0.05946428328752518
follower_left,0.7,open,18,78,0.056999947875738144,-0.059346314519643784
follower_left,0.7,open,19,79,0.056999921798706055,-0.05924474820494652
follower_left,0.7,open,20,80,0.056999918073415756,-0.05915825441479683
follower_left,0.7,open,21,81,0.05699992924928665,-0.05908548831939697
follower_left,0.7,open,22,82,0.056999944150447845,-0.05902509391307831
follower_left,0.7,open,23,83,0.05699993669986725,-0.05897551402449608
follower_left,0.7,open,24,84,0.056999921798706055,-0.0589350089430809
follower_left,0.7,open,25,85,0.056999921798706055,-0.0589350089430809
follower_left,0.7,open,26,86,0.056999921798706055,-0.0589350089430809
follower_left,0.7,open,27,87,0.056999921798706055,-0.0589350089430809
follower_left,0.7,open,28,88,0.056999921798706055,-0.0589350089430809
follower_left,0.7,open,29,89,0.056999921798706055,-0.0589350089430809
follower_left,0.7,open,30,90,0.056999921798706055,-0.0589350089430809
follower_left,0.7,open,31,91,0.056999921798706055,-0.0589350089430809
follower_left,0.7,open,32,92,0.056999921798706055,-0.0589350089430809
follower_left,0.7,open,33,93,0.056999921798706055,-0.0589350089430809
follower_left,0.7,open,34,94,0.056999921798706055,-0.0589350089430809
follower_left,0.7,open,35,95,0.056999921798706055,-0.0589350089430809
follower_left,0.7,open,36,96,0.056999921798706055,-0.0589350089430809
follower_left,0.7,open,37,97,0.056999921798706055,-0.0589350089430809
follower_left,0.7,open,38,98,0.056999921798706055,-0.0589350089430809
follower_left,0.7,open,39,99,0.056999921798706055,-0.0589350089430809
follower_left,0.7,open,40,100,0.056999921798706055,-0.0589350089430809
follower_left,0.7,open,41,101,0.056999921798706055,-0.0589350089430809
follower_left,0.7,open,42,102,0.056999921798706055,-0.0589350089430809
follower_left,0.7,open,43,103,0.056999921798706055,-0.0589350089430809
follower_left,0.7,open,44,104,0.056999921798706055,-0.0589350089430809
follower_left,0.7,open,45,105,0.056999921798706055,-0.0589350089430809
follower_left,0.7,open,46,106,0.056999921798706055,-0.0589350089430809
follower_left,0.7,open,47,107,0.056999921798706055,-0.0589350089430809
follower_left,0.7,open,48,108,0.056999921798706055,-0.0589350089430809
follower_left,0.7,open,49,109,0.056999921798706055,-0.0589350089430809
follower_left,0.7,open,50,110,0.056999921798706055,-0.0589350089430809
follower_left,0.7,open,51,111,0.056999921798706055,-0.0589350089430809
follower_left,0.7,open,52,112,0.056999921798706055,-0.0589350089430809
follower_left,0.7,open,53,113,0.056999921798706055,-0.0589350089430809
follower_left,0.7,open,54,114,0.056999921798706055,-0.0589350089430809
follower_left,0.7,open,55,115,0.056999921798706055,-0.0589350089430809
follower_left,0.7,open,56,116,0.056999921798706055,-0.0589350089430809
follower_left,0.7,open,57,117,0.056999921798706055,-0.0589350089430809
follower_left,0.7,open,58,118,0.056999921798706055,-0.0589350089430809
follower_left,0.7,open,59,119,0.056999921798706055,-0.0589350089430809
follower_left,0.7,open,60,120,0.056999921798706055,-0.0589350089430809
follower_left,0.7,open,61,121,0.056999921798706055,-0.0589350089430809
follower_left,0.7,open,62,122,0.056999921798706055,-0.0589350089430809
follower_left,0.7,open,63,123,0.056999921798706055,-0.0589350089430809
follower_left,0.7,open,64,124,0.056999921798706055,-0.0589350089430809
follower_left,0.7,open,65,125,0.056999921798706055,-0.0589350089430809
follower_left,0.7,open,66,126,0.056999921798706055,-0.0589350089430809
follower_left,0.7,open,67,127,0.056999921798706055,-0.0589350089430809
follower_left,0.7,open,68,128,0.056999921798706055,-0.0589350089430809
follower_left,0.7,open,69,129,0.056999921798706055,-0.0589350089430809
follower_left,0.7,open,70,130,0.056999921798706055,-0.0589350089430809
follower_left,0.7,open,71,131,0.056999921798706055,-0.0589350089430809
follower_left,0.7,open,72,132,0.056999921798706055,-0.0589350089430809
follower_left,0.7,open,73,133,0.056999921798706055,-0.0589350089430809
follower_left,0.7,open,74,134,0.056999921798706055,-0.0589350089430809
follower_left,0.7,open,75,135,0.056999921798706055,-0.0589350089430809
follower_left,0.7,open,76,136,0.056999921798706055,-0.0589350089430809
follower_left,0.7,open,77,137,0.056999921798706055,-0.0589350089430809
follower_left,0.7,open,78,138,0.056999921798706055,-0.0589350089430809
follower_left,0.7,open,79,139,0.056999921798706055,-0.0589350089430809
follower_left,0.7,open,80,140,0.056999921798706055,-0.0589350089430809
follower_left,0.7,open,81,141,0.056999921798706055,-0.0589350089430809
follower_left,0.7,open,82,142,0.056999921798706055,-0.0589350089430809
follower_left,0.7,open,83,143,0.056999921798706055,-0.0589350089430809
follower_left,0.7,open,84,144,0.056999921798706055,-0.0589350089430809
follower_left,0.7,open,85,145,0.056999921798706055,-0.0589350089430809
follower_left,0.7,open,86,146,0.056999921798706055,-0.0589350089430809
follower_left,0.7,open,87,147,0.056999921798706055,-0.0589350089430809
follower_left,0.7,open,88,148,0.056999921798706055,-0.0589350089430809
follower_left,0.7,open,89,149,0.056999921798706055,-0.0589350089430809
follower_left,0.7,fixed_bottle_settle,0,150,0.056999921798706055,-0.0589350089430809
follower_left,0.7,fixed_bottle_settle,1,151,0.056616999208927155,-0.05904397368431091
follower_left,0.7,fixed_bottle_settle,2,152,0.05699725076556206,-0.05867401137948036
follower_left,0.7,fixed_bottle_settle,3,153,0.05693918839097023,-0.058303866535425186
follower_left,0.7,fixed_bottle_settle,4,154,0.05689847096800804,-0.0580994114279747
follower_left,0.7,fixed_bottle_settle,5,155,0.056881099939346313,-0.05799529701471329
follower_left,0.7,fixed_bottle_settle,6,156,0.05688057094812393,-0.057949863374233246
follower_left,0.7,fixed_bottle_settle,7,157,0.05688502639532089,-0.05793887376785278
follower_left,0.7,fixed_bottle_settle,8,158,0.05689186230301857,-0.05793874338269234
follower_left,0.7,fixed_bottle_settle,9,159,0.0568993017077446,-0.05793970450758934
follower_left,0.7,fixed_bottle_settle,10,160,0.056905824691057205,-0.05794014036655426
follower_left,0.7,fixed_bottle_settle,11,161,0.05691184476017952,-0.05794302001595497
follower_left,0.7,fixed_bottle_settle,12,162,0.05691852420568466,-0.057948797941207886
follower_left,0.7,fixed_bottle_settle,13,163,0.056925710290670395,-0.05795562267303467
follower_left,0.7,fixed_bottle_settle,14,164,0.05693294480443001,-0.05796365439891815
follower_left,0.7,fixed_bottle_settle,15,165,0.056940216571092606,-0.05797288194298744
follower_left,0.7,fixed_bottle_settle,16,166,0.05694732069969177,-0.05798221006989479
follower_left,0.7,fixed_bottle_settle,17,167,0.05695415288209915,-0.057991210371255875
follower_left,0.7,fixed_bottle_settle,18,168,0.056960269808769226,-0.05799981951713562
follower_left,0.7,fixed_bottle_settle,19,169,0.056965313851833344,-0.05800845846533775
follower_left,0.7,fixed_bottle_settle,20,170,0.05696940794587135,-0.05801616609096527
follower_left,0.7,fixed_bottle_settle,21,171,0.05697263032197952,-0.05802332982420921
follower_left,0.7,fixed_bottle_settle,22,172,0.056975189596414566,-0.058029670268297195
follower_left,0.7,fixed_bottle_settle,23,173,0.0569775216281414,-0.05803464725613594
follower_left,0.7,fixed_bottle_settle,24,174,0.056979674845933914,-0.0580390989780426
follower_left,0.7,fixed_bottle_settle,25,175,0.05698133632540703,-0.05804404616355896
follower_left,0.7,fixed_bottle_settle,26,176,0.056982703506946564,-0.05804874002933502
follower_left,0.7,fixed_bottle_settle,27,177,0.05698410049080849,-0.05805293843150139
follower_left,0.7,fixed_bottle_settle,28,178,0.056985486298799515,-0.0580567941069603
follower_left,0.7,fixed_bottle_settle,29,179,0.05698668584227562,-0.05806102231144905
follower_left,0.7,fixed_bottle_settle,30,180,0.05698784068226814,-0.05806512385606766
follower_left,0.7,fixed_bottle_settle,31,181,0.05698896944522858,-0.05806879326701164
follower_left,0.7,fixed_bottle_settle,32,182,0.056990113109350204,-0.05807241052389145
follower_left,0.7,fixed_bottle_settle,33,183,0.05699027702212334,-0.058076001703739166
follower_left,0.7,fixed_bottle_settle,34,184,0.05699065327644348,-0.058079347014427185
follower_left,0.7,fixed_bottle_settle,35,185,0.056990865617990494,-0.0580831877887249
follower_left,0.7,fixed_bottle_settle,36,186,0.05699118971824646,-0.05808709189295769
follower_left,0.7,fixed_bottle_settle,37,187,0.05699186772108078,-0.05809012055397034
follower_left,0.7,fixed_bottle_settle,38,188,0.056992121040821075,-0.05809411406517029
follower_left,0.7,fixed_bottle_settle,39,189,0.05699238181114197,-0.058098431676626205
follower_left,0.7,fixed_bottle_settle,40,190,0.05699295923113823,-0.05810233950614929
follower_left,0.7,fixed_bottle_settle,41,191,0.05699339509010315,-0.05810640752315521
follower_left,0.7,fixed_bottle_settle,42,192,0.05699395760893822,-0.05811045691370964
follower_left,0.7,fixed_bottle_settle,43,193,0.05699465796351433,-0.05811404436826706
follower_left,0.7,fixed_bottle_settle,44,194,0.05699531361460686,-0.05811777338385582
follower_left,0.7,fixed_bottle_settle,45,195,0.05699574574828148,-0.05812195688486099
follower_left,0.7,fixed_bottle_settle,46,196,0.05699582397937775,-0.05812639743089676
follower_left,0.7,fixed_bottle_settle,47,197,0.05699614807963371,-0.058130670338869095
follower_left,0.7,fixed_bottle_settle,48,198,0.056996166706085205,-0.058135032653808594
follower_left,0.7,fixed_bottle_settle,49,199,0.05699632316827774,-0.058139342814683914
follower_left,0.7,fixed_bottle_settle,50,200,0.05699625983834267,-0.058143142610788345
follower_left,0.7,fixed_bottle_settle,51,201,0.05699652433395386,-0.05814661830663681
follower_left,0.7,fixed_bottle_settle,52,202,0.05699659511446953,-0.058149758726358414
follower_left,0.7,fixed_bottle_settle,53,203,0.056996677070856094,-0.058152299374341965
follower_left,0.7,fixed_bottle_settle,54,204,0.05699620395898819,-0.05815475806593895
follower_left,0.7,fixed_bottle_settle,55,205,0.056996431201696396,-0.05815683305263519
follower_left,0.7,fixed_bottle_settle,56,206,0.056996650993824005,-0.058158524334430695
follower_left,0.7,fixed_bottle_settle,57,207,0.05699639022350311,-0.058160483837127686
follower_left,0.7,fixed_bottle_settle,58,208,0.05699644610285759,-0.058162789791822433
follower_left,0.7,fixed_bottle_settle,59,209,0.056996315717697144,-0.05816522240638733
follower_left,0.7,close_fixed_bottle,0,210,0.05428704619407654,-0.05815757438540459
follower_left,0.7,close_fixed_bottle,1,211,0.04898688569664955,-0.05595030263066292
follower_left,0.7,close_fixed_bottle,2,212,0.045186031609773636,-0.051423124969005585
follower_left,0.7,close_fixed_bottle,3,213,0.04511580616235733,-0.04862179607152939
follower_left,0.7,close_fixed_bottle,4,214,0.045093927532434464,-0.04700513929128647
follower_left,0.7,close_fixed_bottle,5,215,0.045083995908498764,-0.047004349529743195
follower_left,0.7,close_fixed_bottle,6,216,0.04506451636552811,-0.0470028854906559
follower_left,0.7,close_fixed_bottle,7,217,0.04505390301346779,-0.04700165614485741
follower_left,0.7,close_fixed_bottle,8,218,0.04504743218421936,-0.0470006950199604
follower_left,0.7,close_fixed_bottle,9,219,0.04504166543483734,-0.04699983820319176
follower_left,0.7,close_fixed_bottle,10,220,0.04503738135099411,-0.04699921980500221
follower_left,0.7,close_fixed_bottle,11,221,0.0450323112308979,-0.04699895530939102
follower_left,0.7,close_fixed_bottle,12,222,0.045033182948827744,-0.04699793830513954
follower_left,0.7,close_fixed_bottle,13,223,0.04502454772591591,-0.04699300602078438
follower_left,0.7,close_fixed_bottle,14,224,0.04501919075846672,-0.046997811645269394
follower_left,0.7,close_fixed_bottle,15,225,0.04501692205667496,-0.046996377408504486
follower_left,0.7,close_fixed_bottle,16,226,0.045016344636678696,-0.04699617251753807
follower_left,0.7,close_fixed_bottle,17,227,0.045014988631010056,-0.04699559882283211
follower_left,0.7,close_fixed_bottle,18,228,0.04501209035515785,-0.04699510708451271
follower_left,0.7,close_fixed_bottle,19,229,0.04501521959900856,-0.04699505865573883
follower_left,0.7,close_fixed_bottle,20,230,0.04501352459192276,-0.0469946563243866
follower_left,0.7,close_fixed_bottle,21,231,0.04501235485076904,-0.046994466334581375
follower_left,0.7,close_fixed_bottle,22,232,0.045013412833213806,-0.04699455574154854
follower_left,0.7,close_fixed_bottle,23,233,0.04501308128237724,-0.04699430242180824
follower_left,0.7,close_fixed_bottle,24,234,0.045012760907411575,-0.04699426889419556
follower_left,0.7,close_fixed_bottle,25,235,0.04501451924443245,-0.04699435457587242
follower_left,0.7,close_fixed_bottle,26,236,0.04501120001077652,-0.04699409380555153
follower_left,0.7,close_fixed_bottle,27,237,0.045013342052698135,-0.04699411243200302
follower_left,0.7,close_fixed_bottle,28,238,0.045013803988695145,-0.04699414595961571
follower_left,0.7,close_fixed_bottle,29,239,0.04501376673579216,-0.04699414595961571
follower_left,0.7,close_fixed_bottle,30,240,0.04501371085643768,-0.04699408635497093
follower_left,0.7,close_fixed_bottle,31,241,0.045013733208179474,-0.0469941608607769
follower_left,0.7,close_fixed_bottle,32,242,0.0450141467154026,-0.04699422046542168
follower_left,0.7,close_fixed_bottle,33,243,0.04501296579837799,-0.04699403792619705
follower_left,0.7,close_fixed_bottle,34,244,0.04501238465309143,-0.04699399694800377
follower_left,0.7,close_fixed_bottle,35,245,0.04501371830701828,-0.04699414223432541
follower_left,0.7,close_fixed_bottle,36,246,0.045012615621089935,-0.046993859112262726
follower_left,0.7,close_fixed_bottle,37,247,0.045012760907411575,-0.04699404910206795
follower_left,0.7,close_fixed_bottle,38,248,0.04501358047127724,-0.046993985772132874
follower_left,0.7,close_fixed_bottle,39,249,0.04501413553953171,-0.046994052827358246
follower_left,0.7,close_fixed_bottle,40,250,0.04501400515437126,-0.046994056552648544
follower_left,0.7,close_fixed_bottle,41,251,0.04501360282301903,-0.04699400067329407
follower_left,0.7,close_fixed_bottle,42,252,0.04501360282301903,-0.046994008123874664
follower_left,0.7,close_fixed_bottle,43,253,0.04501406103372574,-0.04699409380555153
follower_left,0.7,close_fixed_bottle,44,254,0.04501405730843544,-0.046994104981422424
follower_left,0.7,close_fixed_bottle,45,255,0.04501362890005112,-0.04699404537677765
follower_left,0.7,close_fixed_bottle,46,256,0.04501362517476082,-0.04699401929974556
follower_left,0.7,close_fixed_bottle,47,257,0.04501406103372574,-0.04699408635497093
follower_left,0.7,close_fixed_bottle,48,258,0.04501355439424515,-0.04699402302503586
follower_left,0.7,close_fixed_bottle,49,259,0.045013632625341415,-0.04699394106864929
follower_left,0.7,close_fixed_bottle,50,260,0.045014165341854095,-0.04699163883924484
follower_left,0.7,close_fixed_bottle,51,261,0.04501347616314888,-0.04699398949742317
follower_left,0.7,close_fixed_bottle,52,262,0.045013464987277985,-0.04699409753084183
follower_left,0.7,close_fixed_bottle,53,263,0.0450141578912735,-0.0469941571354866
follower_left,0.7,close_fixed_bottle,54,264,0.0450136736035347,-0.04699404165148735
follower_left,0.7,close_fixed_bottle,55,265,0.04501362517476082,-0.046994056552648544
follower_left,0.7,close_fixed_bottle,56,266,0.0450136661529541,-0.04699401929974556
follower_left,0.7,close_fixed_bottle,57,267,0.045014046132564545,-0.0469941571354866
follower_left,0.7,close_fixed_bottle,58,268,0.04501359909772873,-0.04699406027793884
follower_left,0.7,close_fixed_bottle,59,269,0.04501411318778992,-0.04699411988258362
follower_left,0.7,close_fixed_bottle,60,270,0.045013677328825,-0.04699408635497093
follower_left,0.7,close_fixed_bottle,61,271,0.04501405730843544,-0.0469941683113575
follower_left,0.7,close_fixed_bottle,62,272,0.045014090836048126,-0.04699418693780899
follower_left,0.7,close_fixed_bottle,63,273,0.045013681054115295,-0.046994034200906754
follower_left,0.7,close_fixed_bottle,64,274,0.045014169067144394,-0.046994198113679886
follower_left,0.7,close_fixed_bottle,65,275,0.04501259699463844,-0.046993888914585114
follower_left,0.7,close_fixed_bottle,66,276,0.04501286521553993,-0.046994008123874664
follower_left,0.7,close_fixed_bottle,67,277,0.045008186250925064,-0.046994082629680634
follower_left,0.7,close_fixed_bottle,68,278,0.04501406475901604,-0.046994101256132126
follower_left,0.7,close_fixed_bottle,69,279,0.04501360282301903,-0.04699398949742317
follower_left,0.7,close_fixed_bottle,70,280,0.04501406103372574,-0.046994127333164215
follower_left,0.7,close_fixed_bottle,71,281,0.0450136624276638,-0.04699395224452019
follower_left,0.7,close_fixed_bottle,72,282,0.045013587921857834,-0.04699406400322914
follower_left,0.7,close_fixed_bottle,73,283,0.045013610273599625,-0.04699411988258362
follower_left,0.7,close_fixed_bottle,74,284,0.045013584196567535,-0.04699401557445526
follower_left,0.7,close_fixed_bottle,75,285,0.04501356557011604,-0.04699401557445526
follower_left,0.7,close_fixed_bottle,76,286,0.04501355066895485,-0.046994078904390335
follower_left,0.7,close_fixed_bottle,77,287,0.04501362890005112,-0.04699413478374481
follower_left,0.7,close_fixed_bottle,78,288,0.04501361399888992,-0.04699412360787392
follower_left,0.7,close_fixed_bottle,79,289,0.045014165341854095,-0.046994149684906006
follower_left,0.7,close_fixed_bottle,80,290,0.0450136736035347,-0.04699414223432541
follower_left,0.7,close_fixed_bottle,81,291,0.04501357674598694,-0.04699406027793884
follower_left,0.7,close_fixed_bottle,82,292,0.045013684779405594,-0.04699406027793884
follower_left,0.7,close_fixed_bottle,83,293,0.04501407966017723,-0.04699411243200302
follower_left,0.7,close_fixed_bottle,84,294,0.04501362890005112,-0.04699407517910004
follower_left,0.7,close_fixed_bottle,85,295,0.0450136661529541,-0.04699410870671272
follower_left,0.7,close_fixed_bottle,86,296,0.0450136661529541,-0.04699406772851944
follower_left,0.7,close_fixed_bottle,87,297,0.0450136624276638,-0.04699398949742317
follower_left,0.7,close_fixed_bottle,88,298,0.045013632625341415,-0.04699406772851944
follower_left,0.7,close_fixed_bottle,89,299,0.04501357674598694,-0.046994034200906754
follower_left,0.7,close_fixed_bottle,90,300,0.045013561844825745,-0.046994101256132126
follower_left,0.7,close_fixed_bottle,91,301,0.04501355439424515,-0.046994056552648544
follower_left,0.7,close_fixed_bottle,92,302,0.04501364752650261,-0.04699401557445526
follower_left,0.7,close_fixed_bottle,93,303,0.04501352459192276,-0.046994056552648544
follower_left,0.7,close_fixed_bottle,94,304,0.045014120638370514,-0.04699152335524559
follower_left,0.7,close_fixed_bottle,95,305,0.04501344636082649,-0.04699406772851944
follower_left,0.7,close_fixed_bottle,96,306,0.04501345753669739,-0.046994052827358246
follower_left,0.7,close_fixed_bottle,97,307,0.04501410946249962,-0.04699418321251869
follower_left,0.7,close_fixed_bottle,98,308,0.04501362144947052,-0.046994056552648544
follower_left,0.7,close_fixed_bottle,99,309,0.04501412808895111,-0.046994131058454514
follower_left,0.7,close_fixed_bottle,100,310,0.04501289874315262,-0.046993911266326904
follower_left,0.7,close_fixed_bottle,101,311,0.04501281678676605,-0.04699397459626198
follower_left,0.7,close_fixed_bottle,102,312,0.04501411318778992,-0.04699408635497093
follower_left,0.7,close_fixed_bottle,103,313,0.045012835413217545,-0.046993907541036606
follower_left,0.7,close_fixed_bottle,104,314,0.045012664049863815,-0.04699389636516571
follower_left,0.7,close_fixed_bottle,105,315,0.045014020055532455,-0.04699406027793884
follower_left,0.7,close_fixed_bottle,106,316,0.045012570917606354,-0.046993814408779144
follower_left,0.7,close_fixed_bottle,107,317,0.04501219466328621,-0.046993862837553024
follower_left,0.7,close_fixed_bottle,108,318,0.04500814899802208,-0.04699398949742317
follower_left,0.7,close_fixed_bottle,109,319,0.04501350596547127,-0.046994004398584366
follower_left,0.7,close_fixed_bottle,110,320,0.04501345381140709,-0.04699397459626198
follower_left,0.7,close_fixed_bottle,111,321,0.045013539493083954,-0.04699399322271347
follower_left,0.7,close_fixed_bottle,112,322,0.04501352459192276,-0.04699404910206795
follower_left,0.7,close_fixed_bottle,113,323,0.04501352086663246,-0.04699397832155228
follower_left,0.7,close_fixed_bottle,114,324,0.04501352831721306,-0.046994008123874664
follower_left,0.7,close_fixed_bottle,115,325,0.04501356929540634,-0.046994004398584366
follower_left,0.7,close_fixed_bottle,116,326,0.045013584196567535,-0.046994078904390335
follower_left,0.7,close_fixed_bottle,117,327,0.04501402750611305,-0.04699412360787392
follower_left,0.7,close_fixed_bottle,118,328,0.04501359537243843,-0.04699406027793884
follower_left,0.7,close_fixed_bottle,119,329,0.04501403868198395,-0.04699413478374481
follower_left,0.7,fixed_contact,0,330,0.04501418024301529,-0.04699154943227768
follower_left,0.7,fixed_contact,1,331,0.045013945549726486,-0.04699404910206795
follower_left,0.7,fixed_contact,2,332,0.04501335322856903,-0.046994052827358246
follower_left,0.7,fixed_contact,3,333,0.045013636350631714,-0.04699404910206795
follower_left,0.7,fixed_contact,4,334,0.045014142990112305,-0.046994149684906006
follower_left,0.7,fixed_contact,5,335,0.04501355066895485,-0.04699404910206795
follower_left,0.7,fixed_contact,6,336,0.04501362144947052,-0.046994056552648544
follower_left,0.7,fixed_contact,7,337,0.04501406475901604,-0.04699411243200302
follower_left,0.7,fixed_contact,8,338,0.04501405358314514,-0.046994030475616455
follower_left,0.7,fixed_contact,9,339,0.045013636350631714,-0.04699406400322914
follower_left,0.7,fixed_contact,10,340,0.04501364380121231,-0.046993955969810486
follower_left,0.7,fixed_contact,11,341,0.045013584196567535,-0.04699409008026123
follower_left,0.7,fixed_contact,12,342,0.04501356929540634,-0.04699409753084183
follower_left,0.7,fixed_contact,13,343,0.045014090836048126,-0.046994179487228394
follower_left,0.7,fixed_contact,14,344,0.04501365125179291,-0.046994030475616455
follower_left,0.7,fixed_contact,15,345,0.04501361399888992,-0.046994101256132126
follower_left,0.7,fixed_contact,16,346,0.04501362144947052,-0.04699407517910004
follower_left,0.7,fixed_contact,17,347,0.04501364380121231,-0.046994056552648544
follower_left,0.7,fixed_contact,18,348,0.045013587921857834,-0.046994082629680634
follower_left,0.7,fixed_contact,19,349,0.04501403123140335,-0.04699414595961571
follower_left,0.7,fixed_contact,20,350,0.04501418024301529,-0.04699151590466499
follower_left,0.7,fixed_contact,21,351,0.04500802606344223,-0.04699397832155228
follower_left,0.7,fixed_contact,22,352,0.045013926923274994,-0.04699406772851944
follower_left,0.7,fixed_contact,23,353,0.045014187693595886,-0.04699414223432541
follower_left,0.7,fixed_contact,24,354,0.0450136698782444,-0.0469941645860672
follower_left,0.7,fixed_contact,25,355,0.045014142990112305,-0.04699421674013138
follower_left,0.7,fixed_contact,26,356,0.0450141504406929,-0.04699419438838959
follower_left,0.7,fixed_contact,27,357,0.045013681054115295,-0.04699413478374481
follower_left,0.7,fixed_contact,28,358,0.045014094561338425,-0.04699411243200302
follower_left,0.7,fixed_contact,29,359,0.04501365125179291,-0.046994052827358246
follower_left,0.7,fixed_contact,30,360,0.04501359909772873,-0.04699402675032616
follower_left,0.7,fixed_contact,31,361,0.045013632625341415,-0.046994082629680634
follower_left,0.7,fixed_contact,32,362,0.04501360282301903,-0.04699404537677765
follower_left,0.7,fixed_contact,33,363,0.045013632625341415,-0.04699401184916496
follower_left,0.7,fixed_contact,34,364,0.045014116913080215,-0.0469914935529232
follower_left,0.7,fixed_contact,35,365,0.045013461261987686,-0.04699400067329407
follower_left,0.7,fixed_contact,36,366,0.045013945549726486,-0.046994153410196304
follower_left,0.7,fixed_contact,37,367,0.04501361399888992,-0.04699403792619705
follower_left,0.7,fixed_contact,38,368,0.045014120638370514,-0.04699409753084183
follower_left,0.7,fixed_contact,39,369,0.045014072209596634,-0.04699420928955078
follower_left,0.7,fixed_contact,40,370,0.04501361772418022,-0.04699406772851944
follower_left,0.7,fixed_contact,41,371,0.04501364752650261,-0.04699410870671272
follower_left,0.7,fixed_contact,42,372,0.04501364380121231,-0.04699406400322914
follower_left,0.7,fixed_contact,43,373,0.04501409828662872,-0.04699409380555153
follower_left,0.7,fixed_contact,44,374,0.04501408338546753,-0.04699413478374481
follower_left,0.7,fixed_contact,45,375,0.04501360282301903,-0.046994004398584366
follower_left,0.7,fixed_contact,46,376,0.04501410573720932,-0.04699412360787392
follower_left,0.7,fixed_contact,47,377,0.04501364380121231,-0.04699404537677765
follower_left,0.7,fixed_contact,48,378,0.045014094561338425,-0.04699411243200302
follower_left,0.7,fixed_contact,49,379,0.04501362517476082,-0.046994056552648544
follower_left,0.7,fixed_contact,50,380,0.04501407966017723,-0.04699414223432541
follower_left,0.7,fixed_contact,51,381,0.04501362517476082,-0.04699409380555153
follower_left,0.7,fixed_contact,52,382,0.045013632625341415,-0.04699407145380974
follower_left,0.7,fixed_contact,53,383,0.04501405358314514,-0.04699408635497093
follower_left,0.7,fixed_contact,54,384,0.045013606548309326,-0.04699394479393959
follower_left,0.7,fixed_contact,55,385,0.045014046132564545,-0.046994149684906006
follower_left,0.7,fixed_contact,56,386,0.04501410946249962,-0.04699411243200302
follower_left,0.7,fixed_contact,57,387,0.04501412436366081,-0.04699418321251869
follower_left,0.7,fixed_contact,58,388,0.04501371458172798,-0.046994052827358246
follower_left,0.7,fixed_contact,59,389,0.0450136624276638,-0.04699402302503586
follower_left,0.7,released_hold,0,390,0.04421805217862129,-0.04778416454792023
follower_left,0.7,released_hold,1,391,0.04337509721517563,-0.04862356558442116
follower_left,0.7,released_hold,2,392,0.04244023934006691,-0.04953981935977936
follower_left,0.7,released_hold,3,393,0.0416090190410614,-0.05038605257868767
follower_left,0.7,released_hold,4,394,0.04082690551877022,-0.05117274820804596
follower_left,0.7,released_hold,5,395,0.04015906900167465,-0.051849886775016785
follower_left,0.7,released_hold,6,396,0.039666034281253815,-0.05233476683497429
follower_left,0.7,released_hold,7,397,0.0393076166510582,-0.052696872502565384
follower_left,0.7,released_hold,8,398,0.03898368403315544,-0.05301978439092636
follower_left,0.7,released_hold,9,399,0.038693200796842575,-0.053300634026527405
follower_left,0.7,released_hold,10,400,0.03849410265684128,-0.053499385714530945
follower_left,0.7,released_hold,11,401,0.03835787996649742,-0.05364036560058594
follower_left,0.7,released_hold,12,402,0.03823700174689293,-0.05375928431749344
follower_left,0.7,released_hold,13,403,0.03812620788812637,-0.05387116223573685
follower_left,0.7,released_hold,14,404,0.03804135322570801,-0.05395660549402237
follower_left,0.7,released_hold,15,405,0.03797268494963646,-0.054020337760448456
follower_left,0.7,released_hold,16,406,0.037902168929576874,-0.054095182567834854
follower_left,0.7,released_hold,17,407,0.03784008324146271,-0.05415249988436699
follower_left,0.7,released_hold,18,408,0.03778921440243721,-0.054203420877456665
follower_left,0.7,released_hold,19,409,0.03773365914821625,-0.05425881966948509
follower_left,0.7,released_hold,20,410,0.037685807794332504,-0.054313842207193375
follower_left,0.7,released_hold,21,411,0.03763158619403839,-0.054361119866371155
follower_left,0.7,released_hold,22,412,0.03758326917886734,-0.05440997704863548
follower_left,0.7,released_hold,23,413,0.03753792867064476,-0.05445447191596031
follower_left,0.7,released_hold,24,414,0.03749503940343857,-0.05449844151735306
follower_left,0.7,released_hold,25,415,0.03745144605636597,-0.05454288050532341
follower_left,0.7,released_hold,26,416,0.0374101959168911,-0.0545877143740654
follower_left,0.7,released_hold,27,417,0.03736577183008194,-0.05462844297289848
follower_left,0.7,released_hold,28,418,0.037326592952013016,-0.05466780439019203
follower_left,0.7,released_hold,29,419,0.03728601336479187,-0.05470769479870796
follower_left,0.7,released_hold,30,420,0.03724771738052368,-0.054747506976127625
follower_left,0.7,released_hold,31,421,0.03720798343420029,-0.05478527396917343
follower_left,0.7,released_hold,32,422,0.03717140108346939,-0.05482189729809761
follower_left,0.7,released_hold,33,423,0.037140853703022,-0.05485707148909569
follower_left,0.7,released_hold,34,424,0.03711172938346863,-0.05489112436771393
follower_left,0.7,released_hold,35,425,0.03707648441195488,-0.054922547191381454
follower_left,0.7,released_hold,36,426,0.037043992429971695,-0.05494983121752739
follower_left,0.7,released_hold,37,427,0.03701154515147209,-0.05498203635215759
follower_left,0.7,released_hold,38,428,0.03697751834988594,-0.05501697212457657
follower_left,0.7,released_hold,39,429,0.036944303661584854,-0.05504722148180008
follower_left,0.7,released_hold,40,430,0.03691916912794113,-0.05507512763142586
follower_left,0.7,released_hold,41,431,0.03689102083444595,-0.055102284997701645
follower_left,0.7,released_hold,42,432,0.03689102083444595,-0.055102284997701645
follower_left,0.7,released_hold,43,433,0.03689102083444595,-0.055102284997701645
follower_left,0.7,released_hold,44,434,0.03689102083444595,-0.055102284997701645
follower_left,0.7,released_hold,45,435,0.03689102083444595,-0.055102284997701645
follower_left,0.7,released_hold,46,436,0.03689102083444595,-0.055102284997701645
follower_left,0.7,released_hold,47,437,0.03689102083444595,-0.055102284997701645
follower_left,0.7,released_hold,48,438,0.03689102083444595,-0.055102284997701645
follower_left,0.7,released_hold,49,439,0.03689102083444595,-0.055102284997701645
follower_left,0.7,released_hold,50,440,0.03689102083444595,-0.055102284997701645
follower_left,0.7,released_hold,51,441,0.03689102083444595,-0.055102284997701645
follower_left,0.7,released_hold,52,442,0.03689102083444595,-0.055102284997701645
follower_left,0.7,released_hold,53,443,0.03689102083444595,-0.055102284997701645
follower_left,0.7,released_hold,54,444,0.03689102083444595,-0.055102284997701645
follower_left,0.7,released_hold,55,445,0.03689102083444595,-0.055102284997701645
follower_left,0.7,released_hold,56,446,0.03689102083444595,-0.055102284997701645
follower_left,0.7,released_hold,57,447,0.03689102083444595,-0.055102284997701645
follower_left,0.7,released_hold,58,448,0.03689102083444595,-0.055102284997701645
follower_left,0.7,released_hold,59,449,0.03689102083444595,-0.055102284997701645
follower_left,0.7,released_hold,60,450,0.03689102083444595,-0.055102284997701645
follower_left,0.7,released_hold,61,451,0.03689102083444595,-0.055102284997701645
follower_left,0.7,released_hold,62,452,0.03689102083444595,-0.055102284997701645
follower_left,0.7,released_hold,63,453,0.03689102083444595,-0.055102284997701645
follower_left,0.7,released_hold,64,454,0.03689102083444595,-0.055102284997701645
follower_left,0.7,released_hold,65,455,0.03689102083444595,-0.055102284997701645
follower_left,0.7,released_hold,66,456,0.03689102083444595,-0.055102284997701645
follower_left,0.7,released_hold,67,457,0.03689102083444595,-0.055102284997701645
follower_left,0.7,released_hold,68,458,0.03689102083444595,-0.055102284997701645
follower_left,0.7,released_hold,69,459,0.03689102083444595,-0.055102284997701645
follower_left,0.7,released_hold,70,460,0.03689102083444595,-0.055102284997701645
follower_left,0.7,released_hold,71,461,0.03689102083444595,-0.055102284997701645
follower_left,0.7,released_hold,72,462,0.03689102083444595,-0.055102284997701645
follower_left,0.7,released_hold,73,463,0.03689102083444595,-0.055102284997701645
follower_left,0.7,released_hold,74,464,0.03689102083444595,-0.055102284997701645
follower_left,0.7,released_hold,75,465,0.03689102083444595,-0.055102284997701645
follower_left,0.7,released_hold,76,466,0.03689102083444595,-0.055102284997701645
follower_left,0.7,released_hold,77,467,0.03689102083444595,-0.055102284997701645
follower_left,0.7,released_hold,78,468,0.03689102083444595,-0.055102284997701645
follower_left,0.7,released_hold,79,469,0.03689102083444595,-0.055102284997701645
follower_left,0.7,released_hold,80,470,0.03689102083444595,-0.055102284997701645
follower_left,0.7,released_hold,81,471,0.03689102083444595,-0.055102284997701645
follower_left,0.7,released_hold,82,472,0.03689102083444595,-0.055102284997701645
follower_left,0.7,released_hold,83,473,0.03689102083444595,-0.055102284997701645
follower_left,0.7,released_hold,84,474,0.03689102083444595,-0.055102284997701645
follower_left,0.7,released_hold,85,475,0.03689102083444595,-0.055102284997701645
follower_left,0.7,released_hold,86,476,0.03689102083444595,-0.055102284997701645
follower_left,0.7,released_hold,87,477,0.03689102083444595,-0.055102284997701645
follower_left,0.7,released_hold,88,478,0.03689102083444595,-0.055102284997701645
follower_left,0.7,released_hold,89,479,0.03689102083444595,-0.055102284997701645
follower_left,0.7,released_hold,90,480,0.03689102083444595,-0.055102284997701645
follower_left,0.7,released_hold,91,481,0.03689102083444595,-0.055102284997701645
follower_left,0.7,released_hold,92,482,0.03689102083444595,-0.055102284997701645
follower_left,0.7,released_hold,93,483,0.03689102083444595,-0.055102284997701645
follower_left,0.7,released_hold,94,484,0.03689102083444595,-0.055102284997701645
follower_left,0.7,released_hold,95,485,0.03689102083444595,-0.055102284997701645
follower_left,0.7,released_hold,96,486,0.03689102083444595,-0.055102284997701645
follower_left,0.7,released_hold,97,487,0.03689102083444595,-0.055102284997701645
follower_left,0.7,released_hold,98,488,0.03689102083444595,-0.055102284997701645
follower_left,0.7,released_hold,99,489,0.03689102083444595,-0.055102284997701645
follower_left,0.7,released_hold,100,490,0.03689102083444595,-0.055102284997701645
follower_left,0.7,released_hold,101,491,0.03689102083444595,-0.055102284997701645
follower_left,0.7,released_hold,102,492,0.03689102083444595,-0.055102284997701645
follower_left,0.7,released_hold,103,493,0.03689102083444595,-0.055102284997701645
follower_left,0.7,released_hold,104,494,0.03689102083444595,-0.055102284997701645
follower_left,0.7,released_hold,105,495,0.03689102083444595,-0.055102284997701645
follower_left,0.7,released_hold,106,496,0.03689102083444595,-0.055102284997701645
follower_left,0.7,released_hold,107,497,0.03689102083444595,-0.055102284997701645
follower_left,0.7,released_hold,108,498,0.03689102083444595,-0.055102284997701645
follower_left,0.7,released_hold,109,499,0.03689102083444595,-0.055102284997701645
follower_left,0.7,released_hold,110,500,0.03689102083444595,-0.055102284997701645
follower_left,0.7,released_hold,111,501,0.03689102083444595,-0.055102284997701645
follower_left,0.7,released_hold,112,502,0.03689102083444595,-0.055102284997701645
follower_left,0.7,released_hold,113,503,0.03689102083444595,-0.055102284997701645
follower_left,0.7,released_hold,114,504,0.03689102083444595,-0.055102284997701645
follower_left,0.7,released_hold,115,505,0.03689102083444595,-0.055102284997701645
follower_left,0.7,released_hold,116,506,0.03689102083444595,-0.055102284997701645
follower_left,0.7,released_hold,117,507,0.03689102083444595,-0.055102284997701645
follower_left,0.7,released_hold,118,508,0.03689102083444595,-0.055102284997701645
follower_left,0.7,released_hold,119,509,0.03689102083444595,-0.055102284997701645
follower_right,0.3,settle,0,0,0.022094612941145897,-0.013814005069434643
follower_right,0.3,settle,1,1,0.02163606323301792,-0.013913676142692566
follower_right,0.3,settle,2,2,0.021238692104816437,-0.014087032526731491
follower_right,0.3,settle,3,3,0.020999999716877937,-0.014291265979409218
follower_right,0.3,settle,4,4,0.02100001834332943,-0.014695056714117527
follower_right,0.3,settle,5,5,0.021000005304813385,-0.015190500766038895
follower_right,0.3,settle,6,6,0.021053649485111237,-0.015716349706053734
follower_right,0.3,settle,7,7,0.021155502647161484,-0.016223052516579628
follower_right,0.3,settle,8,8,0.02126016840338707,-0.016701366752386093
follower_right,0.3,settle,9,9,0.0213537085801363,-0.01714230701327324
follower_right,0.3,settle,10,10,0.02143426612019539,-0.01754230074584484
follower_right,0.3,settle,11,11,0.02150297351181507,-0.01789994351565838
follower_right,0.3,settle,12,12,0.021560512483119965,-0.018215607851743698
follower_right,0.3,settle,13,13,0.021606968715786934,-0.018492121249437332
follower_right,0.3,settle,14,14,0.02164399065077305,-0.018733004108071327
follower_right,0.3,settle,15,15,0.02167394571006298,-0.01894216239452362
follower_right,0.3,settle,16,16,0.02169812098145485,-0.0191225316375494
follower_right,0.3,settle,17,17,0.021716831251978874,-0.019276553764939308
follower_right,0.3,settle,18,18,0.021731186658143997,-0.019407423213124275
follower_right,0.3,settle,19,19,0.021742284297943115,-0.019518207758665085
follower_right,0.3,settle,20,20,0.02175092324614525,-0.019611239433288574
follower_right,0.3,settle,21,21,0.021757598966360092,-0.019688677042722702
follower_right,0.3,settle,22,22,0.021762818098068237,-0.019752854481339455
follower_right,0.3,settle,23,23,0.021767131984233856,-0.01980600878596306
follower_right,0.3,settle,24,24,0.02177136391401291,-0.019849877804517746
follower_right,0.3,settle,25,25,0.021775417029857635,-0.019885854795575142
follower_right,0.3,settle,26,26,0.02177903801202774,-0.019915292039513588
follower_right,0.3,settle,27,27,0.021782441064715385,-0.019939467310905457
follower_right,0.3,settle,28,28,0.021785760298371315,-0.01995939575135708
follower_right,0.3,settle,29,29,0.021789012476801872,-0.019975805655121803
follower_right,0.3,settle,30,30,0.021792175248265266,-0.01998932659626007
follower_right,0.3,settle,31,31,0.021795282140374184,-0.02000056579709053
follower_right,0.3,settle,32,32,0.021798336878418922,-0.02001004107296467
follower_right,0.3,settle,33,33,0.021801337599754333,-0.02001807652413845
follower_right,0.3,settle,34,34,0.02180425636470318,-0.020024938508868217
follower_right,0.3,settle,35,35,0.02180425636470318,-0.020024938508868217
follower_right,0.3,settle,36,36,0.02180425636470318,-0.020024938508868217
follower_right,0.3,settle,37,37,0.02180425636470318,-0.020024938508868217
follower_right,0.3,settle,38,38,0.02180425636470318,-0.020024938508868217
follower_right,0.3,settle,39,39,0.02180425636470318,-0.020024938508868217
follower_right,0.3,settle,40,40,0.02180425636470318,-0.020024938508868217
follower_right,0.3,settle,41,41,0.02180425636470318,-0.020024938508868217
follower_right,0.3,settle,42,42,0.02180425636470318,-0.020024938508868217
follower_right,0.3,settle,43,43,0.02180425636470318,-0.020024938508868217
follower_right,0.3,settle,44,44,0.02180425636470318,-0.020024938508868217
follower_right,0.3,settle,45,45,0.02180425636470318,-0.020024938508868217
follower_right,0.3,settle,46,46,0.02180425636470318,-0.020024938508868217
follower_right,0.3,settle,47,47,0.02180425636470318,-0.020024938508868217
follower_right,0.3,settle,48,48,0.02180425636470318,-0.020024938508868217
follower_right,0.3,settle,49,49,0.02180425636470318,-0.020024938508868217
follower_right,0.3,settle,50,50,0.02180425636470318,-0.020024938508868217
follower_right,0.3,settle,51,51,0.02180425636470318,-0.020024938508868217
follower_right,0.3,settle,52,52,0.02180425636470318,-0.020024938508868217
follower_right,0.3,settle,53,53,0.02180425636470318,-0.020024938508868217
follower_right,0.3,settle,54,54,0.02180425636470318,-0.020024938508868217
follower_right,0.3,settle,55,55,0.02180425636470318,-0.020024938508868217
follower_right,0.3,settle,56,56,0.02180425636470318,-0.020024938508868217
follower_right,0.3,settle,57,57,0.02180425636470318,-0.020024938508868217
follower_right,0.3,settle,58,58,0.02180425636470318,-0.020024938508868217
follower_right,0.3,settle,59,59,0.02180425636470318,-0.020024938508868217
follower_right,0.3,open,0,60,0.024399902671575546,-0.02004406601190567
follower_right,0.3,open,1,61,0.029517928138375282,-0.02220611274242401
follower_right,0.3,open,2,62,0.03624122962355614,-0.026648592203855515
follower_right,0.3,open,3,63,0.04392533749341965,-0.03298792243003845
follower_right,0.3,open,4,64,0.05194766819477081,-0.04067753627896309
follower_right,0.3,open,5,65,0.05699998885393143,-0.04912130907177925
follower_right,0.3,open,6,66,0.05699988827109337,-0.05442742258310318
follower_right,0.3,open,7,67,0.05700000002980232,-0.057619694620370865
follower_right,0.3,open,8,68,0.05700000002980232,-0.059379544109106064
follower_right,0.3,open,9,69,0.05700000002980232,-0.06019428372383118
follower_right,0.3,open,10,70,0.05700000002980232,-0.060403063893318176
follower_right,0.3,open,11,71,0.05699998885393143,-0.060346223413944244
follower_right,0.3,open,12,72,0.05699998140335083,-0.06022407487034798
follower_right,0.3,open,13,73,0.05699997767806053,-0.06007074937224388
follower_right,0.3,open,14,74,0.05699998885393143,-0.05990797281265259
follower_right,0.3,open,15,75,0.05699998140335083,-0.059748273342847824
follower_right,0.3,open,16,76,0.056999966502189636,-0.059598878026008606
follower_right,0.3,open,17,77,0.056999947875738144,-0.05946428328752518
follower_right,0.3,open,18,78,0.056999947875738144,-0.059346314519643784
follower_right,0.3,open,19,79,0.056999921798706055,-0.05924474820494652
follower_right,0.3,open,20,80,0.056999918073415756,-0.05915825441479683
follower_right,0.3,open,21,81,0.05699992924928665,-0.05908548831939697
follower_right,0.3,open,22,82,0.056999944150447845,-0.05902509391307831
follower_right,0.3,open,23,83,0.05699993669986725,-0.05897551402449608
follower_right,0.3,open,24,84,0.056999921798706055,-0.0589350089430809
follower_right,0.3,open,25,85,0.056999921798706055,-0.0589350089430809
follower_right,0.3,open,26,86,0.056999921798706055,-0.0589350089430809
follower_right,0.3,open,27,87,0.056999921798706055,-0.0589350089430809
follower_right,0.3,open,28,88,0.056999921798706055,-0.0589350089430809
follower_right,0.3,open,29,89,0.056999921798706055,-0.0589350089430809
follower_right,0.3,open,30,90,0.056999921798706055,-0.0589350089430809
follower_right,0.3,open,31,91,0.056999921798706055,-0.0589350089430809
follower_right,0.3,open,32,92,0.056999921798706055,-0.0589350089430809
follower_right,0.3,open,33,93,0.056999921798706055,-0.0589350089430809
follower_right,0.3,open,34,94,0.056999921798706055,-0.0589350089430809
follower_right,0.3,open,35,95,0.056999921798706055,-0.0589350089430809
follower_right,0.3,open,36,96,0.056999921798706055,-0.0589350089430809
follower_right,0.3,open,37,97,0.056999921798706055,-0.0589350089430809
follower_right,0.3,open,38,98,0.056999921798706055,-0.0589350089430809
follower_right,0.3,open,39,99,0.056999921798706055,-0.0589350089430809
follower_right,0.3,open,40,100,0.056999921798706055,-0.0589350089430809
follower_right,0.3,open,41,101,0.056999921798706055,-0.0589350089430809
follower_right,0.3,open,42,102,0.056999921798706055,-0.0589350089430809
follower_right,0.3,open,43,103,0.056999921798706055,-0.0589350089430809
follower_right,0.3,open,44,104,0.056999921798706055,-0.0589350089430809
follower_right,0.3,open,45,105,0.056999921798706055,-0.0589350089430809
follower_right,0.3,open,46,106,0.056999921798706055,-0.0589350089430809
follower_right,0.3,open,47,107,0.056999921798706055,-0.0589350089430809
follower_right,0.3,open,48,108,0.056999921798706055,-0.0589350089430809
follower_right,0.3,open,49,109,0.056999921798706055,-0.0589350089430809
follower_right,0.3,open,50,110,0.056999921798706055,-0.0589350089430809
follower_right,0.3,open,51,111,0.056999921798706055,-0.0589350089430809
follower_right,0.3,open,52,112,0.056999921798706055,-0.0589350089430809
follower_right,0.3,open,53,113,0.056999921798706055,-0.0589350089430809
follower_right,0.3,open,54,114,0.056999921798706055,-0.0589350089430809
follower_right,0.3,open,55,115,0.056999921798706055,-0.0589350089430809
follower_right,0.3,open,56,116,0.056999921798706055,-0.0589350089430809
follower_right,0.3,open,57,117,0.056999921798706055,-0.0589350089430809
follower_right,0.3,open,58,118,0.056999921798706055,-0.0589350089430809
follower_right,0.3,open,59,119,0.056999921798706055,-0.0589350089430809
follower_right,0.3,open,60,120,0.056999921798706055,-0.0589350089430809
follower_right,0.3,open,61,121,0.056999921798706055,-0.0589350089430809
follower_right,0.3,open,62,122,0.056999921798706055,-0.0589350089430809
follower_right,0.3,open,63,123,0.056999921798706055,-0.0589350089430809
follower_right,0.3,open,64,124,0.056999921798706055,-0.0589350089430809
follower_right,0.3,open,65,125,0.056999921798706055,-0.0589350089430809
follower_right,0.3,open,66,126,0.056999921798706055,-0.0589350089430809
follower_right,0.3,open,67,127,0.056999921798706055,-0.0589350089430809
follower_right,0.3,open,68,128,0.056999921798706055,-0.0589350089430809
follower_right,0.3,open,69,129,0.056999921798706055,-0.0589350089430809
follower_right,0.3,open,70,130,0.056999921798706055,-0.0589350089430809
follower_right,0.3,open,71,131,0.056999921798706055,-0.0589350089430809
follower_right,0.3,open,72,132,0.056999921798706055,-0.0589350089430809
follower_right,0.3,open,73,133,0.056999921798706055,-0.0589350089430809
follower_right,0.3,open,74,134,0.056999921798706055,-0.0589350089430809
follower_right,0.3,open,75,135,0.056999921798706055,-0.0589350089430809
follower_right,0.3,open,76,136,0.056999921798706055,-0.0589350089430809
follower_right,0.3,open,77,137,0.056999921798706055,-0.0589350089430809
follower_right,0.3,open,78,138,0.056999921798706055,-0.0589350089430809
follower_right,0.3,open,79,139,0.056999921798706055,-0.0589350089430809
follower_right,0.3,open,80,140,0.056999921798706055,-0.0589350089430809
follower_right,0.3,open,81,141,0.056999921798706055,-0.0589350089430809
follower_right,0.3,open,82,142,0.056999921798706055,-0.0589350089430809
follower_right,0.3,open,83,143,0.056999921798706055,-0.0589350089430809
follower_right,0.3,open,84,144,0.056999921798706055,-0.0589350089430809
follower_right,0.3,open,85,145,0.056999921798706055,-0.0589350089430809
follower_right,0.3,open,86,146,0.056999921798706055,-0.0589350089430809
follower_right,0.3,open,87,147,0.056999921798706055,-0.0589350089430809
follower_right,0.3,open,88,148,0.056999921798706055,-0.0589350089430809
follower_right,0.3,open,89,149,0.056999921798706055,-0.0589350089430809
follower_right,0.3,fixed_bottle_settle,0,150,0.056999921798706055,-0.0589350089430809
follower_right,0.3,fixed_bottle_settle,1,151,0.056616999208927155,-0.05904397368431091
follower_right,0.3,fixed_bottle_settle,2,152,0.05699725076556206,-0.05867401137948036
follower_right,0.3,fixed_bottle_settle,3,153,0.05693918839097023,-0.058303866535425186
follower_right,0.3,fixed_bottle_settle,4,154,0.05689847096800804,-0.0580994114279747
follower_right,0.3,fixed_bottle_settle,5,155,0.056881099939346313,-0.05799529701471329
follower_right,0.3,fixed_bottle_settle,6,156,0.05688057094812393,-0.057949863374233246
follower_right,0.3,fixed_bottle_settle,7,157,0.05688502639532089,-0.05793887376785278
follower_right,0.3,fixed_bottle_settle,8,158,0.05689186230301857,-0.05793874338269234
follower_right,0.3,fixed_bottle_settle,9,159,0.0568993017077446,-0.05793970450758934
follower_right,0.3,fixed_bottle_settle,10,160,0.056905824691057205,-0.05794014036655426
follower_right,0.3,fixed_bottle_settle,11,161,0.05691184476017952,-0.05794302001595497
follower_right,0.3,fixed_bottle_settle,12,162,0.05691852420568466,-0.057948797941207886
follower_right,0.3,fixed_bottle_settle,13,163,0.056925710290670395,-0.05795562267303467
follower_right,0.3,fixed_bottle_settle,14,164,0.05693294480443001,-0.05796365439891815
follower_right,0.3,fixed_bottle_settle,15,165,0.056940216571092606,-0.05797288194298744
follower_right,0.3,fixed_bottle_settle,16,166,0.05694732069969177,-0.05798221006989479
follower_right,0.3,fixed_bottle_settle,17,167,0.05695415288209915,-0.057991210371255875
follower_right,0.3,fixed_bottle_settle,18,168,0.056960269808769226,-0.05799981951713562
follower_right,0.3,fixed_bottle_settle,19,169,0.056965313851833344,-0.05800845846533775
follower_right,0.3,fixed_bottle_settle,20,170,0.05696940794587135,-0.05801616609096527
follower_right,0.3,fixed_bottle_settle,21,171,0.05697263032197952,-0.05802332982420921
follower_right,0.3,fixed_bottle_settle,22,172,0.056975189596414566,-0.058029670268297195
follower_right,0.3,fixed_bottle_settle,23,173,0.0569775216281414,-0.05803464725613594
follower_right,0.3,fixed_bottle_settle,24,174,0.056979674845933914,-0.0580390989780426
follower_right,0.3,fixed_bottle_settle,25,175,0.05698133632540703,-0.05804404616355896
follower_right,0.3,fixed_bottle_settle,26,176,0.056982703506946564,-0.05804874002933502
follower_right,0.3,fixed_bottle_settle,27,177,0.05698410049080849,-0.05805293843150139
follower_right,0.3,fixed_bottle_settle,28,178,0.056985486298799515,-0.0580567941069603
follower_right,0.3,fixed_bottle_settle,29,179,0.05698668584227562,-0.05806102231144905
follower_right,0.3,fixed_bottle_settle,30,180,0.05698784068226814,-0.05806512385606766
follower_right,0.3,fixed_bottle_settle,31,181,0.05698896944522858,-0.05806879326701164
follower_right,0.3,fixed_bottle_settle,32,182,0.056990113109350204,-0.05807241052389145
follower_right,0.3,fixed_bottle_settle,33,183,0.05699027702212334,-0.058076001703739166
follower_right,0.3,fixed_bottle_settle,34,184,0.05699065327644348,-0.058079347014427185
follower_right,0.3,fixed_bottle_settle,35,185,0.056990865617990494,-0.0580831877887249
follower_right,0.3,fixed_bottle_settle,36,186,0.05699118971824646,-0.05808709189295769
follower_right,0.3,fixed_bottle_settle,37,187,0.05699186772108078,-0.05809012055397034
follower_right,0.3,fixed_bottle_settle,38,188,0.056992121040821075,-0.05809411406517029
follower_right,0.3,fixed_bottle_settle,39,189,0.05699238181114197,-0.058098431676626205
follower_right,0.3,fixed_bottle_settle,40,190,0.05699295923113823,-0.05810233950614929
follower_right,0.3,fixed_bottle_settle,41,191,0.05699339509010315,-0.05810640752315521
follower_right,0.3,fixed_bottle_settle,42,192,0.05699395760893822,-0.05811045691370964
follower_right,0.3,fixed_bottle_settle,43,193,0.05699465796351433,-0.05811404436826706
follower_right,0.3,fixed_bottle_settle,44,194,0.05699531361460686,-0.05811777338385582
follower_right,0.3,fixed_bottle_settle,45,195,0.05699574574828148,-0.05812195688486099
follower_right,0.3,fixed_bottle_settle,46,196,0.05699582397937775,-0.05812639743089676
follower_right,0.3,fixed_bottle_settle,47,197,0.05699614807963371,-0.058130670338869095
follower_right,0.3,fixed_bottle_settle,48,198,0.056996166706085205,-0.058135032653808594
follower_right,0.3,fixed_bottle_settle,49,199,0.05699632316827774,-0.058139342814683914
follower_right,0.3,fixed_bottle_settle,50,200,0.05699625983834267,-0.058143142610788345
follower_right,0.3,fixed_bottle_settle,51,201,0.05699652433395386,-0.05814661830663681
follower_right,0.3,fixed_bottle_settle,52,202,0.05699659511446953,-0.058149758726358414
follower_right,0.3,fixed_bottle_settle,53,203,0.056996677070856094,-0.058152299374341965
follower_right,0.3,fixed_bottle_settle,54,204,0.05699620395898819,-0.05815475806593895
follower_right,0.3,fixed_bottle_settle,55,205,0.056996431201696396,-0.05815683305263519
follower_right,0.3,fixed_bottle_settle,56,206,0.056996650993824005,-0.058158524334430695
follower_right,0.3,fixed_bottle_settle,57,207,0.05699639022350311,-0.058160483837127686
follower_right,0.3,fixed_bottle_settle,58,208,0.05699644610285759,-0.058162789791822433
follower_right,0.3,fixed_bottle_settle,59,209,0.056996315717697144,-0.05816522240638733
follower_right,0.3,close_fixed_bottle,0,210,0.05428704619407654,-0.05815757438540459
follower_right,0.3,close_fixed_bottle,1,211,0.04898688569664955,-0.05595030263066292
follower_right,0.3,close_fixed_bottle,2,212,0.04516984522342682,-0.051429539918899536
follower_right,0.3,close_fixed_bottle,3,213,0.04508509114384651,-0.04862494021654129
follower_right,0.3,close_fixed_bottle,4,214,0.045064058154821396,-0.047001492232084274
follower_right,0.3,close_fixed_bottle,5,215,0.045051928609609604,-0.047001227736473083
follower_right,0.3,close_fixed_bottle,6,216,0.04503875970840454,-0.04700048267841339
follower_right,0.3,close_fixed_bottle,7,217,0.04504186660051346,-0.046999696642160416
follower_right,0.3,close_fixed_bottle,8,218,0.04502743482589722,-0.04699938744306564
follower_right,0.3,close_fixed_bottle,9,219,0.045034315437078476,-0.04699883237481117
follower_right,0.3,close_fixed_bottle,10,220,0.045034006237983704,-0.04699859023094177
follower_right,0.3,close_fixed_bottle,11,221,0.045034222304821014,-0.046998705714941025
follower_right,0.3,close_fixed_bottle,12,222,0.04502308368682861,-0.04699912667274475
follower_right,0.3,close_fixed_bottle,13,223,0.04502040147781372,-0.04699857905507088
follower_right,0.3,close_fixed_bottle,14,224,0.04502983018755913,-0.046998292207717896
follower_right,0.3,close_fixed_bottle,15,225,0.0450209341943264,-0.046998392790555954
follower_right,0.3,close_fixed_bottle,16,226,0.04503028467297554,-0.04699845612049103
follower_right,0.3,close_fixed_bottle,17,227,0.045031242072582245,-0.04699850082397461
follower_right,0.3,close_fixed_bottle,18,228,0.04503284767270088,-0.04699857532978058
follower_right,0.3,close_fixed_bottle,19,229,0.045023348182439804,-0.046998437494039536
follower_right,0.3,close_fixed_bottle,20,230,0.045031335204839706,-0.046998146921396255
follower_right,0.3,close_fixed_bottle,21,231,0.04503246769309044,-0.04699859768152237
follower_right,0.3,close_fixed_bottle,22,232,0.045033130794763565,-0.046998657286167145
follower_right,0.3,close_fixed_bottle,23,233,0.0450226329267025,-0.04699917137622833
follower_right,0.3,close_fixed_bottle,24,234,0.04503227770328522,-0.04699840024113655
follower_right,0.3,close_fixed_bottle,25,235,0.045032698661088943,-0.046998605132102966
follower_right,0.3,close_fixed_bottle,26,236,0.04502328112721443,-0.04699864983558655
follower_right,0.3,close_fixed_bottle,27,237,0.04503128305077553,-0.04699843376874924
follower_right,0.3,close_fixed_bottle,28,238,0.04503198340535164,-0.04699847847223282
follower_right,0.3,close_fixed_bottle,29,239,0.045033689588308334,-0.04699213430285454
follower_right,0.3,close_fixed_bottle,30,240,0.04502338916063309,-0.04699995741248131
follower_right,0.3,close_fixed_bottle,31,241,0.04501958563923836,-0.0469985157251358
follower_right,0.3,close_fixed_bottle,32,242,0.04502911865711212,-0.046998076140880585
follower_right,0.3,close_fixed_bottle,33,243,0.045031338930130005,-0.0469985231757164
follower_right,0.3,close_fixed_bottle,34,244,0.04503326117992401,-0.046992458403110504
follower_right,0.3,close_fixed_bottle,35,245,0.04503282159566879,-0.04699980467557907
follower_right,0.3,close_fixed_bottle,36,246,0.04503277689218521,-0.046998653560876846
follower_right,0.3,close_fixed_bottle,37,247,0.04503399506211281,-0.04699200764298439
follower_right,0.3,close_fixed_bottle,38,248,0.045023415237665176,-0.04699993506073952
follower_right,0.3,close_fixed_bottle,39,249,0.04503105208277702,-0.04699841886758804
follower_right,0.3,close_fixed_bottle,40,250,0.04503176733851433,-0.046998556703329086
follower_right,0.3,close_fixed_bottle,41,251,0.04503358155488968,-0.04699211195111275
follower_right,0.3,close_fixed_bottle,42,252,0.04502327740192413,-0.04699990898370743
follower_right,0.3,close_fixed_bottle,43,253,0.04503082111477852,-0.04699838533997536
follower_right,0.3,close_fixed_bottle,44,254,0.045021332800388336,-0.04699859768152237
follower_right,0.3,close_fixed_bottle,45,255,0.04503042995929718,-0.0469982847571373
follower_right,0.3,close_fixed_bottle,46,256,0.04503133147954941,-0.046998605132102966
follower_right,0.3,close_fixed_bottle,47,257,0.04503333568572998,-0.04699209704995155
follower_right,0.3,close_fixed_bottle,48,258,0.04502341151237488,-0.046999964863061905
follower_right,0.3,close_fixed_bottle,49,259,0.04501955583691597,-0.04699840024113655
follower_right,0.3,close_fixed_bottle,50,260,0.04502953588962555,-0.04699832573533058
follower_right,0.3,close_fixed_bottle,51,261,0.045021116733551025,-0.0469985231757164
follower_right,0.3,close_fixed_bottle,52,262,0.04503032565116882,-0.04699824005365372
follower_right,0.3,close_fixed_bottle,53,263,0.04503178969025612,-0.04699854925274849
follower_right,0.3,close_fixed_bottle,54,264,0.04503273218870163,-0.04699859768152237
follower_right,0.3,close_fixed_bottle,55,265,0.04503398388624191,-0.04699202999472618
follower_right,0.3,close_fixed_bottle,56,266,0.045023299753665924,-0.04699992388486862
follower_right,0.3,close_fixed_bottle,57,267,0.045030929148197174,-0.046998511999845505
follower_right,0.3,close_fixed_bottle,58,268,0.04503163322806358,-0.046998560428619385
follower_right,0.3,close_fixed_bottle,59,269,0.04503263905644417,-0.04699872061610222
follower_right,0.3,close_fixed_bottle,60,270,0.04502308741211891,-0.04699867218732834
follower_right,0.3,close_fixed_bottle,61,271,0.045019637793302536,-0.046998441219329834
follower_right,0.3,close_fixed_bottle,62,272,0.045029137283563614,-0.04699832573533058
follower_right,0.3,close_fixed_bottle,63,273,0.04503079131245613,-0.046998605132102966
follower_right,0.3,close_fixed_bottle,64,274,0.04503307491540909,-0.04699248448014259
follower_right,0.3,close_fixed_bottle,65,275,0.04503273591399193,-0.046999797224998474
follower_right,0.3,close_fixed_bottle,66,276,0.04503317177295685,-0.04699857532978058
follower_right,0.3,close_fixed_bottle,67,277,0.045023754239082336,-0.04699177294969559
follower_right,0.3,close_fixed_bottle,68,278,0.04503122717142105,-0.04699987918138504
follower_right,0.3,close_fixed_bottle,69,279,0.04502110183238983,-0.04699854552745819
follower_right,0.3,close_fixed_bottle,70,280,0.045030225068330765,-0.046998389065265656
follower_right,0.3,close_fixed_bottle,71,281,0.04503224417567253,-0.04699265584349632
follower_right,0.3,close_fixed_bottle,72,282,0.04502302408218384,-0.04699984937906265
follower_right,0.3,close_fixed_bottle,73,283,0.045030754059553146,-0.04699830338358879
follower_right,0.3,close_fixed_bottle,74,284,0.045031528919935226,-0.04699857905507088
follower_right,0.3,close_fixed_bottle,75,285,0.045033544301986694,-0.046992141753435135
follower_right,0.3,close_fixed_bottle,76,286,0.045023590326309204,-0.0469914935529232
follower_right,0.3,close_fixed_bottle,77,287,0.0450308695435524,-0.04699983447790146
follower_right,0.3,close_fixed_bottle,78,288,0.04503128305077553,-0.04699837043881416
follower_right,0.3,close_fixed_bottle,79,289,0.04503336921334267,-0.046992041170597076
follower_right,0.3,close_fixed_bottle,80,290,0.045023199170827866,-0.04699990898370743
follower_right,0.3,close_fixed_bottle,81,291,0.045030854642391205,-0.046998389065265656
follower_right,0.3,close_fixed_bottle,82,292,0.04503163322806358,-0.04699854180216789
follower_right,0.3,close_fixed_bottle,83,293,0.04503265768289566,-0.04699856787919998
follower_right,0.3,close_fixed_bottle,84,294,0.04502324387431145,-0.04699864611029625
follower_right,0.3,close_fixed_bottle,85,295,0.04501967132091522,-0.04699855297803879
follower_right,0.3,close_fixed_bottle,86,296,0.04502975940704346,-0.04699829965829849
follower_right,0.3,close_fixed_bottle,87,297,0.04502766206860542,-0.04699881002306938
follower_right,0.3,close_fixed_bottle,88,298,0.04503307864069939,-0.04699856415390968
follower_right,0.3,close_fixed_bottle,89,299,0.04503311961889267,-0.04699868708848953
follower_right,0.3,close_fixed_bottle,90,300,0.04503333568572998,-0.04699846729636192
follower_right,0.3,close_fixed_bottle,91,301,0.0450238361954689,-0.04699154570698738
follower_right,0.3,close_fixed_bottle,92,302,0.045031312853097916,-0.046999894082546234
follower_right,0.3,close_fixed_bottle,93,303,0.04503156989812851,-0.04699857905507088
follower_right,0.3,close_fixed_bottle,94,304,0.04503309726715088,-0.04699860140681267
follower_right,0.3,close_fixed_bottle,95,305,0.04502357169985771,-0.04699866473674774
follower_right,0.3,close_fixed_bottle,96,306,0.04501975327730179,-0.04699848219752312
follower_right,0.3,close_fixed_bottle,97,307,0.04502921178936958,-0.04699822887778282
follower_right,0.3,close_fixed_bottle,98,308,0.045020706951618195,-0.04699841886758804
follower_right,0.3,close_fixed_bottle,99,309,0.04503102973103523,-0.04699220880866051
follower_right,0.3,close_fixed_bottle,100,310,0.04503117501735687,-0.04699970409274101
follower_right,0.3,close_fixed_bottle,101,311,0.04503234848380089,-0.046998511999845505
follower_right,0.3,close_fixed_bottle,102,312,0.04503365978598595,-0.04699208214879036
follower_right,0.3,close_fixed_bottle,103,313,0.04502333328127861,-0.04699992388486862
follower_right,0.3,close_fixed_bottle,104,314,0.04501957818865776,-0.046998459845781326
follower_right,0.3,close_fixed_bottle,105,315,0.045030057430267334,-0.04699251055717468
follower_right,0.3,close_fixed_bottle,106,316,0.04502086341381073,-0.0469997264444828
follower_right,0.3,close_fixed_bottle,107,317,0.04502975940704346,-0.04699819162487984
follower_right,0.3,close_fixed_bottle,108,318,0.04502107948064804,-0.046998534351587296
follower_right,0.3,close_fixed_bottle,109,319,0.045030828565359116,-0.04699818789958954
follower_right,0.3,close_fixed_bottle,110,320,0.04503209516406059,-0.04699847474694252
follower_right,0.3,close_fixed_bottle,111,321,0.045033324509859085,-0.046998560428619385
follower_right,0.3,close_fixed_bottle,112,322,0.04503345489501953,-0.04699867218732834
follower_right,0.3,close_fixed_bottle,113,323,0.045023415237665176,-0.04699870944023132
follower_right,0.3,close_fixed_bottle,114,324,0.045031484216451645,-0.04699854180216789
follower_right,0.3,close_fixed_bottle,115,325,0.04503205791115761,-0.04699840024113655
follower_right,0.3,close_fixed_bottle,116,326,0.045022428035736084,-0.04699907451868057
follower_right,0.3,close_fixed_bottle,117,327,0.04502008482813835,-0.046998538076877594
follower_right,0.3,close_fixed_bottle,118,328,0.0450296588242054,-0.04699833318591118
follower_right,0.3,close_fixed_bottle,119,329,0.04503165930509567,-0.0469985231757164
follower_right,0.3,fixed_contact,0,330,0.04503314569592476,-0.04699857532978058
follower_right,0.3,fixed_contact,1,331,0.04502325877547264,-0.046998731791973114
follower_right,0.3,fixed_contact,2,332,0.04503121227025986,-0.04699842259287834
follower_right,0.3,fixed_contact,3,333,0.04503187909722328,-0.046998560428619385
follower_right,0.3,fixed_contact,4,334,0.04503326863050461,-0.04699859768152237
follower_right,0.3,fixed_contact,5,335,0.0450226254761219,-0.046999212354421616
follower_right,0.3,fixed_contact,6,336,0.045032281428575516,-0.04699854925274849
follower_right,0.3,fixed_contact,7,337,0.04503321275115013,-0.046998683363199234
follower_right,0.3,fixed_contact,8,338,0.045023396611213684,-0.046998489648103714
follower_right,0.3,fixed_contact,9,339,0.04503146559000015,-0.046998511999845505
follower_right,0.3,fixed_contact,10,340,0.045032624155282974,-0.046998608857393265
follower_right,0.3,fixed_contact,11,341,0.04502353072166443,-0.04699160158634186
follower_right,0.3,fixed_contact,12,342,0.04501961171627045,-0.04699983820319176
follower_right,0.3,fixed_contact,13,343,0.04502956196665764,-0.046992603689432144
follower_right,0.3,fixed_contact,14,344,0.045020755380392075,-0.04699970781803131
follower_right,0.3,fixed_contact,15,345,0.045029643923044205,-0.04699820652604103
follower_right,0.3,fixed_contact,16,346,0.04503088817000389,-0.046998485922813416
follower_right,0.3,fixed_contact,17,347,0.0450330413877964,-0.04699215665459633
follower_right,0.3,fixed_contact,18,348,0.04502315819263458,-0.04699984937906265
follower_right,0.3,fixed_contact,19,349,0.045030802488327026,-0.04699835181236267
follower_right,0.3,fixed_contact,20,350,0.04503154009580612,-0.04699862748384476
follower_right,0.3,fixed_contact,21,351,0.0450325571000576,-0.04699840769171715
follower_right,0.3,fixed_contact,22,352,0.04502196982502937,-0.04699859395623207
follower_right,0.3,fixed_contact,23,353,0.04503047838807106,-0.04699841886758804
follower_right,0.3,fixed_contact,24,354,0.04503140598535538,-0.0469985269010067
follower_right,0.3,fixed_contact,25,355,0.045032501220703125,-0.04699859023094177
follower_right,0.3,fixed_contact,26,356,0.04503301531076431,-0.04699843004345894
follower_right,0.3,fixed_contact,27,357,0.04502351954579353,-0.046998657286167145
follower_right,0.3,fixed_contact,28,358,0.045031361281871796,-0.046998459845781326
follower_right,0.3,fixed_contact,29,359,0.04503190144896507,-0.04699854180216789
follower_right,0.3,fixed_contact,30,360,0.04503273218870163,-0.04699861630797386
follower_right,0.3,fixed_contact,31,361,0.04503311216831207,-0.04699863865971565
follower_right,0.3,fixed_contact,32,362,0.04502331465482712,-0.04699863865971565
follower_right,0.3,fixed_contact,33,363,0.04503125324845314,-0.0469985157251358
follower_right,0.3,fixed_contact,34,364,0.04503285139799118,-0.04699220508337021
follower_right,0.3,fixed_contact,35,365,0.04503277689218521,-0.04699981212615967
follower_right,0.3,fixed_contact,36,366,0.04502116143703461,-0.046999070793390274
follower_right,0.3,fixed_contact,37,367,0.045031338930130005,-0.04699850082397461
follower_right,0.3,fixed_contact,38,368,0.04503217339515686,-0.04699837416410446
follower_right,0.3,fixed_contact,39,369,0.04503341019153595,-0.04699864983558655
follower_right,0.3,fixed_contact,40,370,0.04502299055457115,-0.04699914529919624
follower_right,0.3,fixed_contact,41,371,0.04503267630934715,-0.04699867591261864
follower_right,0.3,fixed_contact,42,372,0.045033447444438934,-0.04699874669313431
follower_right,0.3,fixed_contact,43,373,0.04502350091934204,-0.04699881374835968
follower_right,0.3,fixed_contact,44,374,0.04503152519464493,-0.04699847847223282
follower_right,0.3,fixed_contact,45,375,0.045032110065221786,-0.04699842259287834
follower_right,0.3,fixed_contact,46,376,0.04503297805786133,-0.046998415142297745
follower_right,0.3,fixed_contact,47,377,0.04502340778708458,-0.04699871316552162
follower_right,0.3,fixed_contact,48,378,0.04503140598535538,-0.046998485922813416
follower_right,0.3,fixed_contact,49,379,0.045032843947410583,-0.046992260962724686
follower_right,0.3,fixed_contact,50,380,0.045022524893283844,-0.04700035974383354
follower_right,0.3,fixed_contact,51,381,0.045032378286123276,-0.04699855297803879
follower_right,0.3,fixed_contact,52,382,0.04503275081515312,-0.046998415142297745
follower_right,0.3,fixed_contact,53,383,0.04502271115779877,-0.046999186277389526
follower_right,0.3,fixed_contact,54,384,0.04502023756504059,-0.0469985269010067
follower_right,0.3,fixed_contact,55,385,0.04502984136343002,-0.04699833318591118
follower_right,0.3,fixed_contact,56,386,0.045021288096904755,-0.04699230566620827
follower_right,0.3,fixed_contact,57,387,0.045030009001493454,-0.046999741345644
follower_right,0.3,fixed_contact,58,388,0.04502767324447632,-0.046998683363199234
follower_right,0.3,fixed_contact,59,389,0.0450330525636673,-0.046998530626297
follower_right,0.3,released_hold,0,390,0.04421442002058029,-0.047788724303245544
follower_right,0.3,released_hold,1,391,0.043228715658187866,-0.04876789078116417
follower_right,0.3,released_hold,2,392,0.0423135869204998,-0.049687113612890244
follower_right,0.3,released_hold,3,393,0.041489001363515854,-0.05050552636384964
follower_right,0.3,released_hold,4,394,0.04072003811597824,-0.051277950406074524
follower_right,0.3,released_hold,5,395,0.040068451315164566,-0.05193038657307625
follower_right,0.3,released_hold,6,396,0.03961452469229698,-0.05237821489572525
follower_right,0.3,released_hold,7,397,0.039223749190568924,-0.052737705409526825
follower_right,0.3,released_hold,8,398,0.03892429545521736,-0.05309709906578064
follower_right,0.3,released_hold,9,399,0.03870156407356262,-0.053338050842285156
follower_right,0.3,released_hold,10,400,0.038542065769433975,-0.053480979055166245
follower_right,0.3,released_hold,11,401,0.03835868462920189,-0.05369424447417259
follower_right,0.3,released_hold,12,402,0.03811775892972946,-0.053842298686504364
follower_right,0.3,released_hold,13,403,0.03803902491927147,-0.05398350581526756
follower_right,0.3,released_hold,14,404,0.037322115153074265,-0.05348340421915054
follower_right,0.3,released_hold,15,405,0.03555278852581978,-0.051826801151037216
follower_right,0.3,released_hold,16,406,0.03291312977671623,-0.04910480976104736
follower_right,0.3,released_hold,17,407,0.02965235710144043,-0.04547248035669327
follower_right,0.3,released_hold,18,408,0.0260420273989439,-0.041155945509672165
follower_right,0.3,released_hold,19,409,0.022359486669301987,-0.03642658889293671
follower_right,0.3,released_hold,20,410,0.021000035107135773,-0.03158263862133026
follower_right,0.3,released_hold,21,411,0.021186979487538338,-0.02822761796414852
follower_right,0.3,released_hold,22,412,0.020999999716877937,-0.026085004210472107
follower_right,0.3,released_hold,23,413,0.021046336740255356,-0.024628615006804466
follower_right,0.3,released_hold,24,414,0.020999999716877937,-0.023703204467892647
follower_right,0.3,released_hold,25,415,0.021009188145399094,-0.02310365065932274
follower_right,0.3,released_hold,26,416,0.020999999716877937,-0.022737693041563034
follower_right,0.3,released_hold,27,417,0.020999999716877937,-0.022524012252688408
follower_right,0.3,released_hold,28,418,0.020999999716877937,-0.022412557154893875
follower_right,0.3,released_hold,29,419,0.020999999716877937,-0.022368047386407852
follower_right,0.3,released_hold,30,420,0.021000782027840614,-0.02235923334956169
follower_right,0.3,released_hold,31,421,0.021001985296607018,-0.02235756255686283
follower_right,0.3,released_hold,32,422,0.021003177389502525,-0.022355888038873672
follower_right,0.3,released_hold,33,423,0.021004319190979004,-0.022354241460561752
follower_right,0.3,released_hold,34,424,0.021005412563681602,-0.02235262840986252
follower_right,0.3,released_hold,35,425,0.021006470546126366,-0.02235102653503418
follower_right,0.3,released_hold,36,426,0.02100750058889389,-0.022349432110786438
follower_right,0.3,released_hold,37,427,0.02100849151611328,-0.02234785258769989
follower_right,0.3,released_hold,38,428,0.021009452641010284,-0.02234630472958088
follower_right,0.3,released_hold,39,429,0.0210103802382946,-0.02234477549791336
follower_right,0.3,released_hold,40,430,0.02101128362119198,-0.02234325371682644
follower_right,0.3,released_hold,41,431,0.021012166514992714,-0.02234174869954586
follower_right,0.3,released_hold,42,432,0.021012166514992714,-0.02234174869954586
follower_right,0.3,released_hold,43,433,0.021012166514992714,-0.02234174869954586
follower_right,0.3,released_hold,44,434,0.021012166514992714,-0.02234174869954586
follower_right,0.3,released_hold,45,435,0.021012166514992714,-0.02234174869954586
follower_right,0.3,released_hold,46,436,0.021012166514992714,-0.02234174869954586
follower_right,0.3,released_hold,47,437,0.021012166514992714,-0.02234174869954586
follower_right,0.3,released_hold,48,438,0.021012166514992714,-0.02234174869954586
follower_right,0.3,released_hold,49,439,0.021012166514992714,-0.02234174869954586
follower_right,0.3,released_hold,50,440,0.021012166514992714,-0.02234174869954586
follower_right,0.3,released_hold,51,441,0.021012166514992714,-0.02234174869954586
follower_right,0.3,released_hold,52,442,0.021012166514992714,-0.02234174869954586
follower_right,0.3,released_hold,53,443,0.021012166514992714,-0.02234174869954586
follower_right,0.3,released_hold,54,444,0.021012166514992714,-0.02234174869954586
follower_right,0.3,released_hold,55,445,0.021012166514992714,-0.02234174869954586
follower_right,0.3,released_hold,56,446,0.021012166514992714,-0.02234174869954586
follower_right,0.3,released_hold,57,447,0.021012166514992714,-0.02234174869954586
follower_right,0.3,released_hold,58,448,0.021012166514992714,-0.02234174869954586
follower_right,0.3,released_hold,59,449,0.021012166514992714,-0.02234174869954586
follower_right,0.3,released_hold,60,450,0.021012166514992714,-0.02234174869954586
follower_right,0.3,released_hold,61,451,0.021012166514992714,-0.02234174869954586
follower_right,0.3,released_hold,62,452,0.021012166514992714,-0.02234174869954586
follower_right,0.3,released_hold,63,453,0.021012166514992714,-0.02234174869954586
follower_right,0.3,released_hold,64,454,0.021012166514992714,-0.02234174869954586
follower_right,0.3,released_hold,65,455,0.021012166514992714,-0.02234174869954586
follower_right,0.3,released_hold,66,456,0.021012166514992714,-0.02234174869954586
follower_right,0.3,released_hold,67,457,0.021012166514992714,-0.02234174869954586
follower_right,0.3,released_hold,68,458,0.021012166514992714,-0.02234174869954586
follower_right,0.3,released_hold,69,459,0.021012166514992714,-0.02234174869954586
follower_right,0.3,released_hold,70,460,0.021012166514992714,-0.02234174869954586
follower_right,0.3,released_hold,71,461,0.021012166514992714,-0.02234174869954586
follower_right,0.3,released_hold,72,462,0.021012166514992714,-0.02234174869954586
follower_right,0.3,released_hold,73,463,0.021012166514992714,-0.02234174869954586
follower_right,0.3,released_hold,74,464,0.021012166514992714,-0.02234174869954586
follower_right,0.3,released_hold,75,465,0.021012166514992714,-0.02234174869954586
follower_right,0.3,released_hold,76,466,0.021012166514992714,-0.02234174869954586
follower_right,0.3,released_hold,77,467,0.021012166514992714,-0.02234174869954586
follower_right,0.3,released_hold,78,468,0.021012166514992714,-0.02234174869954586
follower_right,0.3,released_hold,79,469,0.021012166514992714,-0.02234174869954586
follower_right,0.3,released_hold,80,470,0.021012166514992714,-0.02234174869954586
follower_right,0.3,released_hold,81,471,0.021012166514992714,-0.02234174869954586
follower_right,0.3,released_hold,82,472,0.021012166514992714,-0.02234174869954586
follower_right,0.3,released_hold,83,473,0.021012166514992714,-0.02234174869954586
follower_right,0.3,released_hold,84,474,0.021012166514992714,-0.02234174869954586
follower_right,0.3,released_hold,85,475,0.021012166514992714,-0.02234174869954586
follower_right,0.3,released_hold,86,476,0.021012166514992714,-0.02234174869954586
follower_right,0.3,released_hold,87,477,0.021012166514992714,-0.02234174869954586
follower_right,0.3,released_hold,88,478,0.021012166514992714,-0.02234174869954586
follower_right,0.3,released_hold,89,479,0.021012166514992714,-0.02234174869954586
follower_right,0.3,released_hold,90,480,0.021012166514992714,-0.02234174869954586
follower_right,0.3,released_hold,91,481,0.021012166514992714,-0.02234174869954586
follower_right,0.3,released_hold,92,482,0.021012166514992714,-0.02234174869954586
follower_right,0.3,released_hold,93,483,0.021012166514992714,-0.02234174869954586
follower_right,0.3,released_hold,94,484,0.021012166514992714,-0.02234174869954586
follower_right,0.3,released_hold,95,485,0.021012166514992714,-0.02234174869954586
follower_right,0.3,released_hold,96,486,0.021012166514992714,-0.02234174869954586
follower_right,0.3,released_hold,97,487,0.021012166514992714,-0.02234174869954586
follower_right,0.3,released_hold,98,488,0.021012166514992714,-0.02234174869954586
follower_right,0.3,released_hold,99,489,0.021012166514992714,-0.02234174869954586
follower_right,0.3,released_hold,100,490,0.021012166514992714,-0.02234174869954586
follower_right,0.3,released_hold,101,491,0.021012166514992714,-0.02234174869954586
follower_right,0.3,released_hold,102,492,0.021012166514992714,-0.02234174869954586
follower_right,0.3,released_hold,103,493,0.021012166514992714,-0.02234174869954586
follower_right,0.3,released_hold,104,494,0.021012166514992714,-0.02234174869954586
follower_right,0.3,released_hold,105,495,0.021012166514992714,-0.02234174869954586
follower_right,0.3,released_hold,106,496,0.021012166514992714,-0.02234174869954586
follower_right,0.3,released_hold,107,497,0.021012166514992714,-0.02234174869954586
follower_right,0.3,released_hold,108,498,0.021012166514992714,-0.02234174869954586
follower_right,0.3,released_hold,109,499,0.021012166514992714,-0.02234174869954586
follower_right,0.3,released_hold,110,500,0.021012166514992714,-0.02234174869954586
follower_right,0.3,released_hold,111,501,0.021012166514992714,-0.02234174869954586
follower_right,0.3,released_hold,112,502,0.021012166514992714,-0.02234174869954586
follower_right,0.3,released_hold,113,503,0.021012166514992714,-0.02234174869954586
follower_right,0.3,released_hold,114,504,0.021012166514992714,-0.02234174869954586
follower_right,0.3,released_hold,115,505,0.021012166514992714,-0.02234174869954586
follower_right,0.3,released_hold,116,506,0.021012166514992714,-0.02234174869954586
follower_right,0.3,released_hold,117,507,0.021012166514992714,-0.02234174869954586
follower_right,0.3,released_hold,118,508,0.021012166514992714,-0.02234174869954586
follower_right,0.3,released_hold,119,509,0.021012166514992714,-0.02234174869954586
follower_right,0.5,settle,0,0,0.022094612941145897,-0.013814005069434643
follower_right,0.5,settle,1,1,0.02163606323301792,-0.013913676142692566
follower_right,0.5,settle,2,2,0.021238692104816437,-0.014087032526731491
follower_right,0.5,settle,3,3,0.020999999716877937,-0.014291265979409218
follower_right,0.5,settle,4,4,0.02100001834332943,-0.014695056714117527
follower_right,0.5,settle,5,5,0.021000005304813385,-0.015190500766038895
follower_right,0.5,settle,6,6,0.021053649485111237,-0.015716349706053734
follower_right,0.5,settle,7,7,0.021155502647161484,-0.016223052516579628
follower_right,0.5,settle,8,8,0.02126016840338707,-0.016701366752386093
follower_right,0.5,settle,9,9,0.0213537085801363,-0.01714230701327324
follower_right,0.5,settle,10,10,0.02143426612019539,-0.01754230074584484
follower_right,0.5,settle,11,11,0.02150297351181507,-0.01789994351565838
follower_right,0.5,settle,12,12,0.021560512483119965,-0.018215607851743698
follower_right,0.5,settle,13,13,0.021606968715786934,-0.018492121249437332
follower_right,0.5,settle,14,14,0.02164399065077305,-0.018733004108071327
follower_right,0.5,settle,15,15,0.02167394571006298,-0.01894216239452362
follower_right,0.5,settle,16,16,0.02169812098145485,-0.0191225316375494
follower_right,0.5,settle,17,17,0.021716831251978874,-0.019276553764939308
follower_right,0.5,settle,18,18,0.021731186658143997,-0.019407423213124275
follower_right,0.5,settle,19,19,0.021742284297943115,-0.019518207758665085
follower_right,0.5,settle,20,20,0.02175092324614525,-0.019611239433288574
follower_right,0.5,settle,21,21,0.021757598966360092,-0.019688677042722702
follower_right,0.5,settle,22,22,0.021762818098068237,-0.019752854481339455
follower_right,0.5,settle,23,23,0.021767131984233856,-0.01980600878596306
follower_right,0.5,settle,24,24,0.02177136391401291,-0.019849877804517746
follower_right,0.5,settle,25,25,0.021775417029857635,-0.019885854795575142
follower_right,0.5,settle,26,26,0.02177903801202774,-0.019915292039513588
follower_right,0.5,settle,27,27,0.021782441064715385,-0.019939467310905457
follower_right,0.5,settle,28,28,0.021785760298371315,-0.01995939575135708
follower_right,0.5,settle,29,29,0.021789012476801872,-0.019975805655121803
follower_right,0.5,settle,30,30,0.021792175248265266,-0.01998932659626007
follower_right,0.5,settle,31,31,0.021795282140374184,-0.02000056579709053
follower_right,0.5,settle,32,32,0.021798336878418922,-0.02001004107296467
follower_right,0.5,settle,33,33,0.021801337599754333,-0.02001807652413845
follower_right,0.5,settle,34,34,0.02180425636470318,-0.020024938508868217
follower_right,0.5,settle,35,35,0.02180425636470318,-0.020024938508868217
follower_right,0.5,settle,36,36,0.02180425636470318,-0.020024938508868217
follower_right,0.5,settle,37,37,0.02180425636470318,-0.020024938508868217
follower_right,0.5,settle,38,38,0.02180425636470318,-0.020024938508868217
follower_right,0.5,settle,39,39,0.02180425636470318,-0.020024938508868217
follower_right,0.5,settle,40,40,0.02180425636470318,-0.020024938508868217
follower_right,0.5,settle,41,41,0.02180425636470318,-0.020024938508868217
follower_right,0.5,settle,42,42,0.02180425636470318,-0.020024938508868217
follower_right,0.5,settle,43,43,0.02180425636470318,-0.020024938508868217
follower_right,0.5,settle,44,44,0.02180425636470318,-0.020024938508868217
follower_right,0.5,settle,45,45,0.02180425636470318,-0.020024938508868217
follower_right,0.5,settle,46,46,0.02180425636470318,-0.020024938508868217
follower_right,0.5,settle,47,47,0.02180425636470318,-0.020024938508868217
follower_right,0.5,settle,48,48,0.02180425636470318,-0.020024938508868217
follower_right,0.5,settle,49,49,0.02180425636470318,-0.020024938508868217
follower_right,0.5,settle,50,50,0.02180425636470318,-0.020024938508868217
follower_right,0.5,settle,51,51,0.02180425636470318,-0.020024938508868217
follower_right,0.5,settle,52,52,0.02180425636470318,-0.020024938508868217
follower_right,0.5,settle,53,53,0.02180425636470318,-0.020024938508868217
follower_right,0.5,settle,54,54,0.02180425636470318,-0.020024938508868217
follower_right,0.5,settle,55,55,0.02180425636470318,-0.020024938508868217
follower_right,0.5,settle,56,56,0.02180425636470318,-0.020024938508868217
follower_right,0.5,settle,57,57,0.02180425636470318,-0.020024938508868217
follower_right,0.5,settle,58,58,0.02180425636470318,-0.020024938508868217
follower_right,0.5,settle,59,59,0.02180425636470318,-0.020024938508868217
follower_right,0.5,open,0,60,0.024399902671575546,-0.02004406601190567
follower_right,0.5,open,1,61,0.029517928138375282,-0.02220611274242401
follower_right,0.5,open,2,62,0.03624122962355614,-0.026648592203855515
follower_right,0.5,open,3,63,0.04392533749341965,-0.03298792243003845
follower_right,0.5,open,4,64,0.05194766819477081,-0.04067753627896309
follower_right,0.5,open,5,65,0.05699998885393143,-0.04912130907177925
follower_right,0.5,open,6,66,0.05699988827109337,-0.05442742258310318
follower_right,0.5,open,7,67,0.05700000002980232,-0.057619694620370865
follower_right,0.5,open,8,68,0.05700000002980232,-0.059379544109106064
follower_right,0.5,open,9,69,0.05700000002980232,-0.06019428372383118
follower_right,0.5,open,10,70,0.05700000002980232,-0.060403063893318176
follower_right,0.5,open,11,71,0.05699998885393143,-0.060346223413944244
follower_right,0.5,open,12,72,0.05699998140335083,-0.06022407487034798
follower_right,0.5,open,13,73,0.05699997767806053,-0.06007074937224388
follower_right,0.5,open,14,74,0.05699998885393143,-0.05990797281265259
follower_right,0.5,open,15,75,0.05699998140335083,-0.059748273342847824
follower_right,0.5,open,16,76,0.056999966502189636,-0.059598878026008606
follower_right,0.5,open,17,77,0.056999947875738144,-0.05946428328752518
follower_right,0.5,open,18,78,0.056999947875738144,-0.059346314519643784
follower_right,0.5,open,19,79,0.056999921798706055,-0.05924474820494652
follower_right,0.5,open,20,80,0.056999918073415756,-0.05915825441479683
follower_right,0.5,open,21,81,0.05699992924928665,-0.05908548831939697
follower_right,0.5,open,22,82,0.056999944150447845,-0.05902509391307831
follower_right,0.5,open,23,83,0.05699993669986725,-0.05897551402449608
follower_right,0.5,open,24,84,0.056999921798706055,-0.0589350089430809
follower_right,0.5,open,25,85,0.056999921798706055,-0.0589350089430809
follower_right,0.5,open,26,86,0.056999921798706055,-0.0589350089430809
follower_right,0.5,open,27,87,0.056999921798706055,-0.0589350089430809
follower_right,0.5,open,28,88,0.056999921798706055,-0.0589350089430809
follower_right,0.5,open,29,89,0.056999921798706055,-0.0589350089430809
follower_right,0.5,open,30,90,0.056999921798706055,-0.0589350089430809
follower_right,0.5,open,31,91,0.056999921798706055,-0.0589350089430809
follower_right,0.5,open,32,92,0.056999921798706055,-0.0589350089430809
follower_right,0.5,open,33,93,0.056999921798706055,-0.0589350089430809
follower_right,0.5,open,34,94,0.056999921798706055,-0.0589350089430809
follower_right,0.5,open,35,95,0.056999921798706055,-0.0589350089430809
follower_right,0.5,open,36,96,0.056999921798706055,-0.0589350089430809
follower_right,0.5,open,37,97,0.056999921798706055,-0.0589350089430809
follower_right,0.5,open,38,98,0.056999921798706055,-0.0589350089430809
follower_right,0.5,open,39,99,0.056999921798706055,-0.0589350089430809
follower_right,0.5,open,40,100,0.056999921798706055,-0.0589350089430809
follower_right,0.5,open,41,101,0.056999921798706055,-0.0589350089430809
follower_right,0.5,open,42,102,0.056999921798706055,-0.0589350089430809
follower_right,0.5,open,43,103,0.056999921798706055,-0.0589350089430809
follower_right,0.5,open,44,104,0.056999921798706055,-0.0589350089430809
follower_right,0.5,open,45,105,0.056999921798706055,-0.0589350089430809
follower_right,0.5,open,46,106,0.056999921798706055,-0.0589350089430809
follower_right,0.5,open,47,107,0.056999921798706055,-0.0589350089430809
follower_right,0.5,open,48,108,0.056999921798706055,-0.0589350089430809
follower_right,0.5,open,49,109,0.056999921798706055,-0.0589350089430809
follower_right,0.5,open,50,110,0.056999921798706055,-0.0589350089430809
follower_right,0.5,open,51,111,0.056999921798706055,-0.0589350089430809
follower_right,0.5,open,52,112,0.056999921798706055,-0.0589350089430809
follower_right,0.5,open,53,113,0.056999921798706055,-0.0589350089430809
follower_right,0.5,open,54,114,0.056999921798706055,-0.0589350089430809
follower_right,0.5,open,55,115,0.056999921798706055,-0.0589350089430809
follower_right,0.5,open,56,116,0.056999921798706055,-0.0589350089430809
follower_right,0.5,open,57,117,0.056999921798706055,-0.0589350089430809
follower_right,0.5,open,58,118,0.056999921798706055,-0.0589350089430809
follower_right,0.5,open,59,119,0.056999921798706055,-0.0589350089430809
follower_right,0.5,open,60,120,0.056999921798706055,-0.0589350089430809
follower_right,0.5,open,61,121,0.056999921798706055,-0.0589350089430809
follower_right,0.5,open,62,122,0.056999921798706055,-0.0589350089430809
follower_right,0.5,open,63,123,0.056999921798706055,-0.0589350089430809
follower_right,0.5,open,64,124,0.056999921798706055,-0.0589350089430809
follower_right,0.5,open,65,125,0.056999921798706055,-0.0589350089430809
follower_right,0.5,open,66,126,0.056999921798706055,-0.0589350089430809
follower_right,0.5,open,67,127,0.056999921798706055,-0.0589350089430809
follower_right,0.5,open,68,128,0.056999921798706055,-0.0589350089430809
follower_right,0.5,open,69,129,0.056999921798706055,-0.0589350089430809
follower_right,0.5,open,70,130,0.056999921798706055,-0.0589350089430809
follower_right,0.5,open,71,131,0.056999921798706055,-0.0589350089430809
follower_right,0.5,open,72,132,0.056999921798706055,-0.0589350089430809
follower_right,0.5,open,73,133,0.056999921798706055,-0.0589350089430809
follower_right,0.5,open,74,134,0.056999921798706055,-0.0589350089430809
follower_right,0.5,open,75,135,0.056999921798706055,-0.0589350089430809
follower_right,0.5,open,76,136,0.056999921798706055,-0.0589350089430809
follower_right,0.5,open,77,137,0.056999921798706055,-0.0589350089430809
follower_right,0.5,open,78,138,0.056999921798706055,-0.0589350089430809
follower_right,0.5,open,79,139,0.056999921798706055,-0.0589350089430809
follower_right,0.5,open,80,140,0.056999921798706055,-0.0589350089430809
follower_right,0.5,open,81,141,0.056999921798706055,-0.0589350089430809
follower_right,0.5,open,82,142,0.056999921798706055,-0.0589350089430809
follower_right,0.5,open,83,143,0.056999921798706055,-0.0589350089430809
follower_right,0.5,open,84,144,0.056999921798706055,-0.0589350089430809
follower_right,0.5,open,85,145,0.056999921798706055,-0.0589350089430809
follower_right,0.5,open,86,146,0.056999921798706055,-0.0589350089430809
follower_right,0.5,open,87,147,0.056999921798706055,-0.0589350089430809
follower_right,0.5,open,88,148,0.056999921798706055,-0.0589350089430809
follower_right,0.5,open,89,149,0.056999921798706055,-0.0589350089430809
follower_right,0.5,fixed_bottle_settle,0,150,0.056999921798706055,-0.0589350089430809
follower_right,0.5,fixed_bottle_settle,1,151,0.056616999208927155,-0.05904397368431091
follower_right,0.5,fixed_bottle_settle,2,152,0.05699725076556206,-0.05867401137948036
follower_right,0.5,fixed_bottle_settle,3,153,0.05693918839097023,-0.058303866535425186
follower_right,0.5,fixed_bottle_settle,4,154,0.05689847096800804,-0.0580994114279747
follower_right,0.5,fixed_bottle_settle,5,155,0.056881099939346313,-0.05799529701471329
follower_right,0.5,fixed_bottle_settle,6,156,0.05688057094812393,-0.057949863374233246
follower_right,0.5,fixed_bottle_settle,7,157,0.05688502639532089,-0.05793887376785278
follower_right,0.5,fixed_bottle_settle,8,158,0.05689186230301857,-0.05793874338269234
follower_right,0.5,fixed_bottle_settle,9,159,0.0568993017077446,-0.05793970450758934
follower_right,0.5,fixed_bottle_settle,10,160,0.056905824691057205,-0.05794014036655426
follower_right,0.5,fixed_bottle_settle,11,161,0.05691184476017952,-0.05794302001595497
follower_right,0.5,fixed_bottle_settle,12,162,0.05691852420568466,-0.057948797941207886
follower_right,0.5,fixed_bottle_settle,13,163,0.056925710290670395,-0.05795562267303467
follower_right,0.5,fixed_bottle_settle,14,164,0.05693294480443001,-0.05796365439891815
follower_right,0.5,fixed_bottle_settle,15,165,0.056940216571092606,-0.05797288194298744
follower_right,0.5,fixed_bottle_settle,16,166,0.05694732069969177,-0.05798221006989479
follower_right,0.5,fixed_bottle_settle,17,167,0.05695415288209915,-0.057991210371255875
follower_right,0.5,fixed_bottle_settle,18,168,0.056960269808769226,-0.05799981951713562
follower_right,0.5,fixed_bottle_settle,19,169,0.056965313851833344,-0.05800845846533775
follower_right,0.5,fixed_bottle_settle,20,170,0.05696940794587135,-0.05801616609096527
follower_right,0.5,fixed_bottle_settle,21,171,0.05697263032197952,-0.05802332982420921
follower_right,0.5,fixed_bottle_settle,22,172,0.056975189596414566,-0.058029670268297195
follower_right,0.5,fixed_bottle_settle,23,173,0.0569775216281414,-0.05803464725613594
follower_right,0.5,fixed_bottle_settle,24,174,0.056979674845933914,-0.0580390989780426
follower_right,0.5,fixed_bottle_settle,25,175,0.05698133632540703,-0.05804404616355896
follower_right,0.5,fixed_bottle_settle,26,176,0.056982703506946564,-0.05804874002933502
follower_right,0.5,fixed_bottle_settle,27,177,0.05698410049080849,-0.05805293843150139
follower_right,0.5,fixed_bottle_settle,28,178,0.056985486298799515,-0.0580567941069603
follower_right,0.5,fixed_bottle_settle,29,179,0.05698668584227562,-0.05806102231144905
follower_right,0.5,fixed_bottle_settle,30,180,0.05698784068226814,-0.05806512385606766
follower_right,0.5,fixed_bottle_settle,31,181,0.05698896944522858,-0.05806879326701164
follower_right,0.5,fixed_bottle_settle,32,182,0.056990113109350204,-0.05807241052389145
follower_right,0.5,fixed_bottle_settle,33,183,0.05699027702212334,-0.058076001703739166
follower_right,0.5,fixed_bottle_settle,34,184,0.05699065327644348,-0.058079347014427185
follower_right,0.5,fixed_bottle_settle,35,185,0.056990865617990494,-0.0580831877887249
follower_right,0.5,fixed_bottle_settle,36,186,0.05699118971824646,-0.05808709189295769
follower_right,0.5,fixed_bottle_settle,37,187,0.05699186772108078,-0.05809012055397034
follower_right,0.5,fixed_bottle_settle,38,188,0.056992121040821075,-0.05809411406517029
follower_right,0.5,fixed_bottle_settle,39,189,0.05699238181114197,-0.058098431676626205
follower_right,0.5,fixed_bottle_settle,40,190,0.05699295923113823,-0.05810233950614929
follower_right,0.5,fixed_bottle_settle,41,191,0.05699339509010315,-0.05810640752315521
follower_right,0.5,fixed_bottle_settle,42,192,0.05699395760893822,-0.05811045691370964
follower_right,0.5,fixed_bottle_settle,43,193,0.05699465796351433,-0.05811404436826706
follower_right,0.5,fixed_bottle_settle,44,194,0.05699531361460686,-0.05811777338385582
follower_right,0.5,fixed_bottle_settle,45,195,0.05699574574828148,-0.05812195688486099
follower_right,0.5,fixed_bottle_settle,46,196,0.05699582397937775,-0.05812639743089676
follower_right,0.5,fixed_bottle_settle,47,197,0.05699614807963371,-0.058130670338869095
follower_right,0.5,fixed_bottle_settle,48,198,0.056996166706085205,-0.058135032653808594
follower_right,0.5,fixed_bottle_settle,49,199,0.05699632316827774,-0.058139342814683914
follower_right,0.5,fixed_bottle_settle,50,200,0.05699625983834267,-0.058143142610788345
follower_right,0.5,fixed_bottle_settle,51,201,0.05699652433395386,-0.05814661830663681
follower_right,0.5,fixed_bottle_settle,52,202,0.05699659511446953,-0.058149758726358414
follower_right,0.5,fixed_bottle_settle,53,203,0.056996677070856094,-0.058152299374341965
follower_right,0.5,fixed_bottle_settle,54,204,0.05699620395898819,-0.05815475806593895
follower_right,0.5,fixed_bottle_settle,55,205,0.056996431201696396,-0.05815683305263519
follower_right,0.5,fixed_bottle_settle,56,206,0.056996650993824005,-0.058158524334430695
follower_right,0.5,fixed_bottle_settle,57,207,0.05699639022350311,-0.058160483837127686
follower_right,0.5,fixed_bottle_settle,58,208,0.05699644610285759,-0.058162789791822433
follower_right,0.5,fixed_bottle_settle,59,209,0.056996315717697144,-0.05816522240638733
follower_right,0.5,close_fixed_bottle,0,210,0.05428704619407654,-0.05815757438540459
follower_right,0.5,close_fixed_bottle,1,211,0.04898688569664955,-0.05595030263066292
follower_right,0.5,close_fixed_bottle,2,212,0.04517826810479164,-0.05142614617943764
follower_right,0.5,close_fixed_bottle,3,213,0.045102644711732864,-0.04862642660737038
follower_right,0.5,close_fixed_bottle,4,214,0.04508163779973984,-0.04700332507491112
follower_right,0.5,close_fixed_bottle,5,215,0.045068562030792236,-0.04700305685400963
follower_right,0.5,close_fixed_bottle,6,216,0.04505375400185585,-0.04700123891234398
follower_right,0.5,close_fixed_bottle,7,217,0.04504535719752312,-0.04700027406215668
follower_right,0.5,close_fixed_bottle,8,218,0.04502599686384201,-0.0469992570579052
follower_right,0.5,close_fixed_bottle,9,219,0.04503064230084419,-0.04699834808707237
follower_right,0.5,close_fixed_bottle,10,220,0.04502912610769272,-0.0469980426132679
follower_right,0.5,close_fixed_bottle,11,221,0.045020539313554764,-0.04699736833572388
follower_right,0.5,close_fixed_bottle,12,222,0.04502379521727562,-0.04699698090553284
follower_right,0.5,close_fixed_bottle,13,223,0.045020315796136856,-0.04699678719043732
follower_right,0.5,close_fixed_bottle,14,224,0.04502181336283684,-0.0469963438808918
follower_right,0.5,close_fixed_bottle,15,225,0.04501672834157944,-0.046996213495731354
follower_right,0.5,close_fixed_bottle,16,226,0.04501785710453987,-0.046995993703603745
follower_right,0.5,close_fixed_bottle,17,227,0.045017413794994354,-0.0469919815659523
follower_right,0.5,close_fixed_bottle,18,228,0.045013949275016785,-0.046995628625154495
follower_right,0.5,close_fixed_bottle,19,229,0.04501616209745407,-0.046991925686597824
follower_right,0.5,close_fixed_bottle,20,230,0.04501572623848915,-0.046995509415864944
follower_right,0.5,close_fixed_bottle,21,231,0.0450156033039093,-0.04699200764298439
follower_right,0.5,close_fixed_bottle,22,232,0.04501492157578468,-0.0469951331615448
follower_right,0.5,close_fixed_bottle,23,233,0.04501465708017349,-0.04699508473277092
follower_right,0.5,close_fixed_bottle,24,234,0.04501435160636902,-0.04699493572115898
follower_right,0.5,close_fixed_bottle,25,235,0.04501385614275932,-0.046994712203741074
follower_right,0.5,close_fixed_bottle,26,236,0.04501459747552872,-0.04699491709470749
follower_right,0.5,close_fixed_bottle,27,237,0.04501473531126976,-0.0469951294362545
follower_right,0.5,close_fixed_bottle,28,238,0.045014265924692154,-0.04699482396245003
follower_right,0.5,close_fixed_bottle,29,239,0.0450139082968235,-0.0469946414232254
follower_right,0.5,close_fixed_bottle,30,240,0.045014530420303345,-0.046994756907224655
follower_right,0.5,close_fixed_bottle,31,241,0.04501466080546379,-0.04699510335922241
follower_right,0.5,close_fixed_bottle,32,242,0.04501456767320633,-0.04699501022696495
follower_right,0.5,close_fixed_bottle,33,243,0.04501398652791977,-0.046994660049676895
follower_right,0.5,close_fixed_bottle,34,244,0.04501490294933319,-0.046994902193546295
follower_right,0.5,close_fixed_bottle,35,245,0.04501437395811081,-0.04699478670954704
follower_right,0.5,close_fixed_bottle,36,246,0.04501386359333992,-0.046994660049676895
follower_right,0.5,close_fixed_bottle,37,247,0.0450148768723011,-0.046994905918836594
follower_right,0.5,close_fixed_bottle,38,248,0.045014332979917526,-0.04699479788541794
follower_right,0.5,close_fixed_bottle,39,249,0.04501381888985634,-0.04699460789561272
follower_right,0.5,close_fixed_bottle,40,250,0.045014526695013046,-0.04699484631419182
follower_right,0.5,close_fixed_bottle,41,251,0.04501596838235855,-0.04699510335922241
follower_right,0.5,close_fixed_bottle,42,252,0.04501459375023842,-0.04699490964412689
follower_right,0.5,close_fixed_bottle,43,253,0.045013923197984695,-0.04699472337961197
follower_right,0.5,close_fixed_bottle,44,254,0.04501492530107498,-0.04699493944644928
follower_right,0.5,close_fixed_bottle,45,255,0.0450143963098526,-0.046994972974061966
follower_right,0.5,close_fixed_bottle,46,256,0.04501384496688843,-0.046994660049676895
follower_right,0.5,close_fixed_bottle,47,257,0.04501454904675484,-0.04699484631419182
follower_right,0.5,close_fixed_bottle,48,258,0.04501597583293915,-0.04699510335922241
follower_right,0.5,close_fixed_bottle,49,259,0.04501461982727051,-0.04699493944644928
follower_right,0.5,close_fixed_bottle,50,260,0.04501418024301529,-0.04699479416012764
follower_right,0.5,close_fixed_bottle,51,261,0.04501498490571976,-0.04699482023715973
follower_right,0.5,close_fixed_bottle,52,262,0.045014385133981705,-0.04699492081999779
follower_right,0.5,close_fixed_bottle,53,263,0.04501385986804962,-0.04699469730257988
follower_right,0.5,close_fixed_bottle,54,264,0.04501459002494812,-0.046994760632514954
follower_right,0.5,close_fixed_bottle,55,265,0.045014381408691406,-0.04699493199586868
follower_right,0.5,close_fixed_bottle,56,266,0.04501402750611305,-0.04699471965432167
follower_right,0.5,close_fixed_bottle,57,267,0.04501517117023468,-0.04699166864156723
follower_right,0.5,close_fixed_bottle,58,268,0.045014288276433945,-0.04699480161070824
follower_right,0.5,close_fixed_bottle,59,269,0.04501499608159065,-0.04699493944644928
follower_right,0.5,close_fixed_bottle,60,270,0.04501437395811081,-0.046994954347610474
follower_right,0.5,close_fixed_bottle,61,271,0.04501402750611305,-0.04699469730257988
follower_right,0.5,close_fixed_bottle,62,272,0.04501507431268692,-0.04699169099330902
follower_right,0.5,close_fixed_bottle,63,273,0.04501451924443245,-0.04699496179819107
follower_right,0.5,close_fixed_bottle,64,274,0.04501422867178917,-0.04699471592903137
follower_right,0.5,close_fixed_bottle,65,275,0.045015014708042145,-0.04699493199586868
follower_right,0.5,close_fixed_bottle,66,276,0.045014381408691406,-0.046994902193546295
follower_right,0.5,close_fixed_bottle,67,277,0.04501403123140335,-0.04699470475316048
follower_right,0.5,close_fixed_bottle,68,278,0.04501504823565483,-0.046994905918836594
follower_right,0.5,close_fixed_bottle,69,279,0.045014362782239914,-0.04699493199586868
follower_right,0.5,close_fixed_bottle,70,280,0.045013803988695145,-0.046994585543870926
follower_right,0.5,close_fixed_bottle,71,281,0.04501452296972275,-0.04699472710490227
follower_right,0.5,close_fixed_bottle,72,282,0.045016270130872726,-0.04699511453509331
follower_right,0.5,close_fixed_bottle,73,283,0.04501453787088394,-0.0469948910176754
follower_right,0.5,close_fixed_bottle,74,284,0.04501533880829811,-0.04699496179819107
follower_right,0.5,close_fixed_bottle,75,285,0.04501483216881752,-0.04699515551328659
follower_right,0.5,close_fixed_bottle,76,286,0.045014649629592896,-0.04699510335922241
follower_right,0.5,close_fixed_bottle,77,287,0.04501410201191902,-0.04699484631419182
follower_right,0.5,close_fixed_bottle,78,288,0.045015182346105576,-0.04699495807290077
follower_right,0.5,close_fixed_bottle,79,289,0.0450143925845623,-0.04699492081999779
follower_right,0.5,close_fixed_bottle,80,290,0.04501397907733917,-0.046994615346193314
follower_right,0.5,close_fixed_bottle,81,291,0.04501505568623543,-0.046994972974061966
follower_right,0.5,close_fixed_bottle,82,292,0.04501468688249588,-0.046995073556900024
follower_right,0.5,close_fixed_bottle,83,293,0.04501410946249962,-0.046994782984256744
follower_right,0.5,close_fixed_bottle,84,294,0.04501492530107498,-0.04699484631419182
follower_right,0.5,close_fixed_bottle,85,295,0.04501471295952797,-0.04699200391769409
follower_right,0.5,close_fixed_bottle,86,296,0.04501417651772499,-0.046994633972644806
follower_right,0.5,close_fixed_bottle,87,297,0.045014847069978714,-0.04699486121535301
follower_right,0.5,close_fixed_bottle,88,298,0.04501436650753021,-0.04699491336941719
follower_right,0.5,close_fixed_bottle,89,299,0.04501398652791977,-0.04699468985199928
follower_right,0.5,close_fixed_bottle,90,300,0.045015014708042145,-0.046994857490062714
follower_right,0.5,close_fixed_bottle,91,301,0.04501466453075409,-0.04699511453509331
follower_right,0.5,close_fixed_bottle,92,302,0.0450141504406929,-0.04699481278657913
follower_right,0.5,close_fixed_bottle,93,303,0.04501497745513916,-0.04699480161070824
follower_right,0.5,close_fixed_bottle,94,304,0.04501472786068916,-0.04699508100748062
follower_right,0.5,close_fixed_bottle,95,305,0.045014504343271255,-0.046995002776384354
follower_right,0.5,close_fixed_bottle,96,306,0.045013945549726486,-0.04699460789561272
follower_right,0.5,close_fixed_bottle,97,307,0.04501456022262573,-0.04699486121535301
follower_right,0.5,close_fixed_bottle,98,308,0.045015983283519745,-0.0469948947429657
follower_right,0.5,close_fixed_bottle,99,309,0.04501490294933319,-0.046995144337415695
follower_right,0.5,close_fixed_bottle,100,310,0.04501458257436752,-0.04699508473277092
follower_right,0.5,close_fixed_bottle,101,311,0.045014359056949615,-0.046994924545288086
follower_right,0.5,close_fixed_bottle,102,312,0.045013803988695145,-0.04699469357728958
follower_right,0.5,close_fixed_bottle,103,313,0.04501489922404289,-0.04699494317173958
follower_right,0.5,close_fixed_bottle,104,314,0.04501471668481827,-0.04699510708451271
follower_right,0.5,close_fixed_bottle,105,315,0.04501419886946678,-0.04699481651186943
follower_right,0.5,close_fixed_bottle,106,316,0.04501540586352348,-0.04699157923460007
follower_right,0.5,close_fixed_bottle,107,317,0.04501430690288544,-0.04699473828077316
follower_right,0.5,close_fixed_bottle,108,318,0.04501497745513916,-0.046994876116514206
follower_right,0.5,close_fixed_bottle,109,319,0.04501474276185036,-0.046995095908641815
follower_right,0.5,close_fixed_bottle,110,320,0.04501453414559364,-0.046994954347610474
follower_right,0.5,close_fixed_bottle,111,321,0.04501427710056305,-0.046994853764772415
follower_right,0.5,close_fixed_bottle,112,322,0.04501507058739662,-0.04699494689702988
follower_right,0.5,close_fixed_bottle,113,323,0.0450143925845623,-0.046994902193546295
follower_right,0.5,close_fixed_bottle,114,324,0.04501385614275932,-0.046994686126708984
follower_right,0.5,close_fixed_bottle,115,325,0.04501456767320633,-0.04699481651186943
follower_right,0.5,close_fixed_bottle,116,326,0.045014388859272,-0.046994905918836594
follower_right,0.5,close_fixed_bottle,117,327,0.04501385986804962,-0.04699459671974182
follower_right,0.5,close_fixed_bottle,118,328,0.04501454159617424,-0.04699483886361122
follower_right,0.5,close_fixed_bottle,119,329,0.04501626640558243,-0.04699511453509331
follower_right,0.5,fixed_contact,0,330,0.045014917850494385,-0.046991873532533646
follower_right,0.5,fixed_contact,1,331,0.04501448944211006,-0.04699490964412689
follower_right,0.5,fixed_contact,2,332,0.045013923197984695,-0.04699461907148361
follower_right,0.5,fixed_contact,3,333,0.04501454159617424,-0.0469948947429657
follower_right,0.5,fixed_contact,4,334,0.04501628875732422,-0.0469951257109642
follower_right,0.5,fixed_contact,5,335,0.04501497000455856,-0.04699185863137245
follower_right,0.5,fixed_contact,6,336,0.045014478266239166,-0.046995021402835846
follower_right,0.5,fixed_contact,7,337,0.045013923197984695,-0.046994615346193314
follower_right,0.5,fixed_contact,8,338,0.045014940202236176,-0.0469948872923851
follower_right,0.5,fixed_contact,9,339,0.04501470923423767,-0.04699508473277092
follower_right,0.5,fixed_contact,10,340,0.04501413181424141,-0.046994779258966446
follower_right,0.5,fixed_contact,11,341,0.04501493647694588,-0.04699485003948212
follower_right,0.5,fixed_contact,12,342,0.04501436650753021,-0.046994898468256
follower_right,0.5,fixed_contact,13,343,0.045014023780822754,-0.04699472710490227
follower_right,0.5,fixed_contact,14,344,0.045014698058366776,-0.04699485003948212
follower_right,0.5,fixed_contact,15,345,0.0450144037604332,-0.04699493944644928
follower_right,0.5,fixed_contact,16,346,0.045014023780822754,-0.046994708478450775
follower_right,0.5,fixed_contact,17,347,0.04501504451036453,-0.0469948910176754
follower_right,0.5,fixed_contact,18,348,0.04501466453075409,-0.04699511080980301
follower_right,0.5,fixed_contact,19,349,0.045014526695013046,-0.046991828829050064
follower_right,0.5,fixed_contact,20,350,0.045014020055532455,-0.046994663774967194
follower_right,0.5,fixed_contact,21,351,0.04501482844352722,-0.04699486494064331
follower_right,0.5,fixed_contact,22,352,0.04501432180404663,-0.046994905918836594
follower_right,0.5,fixed_contact,23,353,0.04501400142908096,-0.04699468985199928
follower_right,0.5,fixed_contact,24,354,0.04501499980688095,-0.046994928270578384
follower_right,0.5,fixed_contact,25,355,0.045014388859272,-0.046994879841804504
follower_right,0.5,fixed_contact,26,356,0.045013830065727234,-0.046994637697935104
follower_right,0.5,fixed_contact,27,357,0.04501451924443245,-0.046994734555482864
follower_right,0.5,fixed_contact,28,358,0.04501623660326004,-0.0469951331615448
follower_right,0.5,fixed_contact,29,359,0.04501456767320633,-0.046994805335998535
follower_right,0.5,fixed_contact,30,360,0.0450139120221138,-0.04699469357728958
follower_right,0.5,fixed_contact,31,361,0.04501497745513916,-0.046991754323244095
follower_right,0.5,fixed_contact,32,362,0.04501451924443245,-0.04699498042464256
follower_right,0.5,fixed_contact,33,363,0.04501420259475708,-0.046994805335998535
follower_right,0.5,fixed_contact,34,364,0.04501497372984886,-0.046994924545288086
follower_right,0.5,fixed_contact,35,365,0.0450143925845623,-0.04699479788541794
follower_right,0.5,fixed_contact,36,366,0.045014020055532455,-0.04699470475316048
follower_right,0.5,fixed_contact,37,367,0.045014746487140656,-0.046994827687740326
follower_right,0.5,fixed_contact,38,368,0.04501625522971153,-0.046995144337415695
follower_right,0.5,fixed_contact,39,369,0.045014891773462296,-0.04699188098311424
follower_right,0.5,fixed_contact,40,370,0.045014455914497375,-0.04699499532580376
follower_right,0.5,fixed_contact,41,371,0.045013923197984695,-0.04699467495083809
follower_right,0.5,fixed_contact,42,372,0.04501456022262573,-0.04699477180838585
follower_right,0.5,fixed_contact,43,373,0.04501470550894737,-0.0469951331615448
follower_right,0.5,fixed_contact,44,374,0.045014213770627975,-0.04699482023715973
follower_right,0.5,fixed_contact,45,375,0.045015379786491394,-0.04699491709470749
follower_right,0.5,fixed_contact,46,376,0.04501437023282051,-0.046994876116514206
follower_right,0.5,fixed_contact,47,377,0.045013993978500366,-0.04699467495083809
follower_right,0.5,fixed_contact,48,378,0.04501500725746155,-0.046994876116514206
follower_right,0.5,fixed_contact,49,379,0.04501437023282051,-0.04699480161070824
follower_right,0.5,fixed_contact,50,380,0.04501382261514664,-0.04699467122554779
follower_right,0.5,fixed_contact,51,381,0.04501456767320633,-0.04699484258890152
follower_right,0.5,fixed_contact,52,382,0.04501635953783989,-0.04699151962995529
follower_right,0.5,fixed_contact,53,383,0.04501476138830185,-0.04699185863137245
follower_right,0.5,fixed_contact,54,384,0.04501425847411156,-0.04699477180838585
follower_right,0.5,fixed_contact,55,385,0.045015059411525726,-0.046994954347610474
follower_right,0.5,fixed_contact,56,386,0.04501443728804588,-0.046994879841804504
follower_right,0.5,fixed_contact,57,387,0.045013874769210815,-0.04699472710490227
follower_right,0.5,fixed_contact,58,388,0.0450148768723011,-0.046994924545288086
follower_right,0.5,fixed_contact,59,389,0.045014671981334686,-0.0469951257109642
follower_right,0.5,released_hold,0,390,0.044200703501701355,-0.04780202358961105
follower_right,0.5,released_hold,1,391,0.04322927072644234,-0.04876663535833359
follower_right,0.5,released_hold,2,392,0.04231748357415199,-0.04968294873833656
follower_right,0.5,released_hold,3,393,0.04149598628282547,-0.05050107091665268
follower_right,0.5,released_hold,4,394,0.04072163626551628,-0.05126587674021721
follower_right,0.5,released_hold,5,395,0.04007421061396599,-0.05192780867218971
follower_right,0.5,released_hold,6,396,0.03960450366139412,-0.05238709971308708
follower_right,0.5,released_hold,7,397,0.039258070290088654,-0.05274245887994766
follower_right,0.5,released_hold,8,398,0.038954105228185654,-0.053044117987155914
follower_right,0.5,released_hold,9,399,0.03866731375455856,-0.05334542691707611
follower_right,0.5,released_hold,10,400,0.03849358111619949,-0.05347001552581787
follower_right,0.5,released_hold,11,401,0.03829627111554146,-0.053710613399744034
follower_right,0.5,released_hold,12,402,0.03819548338651657,-0.053814154118299484
follower_right,0.5,released_hold,13,403,0.038023337721824646,-0.05379010736942291
follower_right,0.5,released_hold,14,404,0.037971556186676025,-0.05417522415518761
follower_right,0.5,released_hold,15,405,0.03772110491991043,-0.05423876643180847
follower_right,0.5,released_hold,16,406,0.03767768293619156,-0.054324399679899216
follower_right,0.5,released_hold,17,407,0.03768477961421013,-0.054397065192461014
follower_right,0.5,released_hold,18,408,0.037575863301754,-0.054380785673856735
follower_right,0.5,released_hold,19,409,0.036892373114824295,-0.053792938590049744
follower_right,0.5,released_hold,20,410,0.035184577107429504,-0.0520857498049736
follower_right,0.5,released_hold,21,411,0.03263428434729576,-0.049341339617967606
follower_right,0.5,released_hold,22,412,0.029474573209881783,-0.04571756720542908
follower_right,0.5,released_hold,23,413,0.025967270135879517,-0.04143460467457771
follower_right,0.5,released_hold,24,414,0.022381164133548737,-0.03675663098692894
follower_right,0.5,released_hold,25,415,0.02100003883242607,-0.031969279050827026
follower_right,0.5,released_hold,26,416,0.021199893206357956,-0.028626099228858948
follower_right,0.5,released_hold,27,417,0.020999999716877937,-0.02647782303392887
follower_right,0.5,released_hold,28,418,0.021058570593595505,-0.024995852261781693
follower_right,0.5,released_hold,29,419,0.020999999716877937,-0.02404552511870861
follower_right,0.5,released_hold,30,420,0.02101936750113964,-0.023412181064486504
follower_right,0.5,released_hold,31,421,0.020999999716877937,-0.02301698923110962
follower_right,0.5,released_hold,32,422,0.021004609763622284,-0.02277047373354435
follower_right,0.5,released_hold,33,423,0.020999999716877937,-0.02262633852660656
follower_right,0.5,released_hold,34,424,0.02100195363163948,-0.02255094051361084
follower_right,0.5,released_hold,35,425,0.021000219509005547,-0.02252041921019554
follower_right,0.5,released_hold,36,426,0.02100030891597271,-0.02251075953245163
follower_right,0.5,released_hold,37,427,0.021003231406211853,-0.02250666357576847
follower_right,0.5,released_hold,38,428,0.0210060216486454,-0.02250288426876068
follower_right,0.5,released_hold,39,429,0.02100858837366104,-0.02249925024807453
follower_right,0.5,released_hold,40,430,0.021010976284742355,-0.022495729848742485
follower_right,0.5,released_hold,41,431,0.021013187244534492,-0.02249232307076454
follower_right,0.5,released_hold,42,432,0.021015245467424393,-0.022489033639431
follower_right,0.5,released_hold,43,433,0.021017173305153847,-0.022485852241516113
follower_right,0.5,released_hold,44,434,0.02101898565888405,-0.02248276025056839
follower_right,0.5,released_hold,45,435,0.02102070488035679,-0.022479750216007233
follower_right,0.5,released_hold,46,436,0.02102232165634632,-0.022476831451058388
follower_right,0.5,released_hold,47,437,0.02102232165634632,-0.022476831451058388
follower_right,0.5,released_hold,48,438,0.02102232165634632,-0.022476831451058388
follower_right,0.5,released_hold,49,439,0.02102232165634632,-0.022476831451058388
follower_right,0.5,released_hold,50,440,0.02102232165634632,-0.022476831451058388
follower_right,0.5,released_hold,51,441,0.02102232165634632,-0.022476831451058388
follower_right,0.5,released_hold,52,442,0.02102232165634632,-0.022476831451058388
follower_right,0.5,released_hold,53,443,0.02102232165634632,-0.022476831451058388
follower_right,0.5,released_hold,54,444,0.02102232165634632,-0.022476831451058388
follower_right,0.5,released_hold,55,445,0.02102232165634632,-0.022476831451058388
follower_right,0.5,released_hold,56,446,0.02102232165634632,-0.022476831451058388
follower_right,0.5,released_hold,57,447,0.02102232165634632,-0.022476831451058388
follower_right,0.5,released_hold,58,448,0.02102232165634632,-0.022476831451058388
follower_right,0.5,released_hold,59,449,0.02102232165634632,-0.022476831451058388
follower_right,0.5,released_hold,60,450,0.02102232165634632,-0.022476831451058388
follower_right,0.5,released_hold,61,451,0.02102232165634632,-0.022476831451058388
follower_right,0.5,released_hold,62,452,0.02102232165634632,-0.022476831451058388
follower_right,0.5,released_hold,63,453,0.02102232165634632,-0.022476831451058388
follower_right,0.5,released_hold,64,454,0.02102232165634632,-0.022476831451058388
follower_right,0.5,released_hold,65,455,0.02102232165634632,-0.022476831451058388
follower_right,0.5,released_hold,66,456,0.02102232165634632,-0.022476831451058388
follower_right,0.5,released_hold,67,457,0.02102232165634632,-0.022476831451058388
follower_right,0.5,released_hold,68,458,0.02102232165634632,-0.022476831451058388
follower_right,0.5,released_hold,69,459,0.02102232165634632,-0.022476831451058388
follower_right,0.5,released_hold,70,460,0.02102232165634632,-0.022476831451058388
follower_right,0.5,released_hold,71,461,0.02102232165634632,-0.022476831451058388
follower_right,0.5,released_hold,72,462,0.02102232165634632,-0.022476831451058388
follower_right,0.5,released_hold,73,463,0.02102232165634632,-0.022476831451058388
follower_right,0.5,released_hold,74,464,0.02102232165634632,-0.022476831451058388
follower_right,0.5,released_hold,75,465,0.02102232165634632,-0.022476831451058388
follower_right,0.5,released_hold,76,466,0.02102232165634632,-0.022476831451058388
follower_right,0.5,released_hold,77,467,0.02102232165634632,-0.022476831451058388
follower_right,0.5,released_hold,78,468,0.02102232165634632,-0.022476831451058388
follower_right,0.5,released_hold,79,469,0.02102232165634632,-0.022476831451058388
follower_right,0.5,released_hold,80,470,0.02102232165634632,-0.022476831451058388
follower_right,0.5,released_hold,81,471,0.02102232165634632,-0.022476831451058388
follower_right,0.5,released_hold,82,472,0.02102232165634632,-0.022476831451058388
follower_right,0.5,released_hold,83,473,0.02102232165634632,-0.022476831451058388
follower_right,0.5,released_hold,84,474,0.02102232165634632,-0.022476831451058388
follower_right,0.5,released_hold,85,475,0.02102232165634632,-0.022476831451058388
follower_right,0.5,released_hold,86,476,0.02102232165634632,-0.022476831451058388
follower_right,0.5,released_hold,87,477,0.02102232165634632,-0.022476831451058388
follower_right,0.5,released_hold,88,478,0.02102232165634632,-0.022476831451058388
follower_right,0.5,released_hold,89,479,0.02102232165634632,-0.022476831451058388
follower_right,0.5,released_hold,90,480,0.02102232165634632,-0.022476831451058388
follower_right,0.5,released_hold,91,481,0.02102232165634632,-0.022476831451058388
follower_right,0.5,released_hold,92,482,0.02102232165634632,-0.022476831451058388
follower_right,0.5,released_hold,93,483,0.02102232165634632,-0.022476831451058388
follower_right,0.5,released_hold,94,484,0.02102232165634632,-0.022476831451058388
follower_right,0.5,released_hold,95,485,0.02102232165634632,-0.022476831451058388
follower_right,0.5,released_hold,96,486,0.02102232165634632,-0.022476831451058388
follower_right,0.5,released_hold,97,487,0.02102232165634632,-0.022476831451058388
follower_right,0.5,released_hold,98,488,0.02102232165634632,-0.022476831451058388
follower_right,0.5,released_hold,99,489,0.02102232165634632,-0.022476831451058388
follower_right,0.5,released_hold,100,490,0.02102232165634632,-0.022476831451058388
follower_right,0.5,released_hold,101,491,0.02102232165634632,-0.022476831451058388
follower_right,0.5,released_hold,102,492,0.02102232165634632,-0.022476831451058388
follower_right,0.5,released_hold,103,493,0.02102232165634632,-0.022476831451058388
follower_right,0.5,released_hold,104,494,0.02102232165634632,-0.022476831451058388
follower_right,0.5,released_hold,105,495,0.02102232165634632,-0.022476831451058388
follower_right,0.5,released_hold,106,496,0.02102232165634632,-0.022476831451058388
follower_right,0.5,released_hold,107,497,0.02102232165634632,-0.022476831451058388
follower_right,0.5,released_hold,108,498,0.02102232165634632,-0.022476831451058388
follower_right,0.5,released_hold,109,499,0.02102232165634632,-0.022476831451058388
follower_right,0.5,released_hold,110,500,0.02102232165634632,-0.022476831451058388
follower_right,0.5,released_hold,111,501,0.02102232165634632,-0.022476831451058388
follower_right,0.5,released_hold,112,502,0.02102232165634632,-0.022476831451058388
follower_right,0.5,released_hold,113,503,0.02102232165634632,-0.022476831451058388
follower_right,0.5,released_hold,114,504,0.02102232165634632,-0.022476831451058388
follower_right,0.5,released_hold,115,505,0.02102232165634632,-0.022476831451058388
follower_right,0.5,released_hold,116,506,0.02102232165634632,-0.022476831451058388
follower_right,0.5,released_hold,117,507,0.02102232165634632,-0.022476831451058388
follower_right,0.5,released_hold,118,508,0.02102232165634632,-0.022476831451058388
follower_right,0.5,released_hold,119,509,0.02102232165634632,-0.022476831451058388
follower_right,0.7,settle,0,0,0.022094612941145897,-0.013814005069434643
follower_right,0.7,settle,1,1,0.02163606323301792,-0.013913676142692566
follower_right,0.7,settle,2,2,0.021238692104816437,-0.014087032526731491
follower_right,0.7,settle,3,3,0.020999999716877937,-0.014291265979409218
follower_right,0.7,settle,4,4,0.02100001834332943,-0.014695056714117527
follower_right,0.7,settle,5,5,0.021000005304813385,-0.015190500766038895
follower_right,0.7,settle,6,6,0.021053649485111237,-0.015716349706053734
follower_right,0.7,settle,7,7,0.021155502647161484,-0.016223052516579628
follower_right,0.7,settle,8,8,0.02126016840338707,-0.016701366752386093
follower_right,0.7,settle,9,9,0.0213537085801363,-0.01714230701327324
follower_right,0.7,settle,10,10,0.02143426612019539,-0.01754230074584484
follower_right,0.7,settle,11,11,0.02150297351181507,-0.01789994351565838
follower_right,0.7,settle,12,12,0.021560512483119965,-0.018215607851743698
follower_right,0.7,settle,13,13,0.021606968715786934,-0.018492121249437332
follower_right,0.7,settle,14,14,0.02164399065077305,-0.018733004108071327
follower_right,0.7,settle,15,15,0.02167394571006298,-0.01894216239452362
follower_right,0.7,settle,16,16,0.02169812098145485,-0.0191225316375494
follower_right,0.7,settle,17,17,0.021716831251978874,-0.019276553764939308
follower_right,0.7,settle,18,18,0.021731186658143997,-0.019407423213124275
follower_right,0.7,settle,19,19,0.021742284297943115,-0.019518207758665085
follower_right,0.7,settle,20,20,0.02175092324614525,-0.019611239433288574
follower_right,0.7,settle,21,21,0.021757598966360092,-0.019688677042722702
follower_right,0.7,settle,22,22,0.021762818098068237,-0.019752854481339455
follower_right,0.7,settle,23,23,0.021767131984233856,-0.01980600878596306
follower_right,0.7,settle,24,24,0.02177136391401291,-0.019849877804517746
follower_right,0.7,settle,25,25,0.021775417029857635,-0.019885854795575142
follower_right,0.7,settle,26,26,0.02177903801202774,-0.019915292039513588
follower_right,0.7,settle,27,27,0.021782441064715385,-0.019939467310905457
follower_right,0.7,settle,28,28,0.021785760298371315,-0.01995939575135708
follower_right,0.7,settle,29,29,0.021789012476801872,-0.019975805655121803
follower_right,0.7,settle,30,30,0.021792175248265266,-0.01998932659626007
follower_right,0.7,settle,31,31,0.021795282140374184,-0.02000056579709053
follower_right,0.7,settle,32,32,0.021798336878418922,-0.02001004107296467
follower_right,0.7,settle,33,33,0.021801337599754333,-0.02001807652413845
follower_right,0.7,settle,34,34,0.02180425636470318,-0.020024938508868217
follower_right,0.7,settle,35,35,0.02180425636470318,-0.020024938508868217
follower_right,0.7,settle,36,36,0.02180425636470318,-0.020024938508868217
follower_right,0.7,settle,37,37,0.02180425636470318,-0.020024938508868217
follower_right,0.7,settle,38,38,0.02180425636470318,-0.020024938508868217
follower_right,0.7,settle,39,39,0.02180425636470318,-0.020024938508868217
follower_right,0.7,settle,40,40,0.02180425636470318,-0.020024938508868217
follower_right,0.7,settle,41,41,0.02180425636470318,-0.020024938508868217
follower_right,0.7,settle,42,42,0.02180425636470318,-0.020024938508868217
follower_right,0.7,settle,43,43,0.02180425636470318,-0.020024938508868217
follower_right,0.7,settle,44,44,0.02180425636470318,-0.020024938508868217
follower_right,0.7,settle,45,45,0.02180425636470318,-0.020024938508868217
follower_right,0.7,settle,46,46,0.02180425636470318,-0.020024938508868217
follower_right,0.7,settle,47,47,0.02180425636470318,-0.020024938508868217
follower_right,0.7,settle,48,48,0.02180425636470318,-0.020024938508868217
follower_right,0.7,settle,49,49,0.02180425636470318,-0.020024938508868217
follower_right,0.7,settle,50,50,0.02180425636470318,-0.020024938508868217
follower_right,0.7,settle,51,51,0.02180425636470318,-0.020024938508868217
follower_right,0.7,settle,52,52,0.02180425636470318,-0.020024938508868217
follower_right,0.7,settle,53,53,0.02180425636470318,-0.020024938508868217
follower_right,0.7,settle,54,54,0.02180425636470318,-0.020024938508868217
follower_right,0.7,settle,55,55,0.02180425636470318,-0.020024938508868217
follower_right,0.7,settle,56,56,0.02180425636470318,-0.020024938508868217
follower_right,0.7,settle,57,57,0.02180425636470318,-0.020024938508868217
follower_right,0.7,settle,58,58,0.02180425636470318,-0.020024938508868217
follower_right,0.7,settle,59,59,0.02180425636470318,-0.020024938508868217
follower_right,0.7,open,0,60,0.024399902671575546,-0.02004406601190567
follower_right,0.7,open,1,61,0.029517928138375282,-0.02220611274242401
follower_right,0.7,open,2,62,0.03624122962355614,-0.026648592203855515
follower_right,0.7,open,3,63,0.04392533749341965,-0.03298792243003845
follower_right,0.7,open,4,64,0.05194766819477081,-0.04067753627896309
follower_right,0.7,open,5,65,0.05699998885393143,-0.04912130907177925
follower_right,0.7,open,6,66,0.05699988827109337,-0.05442742258310318
follower_right,0.7,open,7,67,0.05700000002980232,-0.057619694620370865
follower_right,0.7,open,8,68,0.05700000002980232,-0.059379544109106064
follower_right,0.7,open,9,69,0.05700000002980232,-0.06019428372383118
follower_right,0.7,open,10,70,0.05700000002980232,-0.060403063893318176
follower_right,0.7,open,11,71,0.05699998885393143,-0.060346223413944244
follower_right,0.7,open,12,72,0.05699998140335083,-0.06022407487034798
follower_right,0.7,open,13,73,0.05699997767806053,-0.06007074937224388
follower_right,0.7,open,14,74,0.05699998885393143,-0.05990797281265259
follower_right,0.7,open,15,75,0.05699998140335083,-0.059748273342847824
follower_right,0.7,open,16,76,0.056999966502189636,-0.059598878026008606
follower_right,0.7,open,17,77,0.056999947875738144,-0.05946428328752518
follower_right,0.7,open,18,78,0.056999947875738144,-0.059346314519643784
follower_right,0.7,open,19,79,0.056999921798706055,-0.05924474820494652
follower_right,0.7,open,20,80,0.056999918073415756,-0.05915825441479683
follower_right,0.7,open,21,81,0.05699992924928665,-0.05908548831939697
follower_right,0.7,open,22,82,0.056999944150447845,-0.05902509391307831
follower_right,0.7,open,23,83,0.05699993669986725,-0.05897551402449608
follower_right,0.7,open,24,84,0.056999921798706055,-0.0589350089430809
follower_right,0.7,open,25,85,0.056999921798706055,-0.0589350089430809
follower_right,0.7,open,26,86,0.056999921798706055,-0.0589350089430809
follower_right,0.7,open,27,87,0.056999921798706055,-0.0589350089430809
follower_right,0.7,open,28,88,0.056999921798706055,-0.0589350089430809
follower_right,0.7,open,29,89,0.056999921798706055,-0.0589350089430809
follower_right,0.7,open,30,90,0.056999921798706055,-0.0589350089430809
follower_right,0.7,open,31,91,0.056999921798706055,-0.0589350089430809
follower_right,0.7,open,32,92,0.056999921798706055,-0.0589350089430809
follower_right,0.7,open,33,93,0.056999921798706055,-0.0589350089430809
follower_right,0.7,open,34,94,0.056999921798706055,-0.0589350089430809
follower_right,0.7,open,35,95,0.056999921798706055,-0.0589350089430809
follower_right,0.7,open,36,96,0.056999921798706055,-0.0589350089430809
follower_right,0.7,open,37,97,0.056999921798706055,-0.0589350089430809
follower_right,0.7,open,38,98,0.056999921798706055,-0.0589350089430809
follower_right,0.7,open,39,99,0.056999921798706055,-0.0589350089430809
follower_right,0.7,open,40,100,0.056999921798706055,-0.0589350089430809
follower_right,0.7,open,41,101,0.056999921798706055,-0.0589350089430809
follower_right,0.7,open,42,102,0.056999921798706055,-0.0589350089430809
follower_right,0.7,open,43,103,0.056999921798706055,-0.0589350089430809
follower_right,0.7,open,44,104,0.056999921798706055,-0.0589350089430809
follower_right,0.7,open,45,105,0.056999921798706055,-0.0589350089430809
follower_right,0.7,open,46,106,0.056999921798706055,-0.0589350089430809
follower_right,0.7,open,47,107,0.056999921798706055,-0.0589350089430809
follower_right,0.7,open,48,108,0.056999921798706055,-0.0589350089430809
follower_right,0.7,open,49,109,0.056999921798706055,-0.0589350089430809
follower_right,0.7,open,50,110,0.056999921798706055,-0.0589350089430809
follower_right,0.7,open,51,111,0.056999921798706055,-0.0589350089430809
follower_right,0.7,open,52,112,0.056999921798706055,-0.0589350089430809
follower_right,0.7,open,53,113,0.056999921798706055,-0.0589350089430809
follower_right,0.7,open,54,114,0.056999921798706055,-0.0589350089430809
follower_right,0.7,open,55,115,0.056999921798706055,-0.0589350089430809
follower_right,0.7,open,56,116,0.056999921798706055,-0.0589350089430809
follower_right,0.7,open,57,117,0.056999921798706055,-0.0589350089430809
follower_right,0.7,open,58,118,0.056999921798706055,-0.0589350089430809
follower_right,0.7,open,59,119,0.056999921798706055,-0.0589350089430809
follower_right,0.7,open,60,120,0.056999921798706055,-0.0589350089430809
follower_right,0.7,open,61,121,0.056999921798706055,-0.0589350089430809
follower_right,0.7,open,62,122,0.056999921798706055,-0.0589350089430809
follower_right,0.7,open,63,123,0.056999921798706055,-0.0589350089430809
follower_right,0.7,open,64,124,0.056999921798706055,-0.0589350089430809
follower_right,0.7,open,65,125,0.056999921798706055,-0.0589350089430809
follower_right,0.7,open,66,126,0.056999921798706055,-0.0589350089430809
follower_right,0.7,open,67,127,0.056999921798706055,-0.0589350089430809
follower_right,0.7,open,68,128,0.056999921798706055,-0.0589350089430809
follower_right,0.7,open,69,129,0.056999921798706055,-0.0589350089430809
follower_right,0.7,open,70,130,0.056999921798706055,-0.0589350089430809
follower_right,0.7,open,71,131,0.056999921798706055,-0.0589350089430809
follower_right,0.7,open,72,132,0.056999921798706055,-0.0589350089430809
follower_right,0.7,open,73,133,0.056999921798706055,-0.0589350089430809
follower_right,0.7,open,74,134,0.056999921798706055,-0.0589350089430809
follower_right,0.7,open,75,135,0.056999921798706055,-0.0589350089430809
follower_right,0.7,open,76,136,0.056999921798706055,-0.0589350089430809
follower_right,0.7,open,77,137,0.056999921798706055,-0.0589350089430809
follower_right,0.7,open,78,138,0.056999921798706055,-0.0589350089430809
follower_right,0.7,open,79,139,0.056999921798706055,-0.0589350089430809
follower_right,0.7,open,80,140,0.056999921798706055,-0.0589350089430809
follower_right,0.7,open,81,141,0.056999921798706055,-0.0589350089430809
follower_right,0.7,open,82,142,0.056999921798706055,-0.0589350089430809
follower_right,0.7,open,83,143,0.056999921798706055,-0.0589350089430809
follower_right,0.7,open,84,144,0.056999921798706055,-0.0589350089430809
follower_right,0.7,open,85,145,0.056999921798706055,-0.0589350089430809
follower_right,0.7,open,86,146,0.056999921798706055,-0.0589350089430809
follower_right,0.7,open,87,147,0.056999921798706055,-0.0589350089430809
follower_right,0.7,open,88,148,0.056999921798706055,-0.0589350089430809
follower_right,0.7,open,89,149,0.056999921798706055,-0.0589350089430809
follower_right,0.7,fixed_bottle_settle,0,150,0.056999921798706055,-0.0589350089430809
follower_right,0.7,fixed_bottle_settle,1,151,0.056616999208927155,-0.05904397368431091
follower_right,0.7,fixed_bottle_settle,2,152,0.05699725076556206,-0.05867401137948036
follower_right,0.7,fixed_bottle_settle,3,153,0.05693918839097023,-0.058303866535425186
follower_right,0.7,fixed_bottle_settle,4,154,0.05689847096800804,-0.0580994114279747
follower_right,0.7,fixed_bottle_settle,5,155,0.056881099939346313,-0.05799529701471329
follower_right,0.7,fixed_bottle_settle,6,156,0.05688057094812393,-0.057949863374233246
follower_right,0.7,fixed_bottle_settle,7,157,0.05688502639532089,-0.05793887376785278
follower_right,0.7,fixed_bottle_settle,8,158,0.05689186230301857,-0.05793874338269234
follower_right,0.7,fixed_bottle_settle,9,159,0.0568993017077446,-0.05793970450758934
follower_right,0.7,fixed_bottle_settle,10,160,0.056905824691057205,-0.05794014036655426
follower_right,0.7,fixed_bottle_settle,11,161,0.05691184476017952,-0.05794302001595497
follower_right,0.7,fixed_bottle_settle,12,162,0.05691852420568466,-0.057948797941207886
follower_right,0.7,fixed_bottle_settle,13,163,0.056925710290670395,-0.05795562267303467
follower_right,0.7,fixed_bottle_settle,14,164,0.05693294480443001,-0.05796365439891815
follower_right,0.7,fixed_bottle_settle,15,165,0.056940216571092606,-0.05797288194298744
follower_right,0.7,fixed_bottle_settle,16,166,0.05694732069969177,-0.05798221006989479
follower_right,0.7,fixed_bottle_settle,17,167,0.05695415288209915,-0.057991210371255875
follower_right,0.7,fixed_bottle_settle,18,168,0.056960269808769226,-0.05799981951713562
follower_right,0.7,fixed_bottle_settle,19,169,0.056965313851833344,-0.05800845846533775
follower_right,0.7,fixed_bottle_settle,20,170,0.05696940794587135,-0.05801616609096527
follower_right,0.7,fixed_bottle_settle,21,171,0.05697263032197952,-0.05802332982420921
follower_right,0.7,fixed_bottle_settle,22,172,0.056975189596414566,-0.058029670268297195
follower_right,0.7,fixed_bottle_settle,23,173,0.0569775216281414,-0.05803464725613594
follower_right,0.7,fixed_bottle_settle,24,174,0.056979674845933914,-0.0580390989780426
follower_right,0.7,fixed_bottle_settle,25,175,0.05698133632540703,-0.05804404616355896
follower_right,0.7,fixed_bottle_settle,26,176,0.056982703506946564,-0.05804874002933502
follower_right,0.7,fixed_bottle_settle,27,177,0.05698410049080849,-0.05805293843150139
follower_right,0.7,fixed_bottle_settle,28,178,0.056985486298799515,-0.0580567941069603
follower_right,0.7,fixed_bottle_settle,29,179,0.05698668584227562,-0.05806102231144905
follower_right,0.7,fixed_bottle_settle,30,180,0.05698784068226814,-0.05806512385606766
follower_right,0.7,fixed_bottle_settle,31,181,0.05698896944522858,-0.05806879326701164
follower_right,0.7,fixed_bottle_settle,32,182,0.056990113109350204,-0.05807241052389145
follower_right,0.7,fixed_bottle_settle,33,183,0.05699027702212334,-0.058076001703739166
follower_right,0.7,fixed_bottle_settle,34,184,0.05699065327644348,-0.058079347014427185
follower_right,0.7,fixed_bottle_settle,35,185,0.056990865617990494,-0.0580831877887249
follower_right,0.7,fixed_bottle_settle,36,186,0.05699118971824646,-0.05808709189295769
follower_right,0.7,fixed_bottle_settle,37,187,0.05699186772108078,-0.05809012055397034
follower_right,0.7,fixed_bottle_settle,38,188,0.056992121040821075,-0.05809411406517029
follower_right,0.7,fixed_bottle_settle,39,189,0.05699238181114197,-0.058098431676626205
follower_right,0.7,fixed_bottle_settle,40,190,0.05699295923113823,-0.05810233950614929
follower_right,0.7,fixed_bottle_settle,41,191,0.05699339509010315,-0.05810640752315521
follower_right,0.7,fixed_bottle_settle,42,192,0.05699395760893822,-0.05811045691370964
follower_right,0.7,fixed_bottle_settle,43,193,0.05699465796351433,-0.05811404436826706
follower_right,0.7,fixed_bottle_settle,44,194,0.05699531361460686,-0.05811777338385582
follower_right,0.7,fixed_bottle_settle,45,195,0.05699574574828148,-0.05812195688486099
follower_right,0.7,fixed_bottle_settle,46,196,0.05699582397937775,-0.05812639743089676
follower_right,0.7,fixed_bottle_settle,47,197,0.05699614807963371,-0.058130670338869095
follower_right,0.7,fixed_bottle_settle,48,198,0.056996166706085205,-0.058135032653808594
follower_right,0.7,fixed_bottle_settle,49,199,0.05699632316827774,-0.058139342814683914
follower_right,0.7,fixed_bottle_settle,50,200,0.05699625983834267,-0.058143142610788345
follower_right,0.7,fixed_bottle_settle,51,201,0.05699652433395386,-0.05814661830663681
follower_right,0.7,fixed_bottle_settle,52,202,0.05699659511446953,-0.058149758726358414
follower_right,0.7,fixed_bottle_settle,53,203,0.056996677070856094,-0.058152299374341965
follower_right,0.7,fixed_bottle_settle,54,204,0.05699620395898819,-0.05815475806593895
follower_right,0.7,fixed_bottle_settle,55,205,0.056996431201696396,-0.05815683305263519
follower_right,0.7,fixed_bottle_settle,56,206,0.056996650993824005,-0.058158524334430695
follower_right,0.7,fixed_bottle_settle,57,207,0.05699639022350311,-0.058160483837127686
follower_right,0.7,fixed_bottle_settle,58,208,0.05699644610285759,-0.058162789791822433
follower_right,0.7,fixed_bottle_settle,59,209,0.056996315717697144,-0.05816522240638733
follower_right,0.7,close_fixed_bottle,0,210,0.05428704619407654,-0.05815757438540459
follower_right,0.7,close_fixed_bottle,1,211,0.04898688569664955,-0.05595030263066292
follower_right,0.7,close_fixed_bottle,2,212,0.045186031609773636,-0.051423124969005585
follower_right,0.7,close_fixed_bottle,3,213,0.04511580616235733,-0.04862179607152939
follower_right,0.7,close_fixed_bottle,4,214,0.045093927532434464,-0.04700513929128647
follower_right,0.7,close_fixed_bottle,5,215,0.045083995908498764,-0.047004349529743195
follower_right,0.7,close_fixed_bottle,6,216,0.04506451636552811,-0.0470028854906559
follower_right,0.7,close_fixed_bottle,7,217,0.04505390301346779,-0.04700165614485741
follower_right,0.7,close_fixed_bottle,8,218,0.04504743218421936,-0.0470006950199604
follower_right,0.7,close_fixed_bottle,9,219,0.04504166543483734,-0.04699983820319176
follower_right,0.7,close_fixed_bottle,10,220,0.04503738135099411,-0.04699921980500221
follower_right,0.7,close_fixed_bottle,11,221,0.0450323112308979,-0.04699895530939102
follower_right,0.7,close_fixed_bottle,12,222,0.045033182948827744,-0.04699793830513954
follower_right,0.7,close_fixed_bottle,13,223,0.04502454772591591,-0.04699300602078438
follower_right,0.7,close_fixed_bottle,14,224,0.04501919075846672,-0.046997811645269394
follower_right,0.7,close_fixed_bottle,15,225,0.04501692205667496,-0.046996377408504486
follower_right,0.7,close_fixed_bottle,16,226,0.045016344636678696,-0.04699617251753807
follower_right,0.7,close_fixed_bottle,17,227,0.045014988631010056,-0.04699559882283211
follower_right,0.7,close_fixed_bottle,18,228,0.04501209035515785,-0.04699510708451271
follower_right,0.7,close_fixed_bottle,19,229,0.04501521959900856,-0.04699505865573883
follower_right,0.7,close_fixed_bottle,20,230,0.04501352459192276,-0.0469946563243866
follower_right,0.7,close_fixed_bottle,21,231,0.04501235485076904,-0.046994466334581375
follower_right,0.7,close_fixed_bottle,22,232,0.045013412833213806,-0.04699455574154854
follower_right,0.7,close_fixed_bottle,23,233,0.04501308128237724,-0.04699430242180824
follower_right,0.7,close_fixed_bottle,24,234,0.045012760907411575,-0.04699426889419556
follower_right,0.7,close_fixed_bottle,25,235,0.04501451924443245,-0.04699435457587242
follower_right,0.7,close_fixed_bottle,26,236,0.04501120001077652,-0.04699409380555153
follower_right,0.7,close_fixed_bottle,27,237,0.045013342052698135,-0.04699411243200302
follower_right,0.7,close_fixed_bottle,28,238,0.045013803988695145,-0.04699414595961571
follower_right,0.7,close_fixed_bottle,29,239,0.04501376673579216,-0.04699414595961571
follower_right,0.7,close_fixed_bottle,30,240,0.04501371085643768,-0.04699408635497093
follower_right,0.7,close_fixed_bottle,31,241,0.045013733208179474,-0.0469941608607769
follower_right,0.7,close_fixed_bottle,32,242,0.0450141467154026,-0.04699422046542168
follower_right,0.7,close_fixed_bottle,33,243,0.04501296579837799,-0.04699403792619705
follower_right,0.7,close_fixed_bottle,34,244,0.04501238465309143,-0.04699399694800377
follower_right,0.7,close_fixed_bottle,35,245,0.04501371830701828,-0.04699414223432541
follower_right,0.7,close_fixed_bottle,36,246,0.045012615621089935,-0.046993859112262726
follower_right,0.7,close_fixed_bottle,37,247,0.045012760907411575,-0.04699404910206795
follower_right,0.7,close_fixed_bottle,38,248,0.04501358047127724,-0.046993985772132874
follower_right,0.7,close_fixed_bottle,39,249,0.04501413553953171,-0.046994052827358246
follower_right,0.7,close_fixed_bottle,40,250,0.04501400515437126,-0.046994056552648544
follower_right,0.7,close_fixed_bottle,41,251,0.04501360282301903,-0.04699400067329407
follower_right,0.7,close_fixed_bottle,42,252,0.04501360282301903,-0.046994008123874664
follower_right,0.7,close_fixed_bottle,43,253,0.04501406103372574,-0.04699409380555153
follower_right,0.7,close_fixed_bottle,44,254,0.04501405730843544,-0.046994104981422424
follower_right,0.7,close_fixed_bottle,45,255,0.04501362890005112,-0.04699404537677765
follower_right,0.7,close_fixed_bottle,46,256,0.04501362517476082,-0.04699401929974556
follower_right,0.7,close_fixed_bottle,47,257,0.04501406103372574,-0.04699408635497093
follower_right,0.7,close_fixed_bottle,48,258,0.04501355439424515,-0.04699402302503586
follower_right,0.7,close_fixed_bottle,49,259,0.045013632625341415,-0.04699394106864929
follower_right,0.7,close_fixed_bottle,50,260,0.045014165341854095,-0.04699163883924484
follower_right,0.7,close_fixed_bottle,51,261,0.04501347616314888,-0.04699398949742317
follower_right,0.7,close_fixed_bottle,52,262,0.045013464987277985,-0.04699409753084183
follower_right,0.7,close_fixed_bottle,53,263,0.0450141578912735,-0.0469941571354866
follower_right,0.7,close_fixed_bottle,54,264,0.0450136736035347,-0.04699404165148735
follower_right,0.7,close_fixed_bottle,55,265,0.04501362517476082,-0.046994056552648544
follower_right,0.7,close_fixed_bottle,56,266,0.0450136661529541,-0.04699401929974556
follower_right,0.7,close_fixed_bottle,57,267,0.045014046132564545,-0.0469941571354866
follower_right,0.7,close_fixed_bottle,58,268,0.04501359909772873,-0.04699406027793884
follower_right,0.7,close_fixed_bottle,59,269,0.04501411318778992,-0.04699411988258362
follower_right,0.7,close_fixed_bottle,60,270,0.045013677328825,-0.04699408635497093
follower_right,0.7,close_fixed_bottle,61,271,0.04501405730843544,-0.0469941683113575
follower_right,0.7,close_fixed_bottle,62,272,0.045014090836048126,-0.04699418693780899
follower_right,0.7,close_fixed_bottle,63,273,0.045013681054115295,-0.046994034200906754
follower_right,0.7,close_fixed_bottle,64,274,0.045014169067144394,-0.046994198113679886
follower_right,0.7,close_fixed_bottle,65,275,0.04501259699463844,-0.046993888914585114
follower_right,0.7,close_fixed_bottle,66,276,0.04501286521553993,-0.046994008123874664
follower_right,0.7,close_fixed_bottle,67,277,0.045008186250925064,-0.046994082629680634
follower_right,0.7,close_fixed_bottle,68,278,0.04501406475901604,-0.046994101256132126
follower_right,0.7,close_fixed_bottle,69,279,0.04501360282301903,-0.04699398949742317
follower_right,0.7,close_fixed_bottle,70,280,0.04501406103372574,-0.046994127333164215
follower_right,0.7,close_fixed_bottle,71,281,0.0450136624276638,-0.04699395224452019
follower_right,0.7,close_fixed_bottle,72,282,0.045013587921857834,-0.04699406400322914
follower_right,0.7,close_fixed_bottle,73,283,0.045013610273599625,-0.04699411988258362
follower_right,0.7,close_fixed_bottle,74,284,0.045013584196567535,-0.04699401557445526
follower_right,0.7,close_fixed_bottle,75,285,0.04501356557011604,-0.04699401557445526
follower_right,0.7,close_fixed_bottle,76,286,0.04501355066895485,-0.046994078904390335
follower_right,0.7,close_fixed_bottle,77,287,0.04501362890005112,-0.04699413478374481
follower_right,0.7,close_fixed_bottle,78,288,0.04501361399888992,-0.04699412360787392
follower_right,0.7,close_fixed_bottle,79,289,0.045014165341854095,-0.046994149684906006
follower_right,0.7,close_fixed_bottle,80,290,0.0450136736035347,-0.04699414223432541
follower_right,0.7,close_fixed_bottle,81,291,0.04501357674598694,-0.04699406027793884
follower_right,0.7,close_fixed_bottle,82,292,0.045013684779405594,-0.04699406027793884
follower_right,0.7,close_fixed_bottle,83,293,0.04501407966017723,-0.04699411243200302
follower_right,0.7,close_fixed_bottle,84,294,0.04501362890005112,-0.04699407517910004
follower_right,0.7,close_fixed_bottle,85,295,0.0450136661529541,-0.04699410870671272
follower_right,0.7,close_fixed_bottle,86,296,0.0450136661529541,-0.04699406772851944
follower_right,0.7,close_fixed_bottle,87,297,0.0450136624276638,-0.04699398949742317
follower_right,0.7,close_fixed_bottle,88,298,0.045013632625341415,-0.04699406772851944
follower_right,0.7,close_fixed_bottle,89,299,0.04501357674598694,-0.046994034200906754
follower_right,0.7,close_fixed_bottle,90,300,0.045013561844825745,-0.046994101256132126
follower_right,0.7,close_fixed_bottle,91,301,0.04501355439424515,-0.046994056552648544
follower_right,0.7,close_fixed_bottle,92,302,0.04501364752650261,-0.04699401557445526
follower_right,0.7,close_fixed_bottle,93,303,0.04501352459192276,-0.046994056552648544
follower_right,0.7,close_fixed_bottle,94,304,0.045014120638370514,-0.04699152335524559
follower_right,0.7,close_fixed_bottle,95,305,0.04501344636082649,-0.04699406772851944
follower_right,0.7,close_fixed_bottle,96,306,0.04501345753669739,-0.046994052827358246
follower_right,0.7,close_fixed_bottle,97,307,0.04501410946249962,-0.04699418321251869
follower_right,0.7,close_fixed_bottle,98,308,0.04501362144947052,-0.046994056552648544
follower_right,0.7,close_fixed_bottle,99,309,0.04501412808895111,-0.046994131058454514
follower_right,0.7,close_fixed_bottle,100,310,0.04501289874315262,-0.046993911266326904
follower_right,0.7,close_fixed_bottle,101,311,0.04501281678676605,-0.04699397459626198
follower_right,0.7,close_fixed_bottle,102,312,0.04501411318778992,-0.04699408635497093
follower_right,0.7,close_fixed_bottle,103,313,0.045012835413217545,-0.046993907541036606
follower_right,0.7,close_fixed_bottle,104,314,0.045012664049863815,-0.04699389636516571
follower_right,0.7,close_fixed_bottle,105,315,0.045014020055532455,-0.04699406027793884
follower_right,0.7,close_fixed_bottle,106,316,0.045012570917606354,-0.046993814408779144
follower_right,0.7,close_fixed_bottle,107,317,0.04501219466328621,-0.046993862837553024
follower_right,0.7,close_fixed_bottle,108,318,0.04500814899802208,-0.04699398949742317
follower_right,0.7,close_fixed_bottle,109,319,0.04501350596547127,-0.046994004398584366
follower_right,0.7,close_fixed_bottle,110,320,0.04501345381140709,-0.04699397459626198
follower_right,0.7,close_fixed_bottle,111,321,0.045013539493083954,-0.04699399322271347
follower_right,0.7,close_fixed_bottle,112,322,0.04501352459192276,-0.04699404910206795
follower_right,0.7,close_fixed_bottle,113,323,0.04501352086663246,-0.04699397832155228
follower_right,0.7,close_fixed_bottle,114,324,0.04501352831721306,-0.046994008123874664
follower_right,0.7,close_fixed_bottle,115,325,0.04501356929540634,-0.046994004398584366
follower_right,0.7,close_fixed_bottle,116,326,0.045013584196567535,-0.046994078904390335
follower_right,0.7,close_fixed_bottle,117,327,0.04501402750611305,-0.04699412360787392
follower_right,0.7,close_fixed_bottle,118,328,0.04501359537243843,-0.04699406027793884
follower_right,0.7,close_fixed_bottle,119,329,0.04501403868198395,-0.04699413478374481
follower_right,0.7,fixed_contact,0,330,0.04501418024301529,-0.04699154943227768
follower_right,0.7,fixed_contact,1,331,0.045013945549726486,-0.04699404910206795
follower_right,0.7,fixed_contact,2,332,0.04501335322856903,-0.046994052827358246
follower_right,0.7,fixed_contact,3,333,0.045013636350631714,-0.04699404910206795
follower_right,0.7,fixed_contact,4,334,0.045014142990112305,-0.046994149684906006
follower_right,0.7,fixed_contact,5,335,0.04501355066895485,-0.04699404910206795
follower_right,0.7,fixed_contact,6,336,0.04501362144947052,-0.046994056552648544
follower_right,0.7,fixed_contact,7,337,0.04501406475901604,-0.04699411243200302
follower_right,0.7,fixed_contact,8,338,0.04501405358314514,-0.046994030475616455
follower_right,0.7,fixed_contact,9,339,0.045013636350631714,-0.04699406400322914
follower_right,0.7,fixed_contact,10,340,0.04501364380121231,-0.046993955969810486
follower_right,0.7,fixed_contact,11,341,0.045013584196567535,-0.04699409008026123
follower_right,0.7,fixed_contact,12,342,0.04501356929540634,-0.04699409753084183
follower_right,0.7,fixed_contact,13,343,0.045014090836048126,-0.046994179487228394
follower_right,0.7,fixed_contact,14,344,0.04501365125179291,-0.046994030475616455
follower_right,0.7,fixed_contact,15,345,0.04501361399888992,-0.046994101256132126
follower_right,0.7,fixed_contact,16,346,0.04501362144947052,-0.04699407517910004
follower_right,0.7,fixed_contact,17,347,0.04501364380121231,-0.046994056552648544
follower_right,0.7,fixed_contact,18,348,0.045013587921857834,-0.046994082629680634
follower_right,0.7,fixed_contact,19,349,0.04501403123140335,-0.04699414595961571
follower_right,0.7,fixed_contact,20,350,0.04501418024301529,-0.04699151590466499
follower_right,0.7,fixed_contact,21,351,0.04500802606344223,-0.04699397832155228
follower_right,0.7,fixed_contact,22,352,0.045013926923274994,-0.04699406772851944
follower_right,0.7,fixed_contact,23,353,0.045014187693595886,-0.04699414223432541
follower_right,0.7,fixed_contact,24,354,0.0450136698782444,-0.0469941645860672
follower_right,0.7,fixed_contact,25,355,0.045014142990112305,-0.04699421674013138
follower_right,0.7,fixed_contact,26,356,0.0450141504406929,-0.04699419438838959
follower_right,0.7,fixed_contact,27,357,0.045013681054115295,-0.04699413478374481
follower_right,0.7,fixed_contact,28,358,0.045014094561338425,-0.04699411243200302
follower_right,0.7,fixed_contact,29,359,0.04501365125179291,-0.046994052827358246
follower_right,0.7,fixed_contact,30,360,0.04501359909772873,-0.04699402675032616
follower_right,0.7,fixed_contact,31,361,0.045013632625341415,-0.046994082629680634
follower_right,0.7,fixed_contact,32,362,0.04501360282301903,-0.04699404537677765
follower_right,0.7,fixed_contact,33,363,0.045013632625341415,-0.04699401184916496
follower_right,0.7,fixed_contact,34,364,0.045014116913080215,-0.0469914935529232
follower_right,0.7,fixed_contact,35,365,0.045013461261987686,-0.04699400067329407
follower_right,0.7,fixed_contact,36,366,0.045013945549726486,-0.046994153410196304
follower_right,0.7,fixed_contact,37,367,0.04501361399888992,-0.04699403792619705
follower_right,0.7,fixed_contact,38,368,0.045014120638370514,-0.04699409753084183
follower_right,0.7,fixed_contact,39,369,0.045014072209596634,-0.04699420928955078
follower_right,0.7,fixed_contact,40,370,0.04501361772418022,-0.04699406772851944
follower_right,0.7,fixed_contact,41,371,0.04501364752650261,-0.04699410870671272
follower_right,0.7,fixed_contact,42,372,0.04501364380121231,-0.04699406400322914
follower_right,0.7,fixed_contact,43,373,0.04501409828662872,-0.04699409380555153
follower_right,0.7,fixed_contact,44,374,0.04501408338546753,-0.04699413478374481
follower_right,0.7,fixed_contact,45,375,0.04501360282301903,-0.046994004398584366
follower_right,0.7,fixed_contact,46,376,0.04501410573720932,-0.04699412360787392
follower_right,0.7,fixed_contact,47,377,0.04501364380121231,-0.04699404537677765
follower_right,0.7,fixed_contact,48,378,0.045014094561338425,-0.04699411243200302
follower_right,0.7,fixed_contact,49,379,0.04501362517476082,-0.046994056552648544
follower_right,0.7,fixed_contact,50,380,0.04501407966017723,-0.04699414223432541
follower_right,0.7,fixed_contact,51,381,0.04501362517476082,-0.04699409380555153
follower_right,0.7,fixed_contact,52,382,0.045013632625341415,-0.04699407145380974
follower_right,0.7,fixed_contact,53,383,0.04501405358314514,-0.04699408635497093
follower_right,0.7,fixed_contact,54,384,0.045013606548309326,-0.04699394479393959
follower_right,0.7,fixed_contact,55,385,0.045014046132564545,-0.046994149684906006
follower_right,0.7,fixed_contact,56,386,0.04501410946249962,-0.04699411243200302
follower_right,0.7,fixed_contact,57,387,0.04501412436366081,-0.04699418321251869
follower_right,0.7,fixed_contact,58,388,0.04501371458172798,-0.046994052827358246
follower_right,0.7,fixed_contact,59,389,0.0450136624276638,-0.04699402302503586
follower_right,0.7,released_hold,0,390,0.04421805217862129,-0.04778416454792023
follower_right,0.7,released_hold,1,391,0.04337509721517563,-0.04862356558442116
follower_right,0.7,released_hold,2,392,0.04244023934006691,-0.04953981935977936
follower_right,0.7,released_hold,3,393,0.0416090190410614,-0.05038605257868767
follower_right,0.7,released_hold,4,394,0.04082690551877022,-0.05117274820804596
follower_right,0.7,released_hold,5,395,0.04015906900167465,-0.051849886775016785
follower_right,0.7,released_hold,6,396,0.039666034281253815,-0.05233476683497429
follower_right,0.7,released_hold,7,397,0.0393076166510582,-0.052696872502565384
follower_right,0.7,released_hold,8,398,0.03898368403315544,-0.05301978439092636
follower_right,0.7,released_hold,9,399,0.038693200796842575,-0.053300634026527405
follower_right,0.7,released_hold,10,400,0.03849410265684128,-0.053499385714530945
follower_right,0.7,released_hold,11,401,0.03835787996649742,-0.05364036560058594
follower_right,0.7,released_hold,12,402,0.03823700174689293,-0.05375928431749344
follower_right,0.7,released_hold,13,403,0.03812620788812637,-0.05387116223573685
follower_right,0.7,released_hold,14,404,0.03804135322570801,-0.05395660549402237
follower_right,0.7,released_hold,15,405,0.03797268494963646,-0.054020337760448456
follower_right,0.7,released_hold,16,406,0.037902168929576874,-0.054095182567834854
follower_right,0.7,released_hold,17,407,0.03784008324146271,-0.05415249988436699
follower_right,0.7,released_hold,18,408,0.03778921440243721,-0.054203420877456665
follower_right,0.7,released_hold,19,409,0.03773365914821625,-0.05425881966948509
follower_right,0.7,released_hold,20,410,0.037685807794332504,-0.054313842207193375
follower_right,0.7,released_hold,21,411,0.03763158619403839,-0.054361119866371155
follower_right,0.7,released_hold,22,412,0.03758326917886734,-0.05440997704863548
follower_right,0.7,released_hold,23,413,0.03753792867064476,-0.05445447191596031
follower_right,0.7,released_hold,24,414,0.03749503940343857,-0.05449844151735306
follower_right,0.7,released_hold,25,415,0.03745144605636597,-0.05454288050532341
follower_right,0.7,released_hold,26,416,0.0374101959168911,-0.0545877143740654
follower_right,0.7,released_hold,27,417,0.03736577183008194,-0.05462844297289848
follower_right,0.7,released_hold,28,418,0.037326592952013016,-0.05466780439019203
follower_right,0.7,released_hold,29,419,0.03728601336479187,-0.05470769479870796
follower_right,0.7,released_hold,30,420,0.03724771738052368,-0.054747506976127625
follower_right,0.7,released_hold,31,421,0.03720798343420029,-0.05478527396917343
follower_right,0.7,released_hold,32,422,0.03717140108346939,-0.05482189729809761
follower_right,0.7,released_hold,33,423,0.037140853703022,-0.05485707148909569
follower_right,0.7,released_hold,34,424,0.03711172938346863,-0.05489112436771393
follower_right,0.7,released_hold,35,425,0.03707648441195488,-0.054922547191381454
follower_right,0.7,released_hold,36,426,0.037043992429971695,-0.05494983121752739
follower_right,0.7,released_hold,37,427,0.03701154515147209,-0.05498203635215759
follower_right,0.7,released_hold,38,428,0.03697751834988594,-0.05501697212457657
follower_right,0.7,released_hold,39,429,0.036944303661584854,-0.05504722148180008
follower_right,0.7,released_hold,40,430,0.03691916912794113,-0.05507512763142586
follower_right,0.7,released_hold,41,431,0.03689102083444595,-0.055102284997701645
follower_right,0.7,released_hold,42,432,0.03689102083444595,-0.055102284997701645
follower_right,0.7,released_hold,43,433,0.03689102083444595,-0.055102284997701645
follower_right,0.7,released_hold,44,434,0.03689102083444595,-0.055102284997701645
follower_right,0.7,released_hold,45,435,0.03689102083444595,-0.055102284997701645
follower_right,0.7,released_hold,46,436,0.03689102083444595,-0.055102284997701645
follower_right,0.7,released_hold,47,437,0.03689102083444595,-0.055102284997701645
follower_right,0.7,released_hold,48,438,0.03689102083444595,-0.055102284997701645
follower_right,0.7,released_hold,49,439,0.03689102083444595,-0.055102284997701645
follower_right,0.7,released_hold,50,440,0.03689102083444595,-0.055102284997701645
follower_right,0.7,released_hold,51,441,0.03689102083444595,-0.055102284997701645
follower_right,0.7,released_hold,52,442,0.03689102083444595,-0.055102284997701645
follower_right,0.7,released_hold,53,443,0.03689102083444595,-0.055102284997701645
follower_right,0.7,released_hold,54,444,0.03689102083444595,-0.055102284997701645
follower_right,0.7,released_hold,55,445,0.03689102083444595,-0.055102284997701645
follower_right,0.7,released_hold,56,446,0.03689102083444595,-0.055102284997701645
follower_right,0.7,released_hold,57,447,0.03689102083444595,-0.055102284997701645
follower_right,0.7,released_hold,58,448,0.03689102083444595,-0.055102284997701645
follower_right,0.7,released_hold,59,449,0.03689102083444595,-0.055102284997701645
follower_right,0.7,released_hold,60,450,0.03689102083444595,-0.055102284997701645
follower_right,0.7,released_hold,61,451,0.03689102083444595,-0.055102284997701645
follower_right,0.7,released_hold,62,452,0.03689102083444595,-0.055102284997701645
follower_right,0.7,released_hold,63,453,0.03689102083444595,-0.055102284997701645
follower_right,0.7,released_hold,64,454,0.03689102083444595,-0.055102284997701645
follower_right,0.7,released_hold,65,455,0.03689102083444595,-0.055102284997701645
follower_right,0.7,released_hold,66,456,0.03689102083444595,-0.055102284997701645
follower_right,0.7,released_hold,67,457,0.03689102083444595,-0.055102284997701645
follower_right,0.7,released_hold,68,458,0.03689102083444595,-0.055102284997701645
follower_right,0.7,released_hold,69,459,0.03689102083444595,-0.055102284997701645
follower_right,0.7,released_hold,70,460,0.03689102083444595,-0.055102284997701645
follower_right,0.7,released_hold,71,461,0.03689102083444595,-0.055102284997701645
follower_right,0.7,released_hold,72,462,0.03689102083444595,-0.055102284997701645
follower_right,0.7,released_hold,73,463,0.03689102083444595,-0.055102284997701645
follower_right,0.7,released_hold,74,464,0.03689102083444595,-0.055102284997701645
follower_right,0.7,released_hold,75,465,0.03689102083444595,-0.055102284997701645
follower_right,0.7,released_hold,76,466,0.03689102083444595,-0.055102284997701645
follower_right,0.7,released_hold,77,467,0.03689102083444595,-0.055102284997701645
follower_right,0.7,released_hold,78,468,0.03689102083444595,-0.055102284997701645
follower_right,0.7,released_hold,79,469,0.03689102083444595,-0.055102284997701645
follower_right,0.7,released_hold,80,470,0.03689102083444595,-0.055102284997701645
follower_right,0.7,released_hold,81,471,0.03689102083444595,-0.055102284997701645
follower_right,0.7,released_hold,82,472,0.03689102083444595,-0.055102284997701645
follower_right,0.7,released_hold,83,473,0.03689102083444595,-0.055102284997701645
follower_right,0.7,released_hold,84,474,0.03689102083444595,-0.055102284997701645
follower_right,0.7,released_hold,85,475,0.03689102083444595,-0.055102284997701645
follower_right,0.7,released_hold,86,476,0.03689102083444595,-0.055102284997701645
follower_right,0.7,released_hold,87,477,0.03689102083444595,-0.055102284997701645
follower_right,0.7,released_hold,88,478,0.03689102083444595,-0.055102284997701645
follower_right,0.7,released_hold,89,479,0.03689102083444595,-0.055102284997701645
follower_right,0.7,released_hold,90,480,0.03689102083444595,-0.055102284997701645
follower_right,0.7,released_hold,91,481,0.03689102083444595,-0.055102284997701645
follower_right,0.7,released_hold,92,482,0.03689102083444595,-0.055102284997701645
follower_right,0.7,released_hold,93,483,0.03689102083444595,-0.055102284997701645
follower_right,0.7,released_hold,94,484,0.03689102083444595,-0.055102284997701645
follower_right,0.7,released_hold,95,485,0.03689102083444595,-0.055102284997701645
follower_right,0.7,released_hold,96,486,0.03689102083444595,-0.055102284997701645
follower_right,0.7,released_hold,97,487,0.03689102083444595,-0.055102284997701645
follower_right,0.7,released_hold,98,488,0.03689102083444595,-0.055102284997701645
follower_right,0.7,released_hold,99,489,0.03689102083444595,-0.055102284997701645
follower_right,0.7,released_hold,100,490,0.03689102083444595,-0.055102284997701645
follower_right,0.7,released_hold,101,491,0.03689102083444595,-0.055102284997701645
follower_right,0.7,released_hold,102,492,0.03689102083444595,-0.055102284997701645
follower_right,0.7,released_hold,103,493,0.03689102083444595,-0.055102284997701645
follower_right,0.7,released_hold,104,494,0.03689102083444595,-0.055102284997701645
follower_right,0.7,released_hold,105,495,0.03689102083444595,-0.055102284997701645
follower_right,0.7,released_hold,106,496,0.03689102083444595,-0.055102284997701645
follower_right,0.7,released_hold,107,497,0.03689102083444595,-0.055102284997701645
follower_right,0.7,released_hold,108,498,0.03689102083444595,-0.055102284997701645
follower_right,0.7,released_hold,109,499,0.03689102083444595,-0.055102284997701645
follower_right,0.7,released_hold,110,500,0.03689102083444595,-0.055102284997701645
follower_right,0.7,released_hold,111,501,0.03689102083444595,-0.055102284997701645
follower_right,0.7,released_hold,112,502,0.03689102083444595,-0.055102284997701645
follower_right,0.7,released_hold,113,503,0.03689102083444595,-0.055102284997701645
follower_right,0.7,released_hold,114,504,0.03689102083444595,-0.055102284997701645
follower_right,0.7,released_hold,115,505,0.03689102083444595,-0.055102284997701645
follower_right,0.7,released_hold,116,506,0.03689102083444595,-0.055102284997701645
follower_right,0.7,released_hold,117,507,0.03689102083444595,-0.055102284997701645
follower_right,0.7,released_hold,118,508,0.03689102083444595,-0.055102284997701645
follower_right,0.7,released_hold,119,509,0.03689102083444595,-0.055102284997701645
