robot,commanded_joint,step,waist,shoulder,elbow,forearm_roll,wrist_angle,wrist_rotate,gripper,left_finger,right_finger
follower_left,waist,0,0.04248102009296417,-0.9599009156227112,1.1619423627853394,0.011211770586669445,-0.29126620292663574,2.508524266886525e-05,5.20236644661054e-05,0.021008554846048355,-0.013807708397507668
follower_left,waist,1,0.05761512741446495,-0.9599072337150574,1.161946415901184,-0.018676793202757835,-0.29094555974006653,0.0034029711969196796,2.630021981531172e-06,0.025400403887033463,-0.01380347553640604
follower_left,waist,2,0.04489898681640625,-0.9599786996841431,1.1606578826904297,-0.012802289798855782,-0.29371875524520874,-0.012269080616533756,-1.1095182799181202e-06,0.03168915957212448,-0.018868930637836456
follower_left,waist,3,0.05238451808691025,-0.9600536227226257,1.1610521078109741,-0.002714263740926981,-0.29604968428611755,8.484835416311398e-05,-5.326710379449651e-06,0.03430523723363876,-0.02596546709537506
follower_left,waist,4,0.05019572377204895,-0.9598804712295532,1.161409854888916,-0.0018318922957405448,-0.29552364349365234,0.0001916590117616579,-9.595237315807026e-06,0.037253160029649734,-0.030617736279964447
follower_left,waist,5,0.05015641823410988,-0.9599664807319641,1.1612889766693115,-0.0011491028126329184,-0.29492416977882385,0.00028823892353102565,-1.3394840607361402e-05,0.038553789258003235,-0.034400228410959244
follower_left,waist,6,0.05012788623571396,-0.9599215984344482,1.1612237691879272,-0.0006781314150430262,-0.2960698902606964,0.00035741523606702685,-1.6012769265216775e-05,0.03861479088664055,-0.03674641251564026
follower_left,waist,7,0.05010536313056946,-0.9599887132644653,1.1611566543579102,-0.0003385685558896512,-0.29616084694862366,0.0003964554634876549,-1.7407019186066464e-05,0.03758656978607178,-0.03765839338302612
follower_left,waist,8,0.05008977651596069,-0.959926187992096,1.1612682342529297,-8.73915123520419e-05,-0.2958320677280426,0.00042375465272925794,-1.836994670156855e-05,0.035601913928985596,-0.037360724061727524
follower_left,waist,9,0.05007616803050041,-0.9599583148956299,1.1612951755523682,0.00014102821296546608,-0.29541051387786865,0.00042154622497037053,-1.8158149032387882e-05,0.03292961046099663,-0.03600630909204483
follower_left,waist,10,0.0500650592148304,-0.9599342346191406,1.1612709760665894,0.0003362199058756232,-0.2958182990550995,0.0003924849152099341,-1.6870400941115804e-05,0.029808208346366882,-0.033765893429517746
follower_left,waist,11,0.050053954124450684,-0.9599658250808716,1.161192774772644,0.0005011336761526763,-0.2959841191768646,0.0003406649047974497,-1.4653846847068053e-05,0.026482313871383667,-0.030871277675032616
follower_left,waist,12,0.05004343017935753,-0.9599434733390808,1.1612505912780762,0.0006543948547914624,-0.2959674298763275,0.0002713772701099515,-1.1689548955473583e-05,0.02319391816854477,-0.027586249634623528
follower_left,waist,13,0.05001708120107651,-0.9599509835243225,1.1612704992294312,0.0009907848434522748,-0.2956349849700928,9.663114724389743e-06,-1.8004989499331714e-07,0.020999999716877937,-0.024174777790904045
follower_left,waist,14,0.05001230910420418,-0.9599422216415405,1.1612733602523804,0.0010898736072704196,-0.2957466244697571,-5.124128074385226e-05,2.4764908630459104e-06,0.020999999716877937,-0.022083966061472893
follower_left,waist,15,0.050011441111564636,-0.9599549770355225,1.161226511001587,0.001098480774089694,-0.2958827316761017,-3.6677483876701444e-05,1.7762349671102129e-06,0.021031908690929413,-0.020884232595562935
follower_left,waist,16,0.0500117726624012,-0.9599489569664001,1.161247730255127,0.0011141728609800339,-0.29595091938972473,-4.431457273312844e-05,2.088969267788343e-06,0.020999999716877937,-0.020306196063756943
follower_left,waist,17,0.0500129796564579,-0.9599497318267822,1.1612550020217896,0.001109811943024397,-0.2957543730735779,-3.125271177850664e-05,1.4758987845198135e-06,0.021018467843532562,-0.020103050395846367
follower_left,waist,18,0.050013571977615356,-0.9599460959434509,1.1612699031829834,0.0011179379653185606,-0.29576215147972107,-3.114578066742979e-05,1.4543048791892943e-06,0.021034181118011475,-0.020097170025110245
follower_left,waist,19,0.05001373216509819,-0.9599502682685852,1.1612428426742554,0.0011234614066779613,-0.2958238422870636,-3.3020347473211586e-05,1.5267847857103334e-06,0.021060878410935402,-0.020098431035876274
follower_left,waist,20,0.05001390352845192,-0.9599502682685852,1.1612470149993896,0.0011241600150242448,-0.295901358127594,-3.436762926867232e-05,1.578664523549378e-06,0.021088704466819763,-0.020100006833672523
follower_left,waist,21,0.05001405254006386,-0.9599493741989136,1.1612505912780762,0.0011259246384724975,-0.29581621289253235,-3.517666118568741e-05,1.608694446986192e-06,0.021112600341439247,-0.02010153979063034
follower_left,waist,22,0.0500141978263855,-0.9599481225013733,1.1612622737884521,0.0011291413102298975,-0.29578545689582825,-3.552180714905262e-05,1.6193586134249927e-06,0.021130071952939034,-0.020102787762880325
follower_left,waist,23,0.05001430958509445,-0.9599488973617554,1.1612513065338135,0.0011310456320643425,-0.2958065867424011,-3.57172466465272e-05,1.624589458515402e-06,0.021144060418009758,-0.020103706046938896
follower_left,waist,24,0.050014398992061615,-0.9599498510360718,1.161248803138733,0.001130435848608613,-0.2958601415157318,-3.5891203879145905e-05,1.6298072296194732e-06,0.02115652710199356,-0.020104460418224335
follower_left,waist,25,0.05001445859670639,-0.9599494338035583,1.1612498760223389,0.0011300190817564726,-0.29583680629730225,-3.6117966374149546e-05,1.6381653722419287e-06,0.021167989820241928,-0.02010522224009037
follower_left,waist,26,0.05001449957489967,-0.9599486589431763,1.1612564325332642,0.001131073571741581,-0.2958068549633026,-3.638818088802509e-05,1.6489497056682012e-06,0.02117854356765747,-0.020105987787246704
follower_left,waist,27,0.05001453310251236,-0.959948718547821,1.1612536907196045,0.0011323010548949242,-0.29580748081207275,-3.669637590064667e-05,1.6617873370705638e-06,0.02118828520178795,-0.020106766372919083
follower_left,waist,28,0.050014544278383255,-0.9599496126174927,1.1612505912780762,0.0011323060607537627,-0.295836478471756,-3.700693559949286e-05,1.6750365148254787e-06,0.021197400987148285,-0.02010755054652691
follower_left,waist,29,0.05001455545425415,-0.959949254989624,1.1612502336502075,0.001131887431256473,-0.29583740234375,-3.7292677006917074e-05,1.6873827917152084e-06,0.021206073462963104,-0.020108340308070183
follower_left,waist,30,0.050014566630125046,-0.9599490761756897,1.1612540483474731,0.0011321785859763622,-0.29581955075263977,-3.756167643587105e-05,1.6991452866932377e-06,0.021214382722973824,-0.0201091468334198
follower_left,waist,31,0.05001457408070564,-0.959948718547821,1.1612541675567627,0.0011329055996611714,-0.2958122789859772,-3.783312058658339e-05,1.7110889984905953e-06,0.02122238278388977,-0.020109964534640312
follower_left,waist,32,0.05001457408070564,-0.9599494338035583,1.1612520217895508,0.0011331364512443542,-0.2958258390426636,-3.809935151366517e-05,1.7228768456334365e-06,0.021230140700936317,-0.020110784098505974
follower_left,waist,33,0.05001457780599594,-0.959949254989624,1.1612507104873657,0.0011328815016895533,-0.2958335876464844,-3.83451915695332e-05,1.733819999572006e-06,0.021237699314951897,-0.020111605525016785
follower_left,waist,34,0.05001457780599594,-0.9599493145942688,1.1612529754638672,0.0011328653199598193,-0.295825719833374,-3.857290357700549e-05,1.7440452211303636e-06,0.021245067939162254,-0.02011243999004364
follower_left,waist,35,0.05001457408070564,-0.9599488377571106,1.1612533330917358,0.001133277197368443,-0.29581668972969055,-3.879649375448935e-05,1.7540160115459003e-06,0.021252283826470375,-0.020113283768296242
follower_left,waist,36,0.05001455545425415,-0.9599491953849792,1.1612530946731567,0.0011335393646731973,-0.29582270979881287,-3.9019196265144274e-05,1.7640180658418103e-06,0.021259361878037453,-0.02011413313448429
follower_left,waist,37,0.050014544278383255,-0.9599491357803345,1.1612516641616821,0.0011334833689033985,-0.2958284914493561,-3.923120311810635e-05,1.7735425217324519e-06,0.02126629650592804,-0.02011498622596264
follower_left,waist,38,0.050014544278383255,-0.9599491357803345,1.1612516641616821,0.0011334833689033985,-0.2958284914493561,-3.923120311810635e-05,1.7735425217324519e-06,0.02126629650592804,-0.02011498622596264
follower_left,waist,39,0.050014544278383255,-0.9599491357803345,1.1612516641616821,0.0011334833689033985,-0.2958284914493561,-3.923120311810635e-05,1.7735425217324519e-06,0.02126629650592804,-0.02011498622596264
follower_left,waist,40,0.050014544278383255,-0.9599491357803345,1.1612516641616821,0.0011334833689033985,-0.2958284914493561,-3.923120311810635e-05,1.7735425217324519e-06,0.02126629650592804,-0.02011498622596264
follower_left,waist,41,0.050014544278383255,-0.9599491357803345,1.1612516641616821,0.0011334833689033985,-0.2958284914493561,-3.923120311810635e-05,1.7735425217324519e-06,0.02126629650592804,-0.02011498622596264
follower_left,waist,42,0.050014544278383255,-0.9599491357803345,1.1612516641616821,0.0011334833689033985,-0.2958284914493561,-3.923120311810635e-05,1.7735425217324519e-06,0.02126629650592804,-0.02011498622596264
follower_left,waist,43,0.050014544278383255,-0.9599491357803345,1.1612516641616821,0.0011334833689033985,-0.2958284914493561,-3.923120311810635e-05,1.7735425217324519e-06,0.02126629650592804,-0.02011498622596264
follower_left,waist,44,0.050014544278383255,-0.9599491357803345,1.1612516641616821,0.0011334833689033985,-0.2958284914493561,-3.923120311810635e-05,1.7735425217324519e-06,0.02126629650592804,-0.02011498622596264
follower_left,waist,45,0.050014544278383255,-0.9599491357803345,1.1612516641616821,0.0011334833689033985,-0.2958284914493561,-3.923120311810635e-05,1.7735425217324519e-06,0.02126629650592804,-0.02011498622596264
follower_left,waist,46,0.050014544278383255,-0.9599491357803345,1.1612516641616821,0.0011334833689033985,-0.2958284914493561,-3.923120311810635e-05,1.7735425217324519e-06,0.02126629650592804,-0.02011498622596264
follower_left,waist,47,0.050014544278383255,-0.9599491357803345,1.1612516641616821,0.0011334833689033985,-0.2958284914493561,-3.923120311810635e-05,1.7735425217324519e-06,0.02126629650592804,-0.02011498622596264
follower_left,waist,48,0.050014544278383255,-0.9599491357803345,1.1612516641616821,0.0011334833689033985,-0.2958284914493561,-3.923120311810635e-05,1.7735425217324519e-06,0.02126629650592804,-0.02011498622596264
follower_left,waist,49,0.050014544278383255,-0.9599491357803345,1.1612516641616821,0.0011334833689033985,-0.2958284914493561,-3.923120311810635e-05,1.7735425217324519e-06,0.02126629650592804,-0.02011498622596264
follower_left,waist,50,0.050014544278383255,-0.9599491357803345,1.1612516641616821,0.0011334833689033985,-0.2958284914493561,-3.923120311810635e-05,1.7735425217324519e-06,0.02126629650592804,-0.02011498622596264
follower_left,waist,51,0.050014544278383255,-0.9599491357803345,1.1612516641616821,0.0011334833689033985,-0.2958284914493561,-3.923120311810635e-05,1.7735425217324519e-06,0.02126629650592804,-0.02011498622596264
follower_left,waist,52,0.050014544278383255,-0.9599491357803345,1.1612516641616821,0.0011334833689033985,-0.2958284914493561,-3.923120311810635e-05,1.7735425217324519e-06,0.02126629650592804,-0.02011498622596264
follower_left,waist,53,0.050014544278383255,-0.9599491357803345,1.1612516641616821,0.0011334833689033985,-0.2958284914493561,-3.923120311810635e-05,1.7735425217324519e-06,0.02126629650592804,-0.02011498622596264
follower_left,waist,54,0.050014544278383255,-0.9599491357803345,1.1612516641616821,0.0011334833689033985,-0.2958284914493561,-3.923120311810635e-05,1.7735425217324519e-06,0.02126629650592804,-0.02011498622596264
follower_left,waist,55,0.050014544278383255,-0.9599491357803345,1.1612516641616821,0.0011334833689033985,-0.2958284914493561,-3.923120311810635e-05,1.7735425217324519e-06,0.02126629650592804,-0.02011498622596264
follower_left,waist,56,0.050014544278383255,-0.9599491357803345,1.1612516641616821,0.0011334833689033985,-0.2958284914493561,-3.923120311810635e-05,1.7735425217324519e-06,0.02126629650592804,-0.02011498622596264
follower_left,waist,57,0.050014544278383255,-0.9599491357803345,1.1612516641616821,0.0011334833689033985,-0.2958284914493561,-3.923120311810635e-05,1.7735425217324519e-06,0.02126629650592804,-0.02011498622596264
follower_left,waist,58,0.050014544278383255,-0.9599491357803345,1.1612516641616821,0.0011334833689033985,-0.2958284914493561,-3.923120311810635e-05,1.7735425217324519e-06,0.02126629650592804,-0.02011498622596264
follower_left,waist,59,0.050014544278383255,-0.9599491357803345,1.1612516641616821,0.0011334833689033985,-0.2958284914493561,-3.923120311810635e-05,1.7735425217324519e-06,0.02126629650592804,-0.02011498622596264
follower_left,shoulder,0,4.4356525904731825e-05,-0.9140543341636658,1.156895637512207,-0.0012666127877309918,-0.3062002956867218,0.0008320828201249242,2.5830142931226874e-06,0.022061912342905998,-0.013804390095174313
follower_left,shoulder,1,1.919650640047621e-05,-0.9022249579429626,1.1658000946044922,-0.00013691233471035957,-0.2717539370059967,0.000587540096603334,3.013071591340122e-06,0.02167140506207943,-0.013861119747161865
follower_left,shoulder,2,3.224131796741858e-05,-0.9134533405303955,1.1682802438735962,0.0017553777433931828,-0.2705257833003998,0.00040798934060148895,3.265493660364882e-06,0.021302035078406334,-0.014031131751835346
follower_left,shoulder,3,1.9585200789151713e-05,-0.9074612259864807,1.1542946100234985,0.0015502608148381114,-0.3061966300010681,0.0002680249453987926,3.8064526961534284e-06,0.021025242283940315,-0.014272741973400116
follower_left,shoulder,4,2.1263565940898843e-05,-0.9133667349815369,1.158219337463379,0.0003269368316978216,-0.31891945004463196,0.000156835449161008,4.708632786787348e-06,0.020999999716877937,-0.014550930820405483
follower_left,shoulder,5,2.3214386601466686e-05,-0.907863199710846,1.1613681316375732,0.00030802510445937514,-0.28267648816108704,8.710975089343265e-05,4.821418315259507e-06,0.02100212499499321,-0.014900870621204376
follower_left,shoulder,6,2.3652788513572887e-05,-0.9095277786254883,1.1661581993103027,0.0014465252170339227,-0.27682459354400635,4.133640686632134e-05,4.5661008698516525e-06,0.02103705145418644,-0.015311511233448982
follower_left,shoulder,7,2.1934905817033723e-05,-0.909702718257904,1.160043478012085,0.0017977921525016427,-0.2926652431488037,9.304506420448888e-06,4.302020442992216e-06,0.02107151225209236,-0.01578851416707039
follower_left,shoulder,8,1.9786641132668592e-05,-0.9106959104537964,1.1579922437667847,0.0010029656114056706,-0.30823516845703125,-1.3249717085273005e-05,4.090882612217683e-06,0.021130941808223724,-0.016278553754091263
follower_left,shoulder,9,2.202308678533882e-05,-0.9100823998451233,1.1609011888504028,0.0006567186792381108,-0.2966267466545105,-2.1171783373574726e-05,3.5467082852846943e-06,0.021240901201963425,-0.016715962439775467
follower_left,shoulder,10,2.2873995476402342e-05,-0.9096181988716125,1.1633472442626953,0.001124609843827784,-0.2841745913028717,-2.9060242013656534e-05,3.2289326554746367e-06,0.021322596818208694,-0.01710060052573681
follower_left,shoulder,11,2.158079769287724e-05,-0.9098592400550842,1.161584496498108,0.001473747892305255,-0.2888353765010834,-3.771862975554541e-05,3.1155632314039394e-06,0.021372182294726372,-0.017476629465818405
follower_left,shoulder,12,1.991538010770455e-05,-0.9102981090545654,1.1598522663116455,0.0012115369318053126,-0.29898959398269653,-4.318190985941328e-05,2.9987122616148554e-06,0.021427210420370102,-0.01783410646021366
follower_left,shoulder,13,2.0421235603862442e-05,-0.9099850654602051,1.160918116569519,0.0009740061359480023,-0.2994369566440582,-4.379580423119478e-05,2.7644077817967627e-06,0.021491991356015205,-0.018142689019441605
follower_left,shoulder,14,2.0983716240152717e-05,-0.9098966717720032,1.1617321968078613,0.0010613173944875598,-0.29127252101898193,-4.4710643123835325e-05,2.6123630050278734e-06,0.021536774933338165,-0.018402215093374252
follower_left,shoulder,15,2.0027266145916656e-05,-0.9098600745201111,1.161845326423645,0.0012595324078574777,-0.29250994324684143,-4.822236951440573e-05,2.6250261271343334e-06,0.021563634276390076,-0.01863253489136696
follower_left,shoulder,16,1.910542596306186e-05,-0.9100671410560608,1.160613775253296,0.0011950584594160318,-0.29465609788894653,-5.022179539082572e-05,2.609168859635247e-06,0.021590758115053177,-0.018841654062271118
follower_left,shoulder,17,1.884514495031908e-05,-0.9099928736686707,1.1611344814300537,0.001098056323826313,-0.29647010564804077,-5.076313391327858e-05,2.556096887929016e-06,0.021615706384181976,-0.019018663093447685
follower_left,shoulder,18,1.8828763131750748e-05,-0.9099320769309998,1.161431908607483,0.0011350164422765374,-0.29464709758758545,-5.134625462233089e-05,2.5274671315855812e-06,0.021634165197610855,-0.019163422286510468
follower_left,shoulder,19,1.824405262595974e-05,-0.9099475145339966,1.161376953125,0.0011861776001751423,-0.2949855327606201,-5.291379420668818e-05,2.5573306174919708e-06,0.02164616622030735,-0.01928684301674366
follower_left,shoulder,20,1.7810456483857706e-05,-0.9099841713905334,1.1611075401306152,0.0011698446469381452,-0.2961679995059967,-5.395252810558304e-05,2.5744536742422497e-06,0.021656706929206848,-0.019393237307667732
follower_left,shoulder,21,1.7536025552544743e-05,-0.9099761843681335,1.161198377609253,0.0011391164734959602,-0.29654279351234436,-5.454448182717897e-05,2.580246018624166e-06,0.021665319800376892,-0.01948157697916031
follower_left,shoulder,22,1.742526364978403e-05,-0.9099493622779846,1.1612999439239502,0.0011459680972620845,-0.29549872875213623,-5.510752453119494e-05,2.5906451810442377e-06,0.021671801805496216,-0.01955331489443779
follower_left,shoulder,23,1.7140109775937162e-05,-0.9099524021148682,1.1613469123840332,0.0011734695872291923,-0.2953229248523712,-5.5918113503139466e-05,2.6151835754717467e-06,0.021676884964108467,-0.019612541422247887
follower_left,shoulder,24,1.687208714429289e-05,-0.90995854139328,1.1612194776535034,0.001177336205728352,-0.29586261510849,-5.6644414144102484e-05,2.639097829160164e-06,0.021681899204850197,-0.019662627950310707
follower_left,shoulder,25,1.6668986063450575e-05,-0.9099773168563843,1.1612062454223633,0.0011612738016992807,-0.2962295114994049,-5.7101915444945917e-05,2.6537989015196217e-06,0.02168675698339939,-0.019704163074493408
follower_left,shoulder,26,1.6597941794316284e-05,-0.9099551439285278,1.1612627506256104,0.001157901482656598,-0.2958514988422394,-5.7444740377832204e-05,2.6651810003386345e-06,0.02169102057814598,-0.01973745971918106
follower_left,shoulder,27,1.646501368668396e-05,-0.9099555015563965,1.161304235458374,0.0011709199752658606,-0.2955491542816162,-5.7875036873156205e-05,2.681218802536023e-06,0.021694878116250038,-0.019764376804232597
follower_left,shoulder,28,1.632992825761903e-05,-0.9099556803703308,1.1612621545791626,0.001178164267912507,-0.2957534193992615,-5.83181026740931e-05,2.698537855394534e-06,0.021698616445064545,-0.019786996766924858
follower_left,shoulder,29,1.620206967345439e-05,-0.9099680781364441,1.1612261533737183,0.0011719265021383762,-0.29600775241851807,-5.863178375875577e-05,2.7109726943308488e-06,0.021702297031879425,-0.019806044176220894
follower_left,shoulder,30,1.6161448002094403e-05,-0.9099603891372681,1.1612513065338135,0.0011668115621432662,-0.29593491554260254,-5.883127960260026e-05,2.718900987019879e-06,0.02170591428875923,-0.019821515306830406
follower_left,shoulder,31,1.610677281860262e-05,-0.9099571108818054,1.161277413368225,0.0011715341825038195,-0.29570913314819336,-5.9043490182375535e-05,2.727675791902584e-06,0.02170942910015583,-0.01983403041958809
follower_left,shoulder,32,1.6046034943428822e-05,-0.9099562168121338,1.1612718105316162,0.001177220488898456,-0.29574620723724365,-5.927979145781137e-05,2.737539489316987e-06,0.021712863817811012,-0.01984466053545475
follower_left,shoulder,33,1.5977850125636905e-05,-0.9099622368812561,1.1612437963485718,0.0011759117478504777,-0.2958884835243225,-5.9466583479661494e-05,2.7454409519123146e-06,0.02171625941991806,-0.019853947684168816
follower_left,shoulder,34,1.5952149624354206e-05,-0.9099617004394531,1.1612502336502075,0.0011721529299393296,-0.2959212064743042,-5.95779565628618e-05,2.750220119196456e-06,0.021719584241509438,-0.0198618546128273
follower_left,shoulder,35,1.59332685143454e-05,-0.9099581837654114,1.1612635850906372,0.0011729678371921182,-0.29579806327819824,-5.967338438495062e-05,2.7543212581804255e-06,0.021722842007875443,-0.019868481904268265
follower_left,shoulder,36,1.5909461581031792e-05,-0.909957230091095,1.1612701416015625,0.0011762814829126,-0.2957724928855896,-5.978505578241311e-05,2.7591026992013212e-06,0.021726053208112717,-0.01987428404390812
follower_left,shoulder,37,1.5876948964432813e-05,-0.9099599123001099,1.1612542867660522,0.0011769079137593508,-0.29583579301834106,-5.988671910017729e-05,2.763473275990691e-06,0.02172921784222126,-0.019879614934325218
follower_left,shoulder,38,1.5876948964432813e-05,-0.9099599123001099,1.1612542867660522,0.0011769079137593508,-0.29583579301834106,-5.988671910017729e-05,2.763473275990691e-06,0.02172921784222126,-0.019879614934325218
follower_left,shoulder,39,1.5876948964432813e-05,-0.9099599123001099,1.1612542867660522,0.0011769079137593508,-0.29583579301834106,-5.988671910017729e-05,2.763473275990691e-06,0.02172921784222126,-0.019879614934325218
follower_left,shoulder,40,1.5876948964432813e-05,-0.9099599123001099,1.1612542867660522,0.0011769079137593508,-0.29583579301834106,-5.988671910017729e-05,2.763473275990691e-06,0.02172921784222126,-0.019879614934325218
follower_left,shoulder,41,1.5876948964432813e-05,-0.9099599123001099,1.1612542867660522,0.0011769079137593508,-0.29583579301834106,-5.988671910017729e-05,2.763473275990691e-06,0.02172921784222126,-0.019879614934325218
follower_left,shoulder,42,1.5876948964432813e-05,-0.9099599123001099,1.1612542867660522,0.0011769079137593508,-0.29583579301834106,-5.988671910017729e-05,2.763473275990691e-06,0.02172921784222126,-0.019879614934325218
follower_left,shoulder,43,1.5876948964432813e-05,-0.9099599123001099,1.1612542867660522,0.0011769079137593508,-0.29583579301834106,-5.988671910017729e-05,2.763473275990691e-06,0.02172921784222126,-0.019879614934325218
follower_left,shoulder,44,1.5876948964432813e-05,-0.9099599123001099,1.1612542867660522,0.0011769079137593508,-0.29583579301834106,-5.988671910017729e-05,2.763473275990691e-06,0.02172921784222126,-0.019879614934325218
follower_left,shoulder,45,1.5876948964432813e-05,-0.9099599123001099,1.1612542867660522,0.0011769079137593508,-0.29583579301834106,-5.988671910017729e-05,2.763473275990691e-06,0.02172921784222126,-0.019879614934325218
follower_left,shoulder,46,1.5876948964432813e-05,-0.9099599123001099,1.1612542867660522,0.0011769079137593508,-0.29583579301834106,-5.988671910017729e-05,2.763473275990691e-06,0.02172921784222126,-0.019879614934325218
follower_left,shoulder,47,1.5876948964432813e-05,-0.9099599123001099,1.1612542867660522,0.0011769079137593508,-0.29583579301834106,-5.988671910017729e-05,2.763473275990691e-06,0.02172921784222126,-0.019879614934325218
follower_left,shoulder,48,1.5876948964432813e-05,-0.9099599123001099,1.1612542867660522,0.0011769079137593508,-0.29583579301834106,-5.988671910017729e-05,2.763473275990691e-06,0.02172921784222126,-0.019879614934325218
follower_left,shoulder,49,1.5876948964432813e-05,-0.9099599123001099,1.1612542867660522,0.0011769079137593508,-0.29583579301834106,-5.988671910017729e-05,2.763473275990691e-06,0.02172921784222126,-0.019879614934325218
follower_left,shoulder,50,1.5876948964432813e-05,-0.9099599123001099,1.1612542867660522,0.0011769079137593508,-0.29583579301834106,-5.988671910017729e-05,2.763473275990691e-06,0.02172921784222126,-0.019879614934325218
follower_left,shoulder,51,1.5876948964432813e-05,-0.9099599123001099,1.1612542867660522,0.0011769079137593508,-0.29583579301834106,-5.988671910017729e-05,2.763473275990691e-06,0.02172921784222126,-0.019879614934325218
follower_left,shoulder,52,1.5876948964432813e-05,-0.9099599123001099,1.1612542867660522,0.0011769079137593508,-0.29583579301834106,-5.988671910017729e-05,2.763473275990691e-06,0.02172921784222126,-0.019879614934325218
follower_left,shoulder,53,1.5876948964432813e-05,-0.9099599123001099,1.1612542867660522,0.0011769079137593508,-0.29583579301834106,-5.988671910017729e-05,2.763473275990691e-06,0.02172921784222126,-0.019879614934325218
follower_left,shoulder,54,1.5876948964432813e-05,-0.9099599123001099,1.1612542867660522,0.0011769079137593508,-0.29583579301834106,-5.988671910017729e-05,2.763473275990691e-06,0.02172921784222126,-0.019879614934325218
follower_left,shoulder,55,1.5876948964432813e-05,-0.9099599123001099,1.1612542867660522,0.0011769079137593508,-0.29583579301834106,-5.988671910017729e-05,2.763473275990691e-06,0.02172921784222126,-0.019879614934325218
follower_left,shoulder,56,1.5876948964432813e-05,-0.9099599123001099,1.1612542867660522,0.0011769079137593508,-0.29583579301834106,-5.988671910017729e-05,2.763473275990691e-06,0.02172921784222126,-0.019879614934325218
follower_left,shoulder,57,1.5876948964432813e-05,-0.9099599123001099,1.1612542867660522,0.0011769079137593508,-0.29583579301834106,-5.988671910017729e-05,2.763473275990691e-06,0.02172921784222126,-0.019879614934325218
follower_left,shoulder,58,1.5876948964432813e-05,-0.9099599123001099,1.1612542867660522,0.0011769079137593508,-0.29583579301834106,-5.988671910017729e-05,2.763473275990691e-06,0.02172921784222126,-0.019879614934325218
follower_left,shoulder,59,1.5876948964432813e-05,-0.9099599123001099,1.1612542867660522,0.0011769079137593508,-0.29583579301834106,-5.988671910017729e-05,2.763473275990691e-06,0.02172921784222126,-0.019879614934325218
follower_left,elbow,0,3.801576531259343e-05,-0.9619483351707458,1.199441909790039,0.0017048018053174019,-0.31072407960891724,0.0006419497076421976,2.7098317332274746e-06,0.02214045636355877,-0.013814247213304043
follower_left,elbow,1,4.328361319494434e-05,-0.9574239253997803,1.2280347347259521,0.0025302048306912184,-0.27083873748779297,0.00044160825200378895,3.372287437741761e-06,0.021726423874497414,-0.01380629651248455
follower_left,elbow,2,3.357928653713316e-05,-0.9580786824226379,1.2139332294464111,0.004151767119765282,-0.2561207711696625,0.00029752819682471454,3.6480305425357074e-06,0.021247737109661102,-0.01399142760783434
follower_left,elbow,3,2.629719347169157e-05,-0.9614084362983704,1.2069392204284668,0.0030019106343388557,-0.30848777294158936,0.00015802013513166457,5.200280156714143e-06,0.020999999716877937,-0.014174142852425575
follower_left,elbow,4,2.2454256395576522e-05,-0.9610395431518555,1.206891417503357,0.0014526703162118793,-0.31563666462898254,7.7377277193591e-05,5.627211066894233e-06,0.0210010576993227,-0.014534872956573963
follower_left,elbow,5,2.4822960767778568e-05,-0.9597126245498657,1.212838053703308,0.0011670112144201994,-0.2840593457221985,3.655590262496844e-05,5.088974376121769e-06,0.0210566483438015,-0.014936458319425583
follower_left,elbow,6,2.3879718355601653e-05,-0.9592732191085815,1.2152070999145508,0.002005256013944745,-0.2770501673221588,5.638459697365761e-06,4.673909188568359e-06,0.021104859188199043,-0.015376362018287182
follower_left,elbow,7,2.1981608369969763e-05,-0.9599747061729431,1.2102564573287964,0.0020888580475002527,-0.29445263743400574,-1.642975621507503e-05,4.33217110185069e-06,0.021145688369870186,-0.015863414853811264
follower_left,elbow,8,1.9839413653244264e-05,-0.9607409834861755,1.2083096504211426,0.0012721270322799683,-0.30646175146102905,-3.14488097501453e-05,4.059878392581595e-06,0.02120894007384777,-0.01635064370930195
follower_left,elbow,9,2.1248439225018956e-05,-0.9600103497505188,1.211168885231018,0.0009193063015118241,-0.2958959937095642,-3.520466270856559e-05,3.540172656357754e-06,0.02131195366382599,-0.016785699874162674
follower_left,elbow,10,2.1520814698305912e-05,-0.9596942067146301,1.2131767272949219,0.0012912963284179568,-0.28517866134643555,-3.9979848224902526e-05,3.2356913379771868e-06,0.0213877335190773,-0.01717154122889042
follower_left,elbow,11,2.0361672795843333e-05,-0.9599227905273438,1.2113752365112305,0.0015086003113538027,-0.2896384298801422,-4.589860327541828e-05,3.107856400674791e-06,0.021435024216771126,-0.01754629798233509
follower_left,elbow,12,1.8852460925700143e-05,-0.9602908492088318,1.2100316286087036,0.001230312860570848,-0.29832229018211365,-4.943079693475738e-05,2.98501004181162e-06,0.021487366408109665,-0.017896464094519615
follower_left,elbow,13,1.911635627038777e-05,-0.9599636197090149,1.211118221282959,0.001035657711327076,-0.2985967695713043,-4.9092010158346966e-05,2.7714047519111773e-06,0.02154686488211155,-0.01819688081741333
follower_left,elbow,14,1.927214179886505e-05,-0.9599186778068542,1.2117074728012085,0.0011054311180487275,-0.29219913482666016,-4.95313506689854e-05,2.6447978598298505e-06,0.02158762328326702,-0.01845180243253708
follower_left,elbow,15,1.8450884454068728e-05,-0.9599175453186035,1.2116601467132568,0.0012333611957728863,-0.2935294806957245,-5.2165061788400635e-05,2.64917593995051e-06,0.021613948047161102,-0.018678026273846626
follower_left,elbow,16,1.7621721781324595e-05,-0.9600765705108643,1.2107176780700684,0.0011576819233596325,-0.29526832699775696,-5.3526429837802425e-05,2.6286222691851435e-06,0.021640026941895485,-0.018880799412727356
follower_left,elbow,17,1.7414755347999744e-05,-0.9599899649620056,1.211246132850647,0.0010882316855713725,-0.296512246131897,-5.367779522202909e-05,2.5762674340512604e-06,0.021663587540388107,-0.01905062049627304
follower_left,elbow,18,1.726614573271945e-05,-0.9599669575691223,1.2114293575286865,0.001119410153478384,-0.2949453890323639,-5.4275631555356085e-05,2.561386963861878e-06,0.02168000303208828,-0.019191082566976547
follower_left,elbow,19,1.6758169294917025e-05,-0.9599664807319641,1.211342692375183,0.0011526183225214481,-0.29544389247894287,-5.553977462113835e-05,2.5855915737338364e-06,0.021691523492336273,-0.019310779869556427
follower_left,elbow,20,1.639282527321484e-05,-0.9600144624710083,1.2111376523971558,0.0011322260834276676,-0.2964155077934265,-5.640120434691198e-05,2.6009904559032293e-06,0.021701358258724213,-0.01941331848502159
follower_left,elbow,21,1.614081884326879e-05,-0.9599990248680115,1.2112265825271606,0.0011076233349740505,-0.2965409457683563,-5.692628474207595e-05,2.608504473755602e-06,0.021709343418478966,-0.019498206675052643
follower_left,elbow,22,1.6000052710296586e-05,-0.9599825143814087,1.2113224267959595,0.0011159087298437953,-0.2956674098968506,-5.7477878726786e-05,2.621452949824743e-06,0.02171548642218113,-0.01956735923886299
follower_left,elbow,23,1.5737739886390045e-05,-0.9599736928939819,1.2113372087478638,0.0011373942252248526,-0.2956146001815796,-5.8219458878738806e-05,2.6448233256815e-06,0.02172022871673107,-0.01962459087371826
follower_left,elbow,24,1.551314016978722e-05,-0.9599992632865906,1.2112326622009277,0.0011369582498446107,-0.29609888792037964,-5.8871057262877e-05,2.66673555415764e-06,0.021724900230765343,-0.019672824069857597
follower_left,elbow,25,1.533805698272772e-05,-0.9599974751472473,1.2112290859222412,0.001123257214203477,-0.2963494658470154,-5.928756218054332e-05,2.6806203550222563e-06,0.02172951027750969,-0.019712604582309723
follower_left,elbow,26,1.5256759070325643e-05,-0.9599903225898743,1.2112845182418823,0.0011222815373912454,-0.2959817051887512,-5.96370518906042e-05,2.6930051717499737e-06,0.02173371985554695,-0.019744571298360825
follower_left,elbow,27,1.5133144188439474e-05,-0.9599798321723938,1.2113089561462402,0.0011334808077663183,-0.29577505588531494,-6.005130853736773e-05,2.708582769628265e-06,0.021737493574619293,-0.019770538434386253
follower_left,elbow,28,1.5014280506875366e-05,-0.9599932432174683,1.2112716436386108,0.0011379265924915671,-0.29597532749176025,-6.0464615671662614e-05,2.7246446734352503e-06,0.02174108289182186,-0.019792355597019196
follower_left,elbow,29,1.4911568541720044e-05,-0.9599931836128235,1.2112436294555664,0.0011320763733237982,-0.29617366194725037,-6.075201599742286e-05,2.735981070145499e-06,0.021744612604379654,-0.01981060951948166
follower_left,elbow,30,1.4864960576232988e-05,-0.9599933624267578,1.2112705707550049,0.0011287573724985123,-0.2960779070854187,-6.095768549130298e-05,2.744306357271853e-06,0.021748077124357224,-0.019825438037514687
follower_left,elbow,31,1.4815029317105655e-05,-0.959984540939331,1.2112886905670166,0.0011332418071106076,-0.2959035038948059,-6.116923759691417e-05,2.7529290491656866e-06,0.021751463413238525,-0.019837506115436554
follower_left,elbow,32,1.475760836910922e-05,-0.9599905014038086,1.2112815380096436,0.0011374088935554028,-0.2959516942501068,-6.139326433185488e-05,2.7621381377684884e-06,0.021754780784249306,-0.019847774878144264
follower_left,elbow,33,1.4706400179420598e-05,-0.9599912166595459,1.2112585306167603,0.0011357918847352266,-0.2960722744464874,-6.15634853602387e-05,2.7692235562426504e-06,0.02175806649029255,-0.019856689497828484
follower_left,elbow,34,1.4678635125164874e-05,-0.9599930047988892,1.2112666368484497,0.0011330004781484604,-0.29607853293418884,-6.16746474406682e-05,2.773934738797834e-06,0.021761329844594002,-0.019864266738295555
follower_left,elbow,35,1.4661792192782741e-05,-0.9599878191947937,1.2112784385681152,0.0011341300560161471,-0.29597988724708557,-6.177317845867947e-05,2.7781261451309547e-06,0.02176452800631523,-0.01987067051231861
follower_left,elbow,36,1.4636222658737097e-05,-0.9599892497062683,1.2112804651260376,0.0011367769911885262,-0.29596570134162903,-6.188115366967395e-05,2.7826636141981e-06,0.021767687052488327,-0.01987631432712078
follower_left,elbow,37,1.4613548955821898e-05,-0.9599906802177429,1.2112681865692139,0.0011368843261152506,-0.29602500796318054,-6.197107722982764e-05,2.786453251246712e-06,0.021770823746919632,-0.019881471991539
follower_left,elbow,38,1.4613548955821898e-05,-0.9599906802177429,1.2112681865692139,0.0011368843261152506,-0.29602500796318054,-6.197107722982764e-05,2.786453251246712e-06,0.021770823746919632,-0.019881471991539
follower_left,elbow,39,1.4613548955821898e-05,-0.9599906802177429,1.2112681865692139,0.0011368843261152506,-0.29602500796318054,-6.197107722982764e-05,2.786453251246712e-06,0.021770823746919632,-0.019881471991539
follower_left,elbow,40,1.4613548955821898e-05,-0.9599906802177429,1.2112681865692139,0.0011368843261152506,-0.29602500796318054,-6.197107722982764e-05,2.786453251246712e-06,0.021770823746919632,-0.019881471991539
follower_left,elbow,41,1.4613548955821898e-05,-0.9599906802177429,1.2112681865692139,0.0011368843261152506,-0.29602500796318054,-6.197107722982764e-05,2.786453251246712e-06,0.021770823746919632,-0.019881471991539
follower_left,elbow,42,1.4613548955821898e-05,-0.9599906802177429,1.2112681865692139,0.0011368843261152506,-0.29602500796318054,-6.197107722982764e-05,2.786453251246712e-06,0.021770823746919632,-0.019881471991539
follower_left,elbow,43,1.4613548955821898e-05,-0.9599906802177429,1.2112681865692139,0.0011368843261152506,-0.29602500796318054,-6.197107722982764e-05,2.786453251246712e-06,0.021770823746919632,-0.019881471991539
follower_left,elbow,44,1.4613548955821898e-05,-0.9599906802177429,1.2112681865692139,0.0011368843261152506,-0.29602500796318054,-6.197107722982764e-05,2.786453251246712e-06,0.021770823746919632,-0.019881471991539
follower_left,elbow,45,1.4613548955821898e-05,-0.9599906802177429,1.2112681865692139,0.0011368843261152506,-0.29602500796318054,-6.197107722982764e-05,2.786453251246712e-06,0.021770823746919632,-0.019881471991539
follower_left,elbow,46,1.4613548955821898e-05,-0.9599906802177429,1.2112681865692139,0.0011368843261152506,-0.29602500796318054,-6.197107722982764e-05,2.786453251246712e-06,0.021770823746919632,-0.019881471991539
follower_left,elbow,47,1.4613548955821898e-05,-0.9599906802177429,1.2112681865692139,0.0011368843261152506,-0.29602500796318054,-6.197107722982764e-05,2.786453251246712e-06,0.021770823746919632,-0.019881471991539
follower_left,elbow,48,1.4613548955821898e-05,-0.9599906802177429,1.2112681865692139,0.0011368843261152506,-0.29602500796318054,-6.197107722982764e-05,2.786453251246712e-06,0.021770823746919632,-0.019881471991539
follower_left,elbow,49,1.4613548955821898e-05,-0.9599906802177429,1.2112681865692139,0.0011368843261152506,-0.29602500796318054,-6.197107722982764e-05,2.786453251246712e-06,0.021770823746919632,-0.019881471991539
follower_left,elbow,50,1.4613548955821898e-05,-0.9599906802177429,1.2112681865692139,0.0011368843261152506,-0.29602500796318054,-6.197107722982764e-05,2.786453251246712e-06,0.021770823746919632,-0.019881471991539
follower_left,elbow,51,1.4613548955821898e-05,-0.9599906802177429,1.2112681865692139,0.0011368843261152506,-0.29602500796318054,-6.197107722982764e-05,2.786453251246712e-06,0.021770823746919632,-0.019881471991539
follower_left,elbow,52,1.4613548955821898e-05,-0.9599906802177429,1.2112681865692139,0.0011368843261152506,-0.29602500796318054,-6.197107722982764e-05,2.786453251246712e-06,0.021770823746919632,-0.019881471991539
follower_left,elbow,53,1.4613548955821898e-05,-0.9599906802177429,1.2112681865692139,0.0011368843261152506,-0.29602500796318054,-6.197107722982764e-05,2.786453251246712e-06,0.021770823746919632,-0.019881471991539
follower_left,elbow,54,1.4613548955821898e-05,-0.9599906802177429,1.2112681865692139,0.0011368843261152506,-0.29602500796318054,-6.197107722982764e-05,2.786453251246712e-06,0.021770823746919632,-0.019881471991539
follower_left,elbow,55,1.4613548955821898e-05,-0.9599906802177429,1.2112681865692139,0.0011368843261152506,-0.29602500796318054,-6.197107722982764e-05,2.786453251246712e-06,0.021770823746919632,-0.019881471991539
follower_left,elbow,56,1.4613548955821898e-05,-0.9599906802177429,1.2112681865692139,0.0011368843261152506,-0.29602500796318054,-6.197107722982764e-05,2.786453251246712e-06,0.021770823746919632,-0.019881471991539
follower_left,elbow,57,1.4613548955821898e-05,-0.9599906802177429,1.2112681865692139,0.0011368843261152506,-0.29602500796318054,-6.197107722982764e-05,2.786453251246712e-06,0.021770823746919632,-0.019881471991539
follower_left,elbow,58,1.4613548955821898e-05,-0.9599906802177429,1.2112681865692139,0.0011368843261152506,-0.29602500796318054,-6.197107722982764e-05,2.786453251246712e-06,0.021770823746919632,-0.019881471991539
follower_left,elbow,59,1.4613548955821898e-05,-0.9599906802177429,1.2112681865692139,0.0011368843261152506,-0.29602500796318054,-6.197107722982764e-05,2.786453251246712e-06,0.021770823746919632,-0.019881471991539
follower_left,forearm_roll,0,0.00018173996068071574,-0.9599430561065674,1.1620134115219116,0.03963238000869751,-0.29079896211624146,-0.009430492296814919,-1.9830611108773155e-06,0.02372414991259575,-0.013808236457407475
follower_left,forearm_roll,1,0.00010393869888503104,-0.9598495960235596,1.1620069742202759,0.04620354250073433,-0.29074692726135254,0.0008383560343645513,-1.1086475524280104e-06,0.022488459944725037,-0.015665918588638306
follower_left,forearm_roll,2,7.783217006362975e-05,-0.9600207805633545,1.1605206727981567,0.04746340215206146,-0.29404667019844055,0.0006003814633004367,-1.0122280968971609e-07,0.022145602852106094,-0.016586674377322197
follower_left,forearm_roll,3,6.174502777867019e-05,-0.960044801235199,1.1609923839569092,0.0482754223048687,-0.2968590259552002,0.0004268087213858962,5.750142690885696e-07,0.02205873467028141,-0.017216403037309647
follower_left,forearm_roll,4,5.27084011991974e-05,-0.9598976373672485,1.1613892316818237,0.04895366355776787,-0.29498374462127686,0.00029976051882840693,1.053469645739824e-06,0.0220111683011055,-0.01777147501707077
follower_left,forearm_roll,5,4.500820068642497e-05,-0.9599366188049316,1.1613788604736328,0.04948997125029564,-0.29456228017807007,0.00020604545716196299,1.420261924067745e-06,0.021972348913550377,-0.018285775557160378
follower_left,forearm_roll,6,3.8988997403066605e-05,-0.9599424600601196,1.161131501197815,0.04984955117106438,-0.2959738075733185,0.00013761389709543437,1.6701595768608968e-06,0.021957233548164368,-0.018741868436336517
follower_left,forearm_roll,7,3.4080989280482754e-05,-0.9599895477294922,1.1611214876174927,0.05009283870458603,-0.29659873247146606,8.752779103815556e-05,1.846635427682486e-06,0.02196078933775425,-0.019141115248203278
follower_left,forearm_roll,8,3.0948533094488084e-05,-0.9599296450614929,1.1612468957901,0.05028761550784111,-0.29578128457069397,5.057402449892834e-05,1.983801666938234e-06,0.021963154897093773,-0.019504237920045853
follower_left,forearm_roll,9,2.8330774512141943e-05,-0.9599475860595703,1.1613165140151978,0.0504542738199234,-0.29521769285202026,2.3220951334224083e-05,2.0924489945173264e-06,0.02196083776652813,-0.019838139414787292
follower_left,forearm_roll,10,2.6160550987697206e-05,-0.959936797618866,1.161234974861145,0.05057181417942047,-0.29576319456100464,3.1809822758077644e-06,2.168759237974882e-06,0.021961065009236336,-0.020136134698987007
follower_left,forearm_roll,11,2.421047247480601e-05,-0.9599675536155701,1.1611528396606445,0.05064266547560692,-0.2961864471435547,-1.1509587238833774e-05,2.2238643850869266e-06,0.021966557949781418,-0.02039497159421444
follower_left,forearm_roll,12,2.292119461344555e-05,-0.9599452018737793,1.1612226963043213,0.05069655552506447,-0.29602083563804626,-2.2464328139903955e-05,2.2718063519278076e-06,0.021972352638840675,-0.020621446892619133
follower_left,forearm_roll,13,2.1901460058870725e-05,-0.9599460363388062,1.161265254020691,0.0507502406835556,-0.29554295539855957,-3.0806106224190444e-05,2.319878831258393e-06,0.021972840651869774,-0.02082553319633007
follower_left,forearm_roll,14,2.1002870198572055e-05,-0.9599412679672241,1.1612571477890015,0.05079273879528046,-0.2957019805908203,-3.711061799549498e-05,2.362316536164144e-06,0.021972915157675743,-0.02100602723658085
follower_left,forearm_roll,15,2.011326068895869e-05,-0.9599552750587463,1.1611908674240112,0.05081609636545181,-0.29596489667892456,-4.186344813206233e-05,2.399028062427533e-06,0.021975446492433548,-0.02116246707737446
follower_left,forearm_roll,16,1.9477447494864464e-05,-0.9599500894546509,1.1612186431884766,0.05083024129271507,-0.2960259020328522,-4.533410174190067e-05,2.425120783300372e-06,0.02197861485183239,-0.021297192201018333
follower_left,forearm_roll,17,1.900381721497979e-05,-0.9599466919898987,1.1612390279769897,0.05084766820073128,-0.2957346439361572,-4.817011358682066e-05,2.4571618268964812e-06,0.021979255601763725,-0.02141685038805008
follower_left,forearm_roll,18,1.858428367995657e-05,-0.9599445462226868,1.1612528562545776,0.05086461454629898,-0.29573020339012146,-5.0399015890434384e-05,2.4867129013728118e-06,0.02197938971221447,-0.021522607654333115
follower_left,forearm_roll,19,1.81556442839792e-05,-0.9599495530128479,1.1612156629562378,0.050874169915914536,-0.2958623170852661,-5.205600245972164e-05,2.5091637780860765e-06,0.021979479119181633,-0.021614953875541687
follower_left,forearm_roll,20,1.7800410205381922e-05,-0.9599505662918091,1.1612184047698975,0.050878047943115234,-0.2959582209587097,-5.335040623322129e-05,2.5292283680755645e-06,0.021980909630656242,-0.021693643182516098
follower_left,forearm_roll,21,1.7547759853187017e-05,-0.9599477052688599,1.1612297296524048,0.05088335648179054,-0.2958298921585083,-5.437585059553385e-05,2.5473482310189866e-06,0.02198200859129429,-0.02176283858716488
follower_left,forearm_roll,22,1.7336971723125316e-05,-0.9599464535713196,1.1612430810928345,0.05089046433568001,-0.29577356576919556,-5.5189440899994224e-05,2.56306293522357e-06,0.021982578560709953,-0.021823834627866745
follower_left,forearm_roll,23,1.7125197700806893e-05,-0.959947943687439,1.1612279415130615,0.05089517682790756,-0.2958264946937561,-5.574446913669817e-05,2.5725191790115787e-06,0.021982688456773758,-0.021876931190490723
follower_left,forearm_roll,24,1.6941536159720272e-05,-0.9599495530128479,1.1612218618392944,0.05089639872312546,-0.2959001660346985,-5.603958561550826e-05,2.5743684091139585e-06,0.02198314294219017,-0.021921388804912567
follower_left,forearm_roll,25,1.6941536159720272e-05,-0.9599495530128479,1.1612218618392944,0.05089639872312546,-0.2959001660346985,-5.603958561550826e-05,2.5743684091139585e-06,0.02198314294219017,-0.021921388804912567
follower_left,forearm_roll,26,1.6941536159720272e-05,-0.9599495530128479,1.1612218618392944,0.05089639872312546,-0.2959001660346985,-5.603958561550826e-05,2.5743684091139585e-06,0.02198314294219017,-0.021921388804912567
follower_left,forearm_roll,27,1.6941536159720272e-05,-0.9599495530128479,1.1612218618392944,0.05089639872312546,-0.2959001660346985,-5.603958561550826e-05,2.5743684091139585e-06,0.02198314294219017,-0.021921388804912567
follower_left,forearm_roll,28,1.6941536159720272e-05,-0.9599495530128479,1.1612218618392944,0.05089639872312546,-0.2959001660346985,-5.603958561550826e-05,2.5743684091139585e-06,0.02198314294219017,-0.021921388804912567
follower_left,forearm_roll,29,1.6941536159720272e-05,-0.9599495530128479,1.1612218618392944,0.05089639872312546,-0.2959001660346985,-5.603958561550826e-05,2.5743684091139585e-06,0.02198314294219017,-0.021921388804912567
follower_left,forearm_roll,30,1.6941536159720272e-05,-0.9599495530128479,1.1612218618392944,0.05089639872312546,-0.2959001660346985,-5.603958561550826e-05,2.5743684091139585e-06,0.02198314294219017,-0.021921388804912567
follower_left,forearm_roll,31,1.6941536159720272e-05,-0.9599495530128479,1.1612218618392944,0.05089639872312546,-0.2959001660346985,-5.603958561550826e-05,2.5743684091139585e-06,0.02198314294219017,-0.021921388804912567
follower_left,forearm_roll,32,1.6941536159720272e-05,-0.9599495530128479,1.1612218618392944,0.05089639872312546,-0.2959001660346985,-5.603958561550826e-05,2.5743684091139585e-06,0.02198314294219017,-0.021921388804912567
follower_left,forearm_roll,33,1.6941536159720272e-05,-0.9599495530128479,1.1612218618392944,0.05089639872312546,-0.2959001660346985,-5.603958561550826e-05,2.5743684091139585e-06,0.02198314294219017,-0.021921388804912567
follower_left,forearm_roll,34,1.6941536159720272e-05,-0.9599495530128479,1.1612218618392944,0.05089639872312546,-0.2959001660346985,-5.603958561550826e-05,2.5743684091139585e-06,0.02198314294219017,-0.021921388804912567
follower_left,forearm_roll,35,1.6941536159720272e-05,-0.9599495530128479,1.1612218618392944,0.05089639872312546,-0.2959001660346985,-5.603958561550826e-05,2.5743684091139585e-06,0.02198314294219017,-0.021921388804912567
follower_left,forearm_roll,36,1.6941536159720272e-05,-0.9599495530128479,1.1612218618392944,0.05089639872312546,-0.2959001660346985,-5.603958561550826e-05,2.5743684091139585e-06,0.02198314294219017,-0.021921388804912567
follower_left,forearm_roll,37,1.6941536159720272e-05,-0.9599495530128479,1.1612218618392944,0.05089639872312546,-0.2959001660346985,-5.603958561550826e-05,2.5743684091139585e-06,0.02198314294219017,-0.021921388804912567
follower_left,forearm_roll,38,1.6941536159720272e-05,-0.9599495530128479,1.1612218618392944,0.05089639872312546,-0.2959001660346985,-5.603958561550826e-05,2.5743684091139585e-06,0.02198314294219017,-0.021921388804912567
follower_left,forearm_roll,39,1.6941536159720272e-05,-0.9599495530128479,1.1612218618392944,0.05089639872312546,-0.2959001660346985,-5.603958561550826e-05,2.5743684091139585e-06,0.02198314294219017,-0.021921388804912567
follower_left,forearm_roll,40,1.6941536159720272e-05,-0.9599495530128479,1.1612218618392944,0.05089639872312546,-0.2959001660346985,-5.603958561550826e-05,2.5743684091139585e-06,0.02198314294219017,-0.021921388804912567
follower_left,forearm_roll,41,1.6941536159720272e-05,-0.9599495530128479,1.1612218618392944,0.05089639872312546,-0.2959001660346985,-5.603958561550826e-05,2.5743684091139585e-06,0.02198314294219017,-0.021921388804912567
follower_left,forearm_roll,42,1.6941536159720272e-05,-0.9599495530128479,1.1612218618392944,0.05089639872312546,-0.2959001660346985,-5.603958561550826e-05,2.5743684091139585e-06,0.02198314294219017,-0.021921388804912567
follower_left,forearm_roll,43,1.6941536159720272e-05,-0.9599495530128479,1.1612218618392944,0.05089639872312546,-0.2959001660346985,-5.603958561550826e-05,2.5743684091139585e-06,0.02198314294219017,-0.021921388804912567
follower_left,forearm_roll,44,1.6941536159720272e-05,-0.9599495530128479,1.1612218618392944,0.05089639872312546,-0.2959001660346985,-5.603958561550826e-05,2.5743684091139585e-06,0.02198314294219017,-0.021921388804912567
follower_left,forearm_roll,45,1.6941536159720272e-05,-0.9599495530128479,1.1612218618392944,0.05089639872312546,-0.2959001660346985,-5.603958561550826e-05,2.5743684091139585e-06,0.02198314294219017,-0.021921388804912567
follower_left,forearm_roll,46,1.6941536159720272e-05,-0.9599495530128479,1.1612218618392944,0.05089639872312546,-0.2959001660346985,-5.603958561550826e-05,2.5743684091139585e-06,0.02198314294219017,-0.021921388804912567
follower_left,forearm_roll,47,1.6941536159720272e-05,-0.9599495530128479,1.1612218618392944,0.05089639872312546,-0.2959001660346985,-5.603958561550826e-05,2.5743684091139585e-06,0.02198314294219017,-0.021921388804912567
follower_left,forearm_roll,48,1.6941536159720272e-05,-0.9599495530128479,1.1612218618392944,0.05089639872312546,-0.2959001660346985,-5.603958561550826e-05,2.5743684091139585e-06,0.02198314294219017,-0.021921388804912567
follower_left,forearm_roll,49,1.6941536159720272e-05,-0.9599495530128479,1.1612218618392944,0.05089639872312546,-0.2959001660346985,-5.603958561550826e-05,2.5743684091139585e-06,0.02198314294219017,-0.021921388804912567
follower_left,forearm_roll,50,1.6941536159720272e-05,-0.9599495530128479,1.1612218618392944,0.05089639872312546,-0.2959001660346985,-5.603958561550826e-05,2.5743684091139585e-06,0.02198314294219017,-0.021921388804912567
follower_left,forearm_roll,51,1.6941536159720272e-05,-0.9599495530128479,1.1612218618392944,0.05089639872312546,-0.2959001660346985,-5.603958561550826e-05,2.5743684091139585e-06,0.02198314294219017,-0.021921388804912567
follower_left,forearm_roll,52,1.6941536159720272e-05,-0.9599495530128479,1.1612218618392944,0.05089639872312546,-0.2959001660346985,-5.603958561550826e-05,2.5743684091139585e-06,0.02198314294219017,-0.021921388804912567
follower_left,forearm_roll,53,1.6941536159720272e-05,-0.9599495530128479,1.1612218618392944,0.05089639872312546,-0.2959001660346985,-5.603958561550826e-05,2.5743684091139585e-06,0.02198314294219017,-0.021921388804912567
follower_left,forearm_roll,54,1.6941536159720272e-05,-0.9599495530128479,1.1612218618392944,0.05089639872312546,-0.2959001660346985,-5.603958561550826e-05,2.5743684091139585e-06,0.02198314294219017,-0.021921388804912567
follower_left,forearm_roll,55,1.6941536159720272e-05,-0.9599495530128479,1.1612218618392944,0.05089639872312546,-0.2959001660346985,-5.603958561550826e-05,2.5743684091139585e-06,0.02198314294219017,-0.021921388804912567
follower_left,forearm_roll,56,1.6941536159720272e-05,-0.9599495530128479,1.1612218618392944,0.05089639872312546,-0.2959001660346985,-5.603958561550826e-05,2.5743684091139585e-06,0.02198314294219017,-0.021921388804912567
follower_left,forearm_roll,57,1.6941536159720272e-05,-0.9599495530128479,1.1612218618392944,0.05089639872312546,-0.2959001660346985,-5.603958561550826e-05,2.5743684091139585e-06,0.02198314294219017,-0.021921388804912567
follower_left,forearm_roll,58,1.6941536159720272e-05,-0.9599495530128479,1.1612218618392944,0.05089639872312546,-0.2959001660346985,-5.603958561550826e-05,2.5743684091139585e-06,0.02198314294219017,-0.021921388804912567
follower_left,forearm_roll,59,1.6941536159720272e-05,-0.9599495530128479,1.1612218618392944,0.05089639872312546,-0.2959001660346985,-5.603958561550826e-05,2.5743684091139585e-06,0.02198314294219017,-0.021921388804912567
follower_left,wrist_angle,0,2.5573033781256527e-05,-0.9605090618133545,1.1593927145004272,-0.001018485869280994,-0.2503470480442047,0.0007524681277573109,2.59334206020867e-06,0.022076526656746864,-0.013813989236950874
follower_left,wrist_angle,1,2.5332388759125024e-05,-0.9589569568634033,1.165657877922058,0.0001797707809600979,-0.22545261681079865,0.0005306167295202613,2.8093409127905034e-06,0.02165207453072071,-0.013884332962334156
follower_left,wrist_angle,2,2.3488344595534727e-05,-0.9595398306846619,1.162878155708313,0.001465312554500997,-0.2312849909067154,0.00036710724816657603,2.9569348498625914e-06,0.02125394344329834,-0.014068159274756908
follower_left,wrist_angle,3,1.80065690074116e-05,-0.9604042768478394,1.1585540771484375,0.0012279367074370384,-0.2555214464664459,0.00021676227333955467,4.281413112039445e-06,0.020999999716877937,-0.014298899099230766
follower_left,wrist_angle,4,1.790227361198049e-05,-0.9603250026702881,1.1590842008590698,0.000609295442700386,-0.25553709268569946,0.00012410673662088811,4.6112927520880476e-06,0.021000145003199577,-0.014719000086188316
follower_left,wrist_angle,5,1.9485059965518303e-05,-0.9599382281303406,1.1622377634048462,0.0007110110600478947,-0.23764337599277496,7.296796684386209e-05,4.1416055864829104e-06,0.02107347920536995,-0.01519869826734066
follower_left,wrist_angle,6,1.9368826542631723e-05,-0.9595966339111328,1.1632362604141235,0.0014399575302377343,-0.23537077009677887,3.5965571441920474e-05,3.7499878544622334e-06,0.02114805206656456,-0.015701746568083763
follower_left,wrist_angle,7,1.8122647816198878e-05,-0.9600143432617188,1.1605017185211182,0.001548612373881042,-0.24352693557739258,9.627941835788079e-06,3.4282179512956645e-06,0.021222740411758423,-0.01622004620730877
follower_left,wrist_angle,8,1.7698261217446998e-05,-0.960274338722229,1.1599743366241455,0.0011529288021847606,-0.24940507113933563,-7.365171313722385e-06,3.1053818929649424e-06,0.02131287194788456,-0.016715193167328835
follower_left,wrist_angle,9,1.8471084331395105e-05,-0.9599250555038452,1.1614513397216797,0.0010678025428205729,-0.24532613158226013,-1.7148542610812e-05,2.760191591733019e-06,0.02141612581908703,-0.01715511456131935
follower_left,wrist_angle,10,1.8438451661495492e-05,-0.9598431587219238,1.1619527339935303,0.0013128012651577592,-0.240848571062088,-2.533804945414886e-05,2.544558356021298e-06,0.02149360068142414,-0.01755226030945778
follower_left,wrist_angle,11,1.7504566130810417e-05,-0.9599462747573853,1.16130530834198,0.0014233036199584603,-0.24346186220645905,-3.240108344471082e-05,2.4257731183752185e-06,0.021551279351115227,-0.017918938770890236
follower_left,wrist_angle,12,1.6978632629616186e-05,-0.9600486159324646,1.1607469320297241,0.0012998000020161271,-0.24541211128234863,-3.702406320371665e-05,2.3172449346020585e-06,0.021607590839266777,-0.018244817852973938
follower_left,wrist_angle,13,1.693000376690179e-05,-0.9599143266677856,1.1614702939987183,0.0012799862306565046,-0.2460898905992508,-3.980779729317874e-05,2.212832669101772e-06,0.021659020334482193,-0.018524060025811195
follower_left,wrist_angle,14,1.6636287909932435e-05,-0.9599063992500305,1.1614004373550415,0.0013391110114753246,-0.24437247216701508,-4.261586218490265e-05,2.168338596675312e-06,0.02169528417289257,-0.0187667328864336
follower_left,wrist_angle,15,1.610293475096114e-05,-0.9599506855010986,1.1613681316375732,0.0013721354771405458,-0.24544766545295715,-4.54149667348247e-05,2.163508270314196e-06,0.02172359824180603,-0.018977796658873558
follower_left,wrist_angle,16,1.5711060768808238e-05,-0.9599575400352478,1.1611570119857788,0.0013507911935448647,-0.24618366360664368,-4.7476372856181115e-05,2.1612445380014833e-06,0.02174747735261917,-0.019161684438586235
follower_left,wrist_angle,17,1.5423327567987144e-05,-0.959959864616394,1.16128408908844,0.0013309107162058353,-0.2460690587759018,-4.88768273498863e-05,2.1551666122832103e-06,0.02176673337817192,-0.019318832084536552
follower_left,wrist_angle,18,1.5235284990922082e-05,-0.9599285125732422,1.1613718271255493,0.0013511152938008308,-0.24520866572856903,-5.0100610678782687e-05,2.158210463676369e-06,0.02178087644279003,-0.019451864063739777
follower_left,wrist_angle,19,1.4852535969112068e-05,-0.959941565990448,1.1613662242889404,0.0013804844347760081,-0.24528712034225464,-5.148172567714937e-05,2.1790085611428367e-06,0.021791260689496994,-0.01956474594771862
follower_left,wrist_angle,20,1.456034260627348e-05,-0.9599484205245972,1.161255955696106,0.0013790014199912548,-0.24583353102207184,-5.25674840901047e-05,2.1971864043734968e-06,0.02179962769150734,-0.019661108031868935
follower_left,wrist_angle,21,1.431821692676749e-05,-0.9599563479423523,1.1612666845321655,0.0013640536926686764,-0.24599239230155945,-5.3347339417086914e-05,2.2102203729446046e-06,0.021806292235851288,-0.019741855561733246
follower_left,wrist_angle,22,1.4188402928994037e-05,-0.9599392414093018,1.1613285541534424,0.0013668949250131845,-0.24557358026504517,-5.401328962761909e-05,2.2235053620534018e-06,0.02181140147149563,-0.019808465614914894
follower_left,wrist_angle,23,1.3980650692246854e-05,-0.9599407911300659,1.1613495349884033,0.0013839890016242862,-0.24538671970367432,-5.4727945098420605e-05,2.241848505946109e-06,0.021815335378050804,-0.019863644614815712
follower_left,wrist_angle,24,1.3796914572594687e-05,-0.959943950176239,1.1613013744354248,0.0013900757767260075,-0.24564731121063232,-5.537417018786073e-05,2.260059090986033e-06,0.021819015964865685,-0.01990988850593567
follower_left,wrist_angle,25,1.3636122275784146e-05,-0.959951639175415,1.16127610206604,0.001382653135806322,-0.24584387242794037,-5.58536485186778e-05,2.273822701681638e-06,0.021822672337293625,-0.019948316738009453
follower_left,wrist_angle,26,1.3557583770307247e-05,-0.9599446654319763,1.1613078117370605,0.00137942039873451,-0.24571222066879272,-5.622269964078441e-05,2.2847166292194743e-06,0.02182609960436821,-0.01997964270412922
follower_left,wrist_angle,27,1.3457991371979006e-05,-0.9599422812461853,1.1613293886184692,0.0013870137045159936,-0.24551457166671753,-5.6601456890348345e-05,2.2968793018662836e-06,0.02182926796376705,-0.020005198195576668
follower_left,wrist_angle,28,1.3359486729314085e-05,-0.9599431157112122,1.1613175868988037,0.0013934796443209052,-0.24559304118156433,-5.69737094338052e-05,2.3093930394679774e-06,0.021832339465618134,-0.02002647891640663
follower_left,wrist_angle,29,1.3266265341371763e-05,-0.9599478840827942,1.1612906455993652,0.0013913712464272976,-0.24573175609111786,-5.726902963942848e-05,2.319565965080983e-06,0.021835345774888992,-0.020044321194291115
follower_left,wrist_angle,30,1.3219471838965546e-05,-0.9599466323852539,1.1613012552261353,0.0013876351295039058,-0.24573475122451782,-5.747863178839907e-05,2.3268430595635436e-06,0.021838271990418434,-0.020059024915099144
follower_left,wrist_angle,31,1.3177232176531106e-05,-0.9599437713623047,1.1613163948059082,0.0013897521421313286,-0.24560530483722687,-5.7671139074955136e-05,2.333687461941736e-06,0.021841129288077354,-0.020071079954504967
follower_left,wrist_angle,32,1.313123902946245e-05,-0.9599435329437256,1.1613186597824097,0.0013942111982032657,-0.24559445679187775,-5.786647670902312e-05,2.3407824301102664e-06,0.021843938156962395,-0.020081214606761932
follower_left,wrist_angle,33,1.3082360965199769e-05,-0.9599457383155823,1.1613025665283203,0.001394685241393745,-0.24567298591136932,-5.803533713333309e-05,2.346960172872059e-06,0.021846698597073555,-0.020089956000447273
follower_left,wrist_angle,34,1.3054625014774501e-05,-0.9599462747573853,1.1613010168075562,0.0013922045473009348,-0.24571289122104645,-5.814961332362145e-05,2.3511879589932505e-06,0.021849393844604492,-0.020097430795431137
follower_left,wrist_angle,35,1.3038284123467747e-05,-0.9599446058273315,1.1613099575042725,0.0013919399352744222,-0.24565339088439941,-5.824003164889291e-05,2.3545758267573547e-06,0.021852031350135803,-0.020103756338357925
follower_left,wrist_angle,36,1.3038284123467747e-05,-0.9599446058273315,1.1613099575042725,0.0013919399352744222,-0.24565339088439941,-5.824003164889291e-05,2.3545758267573547e-06,0.021852031350135803,-0.020103756338357925
follower_left,wrist_angle,37,1.3038284123467747e-05,-0.9599446058273315,1.1613099575042725,0.0013919399352744222,-0.24565339088439941,-5.824003164889291e-05,2.3545758267573547e-06,0.021852031350135803,-0.020103756338357925
follower_left,wrist_angle,38,1.3038284123467747e-05,-0.9599446058273315,1.1613099575042725,0.0013919399352744222,-0.24565339088439941,-5.824003164889291e-05,2.3545758267573547e-06,0.021852031350135803,-0.020103756338357925
follower_left,wrist_angle,39,1.3038284123467747e-05,-0.9599446058273315,1.1613099575042725,0.0013919399352744222,-0.24565339088439941,-5.824003164889291e-05,2.3545758267573547e-06,0.021852031350135803,-0.020103756338357925
follower_left,wrist_angle,40,1.3038284123467747e-05,-0.9599446058273315,1.1613099575042725,0.0013919399352744222,-0.24565339088439941,-5.824003164889291e-05,2.3545758267573547e-06,0.021852031350135803,-0.020103756338357925
follower_left,wrist_angle,41,1.3038284123467747e-05,-0.9599446058273315,1.1613099575042725,0.0013919399352744222,-0.24565339088439941,-5.824003164889291e-05,2.3545758267573547e-06,0.021852031350135803,-0.020103756338357925
follower_left,wrist_angle,42,1.3038284123467747e-05,-0.9599446058273315,1.1613099575042725,0.0013919399352744222,-0.24565339088439941,-5.824003164889291e-05,2.3545758267573547e-06,0.021852031350135803,-0.020103756338357925
follower_left,wrist_angle,43,1.3038284123467747e-05,-0.9599446058273315,1.1613099575042725,0.0013919399352744222,-0.24565339088439941,-5.824003164889291e-05,2.3545758267573547e-06,0.021852031350135803,-0.020103756338357925
follower_left,wrist_angle,44,1.3038284123467747e-05,-0.9599446058273315,1.1613099575042725,0.0013919399352744222,-0.24565339088439941,-5.824003164889291e-05,2.3545758267573547e-06,0.021852031350135803,-0.020103756338357925
follower_left,wrist_angle,45,1.3038284123467747e-05,-0.9599446058273315,1.1613099575042725,0.0013919399352744222,-0.24565339088439941,-5.824003164889291e-05,2.3545758267573547e-06,0.021852031350135803,-0.020103756338357925
follower_left,wrist_angle,46,1.3038284123467747e-05,-0.9599446058273315,1.1613099575042725,0.0013919399352744222,-0.24565339088439941,-5.824003164889291e-05,2.3545758267573547e-06,0.021852031350135803,-0.020103756338357925
follower_left,wrist_angle,47,1.3038284123467747e-05,-0.9599446058273315,1.1613099575042725,0.0013919399352744222,-0.24565339088439941,-5.824003164889291e-05,2.3545758267573547e-06,0.021852031350135803,-0.020103756338357925
follower_left,wrist_angle,48,1.3038284123467747e-05,-0.9599446058273315,1.1613099575042725,0.0013919399352744222,-0.24565339088439941,-5.824003164889291e-05,2.3545758267573547e-06,0.021852031350135803,-0.020103756338357925
follower_left,wrist_angle,49,1.3038284123467747e-05,-0.9599446058273315,1.1613099575042725,0.0013919399352744222,-0.24565339088439941,-5.824003164889291e-05,2.3545758267573547e-06,0.021852031350135803,-0.020103756338357925
follower_left,wrist_angle,50,1.3038284123467747e-05,-0.9599446058273315,1.1613099575042725,0.0013919399352744222,-0.24565339088439941,-5.824003164889291e-05,2.3545758267573547e-06,0.021852031350135803,-0.020103756338357925
follower_left,wrist_angle,51,1.3038284123467747e-05,-0.9599446058273315,1.1613099575042725,0.0013919399352744222,-0.24565339088439941,-5.824003164889291e-05,2.3545758267573547e-06,0.021852031350135803,-0.020103756338357925
follower_left,wrist_angle,52,1.3038284123467747e-05,-0.9599446058273315,1.1613099575042725,0.0013919399352744222,-0.24565339088439941,-5.824003164889291e-05,2.3545758267573547e-06,0.021852031350135803,-0.020103756338357925
follower_left,wrist_angle,53,1.3038284123467747e-05,-0.9599446058273315,1.1613099575042725,0.0013919399352744222,-0.24565339088439941,-5.824003164889291e-05,2.3545758267573547e-06,0.021852031350135803,-0.020103756338357925
follower_left,wrist_angle,54,1.3038284123467747e-05,-0.9599446058273315,1.1613099575042725,0.0013919399352744222,-0.24565339088439941,-5.824003164889291e-05,2.3545758267573547e-06,0.021852031350135803,-0.020103756338357925
follower_left,wrist_angle,55,1.3038284123467747e-05,-0.9599446058273315,1.1613099575042725,0.0013919399352744222,-0.24565339088439941,-5.824003164889291e-05,2.3545758267573547e-06,0.021852031350135803,-0.020103756338357925
follower_left,wrist_angle,56,1.3038284123467747e-05,-0.9599446058273315,1.1613099575042725,0.0013919399352744222,-0.24565339088439941,-5.824003164889291e-05,2.3545758267573547e-06,0.021852031350135803,-0.020103756338357925
follower_left,wrist_angle,57,1.3038284123467747e-05,-0.9599446058273315,1.1613099575042725,0.0013919399352744222,-0.24565339088439941,-5.824003164889291e-05,2.3545758267573547e-06,0.021852031350135803,-0.020103756338357925
follower_left,wrist_angle,58,1.3038284123467747e-05,-0.9599446058273315,1.1613099575042725,0.0013919399352744222,-0.24565339088439941,-5.824003164889291e-05,2.3545758267573547e-06,0.021852031350135803,-0.020103756338357925
follower_left,wrist_angle,59,1.3038284123467747e-05,-0.9599446058273315,1.1613099575042725,0.0013919399352744222,-0.24565339088439941,-5.824003164889291e-05,2.3545758267573547e-06,0.021852031350135803,-0.020103756338357925
follower_left,wrist_rotate,0,2.359418613195885e-05,-0.9599436521530151,1.1620244979858398,-0.0022771202493458986,-0.2913113236427307,0.04515426233410835,2.1161865788599243e-06,0.02202586829662323,-0.013805489055812359
follower_left,wrist_rotate,1,1.8247626940137707e-05,-0.9598502516746521,1.1620275974273682,0.0004890489508397877,-0.2905339002609253,0.056560490280389786,2.379014404141344e-06,0.02155274711549282,-0.01410129014402628
follower_left,wrist_rotate,2,2.103239603457041e-05,-0.9600151181221008,1.160578966140747,0.0006295604980550706,-0.29384684562683105,0.054794393479824066,2.870193611670402e-06,0.021130798384547234,-0.014468572102487087
follower_left,wrist_rotate,3,1.9663752027554438e-05,-0.960044801235199,1.160980463027954,0.0006721847457811236,-0.29670417308807373,0.053473494946956635,4.305155471229227e-06,0.021000048145651817,-0.014796902425587177
follower_left,wrist_rotate,4,2.2557240299647674e-05,-0.9599077105522156,1.161423683166504,0.0007731981459073722,-0.2951292395591736,0.05253040790557861,4.130627075937809e-06,0.021018406376242638,-0.015324262902140617
follower_left,wrist_rotate,5,2.3392123694065958e-05,-0.9599318504333496,1.1613818407058716,0.0008930171024985611,-0.2945525646209717,0.05183780565857887,3.991728590335697e-06,0.021037805825471878,-0.015932908281683922
follower_left,wrist_rotate,6,2.388234315731097e-05,-0.9599454998970032,1.1611777544021606,0.0009383957367390394,-0.29595473408699036,0.051331233233213425,3.786992692766944e-06,0.021104197949171066,-0.016558220610022545
follower_left,wrist_rotate,7,2.3788234102539718e-05,-0.95998615026474,1.1611357927322388,0.0009434469975531101,-0.29654404520988464,0.05096243694424629,3.487723915895913e-06,0.021214045584201813,-0.0171652864664793
follower_left,wrist_rotate,8,2.405449231446255e-05,-0.9599356055259705,1.1612627506256104,0.0009617104078643024,-0.2958243489265442,0.05069344863295555,3.1799836506252177e-06,0.021336112171411514,-0.017741812393069267
follower_left,wrist_rotate,9,2.3901233362266794e-05,-0.9599468111991882,1.16133713722229,0.0010034634033218026,-0.29523831605911255,0.0504961833357811,2.9367943170655053e-06,0.021444467827677727,-0.01828921027481556
follower_left,wrist_rotate,10,2.3637028789380565e-05,-0.9599388241767883,1.1612638235092163,0.0010296263499185443,-0.2957160770893097,0.0503518246114254,2.732800112426048e-06,0.021541178226470947,-0.018798978999257088
follower_left,wrist_rotate,11,2.3067064830684103e-05,-0.9599664807319641,1.1611778736114502,0.001029385719448328,-0.2961542308330536,0.050246596336364746,2.5462068151682615e-06,0.02163115330040455,-0.0192562323063612
follower_left,wrist_rotate,12,2.2684978830511682e-05,-0.9599481821060181,1.1612415313720703,0.0010294398525729775,-0.29603296518325806,0.05016966164112091,2.392104761383962e-06,0.02170807123184204,-0.01965649425983429
follower_left,wrist_rotate,13,2.2201016690814868e-05,-0.9599466919898987,1.1612855195999146,0.0010470303241163492,-0.2955552935600281,0.050112564116716385,2.3053009954310255e-06,0.02176424115896225,-0.020006995648145676
follower_left,wrist_rotate,14,2.1688738343073055e-05,-0.9599425196647644,1.1612824201583862,0.0010653738863766193,-0.2956721782684326,0.05006999894976616,2.2689218894811347e-06,0.021803881973028183,-0.020314205437898636
follower_left,wrist_rotate,15,2.104077793774195e-05,-0.9599552750587463,1.1612168550491333,0.0010700993007048965,-0.29593417048454285,0.05003839731216431,2.2574026843358297e-06,0.021835345774888992,-0.020578311756253242
follower_left,wrist_rotate,16,2.0499928723438643e-05,-0.9599516987800598,1.1612379550933838,0.0010693236254155636,-0.2960174083709717,0.050015002489089966,2.2570968667423585e-06,0.021861301735043526,-0.020801149308681488
follower_left,wrist_rotate,17,2.0005314581794664e-05,-0.9599478840827942,1.1612600088119507,0.0010771837551146746,-0.2957421839237213,0.04999733716249466,2.2781391635362525e-06,0.021880123764276505,-0.020990189164876938
follower_left,wrist_rotate,18,1.954448271135334e-05,-0.9599457383155823,1.1612762212753296,0.0010891866404563189,-0.2957098186016083,0.049983780831098557,2.3200216219265712e-06,0.021893693134188652,-0.021153109148144722
follower_left,wrist_rotate,19,1.9063660147367045e-05,-0.9599499702453613,1.1612414121627808,0.0010953780729323626,-0.29583460092544556,0.0499735064804554,2.3646980480407365e-06,0.021905528381466866,-0.02129378728568554
follower_left,wrist_rotate,20,1.864924888650421e-05,-0.9599515795707703,1.161239743232727,0.0010957022896036506,-0.2959408164024353,0.04996587708592415,2.401179699518252e-06,0.02191704884171486,-0.02141372300684452
follower_left,wrist_rotate,21,1.8310349332750775e-05,-0.9599493145942688,1.1612507104873657,0.0010985416593030095,-0.2958287298679352,0.04996014013886452,2.4343144104932435e-06,0.02192724496126175,-0.02151622623205185
follower_left,wrist_rotate,22,1.8019247363554314e-05,-0.9599472880363464,1.1612656116485596,0.0011049959575757384,-0.2957595884799957,0.04995568096637726,2.4697783373994753e-06,0.021935826167464256,-0.02160545065999031
follower_left,wrist_rotate,23,1.774149131961167e-05,-0.9599485397338867,1.1612521409988403,0.0011098620016127825,-0.2958008646965027,0.049952249974012375,2.5024878596013878e-06,0.021943608298897743,-0.02168385311961174
follower_left,wrist_rotate,24,1.7497326552984305e-05,-0.9599505066871643,1.1612447500228882,0.00111065071541816,-0.29588043689727783,0.049949806183576584,2.5233014184777858e-06,0.021951109170913696,-0.021751847118139267
follower_left,wrist_rotate,25,1.7301068510278128e-05,-0.9599497318267822,1.1612483263015747,0.0011112598003819585,-0.2958528697490692,0.04994800314307213,2.538546596042579e-06,0.02195778675377369,-0.021809663623571396
follower_left,wrist_rotate,26,1.713675919745583e-05,-0.9599485397338867,1.1612579822540283,0.0011141567956656218,-0.2957981526851654,0.049946561455726624,2.5554725198162487e-06,0.021963508799672127,-0.021859060972929
follower_left,wrist_rotate,27,1.6989168216241524e-05,-0.9599485993385315,1.161255121231079,0.001117234700359404,-0.29579958319664,0.04994543269276619,2.570595142969978e-06,0.021968534216284752,-0.021901875734329224
follower_left,wrist_rotate,28,1.685605639067944e-05,-0.9599496722221375,1.161248803138733,0.0011182052548974752,-0.29584455490112305,0.04994463175535202,2.5805957193369977e-06,0.021973103284835815,-0.02193841151893139
follower_left,wrist_rotate,29,1.6745394532335922e-05,-0.9599495530128479,1.1612486839294434,0.001118280692026019,-0.2958507537841797,0.04994403198361397,2.588815959825297e-06,0.02197715826332569,-0.021968672052025795
follower_left,wrist_rotate,30,1.6653206330374815e-05,-0.9599490165710449,1.161253571510315,0.0011194192338734865,-0.29582008719444275,0.04994348809123039,2.5988836114265723e-06,0.021980753168463707,-0.02199370600283146
follower_left,wrist_rotate,31,1.6573343600612134e-05,-0.9599486589431763,1.1612545251846313,0.001121191424317658,-0.2958087921142578,0.04994303360581398,2.6092845928360475e-06,0.02198413573205471,-0.02201494760811329
follower_left,wrist_rotate,32,1.6501284335390665e-05,-0.9599493145942688,1.161251187324524,0.0011221106396988034,-0.29582858085632324,0.049942679703235626,2.617138761706883e-06,0.021987497806549072,-0.02203303575515747
follower_left,wrist_rotate,33,1.6501284335390665e-05,-0.9599493145942688,1.161251187324524,0.0011221106396988034,-0.29582858085632324,0.049942679703235626,2.617138761706883e-06,0.021987497806549072,-0.02203303575515747
follower_left,wrist_rotate,34,1.6501284335390665e-05,-0.9599493145942688,1.161251187324524,0.0011221106396988034,-0.29582858085632324,0.049942679703235626,2.617138761706883e-06,0.021987497806549072,-0.02203303575515747
follower_left,wrist_rotate,35,1.6501284335390665e-05,-0.9599493145942688,1.161251187324524,0.0011221106396988034,-0.29582858085632324,0.049942679703235626,2.617138761706883e-06,0.021987497806549072,-0.02203303575515747
follower_left,wrist_rotate,36,1.6501284335390665e-05,-0.9599493145942688,1.161251187324524,0.0011221106396988034,-0.29582858085632324,0.049942679703235626,2.617138761706883e-06,0.021987497806549072,-0.02203303575515747
follower_left,wrist_rotate,37,1.6501284335390665e-05,-0.9599493145942688,1.161251187324524,0.0011221106396988034,-0.29582858085632324,0.049942679703235626,2.617138761706883e-06,0.021987497806549072,-0.02203303575515747
follower_left,wrist_rotate,38,1.6501284335390665e-05,-0.9599493145942688,1.161251187324524,0.0011221106396988034,-0.29582858085632324,0.049942679703235626,2.617138761706883e-06,0.021987497806549072,-0.02203303575515747
follower_left,wrist_rotate,39,1.6501284335390665e-05,-0.9599493145942688,1.161251187324524,0.0011221106396988034,-0.29582858085632324,0.049942679703235626,2.617138761706883e-06,0.021987497806549072,-0.02203303575515747
follower_left,wrist_rotate,40,1.6501284335390665e-05,-0.9599493145942688,1.161251187324524,0.0011221106396988034,-0.29582858085632324,0.049942679703235626,2.617138761706883e-06,0.021987497806549072,-0.02203303575515747
follower_left,wrist_rotate,41,1.6501284335390665e-05,-0.9599493145942688,1.161251187324524,0.0011221106396988034,-0.29582858085632324,0.049942679703235626,2.617138761706883e-06,0.021987497806549072,-0.02203303575515747
follower_left,wrist_rotate,42,1.6501284335390665e-05,-0.9599493145942688,1.161251187324524,0.0011221106396988034,-0.29582858085632324,0.049942679703235626,2.617138761706883e-06,0.021987497806549072,-0.02203303575515747
follower_left,wrist_rotate,43,1.6501284335390665e-05,-0.9599493145942688,1.161251187324524,0.0011221106396988034,-0.29582858085632324,0.049942679703235626,2.617138761706883e-06,0.021987497806549072,-0.02203303575515747
follower_left,wrist_rotate,44,1.6501284335390665e-05,-0.9599493145942688,1.161251187324524,0.0011221106396988034,-0.29582858085632324,0.049942679703235626,2.617138761706883e-06,0.021987497806549072,-0.02203303575515747
follower_left,wrist_rotate,45,1.6501284335390665e-05,-0.9599493145942688,1.161251187324524,0.0011221106396988034,-0.29582858085632324,0.049942679703235626,2.617138761706883e-06,0.021987497806549072,-0.02203303575515747
follower_left,wrist_rotate,46,1.6501284335390665e-05,-0.9599493145942688,1.161251187324524,0.0011221106396988034,-0.29582858085632324,0.049942679703235626,2.617138761706883e-06,0.021987497806549072,-0.02203303575515747
follower_left,wrist_rotate,47,1.6501284335390665e-05,-0.9599493145942688,1.161251187324524,0.0011221106396988034,-0.29582858085632324,0.049942679703235626,2.617138761706883e-06,0.021987497806549072,-0.02203303575515747
follower_left,wrist_rotate,48,1.6501284335390665e-05,-0.9599493145942688,1.161251187324524,0.0011221106396988034,-0.29582858085632324,0.049942679703235626,2.617138761706883e-06,0.021987497806549072,-0.02203303575515747
follower_left,wrist_rotate,49,1.6501284335390665e-05,-0.9599493145942688,1.161251187324524,0.0011221106396988034,-0.29582858085632324,0.049942679703235626,2.617138761706883e-06,0.021987497806549072,-0.02203303575515747
follower_left,wrist_rotate,50,1.6501284335390665e-05,-0.9599493145942688,1.161251187324524,0.0011221106396988034,-0.29582858085632324,0.049942679703235626,2.617138761706883e-06,0.021987497806549072,-0.02203303575515747
follower_left,wrist_rotate,51,1.6501284335390665e-05,-0.9599493145942688,1.161251187324524,0.0011221106396988034,-0.29582858085632324,0.049942679703235626,2.617138761706883e-06,0.021987497806549072,-0.02203303575515747
follower_left,wrist_rotate,52,1.6501284335390665e-05,-0.9599493145942688,1.161251187324524,0.0011221106396988034,-0.29582858085632324,0.049942679703235626,2.617138761706883e-06,0.021987497806549072,-0.02203303575515747
follower_left,wrist_rotate,53,1.6501284335390665e-05,-0.9599493145942688,1.161251187324524,0.0011221106396988034,-0.29582858085632324,0.049942679703235626,2.617138761706883e-06,0.021987497806549072,-0.02203303575515747
follower_left,wrist_rotate,54,1.6501284335390665e-05,-0.9599493145942688,1.161251187324524,0.0011221106396988034,-0.29582858085632324,0.049942679703235626,2.617138761706883e-06,0.021987497806549072,-0.02203303575515747
follower_left,wrist_rotate,55,1.6501284335390665e-05,-0.9599493145942688,1.161251187324524,0.0011221106396988034,-0.29582858085632324,0.049942679703235626,2.617138761706883e-06,0.021987497806549072,-0.02203303575515747
follower_left,wrist_rotate,56,1.6501284335390665e-05,-0.9599493145942688,1.161251187324524,0.0011221106396988034,-0.29582858085632324,0.049942679703235626,2.617138761706883e-06,0.021987497806549072,-0.02203303575515747
follower_left,wrist_rotate,57,1.6501284335390665e-05,-0.9599493145942688,1.161251187324524,0.0011221106396988034,-0.29582858085632324,0.049942679703235626,2.617138761706883e-06,0.021987497806549072,-0.02203303575515747
follower_left,wrist_rotate,58,1.6501284335390665e-05,-0.9599493145942688,1.161251187324524,0.0011221106396988034,-0.29582858085632324,0.049942679703235626,2.617138761706883e-06,0.021987497806549072,-0.02203303575515747
follower_left,wrist_rotate,59,1.6501284335390665e-05,-0.9599493145942688,1.161251187324524,0.0011221106396988034,-0.29582858085632324,0.049942679703235626,2.617138761706883e-06,0.021987497806549072,-0.02203303575515747
follower_left,gripper,0,2.6220401196042076e-05,-0.9599584937095642,1.1619452238082886,-0.0006019328138791025,-0.29153546690940857,0.0006575320148840547,0.04204283282160759,0.02209450677037239,-0.013814003206789494
follower_left,gripper,1,2.5020599423442036e-05,-0.9598476886749268,1.162035584449768,6.522024341393262e-05,-0.29065436124801636,0.0004655239754356444,0.04415550455451012,0.021635614335536957,-0.013915249146521091
follower_left,gripper,2,2.4240838683908805e-05,-0.9600094556808472,1.1606303453445435,0.0003283428377471864,-0.2937212884426117,0.00031851971289142966,0.04570772126317024,0.021238915622234344,-0.01408868096768856
follower_left,gripper,3,2.1576397557510063e-05,-0.9600479006767273,1.1609516143798828,0.0004547102435026318,-0.2964704930782318,0.0001851786219049245,0.046849124133586884,0.020999999716877937,-0.014292905107140541
follower_left,gripper,4,2.1195857698330656e-05,-0.9599080085754395,1.1614311933517456,0.0006302234251052141,-0.29519036412239075,0.0001061087750713341,0.04768674448132515,0.02100001461803913,-0.014697717502713203
follower_left,gripper,5,2.0611829313565977e-05,-0.9599320888519287,1.1613644361495972,0.0007971872691996396,-0.29458490014076233,5.5137028539320454e-05,0.048301734030246735,0.021012911573052406,-0.015194138512015343
follower_left,gripper,6,2.0544617655104958e-05,-0.959945023059845,1.1611908674240112,0.0008740861667320132,-0.29597708582878113,2.270790901093278e-05,0.0487532801926136,0.02108611911535263,-0.015699565410614014
follower_left,gripper,7,2.0238898287061602e-05,-0.9599837064743042,1.1611371040344238,0.0009044403559528291,-0.296485960483551,1.4325563597594737e-06,0.0490848608314991,0.0211801677942276,-0.016198046505451202
follower_left,gripper,8,2.031284566328395e-05,-0.9599361419677734,1.1612638235092163,0.000940981088206172,-0.29582443833351135,-1.2572006198752206e-05,0.04932836443185806,0.021277831867337227,-0.016672492027282715
follower_left,gripper,9,1.9985687686130404e-05,-0.9599467515945435,1.1613328456878662,0.0009953518165275455,-0.2952592372894287,-2.226593642262742e-05,0.04950720816850662,0.021367458626627922,-0.017112834379076958
follower_left,gripper,10,1.970008815987967e-05,-0.9599389433860779,1.161265254020691,0.0010310187935829163,-0.2957158088684082,-2.9233811801532283e-05,0.04963858798146248,0.02144596166908741,-0.017514299601316452
follower_left,gripper,11,1.922986120916903e-05,-0.9599654078483582,1.1611824035644531,0.001038776827044785,-0.29613181948661804,-3.4300719562452286e-05,0.049735087901353836,0.021513620391488075,-0.01787455938756466
follower_left,gripper,12,1.8919043213827536e-05,-0.9599481225013733,1.161242961883545,0.0010447935201227665,-0.2960227131843567,-3.809677582466975e-05,0.04980599880218506,0.021570727229118347,-0.01819336786866188
follower_left,gripper,13,1.847639214247465e-05,-0.9599464535713196,1.16128408908844,0.0010658071842044592,-0.29556411504745483,-4.108247230760753e-05,0.04985808581113815,0.02161717787384987,-0.018473299220204353
follower_left,gripper,14,1.8047256162390113e-05,-0.9599431157112122,1.1612821817398071,0.0010861537884920835,-0.295673668384552,-4.366027860669419e-05,0.04989636316895485,0.021654363721609116,-0.018717637285590172
follower_left,gripper,15,1.75614477484487e-05,-0.9599545001983643,1.161219596862793,0.0010923503432422876,-0.2959229052066803,-4.5819255319656804e-05,0.049924492835998535,0.021684488281607628,-0.018930062651634216
follower_left,gripper,16,1.719065403449349e-05,-0.9599518775939941,1.1612392663955688,0.0010924703674390912,-0.2960044741630554,-4.748838546220213e-05,0.049945168197155,0.021708857268095016,-0.019113417714834213
follower_left,gripper,17,1.6822856196085922e-05,-0.959947943687439,1.1612598896026611,0.001100277528166771,-0.29574447870254517,-4.888611874775961e-05,0.049960359930992126,0.021727824583649635,-0.019270308315753937
follower_left,gripper,18,1.647793033043854e-05,-0.9599458575248718,1.1612752676010132,0.0011116145178675652,-0.29571154713630676,-5.0140577513957396e-05,0.04997153580188751,0.021742407232522964,-0.019403843209147453
follower_left,gripper,19,1.613159474800341e-05,-0.959949791431427,1.1612434387207031,0.0011172338854521513,-0.295830100774765,-5.124651579535566e-05,0.049979738891124725,0.021753692999482155,-0.019517021253705025
follower_left,gripper,20,1.5847610484343022e-05,-0.9599515199661255,1.1612406969070435,0.0011172372614964843,-0.2959296703338623,-5.2163246436975896e-05,0.04998576641082764,0.021762482821941376,-0.01961216703057289
follower_left,gripper,21,1.560105010867119e-05,-0.9599490761756897,1.1612517833709717,0.0011195722036063671,-0.2958274483680725,-5.2963900088798255e-05,0.049990203231573105,0.021769249811768532,-0.019691431894898415
follower_left,gripper,22,1.5377027011709288e-05,-0.959947407245636,1.161265254020691,0.001125373295508325,-0.29575905203819275,-5.370033250073902e-05,0.04999346658587456,0.021774522960186005,-0.01975717954337597
follower_left,gripper,23,1.5165360309765674e-05,-0.959948718547821,1.1612532138824463,0.0011296705342829227,-0.29579922556877136,-5.437397339846939e-05,0.049995873123407364,0.021778758615255356,-0.01981164887547493
follower_left,gripper,24,1.4986751921242103e-05,-0.9599504470825195,1.1612452268600464,0.0011302210623398423,-0.29587340354919434,-5.494014112628065e-05,0.04999764263629913,0.02178291417658329,-0.019856607541441917
follower_left,gripper,25,1.4843193639535457e-05,-0.9599496126174927,1.161249041557312,0.0011305997613817453,-0.2958498001098633,-5.541900827665813e-05,0.04999895021319389,0.021786952391266823,-0.019893480464816093
follower_left,gripper,26,1.4718776583322324e-05,-0.9599484801292419,1.161258339881897,0.0011331429705023766,-0.29579639434814453,-5.5852418881841004e-05,0.049999918788671494,0.021790532395243645,-0.01992364600300789
follower_left,gripper,27,1.460552721255226e-05,-0.9599484205245972,1.1612555980682373,0.0011359063209965825,-0.29579707980155945,-5.62477798666805e-05,0.0500006340444088,0.02179388515651226,-0.019948411732912064
follower_left,gripper,28,1.4507647392747458e-05,-0.9599498510360718,1.1612495183944702,0.001136679551564157,-0.2958408296108246,-5.658689406118356e-05,0.05000114440917969,0.021797150373458862,-0.019968805834650993
follower_left,gripper,29,1.4431704585149419e-05,-0.9599496126174927,1.1612493991851807,0.0011365438112989068,-0.29584723711013794,-5.686750591848977e-05,0.05000152438879013,0.021800348535180092,-0.019985580816864967
follower_left,gripper,30,1.4369295968208462e-05,-0.9599490761756897,1.1612540483474731,0.0011374135501682758,-0.295817106962204,-5.7108696637442335e-05,0.05000180006027222,0.02180345356464386,-0.01999937742948532
follower_left,gripper,31,1.4314799045678228e-05,-0.9599486589431763,1.1612552404403687,0.0011388988932594657,-0.2958063781261444,-5.732443241868168e-05,0.05000203102827072,0.0218065045773983,-0.020010830834507942
follower_left,gripper,32,1.4266367543314118e-05,-0.9599493741989136,1.1612515449523926,0.0011396040208637714,-0.29582497477531433,-5.751012940891087e-05,0.05000217258930206,0.021809501573443413,-0.020020462572574615
follower_left,gripper,33,1.422925924998708e-05,-0.959949254989624,1.1612507104873657,0.0011394732864573598,-0.29583871364593506,-5.766089816461317e-05,0.05000229552388191,0.0218124408274889,-0.02002860978245735
follower_left,gripper,34,1.4200193618307821e-05,-0.9599491357803345,1.161252498626709,0.0011396539630368352,-0.29582542181015015,-5.778550621471368e-05,0.050002407282590866,0.02181529998779297,-0.02003554441034794
follower_left,gripper,35,1.4175934666127432e-05,-0.9599489569664001,1.1612541675567627,0.001140330103226006,-0.29581525921821594,-5.78930921619758e-05,0.05000244453549385,0.021818110719323158,-0.020041516050696373
follower_left,gripper,36,1.4175934666127432e-05,-0.9599489569664001,1.1612541675567627,0.001140330103226006,-0.29581525921821594,-5.78930921619758e-05,0.05000244453549385,0.021818110719323158,-0.020041516050696373
follower_left,gripper,37,1.4175934666127432e-05,-0.9599489569664001,1.1612541675567627,0.001140330103226006,-0.29581525921821594,-5.78930921619758e-05,0.05000244453549385,0.021818110719323158,-0.020041516050696373
follower_left,gripper,38,1.4175934666127432e-05,-0.9599489569664001,1.1612541675567627,0.001140330103226006,-0.29581525921821594,-5.78930921619758e-05,0.05000244453549385,0.021818110719323158,-0.020041516050696373
follower_left,gripper,39,1.4175934666127432e-05,-0.9599489569664001,1.1612541675567627,0.001140330103226006,-0.29581525921821594,-5.78930921619758e-05,0.05000244453549385,0.021818110719323158,-0.020041516050696373
follower_left,gripper,40,1.4175934666127432e-05,-0.9599489569664001,1.1612541675567627,0.001140330103226006,-0.29581525921821594,-5.78930921619758e-05,0.05000244453549385,0.021818110719323158,-0.020041516050696373
follower_left,gripper,41,1.4175934666127432e-05,-0.9599489569664001,1.1612541675567627,0.001140330103226006,-0.29581525921821594,-5.78930921619758e-05,0.05000244453549385,0.021818110719323158,-0.020041516050696373
follower_left,gripper,42,1.4175934666127432e-05,-0.9599489569664001,1.1612541675567627,0.001140330103226006,-0.29581525921821594,-5.78930921619758e-05,0.05000244453549385,0.021818110719323158,-0.020041516050696373
follower_left,gripper,43,1.4175934666127432e-05,-0.9599489569664001,1.1612541675567627,0.001140330103226006,-0.29581525921821594,-5.78930921619758e-05,0.05000244453549385,0.021818110719323158,-0.020041516050696373
follower_left,gripper,44,1.4175934666127432e-05,-0.9599489569664001,1.1612541675567627,0.001140330103226006,-0.29581525921821594,-5.78930921619758e-05,0.05000244453549385,0.021818110719323158,-0.020041516050696373
follower_left,gripper,45,1.4175934666127432e-05,-0.9599489569664001,1.1612541675567627,0.001140330103226006,-0.29581525921821594,-5.78930921619758e-05,0.05000244453549385,0.021818110719323158,-0.020041516050696373
follower_left,gripper,46,1.4175934666127432e-05,-0.9599489569664001,1.1612541675567627,0.001140330103226006,-0.29581525921821594,-5.78930921619758e-05,0.05000244453549385,0.021818110719323158,-0.020041516050696373
follower_left,gripper,47,1.4175934666127432e-05,-0.9599489569664001,1.1612541675567627,0.001140330103226006,-0.29581525921821594,-5.78930921619758e-05,0.05000244453549385,0.021818110719323158,-0.020041516050696373
follower_left,gripper,48,1.4175934666127432e-05,-0.9599489569664001,1.1612541675567627,0.001140330103226006,-0.29581525921821594,-5.78930921619758e-05,0.05000244453549385,0.021818110719323158,-0.020041516050696373
follower_left,gripper,49,1.4175934666127432e-05,-0.9599489569664001,1.1612541675567627,0.001140330103226006,-0.29581525921821594,-5.78930921619758e-05,0.05000244453549385,0.021818110719323158,-0.020041516050696373
follower_left,gripper,50,1.4175934666127432e-05,-0.9599489569664001,1.1612541675567627,0.001140330103226006,-0.29581525921821594,-5.78930921619758e-05,0.05000244453549385,0.021818110719323158,-0.020041516050696373
follower_left,gripper,51,1.4175934666127432e-05,-0.9599489569664001,1.1612541675567627,0.001140330103226006,-0.29581525921821594,-5.78930921619758e-05,0.05000244453549385,0.021818110719323158,-0.020041516050696373
follower_left,gripper,52,1.4175934666127432e-05,-0.9599489569664001,1.1612541675567627,0.001140330103226006,-0.29581525921821594,-5.78930921619758e-05,0.05000244453549385,0.021818110719323158,-0.020041516050696373
follower_left,gripper,53,1.4175934666127432e-05,-0.9599489569664001,1.1612541675567627,0.001140330103226006,-0.29581525921821594,-5.78930921619758e-05,0.05000244453549385,0.021818110719323158,-0.020041516050696373
follower_left,gripper,54,1.4175934666127432e-05,-0.9599489569664001,1.1612541675567627,0.001140330103226006,-0.29581525921821594,-5.78930921619758e-05,0.05000244453549385,0.021818110719323158,-0.020041516050696373
follower_left,gripper,55,1.4175934666127432e-05,-0.9599489569664001,1.1612541675567627,0.001140330103226006,-0.29581525921821594,-5.78930921619758e-05,0.05000244453549385,0.021818110719323158,-0.020041516050696373
follower_left,gripper,56,1.4175934666127432e-05,-0.9599489569664001,1.1612541675567627,0.001140330103226006,-0.29581525921821594,-5.78930921619758e-05,0.05000244453549385,0.021818110719323158,-0.020041516050696373
follower_left,gripper,57,1.4175934666127432e-05,-0.9599489569664001,1.1612541675567627,0.001140330103226006,-0.29581525921821594,-5.78930921619758e-05,0.05000244453549385,0.021818110719323158,-0.020041516050696373
follower_left,gripper,58,1.4175934666127432e-05,-0.9599489569664001,1.1612541675567627,0.001140330103226006,-0.29581525921821594,-5.78930921619758e-05,0.05000244453549385,0.021818110719323158,-0.020041516050696373
follower_left,gripper,59,1.4175934666127432e-05,-0.9599489569664001,1.1612541675567627,0.001140330103226006,-0.29581525921821594,-5.78930921619758e-05,0.05000244453549385,0.021818110719323158,-0.020041516050696373
follower_left,left_finger,0,2.4570630557718687e-05,-0.9599584937095642,1.16194486618042,-0.0005799829959869385,-0.2915349006652832,0.0006410017958842218,3.4343142942816485e-06,0.0222485214471817,-0.013814005069434643
follower_left,left_finger,1,2.2598977011512034e-05,-0.9598478078842163,1.162035346031189,9.37893710215576e-05,-0.2906554341316223,0.00043564592488110065,4.1187549868482165e-06,0.022093502804636955,-0.014012213796377182
follower_left,left_finger,2,2.1649088012054563e-05,-0.9600095748901367,1.1606303453445435,0.00036058304249309003,-0.29372188448905945,0.00028360963915474713,4.671795522881439e-06,0.022067805752158165,-0.014409069903194904
follower_left,left_finger,3,2.0910127204842865e-05,-0.9600478410720825,1.1609513759613037,0.0004560932866297662,-0.29646915197372437,0.00018053896201308817,4.696027644968126e-06,0.02212897501885891,-0.014953214675188065
follower_left,left_finger,4,2.1689154891646467e-05,-0.9599079489707947,1.1614317893981934,0.0006195574533194304,-0.2951894700527191,0.00011222803732380271,4.380755854072049e-06,0.022273726761341095,-0.015574639663100243
follower_left,left_finger,5,2.1194791770540178e-05,-0.9599319696426392,1.161364197731018,0.0007831359980627894,-0.2945837378501892,6.373311043716967e-05,4.070029262948083e-06,0.022453416138887405,-0.016227833926677704
follower_left,left_finger,6,2.1204301447141916e-05,-0.9599450826644897,1.1611907482147217,0.000860893982462585,-0.2959769666194916,2.9963290216983296e-05,3.755256557269604e-06,0.022664032876491547,-0.01688753254711628
follower_left,left_finger,7,2.090091584250331e-05,-0.9599836468696594,1.1611372232437134,0.0008926312439143658,-0.2964857518672943,7.235204066091683e-06,3.4307017813262064e-06,0.02289055474102497,-0.017536859959363937
follower_left,left_finger,8,2.1011284843552858e-05,-0.9599361419677734,1.1612638235092163,0.0009296481730416417,-0.2958240211009979,-7.342960543610388e-06,3.095416786891292e-06,0.02311435341835022,-0.018160779029130936
follower_left,left_finger,9,2.0818080884055234e-05,-0.9599467515945435,1.1613327264785767,0.0009828605689108372,-0.29525935649871826,-1.6052945284172893e-05,2.7570272322918754e-06,0.023315776139497757,-0.01874573715031147
follower_left,left_finger,10,2.0742436390719377e-05,-0.9599390029907227,1.1612653732299805,0.0010163093684241176,-0.29571595788002014,-2.0741081243613735e-05,2.4300534278154373e-06,0.023479612544178963,-0.01927684247493744
follower_left,left_finger,11,2.0396988475113176e-05,-0.9599652290344238,1.1611825227737427,0.0010231540072709322,-0.29613128304481506,-2.452212902426254e-05,2.2050771804060787e-06,0.02359757386147976,-0.01973937638103962
follower_left,left_finger,12,2.0054330889252014e-05,-0.9599480032920837,1.1612430810928345,0.001029794104397297,-0.2960224449634552,-2.8446387659641914e-05,2.0913278149237158e-06,0.023679381236433983,-0.020132767036557198
follower_left,left_finger,13,1.9491037164698355e-05,-0.9599464535713196,1.16128408908844,0.0010523161618039012,-0.29556456208229065,-3.2440642826259136e-05,2.0574384507199284e-06,0.023737594485282898,-0.020464632660150528
follower_left,left_finger,14,1.891783540486358e-05,-0.9599431157112122,1.1612821817398071,0.0010744486935436726,-0.2956741452217102,-3.6274053854867816e-05,2.0722116005345015e-06,0.023780344054102898,-0.02074500173330307
follower_left,left_finger,15,1.829149005061481e-05,-0.9599545001983643,1.1612194776535034,0.0010824427008628845,-0.2959229052066803,-3.966367512475699e-05,2.1087600998725975e-06,0.023812636733055115,-0.020982403308153152
follower_left,left_finger,16,1.7788295735954307e-05,-0.9599519371986389,1.161239504814148,0.0010842604096978903,-0.2960045337677002,-4.250987331033684e-05,2.151562284780084e-06,0.023837288841605186,-0.021182920783758163
follower_left,left_finger,17,1.7305979781667702e-05,-0.9599480032920837,1.1612598896026611,0.001093523926101625,-0.2957439422607422,-4.490950959734619e-05,2.196648438257398e-06,0.02385571599006653,-0.021351821720600128
follower_left,left_finger,18,1.6862901247804984e-05,-0.959945797920227,1.1612752676010132,0.001106108189560473,-0.29571184515953064,-4.7047375119291246e-05,2.2461333628598368e-06,0.02386942133307457,-0.021493764594197273
follower_left,left_finger,19,1.6435555153293535e-05,-0.959949791431427,1.1612433195114136,0.0011127762263640761,-0.2958303987979889,-4.8891615733737126e-05,2.2946076114749303e-06,0.02387978322803974,-0.021613234654068947
follower_left,left_finger,20,1.608638558536768e-05,-0.9599515199661255,1.161240577697754,0.0011136048706248403,-0.2959299385547638,-5.037406663177535e-05,2.3358766156889033e-06,0.023887798190116882,-0.021713458001613617
follower_left,left_finger,21,1.5790761608514003e-05,-0.9599491357803345,1.1612516641616821,0.0011165669420734048,-0.29582735896110535,-5.158012572792359e-05,2.3714196686341893e-06,0.02389387972652912,-0.021796919405460358
follower_left,left_finger,22,1.552818139316514e-05,-0.959947407245636,1.1612651348114014,0.0011228524381294847,-0.29575908184051514,-5.2618175686802715e-05,2.4040889456955483e-06,0.023898450657725334,-0.02186605893075466
follower_left,left_finger,23,1.5286144844139926e-05,-0.959948718547821,1.1612530946731567,0.0011275262804701924,-0.29579925537109375,-5.351660365704447e-05,2.434023826936027e-06,0.02390202134847641,-0.02192321978509426
follower_left,left_finger,24,1.5083361176948529e-05,-0.9599504470825195,1.161245346069336,0.0011283751809969544,-0.2958734631538391,-5.425353811006062e-05,2.4594426122348523e-06,0.023905400186777115,-0.02197026088833809
follower_left,left_finger,25,1.4920633475412615e-05,-0.9599496126174927,1.161249041557312,0.0011289977701380849,-0.29584944248199463,-5.486143345478922e-05,2.4811063212837325e-06,0.02390873432159424,-0.022008690983057022
follower_left,left_finger,26,1.4780946912651416e-05,-0.9599484801292419,1.1612582206726074,0.0011317209573462605,-0.2957965135574341,-5.539324411074631e-05,2.5007457225001417e-06,0.023911617696285248,-0.022039981558918953
follower_left,left_finger,27,1.4655564882559702e-05,-0.9599484205245972,1.1612554788589478,0.0011346174869686365,-0.29579752683639526,-5.5864213209133595e-05,2.5186755010508932e-06,0.023914318531751633,-0.022065505385398865
follower_left,left_finger,28,1.4547987120749895e-05,-0.9599499106407166,1.1612493991851807,0.0011355066671967506,-0.2958407700061798,-5.62620916753076e-05,2.534149643906858e-06,0.023916929960250854,-0.022086378186941147
follower_left,left_finger,29,1.44642190207378e-05,-0.9599496722221375,1.1612493991851807,0.001135472790338099,-0.29584723711013794,-5.658880763803609e-05,2.5470753826084547e-06,0.023919468745589256,-0.02210339345037937
follower_left,left_finger,30,1.4395547623280436e-05,-0.9599491357803345,1.1612540483474731,0.001136425998993218,-0.2958170473575592,-5.6866087106755e-05,2.55824079431477e-06,0.023921944200992584,-0.022117245942354202
follower_left,left_finger,31,1.4335910236695781e-05,-0.9599485993385315,1.161255121231079,0.0011379701318219304,-0.2958064079284668,-5.711071935365908e-05,2.5681822535261745e-06,0.0239243321120739,-0.022128604352474213
follower_left,left_finger,32,1.4283314158092253e-05,-0.9599493741989136,1.1612515449523926,0.0011387194972485304,-0.2958252727985382,-5.731912096962333e-05,2.5767762963369023e-06,0.023926639929413795,-0.022138014435768127
follower_left,left_finger,33,1.4242980796552729e-05,-0.959949254989624,1.1612505912780762,0.0011386292753741145,-0.29583877325057983,-5.748774856328964e-05,2.5838139663392212e-06,0.023928888142108917,-0.022145846858620644
follower_left,left_finger,34,1.4242980796552729e-05,-0.959949254989624,1.1612505912780762,0.0011386292753741145,-0.29583877325057983,-5.748774856328964e-05,2.5838139663392212e-06,0.023928888142108917,-0.022145846858620644
follower_left,left_finger,35,1.4242980796552729e-05,-0.959949254989624,1.1612505912780762,0.0011386292753741145,-0.29583877325057983,-5.748774856328964e-05,2.5838139663392212e-06,0.023928888142108917,-0.022145846858620644
follower_left,left_finger,36,1.4242980796552729e-05,-0.959949254989624,1.1612505912780762,0.0011386292753741145,-0.29583877325057983,-5.748774856328964e-05,2.5838139663392212e-06,0.023928888142108917,-0.022145846858620644
follower_left,left_finger,37,1.4242980796552729e-05,-0.959949254989624,1.1612505912780762,0.0011386292753741145,-0.29583877325057983,-5.748774856328964e-05,2.5838139663392212e-06,0.023928888142108917,-0.022145846858620644
follower_left,left_finger,38,1.4242980796552729e-05,-0.959949254989624,1.1612505912780762,0.0011386292753741145,-0.29583877325057983,-5.748774856328964e-05,2.5838139663392212e-06,0.023928888142108917,-0.022145846858620644
follower_left,left_finger,39,1.4242980796552729e-05,-0.959949254989624,1.1612505912780762,0.0011386292753741145,-0.29583877325057983,-5.748774856328964e-05,2.5838139663392212e-06,0.023928888142108917,-0.022145846858620644
follower_left,left_finger,40,1.4242980796552729e-05,-0.959949254989624,1.1612505912780762,0.0011386292753741145,-0.29583877325057983,-5.748774856328964e-05,2.5838139663392212e-06,0.023928888142108917,-0.022145846858620644
follower_left,left_finger,41,1.4242980796552729e-05,-0.959949254989624,1.1612505912780762,0.0011386292753741145,-0.29583877325057983,-5.748774856328964e-05,2.5838139663392212e-06,0.023928888142108917,-0.022145846858620644
follower_left,left_finger,42,1.4242980796552729e-05,-0.959949254989624,1.1612505912780762,0.0011386292753741145,-0.29583877325057983,-5.748774856328964e-05,2.5838139663392212e-06,0.023928888142108917,-0.022145846858620644
follower_left,left_finger,43,1.4242980796552729e-05,-0.959949254989624,1.1612505912780762,0.0011386292753741145,-0.29583877325057983,-5.748774856328964e-05,2.5838139663392212e-06,0.023928888142108917,-0.022145846858620644
follower_left,left_finger,44,1.4242980796552729e-05,-0.959949254989624,1.1612505912780762,0.0011386292753741145,-0.29583877325057983,-5.748774856328964e-05,2.5838139663392212e-06,0.023928888142108917,-0.022145846858620644
follower_left,left_finger,45,1.4242980796552729e-05,-0.959949254989624,1.1612505912780762,0.0011386292753741145,-0.29583877325057983,-5.748774856328964e-05,2.5838139663392212e-06,0.023928888142108917,-0.022145846858620644
follower_left,left_finger,46,1.4242980796552729e-05,-0.959949254989624,1.1612505912780762,0.0011386292753741145,-0.29583877325057983,-5.748774856328964e-05,2.5838139663392212e-06,0.023928888142108917,-0.022145846858620644
follower_left,left_finger,47,1.4242980796552729e-05,-0.959949254989624,1.1612505912780762,0.0011386292753741145,-0.29583877325057983,-5.748774856328964e-05,2.5838139663392212e-06,0.023928888142108917,-0.022145846858620644
follower_left,left_finger,48,1.4242980796552729e-05,-0.959949254989624,1.1612505912780762,0.0011386292753741145,-0.29583877325057983,-5.748774856328964e-05,2.5838139663392212e-06,0.023928888142108917,-0.022145846858620644
follower_left,left_finger,49,1.4242980796552729e-05,-0.959949254989624,1.1612505912780762,0.0011386292753741145,-0.29583877325057983,-5.748774856328964e-05,2.5838139663392212e-06,0.023928888142108917,-0.022145846858620644
follower_left,left_finger,50,1.4242980796552729e-05,-0.959949254989624,1.1612505912780762,0.0011386292753741145,-0.29583877325057983,-5.748774856328964e-05,2.5838139663392212e-06,0.023928888142108917,-0.022145846858620644
follower_left,left_finger,51,1.4242980796552729e-05,-0.959949254989624,1.1612505912780762,0.0011386292753741145,-0.29583877325057983,-5.748774856328964e-05,2.5838139663392212e-06,0.023928888142108917,-0.022145846858620644
follower_left,left_finger,52,1.4242980796552729e-05,-0.959949254989624,1.1612505912780762,0.0011386292753741145,-0.29583877325057983,-5.748774856328964e-05,2.5838139663392212e-06,0.023928888142108917,-0.022145846858620644
follower_left,left_finger,53,1.4242980796552729e-05,-0.959949254989624,1.1612505912780762,0.0011386292753741145,-0.29583877325057983,-5.748774856328964e-05,2.5838139663392212e-06,0.023928888142108917,-0.022145846858620644
follower_left,left_finger,54,1.4242980796552729e-05,-0.959949254989624,1.1612505912780762,0.0011386292753741145,-0.29583877325057983,-5.748774856328964e-05,2.5838139663392212e-06,0.023928888142108917,-0.022145846858620644
follower_left,left_finger,55,1.4242980796552729e-05,-0.959949254989624,1.1612505912780762,0.0011386292753741145,-0.29583877325057983,-5.748774856328964e-05,2.5838139663392212e-06,0.023928888142108917,-0.022145846858620644
follower_left,left_finger,56,1.4242980796552729e-05,-0.959949254989624,1.1612505912780762,0.0011386292753741145,-0.29583877325057983,-5.748774856328964e-05,2.5838139663392212e-06,0.023928888142108917,-0.022145846858620644
follower_left,left_finger,57,1.4242980796552729e-05,-0.959949254989624,1.1612505912780762,0.0011386292753741145,-0.29583877325057983,-5.748774856328964e-05,2.5838139663392212e-06,0.023928888142108917,-0.022145846858620644
follower_left,left_finger,58,1.4242980796552729e-05,-0.959949254989624,1.1612505912780762,0.0011386292753741145,-0.29583877325057983,-5.748774856328964e-05,2.5838139663392212e-06,0.023928888142108917,-0.022145846858620644
follower_left,left_finger,59,1.4242980796552729e-05,-0.959949254989624,1.1612505912780762,0.0011386292753741145,-0.29583877325057983,-5.748774856328964e-05,2.5838139663392212e-06,0.023928888142108917,-0.022145846858620644
follower_right,waist,0,0.04248102009296417,-0.9599009156227112,1.1619423627853394,0.011211765930056572,-0.29126620292663574,2.5085661036428064e-05,5.201891326578334e-05,0.021008552983403206,-0.013807708397507668
follower_right,waist,1,0.057615119963884354,-0.9599072337150574,1.161946415901184,-0.018676752224564552,-0.29094555974006653,0.003402979811653495,2.626246896397788e-06,0.025400418788194656,-0.013803478330373764
follower_right,waist,2,0.04489898681640625,-0.9599786996841431,1.1606578826904297,-0.012802323326468468,-0.29371875524520874,-0.01226904895156622,-1.0998734296663315e-06,0.031689178198575974,-0.01886894926428795
follower_right,waist,3,0.052384521812200546,-0.9600536227226257,1.1610521078109741,-0.0027142998296767473,-0.29604968428611755,8.480093674734235e-05,-5.328292445483385e-06,0.034305259585380554,-0.025965485721826553
follower_right,waist,4,0.05019572749733925,-0.9598804712295532,1.161409854888916,-0.0018319196533411741,-0.29552364349365234,0.00019162427634000778,-9.596169547876343e-06,0.037253186106681824,-0.03061775676906109
follower_right,waist,5,0.05015642195940018,-0.9599664807319641,1.1612889766693115,-0.0011491227196529508,-0.29492416977882385,0.0002882138651330024,-1.3395420864981133e-05,0.03855381906032562,-0.03440025448799133
follower_right,waist,6,0.05012788996100426,-0.9599215984344482,1.1612237691879272,-0.0006781466654501855,-0.2960698902606964,0.0003573975700419396,-1.601317126187496e-05,0.038614820688962936,-0.036746442317962646
follower_right,waist,7,0.050105366855859756,-0.9599887132644653,1.1611566543579102,-0.0003385796444490552,-0.29616084694862366,0.0003964426869060844,-1.7407272025593556e-05,0.037586599588394165,-0.03765842318534851
follower_right,waist,8,0.05008978024125099,-0.959926187992096,1.1612682342529297,-8.739978511584923e-05,-0.2958320677280426,0.00042374589247629046,-1.837007948779501e-05,0.035601936280727386,-0.03736075386404991
follower_right,waist,9,0.05007617175579071,-0.9599583148956299,1.1612951755523682,0.00014102195564191788,-0.29541051387786865,0.00042154002585448325,-1.815822906792164e-05,0.03292963281273842,-0.03600633516907692
follower_right,waist,10,0.0500650629401207,-0.9599342346191406,1.1612709760665894,0.0003362150746397674,-0.2958182990550995,0.0003924802294932306,-1.6870464605744928e-05,0.029808228835463524,-0.03376591205596924
follower_right,waist,11,0.05005395784974098,-0.9599658250808716,1.161192774772644,0.0005011300090700388,-0.2959841191768646,0.0003406612668186426,-1.4653904145234264e-05,0.026482325047254562,-0.03087129257619381
follower_right,waist,12,0.05004343390464783,-0.9599434733390808,1.1612505912780762,0.0006543921190313995,-0.2959674298763275,0.0002713745052460581,-1.1689636266964953e-05,0.023193921893835068,-0.027586251497268677
follower_right,waist,13,0.05001708120107651,-0.9599509835243225,1.1612703800201416,0.0009907810017466545,-0.2956349849700928,9.663095625001006e-06,-1.8019601100149885e-07,0.020999999716877937,-0.024174772202968597
follower_right,waist,14,0.05001230910420418,-0.9599422216415405,1.1612733602523804,0.0010898649925366044,-0.29574695229530334,-5.1242284826003015e-05,2.4764278805378126e-06,0.020999999716877937,-0.022083928808569908
follower_right,waist,15,0.05001143738627434,-0.9599549770355225,1.161226511001587,0.001098479493521154,-0.29588255286216736,-3.668088174890727e-05,1.7763048845154117e-06,0.021031908690929413,-0.020884189754724503
follower_right,waist,16,0.0500117689371109,-0.9599490761756897,1.1612478494644165,0.0011141783325001597,-0.2959507405757904,-4.4317435822449625e-05,2.089004055960686e-06,0.020999999716877937,-0.02030615136027336
follower_right,waist,17,0.0500129796564579,-0.9599495530128479,1.1612550020217896,0.0011098214890807867,-0.29575419425964355,-3.1257528462447226e-05,1.4760056501472718e-06,0.02101847343146801,-0.020103011280298233
follower_right,waist,18,0.050013571977615356,-0.9599462151527405,1.161270022392273,0.0011179478606209159,-0.29576221108436584,-3.114924402325414e-05,1.454375251341844e-06,0.021034181118011475,-0.02009713277220726
follower_right,waist,19,0.05001373216509819,-0.95995032787323,1.161242961883545,0.0011234626872465014,-0.2958239018917084,-3.30235343426466e-05,1.526822074993106e-06,0.021060874685645103,-0.02009839192032814
follower_right,waist,20,0.05001390352845192,-0.9599502086639404,1.1612470149993896,0.0011241614120081067,-0.2959011197090149,-3.43701867677737e-05,1.5787059055583086e-06,0.021088698878884315,-0.02009996585547924
follower_right,waist,21,0.05001405254006386,-0.9599494338035583,1.1612505912780762,0.0011259261518716812,-0.2958163917064667,-3.517837103572674e-05,1.608730713087425e-06,0.0211125910282135,-0.020101498812437057
follower_right,waist,22,0.0500141978263855,-0.9599480628967285,1.1612621545791626,0.0011291333939880133,-0.29578566551208496,-3.552304406184703e-05,1.6194122736123973e-06,0.02113005891442299,-0.020102746784687042
follower_right,waist,23,0.05001430958509445,-0.9599490165710449,1.1612513065338135,0.0011310356203466654,-0.2958066761493683,-3.5717930586542934e-05,1.6246436871369951e-06,0.021144047379493713,-0.020103665068745613
follower_right,waist,24,0.050014398992061615,-0.9599497318267822,1.1612486839294434,0.0011304301442578435,-0.2958599328994751,-3.589209518395364e-05,1.629892267374089e-06,0.021156514063477516,-0.02010441944003105
follower_right,waist,25,0.05001445859670639,-0.9599496126174927,1.1612498760223389,0.0011300198966637254,-0.29583677649497986,-3.6119079595664516e-05,1.638276330595545e-06,0.021167976781725883,-0.020105181261897087
follower_right,waist,26,0.05001449957489967,-0.959948718547821,1.161256194114685,0.0011310685658827424,-0.2958069443702698,-3.63885956176091e-05,1.64905804922455e-06,0.021178530529141426,-0.02010594680905342
follower_right,waist,27,0.05001453310251236,-0.959948718547821,1.161253809928894,0.0011322895297780633,-0.29580768942832947,-3.66970052709803e-05,1.6618810150248464e-06,0.021188272163271904,-0.0201067253947258
follower_right,waist,28,0.05001454055309296,-0.9599494338035583,1.161250352859497,0.001132316654548049,-0.2958357632160187,-3.700766319525428e-05,1.6751369003031868e-06,0.02119738794863224,-0.020107509568333626
follower_right,waist,29,0.05001455172896385,-0.9599495530128479,1.1612505912780762,0.001131895580329001,-0.295837938785553,-3.7293651985237375e-05,1.6874970469871187e-06,0.02120606042444706,-0.0201082993298769
follower_right,waist,30,0.050014566630125046,-0.9599488973617554,1.161253809928894,0.0011321845231577754,-0.29581907391548157,-3.756281512323767e-05,1.699190534054651e-06,0.02121436968445778,-0.020109105855226517
follower_right,waist,31,0.05001457408070564,-0.9599490761756897,1.1612541675567627,0.0011329078115522861,-0.2958126962184906,-3.783344436669722e-05,1.7111518673118553e-06,0.021222369745373726,-0.02010992355644703
follower_right,waist,32,0.05001457408070564,-0.9599491953849792,1.1612519025802612,0.0011331234127283096,-0.2958260476589203,-3.8099646189948544e-05,1.72297097833507e-06,0.021230127662420273,-0.02011074312031269
follower_right,waist,33,0.05001457780599594,-0.9599493741989136,1.1612509489059448,0.001132887788116932,-0.29583311080932617,-3.834532981272787e-05,1.7338802535959985e-06,0.021237686276435852,-0.02011156640946865
follower_right,waist,34,0.05001457780599594,-0.9599491953849792,1.161252498626709,0.0011328872060403228,-0.29582542181015015,-3.8573187339352444e-05,1.7440625015296973e-06,0.02124505490064621,-0.020112400874495506
follower_right,waist,35,0.05001457408070564,-0.9599488973617554,1.1612533330917358,0.0011332615977153182,-0.2958177924156189,-3.8797308661742136e-05,1.7541343595439685e-06,0.02125227078795433,-0.020113244652748108
follower_right,waist,36,0.05001455917954445,-0.9599491953849792,1.1612530946731567,0.0011335269082337618,-0.2958223819732666,-3.901898890035227e-05,1.7640944633967592e-06,0.021259348839521408,-0.020114094018936157
follower_right,waist,37,0.05001454800367355,-0.9599491953849792,1.1612517833709717,0.0011334968730807304,-0.2958277761936188,-3.9231184928212315e-05,1.773629492163309e-06,0.021266283467411995,-0.020114948973059654
follower_right,waist,38,0.05001454800367355,-0.9599491953849792,1.1612517833709717,0.0011334968730807304,-0.2958277761936188,-3.9231184928212315e-05,1.773629492163309e-06,0.021266283467411995,-0.020114948973059654
follower_right,waist,39,0.05001454800367355,-0.9599491953849792,1.1612517833709717,0.0011334968730807304,-0.2958277761936188,-3.9231184928212315e-05,1.773629492163309e-06,0.021266283467411995,-0.020114948973059654
follower_right,waist,40,0.05001454800367355,-0.9599491953849792,1.1612517833709717,0.0011334968730807304,-0.2958277761936188,-3.9231184928212315e-05,1.773629492163309e-06,0.021266283467411995,-0.020114948973059654
follower_right,waist,41,0.05001454800367355,-0.9599491953849792,1.1612517833709717,0.0011334968730807304,-0.2958277761936188,-3.9231184928212315e-05,1.773629492163309e-06,0.021266283467411995,-0.020114948973059654
follower_right,waist,42,0.05001454800367355,-0.9599491953849792,1.1612517833709717,0.0011334968730807304,-0.2958277761936188,-3.9231184928212315e-05,1.773629492163309e-06,0.021266283467411995,-0.020114948973059654
follower_right,waist,43,0.05001454800367355,-0.9599491953849792,1.1612517833709717,0.0011334968730807304,-0.2958277761936188,-3.9231184928212315e-05,1.773629492163309e-06,0.021266283467411995,-0.020114948973059654
follower_right,waist,44,0.05001454800367355,-0.9599491953849792,1.1612517833709717,0.0011334968730807304,-0.2958277761936188,-3.9231184928212315e-05,1.773629492163309e-06,0.021266283467411995,-0.020114948973059654
follower_right,waist,45,0.05001454800367355,-0.9599491953849792,1.1612517833709717,0.0011334968730807304,-0.2958277761936188,-3.9231184928212315e-05,1.773629492163309e-06,0.021266283467411995,-0.020114948973059654
follower_right,waist,46,0.05001454800367355,-0.9599491953849792,1.1612517833709717,0.0011334968730807304,-0.2958277761936188,-3.9231184928212315e-05,1.773629492163309e-06,0.021266283467411995,-0.020114948973059654
follower_right,waist,47,0.05001454800367355,-0.9599491953849792,1.1612517833709717,0.0011334968730807304,-0.2958277761936188,-3.9231184928212315e-05,1.773629492163309e-06,0.021266283467411995,-0.020114948973059654
follower_right,waist,48,0.05001454800367355,-0.9599491953849792,1.1612517833709717,0.0011334968730807304,-0.2958277761936188,-3.9231184928212315e-05,1.773629492163309e-06,0.021266283467411995,-0.020114948973059654
follower_right,waist,49,0.05001454800367355,-0.9599491953849792,1.1612517833709717,0.0011334968730807304,-0.2958277761936188,-3.9231184928212315e-05,1.773629492163309e-06,0.021266283467411995,-0.020114948973059654
follower_right,waist,50,0.05001454800367355,-0.9599491953849792,1.1612517833709717,0.0011334968730807304,-0.2958277761936188,-3.9231184928212315e-05,1.773629492163309e-06,0.021266283467411995,-0.020114948973059654
follower_right,waist,51,0.05001454800367355,-0.9599491953849792,1.1612517833709717,0.0011334968730807304,-0.2958277761936188,-3.9231184928212315e-05,1.773629492163309e-06,0.021266283467411995,-0.020114948973059654
follower_right,waist,52,0.05001454800367355,-0.9599491953849792,1.1612517833709717,0.0011334968730807304,-0.2958277761936188,-3.9231184928212315e-05,1.773629492163309e-06,0.021266283467411995,-0.020114948973059654
follower_right,waist,53,0.05001454800367355,-0.9599491953849792,1.1612517833709717,0.0011334968730807304,-0.2958277761936188,-3.9231184928212315e-05,1.773629492163309e-06,0.021266283467411995,-0.020114948973059654
follower_right,waist,54,0.05001454800367355,-0.9599491953849792,1.1612517833709717,0.0011334968730807304,-0.2958277761936188,-3.9231184928212315e-05,1.773629492163309e-06,0.021266283467411995,-0.020114948973059654
follower_right,waist,55,0.05001454800367355,-0.9599491953849792,1.1612517833709717,0.0011334968730807304,-0.2958277761936188,-3.9231184928212315e-05,1.773629492163309e-06,0.021266283467411995,-0.020114948973059654
follower_right,waist,56,0.05001454800367355,-0.9599491953849792,1.1612517833709717,0.0011334968730807304,-0.2958277761936188,-3.9231184928212315e-05,1.773629492163309e-06,0.021266283467411995,-0.020114948973059654
follower_right,waist,57,0.05001454800367355,-0.9599491953849792,1.1612517833709717,0.0011334968730807304,-0.2958277761936188,-3.9231184928212315e-05,1.773629492163309e-06,0.021266283467411995,-0.020114948973059654
follower_right,waist,58,0.05001454800367355,-0.9599491953849792,1.1612517833709717,0.0011334968730807304,-0.2958277761936188,-3.9231184928212315e-05,1.773629492163309e-06,0.021266283467411995,-0.020114948973059654
follower_right,waist,59,0.05001454800367355,-0.9599491953849792,1.1612517833709717,0.0011334968730807304,-0.2958277761936188,-3.9231184928212315e-05,1.773629492163309e-06,0.021266283467411995,-0.020114948973059654
follower_right,shoulder,0,4.435640948941e-05,-0.9140543341636658,1.156895637512207,-0.0012666132533922791,-0.3062002956867218,0.0008320833439938724,2.5832209757936653e-06,0.022061912342905998,-0.013804390095174313
follower_right,shoulder,1,1.9196420907974243e-05,-0.9022249579429626,1.1658000946044922,-0.00013691242202185094,-0.2717539370059967,0.0005875410279259086,3.0134265216474887e-06,0.02167140506207943,-0.013861119747161865
follower_right,shoulder,2,3.2241252483800054e-05,-0.9134533405303955,1.1682801246643066,0.0017553770449012518,-0.2705257833003998,0.0004079901846125722,3.2655532322678482e-06,0.021302035078406334,-0.014031131751835346
follower_right,shoulder,3,1.958509710675571e-05,-0.9074613451957703,1.154294490814209,0.0015502509195357561,-0.30619674921035767,0.00026802552747540176,3.806559107033536e-06,0.021025242283940315,-0.014272741973400116
follower_right,shoulder,4,2.1263522285153158e-05,-0.9133665561676025,1.1582192182540894,0.00032691899104975164,-0.3189195692539215,0.00015683671517763287,4.708655978902243e-06,0.020999999716877937,-0.014550928957760334
follower_right,shoulder,5,2.3214457542053424e-05,-0.907863199710846,1.1613683700561523,0.0003080251917708665,-0.2826758921146393,8.711079863132909e-05,4.821625680051511e-06,0.02100212685763836,-0.014900868758559227
follower_right,shoulder,6,2.3652675736229867e-05,-0.9095276594161987,1.1661581993103027,0.0014465496642515063,-0.2768244445323944,4.133754919166677e-05,4.56635098089464e-06,0.02103705331683159,-0.015311509370803833
follower_right,shoulder,7,2.1934743926976807e-05,-0.9097026586532593,1.160043478012085,0.0017977958777919412,-0.2926659882068634,9.305571438744664e-06,4.302253728383221e-06,0.02107151411473751,-0.01578851230442524
follower_right,shoulder,8,1.9786664779530838e-05,-0.9106959700584412,1.1579922437667847,0.0010029514087364078,-0.3082352876663208,-1.324861113971565e-05,4.09114272770239e-06,0.021130941808223724,-0.016278550028800964
follower_right,shoulder,9,2.2023161363904364e-05,-0.9100822806358337,1.1609011888504028,0.0006567126838490367,-0.2966262996196747,-2.1170715626794845e-05,3.5468469832267147e-06,0.021240903064608574,-0.01671595498919487
follower_right,shoulder,10,2.28739736485295e-05,-0.9096182584762573,1.1633473634719849,0.0011246243957430124,-0.28417450189590454,-2.9059319786028937e-05,3.2289597129420144e-06,0.021322598680853844,-0.017100593075156212
follower_right,shoulder,11,2.158083771064412e-05,-0.9098593592643738,1.1615842580795288,0.001473758602514863,-0.288835346698761,-3.771807314478792e-05,3.1155268516158685e-06,0.02137218415737152,-0.017476622015237808
follower_right,shoulder,12,1.991528188227676e-05,-0.9102980494499207,1.1598520278930664,0.0012115214485675097,-0.29899030923843384,-4.318154606153257e-05,2.998703394041513e-06,0.021427210420370102,-0.017834100872278214
follower_right,shoulder,13,2.0421322915353812e-05,-0.9099850654602051,1.1609179973602295,0.0009739926317706704,-0.2994365394115448,-4.3795160308945924e-05,2.7644475721899653e-06,0.021491996943950653,-0.018142683431506157
follower_right,shoulder,14,2.0983834474463947e-05,-0.9098966121673584,1.1617321968078613,0.0010613177437335253,-0.29127204418182373,-4.4710493966704234e-05,2.6124077976419358e-06,0.021536778658628464,-0.018402211368083954
follower_right,shoulder,15,2.002729343075771e-05,-0.9098600745201111,1.1618456840515137,0.0012595487060025334,-0.29250994324684143,-4.8222598707070574e-05,2.625096840347396e-06,0.021563638001680374,-0.01863253302872181
follower_right,shoulder,16,1.910551145556383e-05,-0.910067081451416,1.1606136560440063,0.001195087912492454,-0.29465603828430176,-5.0221937271999195e-05,2.609197053971002e-06,0.021590761840343475,-0.018841654062271118
follower_right,shoulder,17,1.8845039448933676e-05,-0.9099931716918945,1.1611343622207642,0.001098040258511901,-0.2964702546596527,-5.076334491604939e-05,2.5561591883160872e-06,0.021615710109472275,-0.019018664956092834
follower_right,shoulder,18,1.882903052319307e-05,-0.9099321365356445,1.1614317893981934,0.001134997932240367,-0.2946469187736511,-5.13469785801135e-05,2.5274887320847483e-06,0.021634172648191452,-0.019163424149155617
follower_right,shoulder,19,1.824402170313988e-05,-0.9099475145339966,1.161376953125,0.0011861758539453149,-0.29498499631881714,-5.291436173138209e-05,2.55734812526498e-06,0.021646173670887947,-0.01928684487938881
follower_right,shoulder,20,1.7810561985243112e-05,-0.9099842309951782,1.1611076593399048,0.0011698572197929025,-0.2961677014827728,-5.395289190346375e-05,2.5744582217157586e-06,0.021656714379787445,-0.01939324103295803
follower_right,shoulder,21,1.7536021914565936e-05,-0.9099761843681335,1.1611981391906738,0.0011391264852136374,-0.29654285311698914,-5.454475831356831e-05,2.5802169147937093e-06,0.02166532725095749,-0.019481582567095757
follower_right,shoulder,22,1.7425318219466135e-05,-0.9099493622779846,1.161299705505371,0.0011459558736532927,-0.29549938440322876,-5.510741175385192e-05,2.590624717413448e-06,0.021671809256076813,-0.019553324207663536
follower_right,shoulder,23,1.7140235286206007e-05,-0.9099524021148682,1.1613471508026123,0.0011734523577615619,-0.29532289505004883,-5.591765875578858e-05,2.6151856218348257e-06,0.021676892414689064,-0.019612550735473633
follower_right,shoulder,24,1.687219992163591e-05,-0.90995854139328,1.1612194776535034,0.0011773610021919012,-0.2958616316318512,-5.664366472046822e-05,2.6391523988422705e-06,0.021681906655430794,-0.019662637263536453
follower_right,shoulder,25,1.666895332164131e-05,-0.9099773168563843,1.1612062454223633,0.001161289750598371,-0.2962297201156616,-5.7101293350569904e-05,2.653838464539149e-06,0.021686764433979988,-0.019704172387719154
follower_right,shoulder,26,1.6597938156337477e-05,-0.9099552035331726,1.1612626314163208,0.001157896127551794,-0.2958519458770752,-5.7443852711003274e-05,2.665218744368758e-06,0.021691028028726578,-0.019737469032406807
follower_right,shoulder,27,1.64650846272707e-05,-0.9099555015563965,1.1613043546676636,0.0011709039099514484,-0.2955492436885834,-5.7873861806001514e-05,2.681262458281708e-06,0.021694885566830635,-0.019764386117458344
follower_right,shoulder,28,1.6329988284269348e-05,-0.909955620765686,1.161262035369873,0.0011781713692471385,-0.29575276374816895,-5.831753514939919e-05,2.698627667996334e-06,0.02169862389564514,-0.019787006080150604
follower_right,shoulder,29,1.6202062397496775e-05,-0.9099680185317993,1.1612261533737183,0.001171929412521422,-0.29600802063941956,-5.863142723683268e-05,2.7110606879432453e-06,0.021702304482460022,-0.01980605348944664
follower_right,shoulder,30,1.616147164895665e-05,-0.9099603891372681,1.1612513065338135,0.0011668072547763586,-0.2959350049495697,-5.8830763009609655e-05,2.7189855700271437e-06,0.02170592173933983,-0.019821524620056152
follower_right,shoulder,31,1.610677645658143e-05,-0.9099571108818054,1.161277413368225,0.0011715332511812449,-0.2957088351249695,-5.9042940847575665e-05,2.7277210392639972e-06,0.021709436550736427,-0.019834039732813835
follower_right,shoulder,32,1.6046053133322857e-05,-0.9099562168121338,1.1612718105316162,0.0011772249126806855,-0.2957462668418884,-5.927956954110414e-05,2.737555405474268e-06,0.02171287126839161,-0.019844669848680496
follower_right,shoulder,33,1.597780646989122e-05,-0.9099622368812561,1.1612437963485718,0.001175909535959363,-0.2958886921405792,-5.9466434322530404e-05,2.7454584596853238e-06,0.021716265007853508,-0.019853956997394562
follower_right,shoulder,34,1.5952149624354206e-05,-0.9099616408348083,1.1612499952316284,0.0011721478076651692,-0.2959211468696594,-5.9577876527328044e-05,2.750203293544473e-06,0.021719589829444885,-0.019861863926053047
follower_right,shoulder,35,1.5933266695355996e-05,-0.9099581837654114,1.1612638235092163,0.0011729586403816938,-0.2957984507083893,-5.967287142993882e-05,2.7543064788915217e-06,0.02172284759581089,-0.01986849308013916
follower_right,shoulder,36,1.5909517969703302e-05,-0.909957230091095,1.1612697839736938,0.0011762920767068863,-0.29577189683914185,-5.978485933155753e-05,2.7590838271862594e-06,0.021726058796048164,-0.019874295219779015
follower_right,shoulder,37,1.5876899851718917e-05,-0.9099599719047546,1.1612544059753418,0.0011768992990255356,-0.2958366274833679,-5.9886373492190614e-05,2.763451675491524e-06,0.021729223430156708,-0.019879626110196114
follower_right,shoulder,38,1.5876899851718917e-05,-0.9099599719047546,1.1612544059753418,0.0011768992990255356,-0.2958366274833679,-5.9886373492190614e-05,2.763451675491524e-06,0.021729223430156708,-0.019879626110196114
follower_right,shoulder,39,1.5876899851718917e-05,-0.9099599719047546,1.1612544059753418,0.0011768992990255356,-0.2958366274833679,-5.9886373492190614e-05,2.763451675491524e-06,0.021729223430156708,-0.019879626110196114
follower_right,shoulder,40,1.5876899851718917e-05,-0.9099599719047546,1.1612544059753418,0.0011768992990255356,-0.2958366274833679,-5.9886373492190614e-05,2.763451675491524e-06,0.021729223430156708,-0.019879626110196114
follower_right,shoulder,41,1.5876899851718917e-05,-0.9099599719047546,1.1612544059753418,0.0011768992990255356,-0.2958366274833679,-5.9886373492190614e-05,2.763451675491524e-06,0.021729223430156708,-0.019879626110196114
follower_right,shoulder,42,1.5876899851718917e-05,-0.9099599719047546,1.1612544059753418,0.0011768992990255356,-0.2958366274833679,-5.9886373492190614e-05,2.763451675491524e-06,0.021729223430156708,-0.019879626110196114
follower_right,shoulder,43,1.5876899851718917e-05,-0.9099599719047546,1.1612544059753418,0.0011768992990255356,-0.2958366274833679,-5.9886373492190614e-05,2.763451675491524e-06,0.021729223430156708,-0.019879626110196114
follower_right,shoulder,44,1.5876899851718917e-05,-0.9099599719047546,1.1612544059753418,0.0011768992990255356,-0.2958366274833679,-5.9886373492190614e-05,2.763451675491524e-06,0.021729223430156708,-0.019879626110196114
follower_right,shoulder,45,1.5876899851718917e-05,-0.9099599719047546,1.1612544059753418,0.0011768992990255356,-0.2958366274833679,-5.9886373492190614e-05,2.763451675491524e-06,0.021729223430156708,-0.019879626110196114
follower_right,shoulder,46,1.5876899851718917e-05,-0.9099599719047546,1.1612544059753418,0.0011768992990255356,-0.2958366274833679,-5.9886373492190614e-05,2.763451675491524e-06,0.021729223430156708,-0.019879626110196114
follower_right,shoulder,47,1.5876899851718917e-05,-0.9099599719047546,1.1612544059753418,0.0011768992990255356,-0.2958366274833679,-5.9886373492190614e-05,2.763451675491524e-06,0.021729223430156708,-0.019879626110196114
follower_right,shoulder,48,1.5876899851718917e-05,-0.9099599719047546,1.1612544059753418,0.0011768992990255356,-0.2958366274833679,-5.9886373492190614e-05,2.763451675491524e-06,0.021729223430156708,-0.019879626110196114
follower_right,shoulder,49,1.5876899851718917e-05,-0.9099599719047546,1.1612544059753418,0.0011768992990255356,-0.2958366274833679,-5.9886373492190614e-05,2.763451675491524e-06,0.021729223430156708,-0.019879626110196114
follower_right,shoulder,50,1.5876899851718917e-05,-0.9099599719047546,1.1612544059753418,0.0011768992990255356,-0.2958366274833679,-5.9886373492190614e-05,2.763451675491524e-06,0.021729223430156708,-0.019879626110196114
follower_right,shoulder,51,1.5876899851718917e-05,-0.9099599719047546,1.1612544059753418,0.0011768992990255356,-0.2958366274833679,-5.9886373492190614e-05,2.763451675491524e-06,0.021729223430156708,-0.019879626110196114
follower_right,shoulder,52,1.5876899851718917e-05,-0.9099599719047546,1.1612544059753418,0.0011768992990255356,-0.2958366274833679,-5.9886373492190614e-05,2.763451675491524e-06,0.021729223430156708,-0.019879626110196114
follower_right,shoulder,53,1.5876899851718917e-05,-0.9099599719047546,1.1612544059753418,0.0011768992990255356,-0.2958366274833679,-5.9886373492190614e-05,2.763451675491524e-06,0.021729223430156708,-0.019879626110196114
follower_right,shoulder,54,1.5876899851718917e-05,-0.9099599719047546,1.1612544059753418,0.0011768992990255356,-0.2958366274833679,-5.9886373492190614e-05,2.763451675491524e-06,0.021729223430156708,-0.019879626110196114
follower_right,shoulder,55,1.5876899851718917e-05,-0.9099599719047546,1.1612544059753418,0.0011768992990255356,-0.2958366274833679,-5.9886373492190614e-05,2.763451675491524e-06,0.021729223430156708,-0.019879626110196114
follower_right,shoulder,56,1.5876899851718917e-05,-0.9099599719047546,1.1612544059753418,0.0011768992990255356,-0.2958366274833679,-5.9886373492190614e-05,2.763451675491524e-06,0.021729223430156708,-0.019879626110196114
follower_right,shoulder,57,1.5876899851718917e-05,-0.9099599719047546,1.1612544059753418,0.0011768992990255356,-0.2958366274833679,-5.9886373492190614e-05,2.763451675491524e-06,0.021729223430156708,-0.019879626110196114
follower_right,shoulder,58,1.5876899851718917e-05,-0.9099599719047546,1.1612544059753418,0.0011768992990255356,-0.2958366274833679,-5.9886373492190614e-05,2.763451675491524e-06,0.021729223430156708,-0.019879626110196114
follower_right,shoulder,59,1.5876899851718917e-05,-0.9099599719047546,1.1612544059753418,0.0011768992990255356,-0.2958366274833679,-5.9886373492190614e-05,2.763451675491524e-06,0.021729223430156708,-0.019879626110196114
follower_right,elbow,0,3.8015747122699395e-05,-0.9619483351707458,1.199441909790039,0.0017048028530552983,-0.310724139213562,0.0006419483688659966,2.7114742806588765e-06,0.02214045636355877,-0.013814248144626617
follower_right,elbow,1,4.328362047090195e-05,-0.9574239253997803,1.2280347347259521,0.0025302069261670113,-0.27083876729011536,0.0004416074953041971,3.3735443594196113e-06,0.021726423874497414,-0.013806294649839401
follower_right,elbow,2,3.357932291692123e-05,-0.9580786824226379,1.2139332294464111,0.004151768051087856,-0.2561207413673401,0.0002975281677208841,3.6483352232608013e-06,0.021247737109661102,-0.01399142574518919
follower_right,elbow,3,2.6297178919776343e-05,-0.9614084362983704,1.2069392204284668,0.003001911100000143,-0.30848774313926697,0.00015802060079295188,5.2003033488290384e-06,0.020999999716877937,-0.014174141921103
follower_right,elbow,4,2.245425093860831e-05,-0.9610395431518555,1.206891417503357,0.001452670432627201,-0.31563666462898254,7.737730629742146e-05,5.6268054322572425e-06,0.02100105956196785,-0.014534872025251389
follower_right,elbow,5,2.4822960767778568e-05,-0.9597126245498657,1.212838053703308,0.0011670102830976248,-0.28405940532684326,3.655558975879103e-05,5.0887551878986415e-06,0.021056650206446648,-0.014936457388103008
follower_right,elbow,6,2.387974745943211e-05,-0.9592732191085815,1.2152070999145508,0.002005252754315734,-0.2770501375198364,5.637891717924504e-06,4.673765033658128e-06,0.021104861050844193,-0.015376359224319458
follower_right,elbow,7,2.198165748268366e-05,-0.9599747061729431,1.2102564573287964,0.002088855719193816,-0.2944524884223938,-1.6429881725343876e-05,4.332000116846757e-06,0.021145690232515335,-0.015863411128520966
follower_right,elbow,8,1.9839444576064125e-05,-0.9607409834861755,1.2083096504211426,0.0012721290113404393,-0.3064616322517395,-3.144879519823007e-05,4.059665116074029e-06,0.02120894193649292,-0.01635063998401165
follower_right,elbow,9,2.1248450138955377e-05,-0.9600103497505188,1.211168885231018,0.0009193083387799561,-0.29589593410491943,-3.520445170579478e-05,3.5398759337113006e-06,0.021311955526471138,-0.016785696148872375
follower_right,elbow,10,2.1520816517295316e-05,-0.9596942067146301,1.2131767272949219,0.0012912964448332787,-0.2851787805557251,-3.99796299461741e-05,3.2354573704651557e-06,0.02138773538172245,-0.01717153750360012
follower_right,elbow,11,2.0361680071800947e-05,-0.9599227905273438,1.2113752365112305,0.0015085968188941479,-0.289638489484787,-4.589869058690965e-05,3.1078047868504655e-06,0.021435027942061424,-0.017546294257044792
follower_right,elbow,12,1.8852460925700143e-05,-0.9602908492088318,1.2100316286087036,0.0012303102994337678,-0.29832231998443604,-4.943103340337984e-05,2.9849591101083206e-06,0.021487370133399963,-0.017896460369229317
follower_right,elbow,13,1.9116354451398365e-05,-0.9599636197090149,1.211118221282959,0.001035655732266605,-0.2985967695713043,-4.909219569526613e-05,2.771387244138168e-06,0.021546868607401848,-0.01819687709212303
follower_right,elbow,14,1.927216180774849e-05,-0.9599186778068542,1.2117074728012085,0.0011054303031414747,-0.29219913482666016,-4.953151074005291e-05,2.6447578420629725e-06,0.02158762700855732,-0.01845180056989193
follower_right,elbow,15,1.845091173890978e-05,-0.9599175453186035,1.2116601467132568,0.0012333606136962771,-0.2935294806957245,-5.216544013819657e-05,2.649135467436281e-06,0.0216139517724514,-0.018678028136491776
follower_right,elbow,16,1.7621716324356385e-05,-0.9600765705108643,1.2107176780700684,0.001157681574113667,-0.29526832699775696,-5.352661173674278e-05,2.628572701723897e-06,0.021640030667185783,-0.018880801275372505
follower_right,elbow,17,1.741474261507392e-05,-0.9599899649620056,1.211246132850647,0.0010882314527407289,-0.296512246131897,-5.36780062247999e-05,2.5762296900211368e-06,0.021663591265678406,-0.01905062235891819
follower_right,elbow,18,1.7266132999793626e-05,-0.9599669575691223,1.2114293575286865,0.0011194096878170967,-0.2949453890323639,-5.4275795264402404e-05,2.561333531048149e-06,0.021680006757378578,-0.019191084429621696
follower_right,elbow,19,1.6758158380980603e-05,-0.9599664807319641,1.211342692375183,0.0011526183225214481,-0.29544389247894287,-5.553952723857947e-05,2.585533820820274e-06,0.02169152721762657,-0.019310781732201576
follower_right,elbow,20,1.6392817997257225e-05,-0.9600144624710083,1.2111376523971558,0.0011322261998429894,-0.2964155077934265,-5.6400873290840536e-05,2.6009629436885007e-06,0.02170136198401451,-0.01941332034766674
follower_right,elbow,21,1.614080974832177e-05,-0.9599990248680115,1.2112265825271606,0.0011076234513893723,-0.2965409457683563,-5.6926164688775316e-05,2.608470822451636e-06,0.021709347143769264,-0.019498208537697792
follower_right,elbow,22,1.6000052710296586e-05,-0.9599825143814087,1.2113224267959595,0.0011159091955050826,-0.2956674098968506,-5.7477413065498695e-05,2.6214356694254093e-06,0.021715490147471428,-0.01956736296415329
follower_right,elbow,23,1.5737736248411238e-05,-0.9599736928939819,1.2113372087478638,0.0011373944580554962,-0.2956146001815796,-5.821901140734553e-05,2.6447855816513766e-06,0.02172023244202137,-0.01962459459900856
follower_right,elbow,24,1.551313471281901e-05,-0.9599992632865906,1.2112326622009277,0.001136958715505898,-0.29609888792037964,-5.8870704378932714e-05,2.6667030397220515e-06,0.02172490395605564,-0.019672827795147896
follower_right,elbow,25,1.533804061182309e-05,-0.9599974751472473,1.2112290859222412,0.0011232574470341206,-0.2963494658470154,-5.9287278418196365e-05,2.6805696506926324e-06,0.021729514002799988,-0.01971260830760002
follower_right,elbow,26,1.525675725133624e-05,-0.9599903225898743,1.2112845182418823,0.0011222814209759235,-0.2959817349910736,-5.963672447251156e-05,2.692974476303789e-06,0.02173372358083725,-0.019744575023651123
follower_right,elbow,27,1.5133136002987158e-05,-0.9599798321723938,1.2113089561462402,0.0011334794107824564,-0.29577505588531494,-6.0051053878851235e-05,2.7085645797342295e-06,0.02173749729990959,-0.019770542159676552
follower_right,elbow,28,1.5014283235359471e-05,-0.9599932432174683,1.2112716436386108,0.0011379256611689925,-0.29597532749176025,-6.046420821803622e-05,2.7246508125244873e-06,0.02174108661711216,-0.019792359322309494
follower_right,elbow,29,1.491157127020415e-05,-0.9599931836128235,1.2112436294555664,0.001132075791247189,-0.29617366194725037,-6.075197961763479e-05,2.7359792511560954e-06,0.021744616329669952,-0.019810613244771957
follower_right,elbow,30,1.4864959666738287e-05,-0.9599933624267578,1.2112705707550049,0.001128756906837225,-0.2960779070854187,-6.095794742577709e-05,2.7442913506092736e-06,0.021748080849647522,-0.019825441762804985
follower_right,elbow,31,1.4815034774073865e-05,-0.959984540939331,1.2112886905670166,0.0011332412250339985,-0.2959035038948059,-6.11691502854228e-05,2.7529054023034405e-06,0.021751467138528824,-0.019837509840726852
follower_right,elbow,32,1.4757620192540344e-05,-0.9599905014038086,1.2112815380096436,0.0011374091263860464,-0.2959516942501068,-6.139305332908407e-05,2.762137455647462e-06,0.021754784509539604,-0.019847778603434563
follower_right,elbow,33,1.4706424735777546e-05,-0.9599912166595459,1.2112585306167603,0.001135792350396514,-0.2960722744464874,-6.156355811981484e-05,2.769223783616326e-06,0.021758070215582848,-0.019856693223118782
follower_right,elbow,34,1.467865331505891e-05,-0.9599930047988892,1.2112666368484497,0.0011330009438097477,-0.29607853293418884,-6.167488027131185e-05,2.7739476990973344e-06,0.0217613335698843,-0.019864270463585854
follower_right,elbow,35,1.466180674469797e-05,-0.9599878191947937,1.2112784385681152,0.0011341299396008253,-0.29597988724708557,-6.177328032208607e-05,2.7781441076513147e-06,0.02176453173160553,-0.01987067423760891
follower_right,elbow,36,1.4636235391662922e-05,-0.9599892497062683,1.2112804651260376,0.001136777107603848,-0.29596570134162903,-6.188121187733486e-05,2.7826717996504158e-06,0.021767690777778625,-0.01987631805241108
follower_right,elbow,37,1.4613569874200039e-05,-0.9599906802177429,1.2112681865692139,0.0011368844425305724,-0.29602500796318054,-6.197102629812434e-05,2.7864446110470453e-06,0.02177082747220993,-0.0198814757168293
follower_right,elbow,38,1.4613569874200039e-05,-0.9599906802177429,1.2112681865692139,0.0011368844425305724,-0.29602500796318054,-6.197102629812434e-05,2.7864446110470453e-06,0.02177082747220993,-0.0198814757168293
follower_right,elbow,39,1.4613569874200039e-05,-0.9599906802177429,1.2112681865692139,0.0011368844425305724,-0.29602500796318054,-6.197102629812434e-05,2.7864446110470453e-06,0.02177082747220993,-0.0198814757168293
follower_right,elbow,40,1.4613569874200039e-05,-0.9599906802177429,1.2112681865692139,0.0011368844425305724,-0.29602500796318054,-6.197102629812434e-05,2.7864446110470453e-06,0.02177082747220993,-0.0198814757168293
follower_right,elbow,41,1.4613569874200039e-05,-0.9599906802177429,1.2112681865692139,0.0011368844425305724,-0.29602500796318054,-6.197102629812434e-05,2.7864446110470453e-06,0.02177082747220993,-0.0198814757168293
follower_right,elbow,42,1.4613569874200039e-05,-0.9599906802177429,1.2112681865692139,0.0011368844425305724,-0.29602500796318054,-6.197102629812434e-05,2.7864446110470453e-06,0.02177082747220993,-0.0198814757168293
follower_right,elbow,43,1.4613569874200039e-05,-0.9599906802177429,1.2112681865692139,0.0011368844425305724,-0.29602500796318054,-6.197102629812434e-05,2.7864446110470453e-06,0.02177082747220993,-0.0198814757168293
follower_right,elbow,44,1.4613569874200039e-05,-0.9599906802177429,1.2112681865692139,0.0011368844425305724,-0.29602500796318054,-6.197102629812434e-05,2.7864446110470453e-06,0.02177082747220993,-0.0198814757168293
follower_right,elbow,45,1.4613569874200039e-05,-0.9599906802177429,1.2112681865692139,0.0011368844425305724,-0.29602500796318054,-6.197102629812434e-05,2.7864446110470453e-06,0.02177082747220993,-0.0198814757168293
follower_right,elbow,46,1.4613569874200039e-05,-0.9599906802177429,1.2112681865692139,0.0011368844425305724,-0.29602500796318054,-6.197102629812434e-05,2.7864446110470453e-06,0.02177082747220993,-0.0198814757168293
follower_right,elbow,47,1.4613569874200039e-05,-0.9599906802177429,1.2112681865692139,0.0011368844425305724,-0.29602500796318054,-6.197102629812434e-05,2.7864446110470453e-06,0.02177082747220993,-0.0198814757168293
follower_right,elbow,48,1.4613569874200039e-05,-0.9599906802177429,1.2112681865692139,0.0011368844425305724,-0.29602500796318054,-6.197102629812434e-05,2.7864446110470453e-06,0.02177082747220993,-0.0198814757168293
follower_right,elbow,49,1.4613569874200039e-05,-0.9599906802177429,1.2112681865692139,0.0011368844425305724,-0.29602500796318054,-6.197102629812434e-05,2.7864446110470453e-06,0.02177082747220993,-0.0198814757168293
follower_right,elbow,50,1.4613569874200039e-05,-0.9599906802177429,1.2112681865692139,0.0011368844425305724,-0.29602500796318054,-6.197102629812434e-05,2.7864446110470453e-06,0.02177082747220993,-0.0198814757168293
follower_right,elbow,51,1.4613569874200039e-05,-0.9599906802177429,1.2112681865692139,0.0011368844425305724,-0.29602500796318054,-6.197102629812434e-05,2.7864446110470453e-06,0.02177082747220993,-0.0198814757168293
follower_right,elbow,52,1.4613569874200039e-05,-0.9599906802177429,1.2112681865692139,0.0011368844425305724,-0.29602500796318054,-6.197102629812434e-05,2.7864446110470453e-06,0.02177082747220993,-0.0198814757168293
follower_right,elbow,53,1.4613569874200039e-05,-0.9599906802177429,1.2112681865692139,0.0011368844425305724,-0.29602500796318054,-6.197102629812434e-05,2.7864446110470453e-06,0.02177082747220993,-0.0198814757168293
follower_right,elbow,54,1.4613569874200039e-05,-0.9599906802177429,1.2112681865692139,0.0011368844425305724,-0.29602500796318054,-6.197102629812434e-05,2.7864446110470453e-06,0.02177082747220993,-0.0198814757168293
follower_right,elbow,55,1.4613569874200039e-05,-0.9599906802177429,1.2112681865692139,0.0011368844425305724,-0.29602500796318054,-6.197102629812434e-05,2.7864446110470453e-06,0.02177082747220993,-0.0198814757168293
follower_right,elbow,56,1.4613569874200039e-05,-0.9599906802177429,1.2112681865692139,0.0011368844425305724,-0.29602500796318054,-6.197102629812434e-05,2.7864446110470453e-06,0.02177082747220993,-0.0198814757168293
follower_right,elbow,57,1.4613569874200039e-05,-0.9599906802177429,1.2112681865692139,0.0011368844425305724,-0.29602500796318054,-6.197102629812434e-05,2.7864446110470453e-06,0.02177082747220993,-0.0198814757168293
follower_right,elbow,58,1.4613569874200039e-05,-0.9599906802177429,1.2112681865692139,0.0011368844425305724,-0.29602500796318054,-6.197102629812434e-05,2.7864446110470453e-06,0.02177082747220993,-0.0198814757168293
follower_right,elbow,59,1.4613569874200039e-05,-0.9599906802177429,1.2112681865692139,0.0011368844425305724,-0.29602500796318054,-6.197102629812434e-05,2.7864446110470453e-06,0.02177082747220993,-0.0198814757168293
follower_right,forearm_roll,0,0.0001817396841943264,-0.9599430561065674,1.1620134115219116,0.03963238745927811,-0.29079896211624146,-0.009430492296814919,-1.982071353268111e-06,0.02372414991259575,-0.013808236457407475
follower_right,forearm_roll,1,0.00010393842967459932,-0.9598495960235596,1.1620069742202759,0.04620354250073433,-0.2907469570636749,0.0008383572567254305,-1.107939169742167e-06,0.022488459944725037,-0.015665920451283455
follower_right,forearm_roll,2,7.78319445089437e-05,-0.9600207805633545,1.1605206727981567,0.04746340215206146,-0.29404670000076294,0.0006003825692459941,-1.0015203599778033e-07,0.022145602852106094,-0.016586676239967346
follower_right,forearm_roll,3,6.174490408739075e-05,-0.960044801235199,1.1609923839569092,0.0482754223048687,-0.2968589961528778,0.00042681008926592767,5.757778467341268e-07,0.02205873467028141,-0.017216404899954796
follower_right,forearm_roll,4,5.270830661174841e-05,-0.9598976373672485,1.1613892316818237,0.048953667283058167,-0.29498380422592163,0.0002997610718011856,1.0541318715695525e-06,0.0220111683011055,-0.01777147687971592
follower_right,forearm_roll,5,4.500816066865809e-05,-0.9599365592002869,1.1613787412643433,0.04948997497558594,-0.2945622205734253,0.00020604599558282644,1.4208260381565196e-06,0.021972348913550377,-0.018285777419805527
follower_right,forearm_roll,6,3.8988935557426885e-05,-0.9599424004554749,1.1611316204071045,0.04984955117106438,-0.29597389698028564,0.00013761456648353487,1.6705296275176806e-06,0.021957233548164368,-0.018741870298981667
follower_right,forearm_roll,7,3.408099655644037e-05,-0.9599894881248474,1.1611212491989136,0.050092846155166626,-0.2965984344482422,8.752774010645226e-05,1.8469520455255406e-06,0.02196078561246395,-0.019141120836138725
follower_right,forearm_roll,8,3.094831117778085e-05,-0.9599296450614929,1.1612471342086792,0.05028761178255081,-0.2957817316055298,5.0573689804878086e-05,1.983972879315843e-06,0.02196316234767437,-0.019504239782691002
follower_right,forearm_roll,9,2.8330818167887628e-05,-0.9599474668502808,1.1613165140151978,0.0504542738199234,-0.29521721601486206,2.3220361981657334e-05,2.0925763237755746e-06,0.021960847079753876,-0.019838158041238785
follower_right,forearm_roll,10,2.6160432753385976e-05,-0.959936797618866,1.161234974861145,0.05057181790471077,-0.2957633435726166,3.1815461625228636e-06,2.168832452298375e-06,0.02196107991039753,-0.020136160776019096
follower_right,forearm_roll,11,2.4210408810176887e-05,-0.9599674940109253,1.161152720451355,0.05064265429973602,-0.2961868643760681,-1.1509225259942468e-05,2.223898945885594e-06,0.02196657657623291,-0.02039499767124653
follower_right,forearm_roll,12,2.2921043637325056e-05,-0.9599451422691345,1.1612225770950317,0.050696540623903275,-0.2960208058357239,-2.2463651475845836e-05,2.271821358590387e-06,0.021972373127937317,-0.020621469244360924
follower_right,forearm_roll,13,2.1901527361478657e-05,-0.9599459171295166,1.1612653732299805,0.050750233232975006,-0.29554283618927,-3.080564420088194e-05,2.3198908820631914e-06,0.021972861140966415,-0.02082555554807186
follower_right,forearm_roll,14,2.100287383655086e-05,-0.9599412679672241,1.1612571477890015,0.050792742520570755,-0.29570168256759644,-3.711094905156642e-05,2.362319492021925e-06,0.021972931921482086,-0.021006055176258087
follower_right,forearm_roll,15,2.011317337746732e-05,-0.9599552750587463,1.1611909866333008,0.050816088914871216,-0.2959652841091156,-4.186341539025307e-05,2.3990282898012083e-06,0.02197546325623989,-0.021162495017051697
follower_right,forearm_roll,16,1.94773638213519e-05,-0.9599501490592957,1.1612186431884766,0.050830237567424774,-0.29602572321891785,-4.533414903562516e-05,2.4251221475424245e-06,0.021978624165058136,-0.021297220140695572
follower_right,forearm_roll,17,1.9003793568117544e-05,-0.9599466323852539,1.1612390279769897,0.05084766820073128,-0.2957347333431244,-4.816996806766838e-05,2.4571609174017794e-06,0.021979257464408875,-0.02141686901450157
follower_right,forearm_roll,18,1.8584194549475797e-05,-0.9599446058273315,1.1612528562545776,0.05086461827158928,-0.29573023319244385,-5.039883762947284e-05,2.486685843905434e-06,0.02197939157485962,-0.021522624418139458
follower_right,forearm_roll,19,1.8155627913074568e-05,-0.9599496126174927,1.1612156629562378,0.050874173641204834,-0.2958623468875885,-5.205547495279461e-05,2.509154910512734e-06,0.021979480981826782,-0.02161496691405773
follower_right,forearm_roll,20,1.7800330169848166e-05,-0.9599505662918091,1.161218285560608,0.05087805166840553,-0.29595813155174255,-5.335007517714985e-05,2.5292088139394764e-06,0.02198091149330139,-0.021693654358386993
follower_right,forearm_roll,21,1.7547687093610875e-05,-0.9599477052688599,1.1612297296524048,0.05088336020708084,-0.29583004117012024,-5.437569780042395e-05,2.5473148070886964e-06,0.021982010453939438,-0.021762847900390625
follower_right,forearm_roll,22,1.7336935343337245e-05,-0.9599464535713196,1.1612430810928345,0.050890468060970306,-0.29577338695526123,-5.5189440899994224e-05,2.563049065429368e-06,0.021982578560709953,-0.02182384394109249
follower_right,forearm_roll,23,1.7125166777987033e-05,-0.959947943687439,1.161228060722351,0.050895191729068756,-0.2958264946937561,-5.574472379521467e-05,2.572538733147667e-06,0.021982688456773758,-0.02187694050371647
follower_right,forearm_roll,24,1.6941496141953394e-05,-0.9599495530128479,1.1612216234207153,0.05089640989899635,-0.2958999276161194,-5.6039760238491e-05,2.5743684091139585e-06,0.02198314107954502,-0.021921398118138313
follower_right,forearm_roll,25,1.6941496141953394e-05,-0.9599495530128479,1.1612216234207153,0.05089640989899635,-0.2958999276161194,-5.6039760238491e-05,2.5743684091139585e-06,0.02198314107954502,-0.021921398118138313
follower_right,forearm_roll,26,1.6941496141953394e-05,-0.9599495530128479,1.1612216234207153,0.05089640989899635,-0.2958999276161194,-5.6039760238491e-05,2.5743684091139585e-06,0.02198314107954502,-0.021921398118138313
follower_right,forearm_roll,27,1.6941496141953394e-05,-0.9599495530128479,1.1612216234207153,0.05089640989899635,-0.2958999276161194,-5.6039760238491e-05,2.5743684091139585e-06,0.02198314107954502,-0.021921398118138313
follower_right,forearm_roll,28,1.6941496141953394e-05,-0.9599495530128479,1.1612216234207153,0.05089640989899635,-0.2958999276161194,-5.6039760238491e-05,2.5743684091139585e-06,0.02198314107954502,-0.021921398118138313
follower_right,forearm_roll,29,1.6941496141953394e-05,-0.9599495530128479,1.1612216234207153,0.05089640989899635,-0.2958999276161194,-5.6039760238491e-05,2.5743684091139585e-06,0.02198314107954502,-0.021921398118138313
follower_right,forearm_roll,30,1.6941496141953394e-05,-0.9599495530128479,1.1612216234207153,0.05089640989899635,-0.2958999276161194,-5.6039760238491e-05,2.5743684091139585e-06,0.02198314107954502,-0.021921398118138313
follower_right,forearm_roll,31,1.6941496141953394e-05,-0.9599495530128479,1.1612216234207153,0.05089640989899635,-0.2958999276161194,-5.6039760238491e-05,2.5743684091139585e-06,0.02198314107954502,-0.021921398118138313
follower_right,forearm_roll,32,1.6941496141953394e-05,-0.9599495530128479,1.1612216234207153,0.05089640989899635,-0.2958999276161194,-5.6039760238491e-05,2.5743684091139585e-06,0.02198314107954502,-0.021921398118138313
follower_right,forearm_roll,33,1.6941496141953394e-05,-0.9599495530128479,1.1612216234207153,0.05089640989899635,-0.2958999276161194,-5.6039760238491e-05,2.5743684091139585e-06,0.02198314107954502,-0.021921398118138313
follower_right,forearm_roll,34,1.6941496141953394e-05,-0.9599495530128479,1.1612216234207153,0.05089640989899635,-0.2958999276161194,-5.6039760238491e-05,2.5743684091139585e-06,0.02198314107954502,-0.021921398118138313
follower_right,forearm_roll,35,1.6941496141953394e-05,-0.9599495530128479,1.1612216234207153,0.05089640989899635,-0.2958999276161194,-5.6039760238491e-05,2.5743684091139585e-06,0.02198314107954502,-0.021921398118138313
follower_right,forearm_roll,36,1.6941496141953394e-05,-0.9599495530128479,1.1612216234207153,0.05089640989899635,-0.2958999276161194,-5.6039760238491e-05,2.5743684091139585e-06,0.02198314107954502,-0.021921398118138313
follower_right,forearm_roll,37,1.6941496141953394e-05,-0.9599495530128479,1.1612216234207153,0.05089640989899635,-0.2958999276161194,-5.6039760238491e-05,2.5743684091139585e-06,0.02198314107954502,-0.021921398118138313
follower_right,forearm_roll,38,1.6941496141953394e-05,-0.9599495530128479,1.1612216234207153,0.05089640989899635,-0.2958999276161194,-5.6039760238491e-05,2.5743684091139585e-06,0.02198314107954502,-0.021921398118138313
follower_right,forearm_roll,39,1.6941496141953394e-05,-0.9599495530128479,1.1612216234207153,0.05089640989899635,-0.2958999276161194,-5.6039760238491e-05,2.5743684091139585e-06,0.02198314107954502,-0.021921398118138313
follower_right,forearm_roll,40,1.6941496141953394e-05,-0.9599495530128479,1.1612216234207153,0.05089640989899635,-0.2958999276161194,-5.6039760238491e-05,2.5743684091139585e-06,0.02198314107954502,-0.021921398118138313
follower_right,forearm_roll,41,1.6941496141953394e-05,-0.9599495530128479,1.1612216234207153,0.05089640989899635,-0.2958999276161194,-5.6039760238491e-05,2.5743684091139585e-06,0.02198314107954502,-0.021921398118138313
follower_right,forearm_roll,42,1.6941496141953394e-05,-0.9599495530128479,1.1612216234207153,0.05089640989899635,-0.2958999276161194,-5.6039760238491e-05,2.5743684091139585e-06,0.02198314107954502,-0.021921398118138313
follower_right,forearm_roll,43,1.6941496141953394e-05,-0.9599495530128479,1.1612216234207153,0.05089640989899635,-0.2958999276161194,-5.6039760238491e-05,2.5743684091139585e-06,0.02198314107954502,-0.021921398118138313
follower_right,forearm_roll,44,1.6941496141953394e-05,-0.9599495530128479,1.1612216234207153,0.05089640989899635,-0.2958999276161194,-5.6039760238491e-05,2.5743684091139585e-06,0.02198314107954502,-0.021921398118138313
follower_right,forearm_roll,45,1.6941496141953394e-05,-0.9599495530128479,1.1612216234207153,0.05089640989899635,-0.2958999276161194,-5.6039760238491e-05,2.5743684091139585e-06,0.02198314107954502,-0.021921398118138313
follower_right,forearm_roll,46,1.6941496141953394e-05,-0.9599495530128479,1.1612216234207153,0.05089640989899635,-0.2958999276161194,-5.6039760238491e-05,2.5743684091139585e-06,0.02198314107954502,-0.021921398118138313
follower_right,forearm_roll,47,1.6941496141953394e-05,-0.9599495530128479,1.1612216234207153,0.05089640989899635,-0.2958999276161194,-5.6039760238491e-05,2.5743684091139585e-06,0.02198314107954502,-0.021921398118138313
follower_right,forearm_roll,48,1.6941496141953394e-05,-0.9599495530128479,1.1612216234207153,0.05089640989899635,-0.2958999276161194,-5.6039760238491e-05,2.5743684091139585e-06,0.02198314107954502,-0.021921398118138313
follower_right,forearm_roll,49,1.6941496141953394e-05,-0.9599495530128479,1.1612216234207153,0.05089640989899635,-0.2958999276161194,-5.6039760238491e-05,2.5743684091139585e-06,0.02198314107954502,-0.021921398118138313
follower_right,forearm_roll,50,1.6941496141953394e-05,-0.9599495530128479,1.1612216234207153,0.05089640989899635,-0.2958999276161194,-5.6039760238491e-05,2.5743684091139585e-06,0.02198314107954502,-0.021921398118138313
follower_right,forearm_roll,51,1.6941496141953394e-05,-0.9599495530128479,1.1612216234207153,0.05089640989899635,-0.2958999276161194,-5.6039760238491e-05,2.5743684091139585e-06,0.02198314107954502,-0.021921398118138313
follower_right,forearm_roll,52,1.6941496141953394e-05,-0.9599495530128479,1.1612216234207153,0.05089640989899635,-0.2958999276161194,-5.6039760238491e-05,2.5743684091139585e-06,0.02198314107954502,-0.021921398118138313
follower_right,forearm_roll,53,1.6941496141953394e-05,-0.9599495530128479,1.1612216234207153,0.05089640989899635,-0.2958999276161194,-5.6039760238491e-05,2.5743684091139585e-06,0.02198314107954502,-0.021921398118138313
follower_right,forearm_roll,54,1.6941496141953394e-05,-0.9599495530128479,1.1612216234207153,0.05089640989899635,-0.2958999276161194,-5.6039760238491e-05,2.5743684091139585e-06,0.02198314107954502,-0.021921398118138313
follower_right,forearm_roll,55,1.6941496141953394e-05,-0.9599495530128479,1.1612216234207153,0.05089640989899635,-0.2958999276161194,-5.6039760238491e-05,2.5743684091139585e-06,0.02198314107954502,-0.021921398118138313
follower_right,forearm_roll,56,1.6941496141953394e-05,-0.9599495530128479,1.1612216234207153,0.05089640989899635,-0.2958999276161194,-5.6039760238491e-05,2.5743684091139585e-06,0.02198314107954502,-0.021921398118138313
follower_right,forearm_roll,57,1.6941496141953394e-05,-0.9599495530128479,1.1612216234207153,0.05089640989899635,-0.2958999276161194,-5.6039760238491e-05,2.5743684091139585e-06,0.02198314107954502,-0.021921398118138313
follower_right,forearm_roll,58,1.6941496141953394e-05,-0.9599495530128479,1.1612216234207153,0.05089640989899635,-0.2958999276161194,-5.6039760238491e-05,2.5743684091139585e-06,0.02198314107954502,-0.021921398118138313
follower_right,forearm_roll,59,1.6941496141953394e-05,-0.9599495530128479,1.1612216234207153,0.05089640989899635,-0.2958999276161194,-5.6039760238491e-05,2.5743684091139585e-06,0.02198314107954502,-0.021921398118138313
follower_right,wrist_angle,0,2.55730192293413e-05,-0.9605090618133545,1.1593927145004272,-0.0010184856364503503,-0.2503470182418823,0.0007524682441726327,2.59330363405752e-06,0.022076526656746864,-0.0138139883056283
follower_right,wrist_angle,1,2.5332397854072042e-05,-0.9589569568634033,1.165657877922058,0.00017977150855585933,-0.22545260190963745,0.0005306166713126004,2.80916742667614e-06,0.02165207453072071,-0.013884331099689007
follower_right,wrist_angle,2,2.348835187149234e-05,-0.9595398306846619,1.162878155708313,0.0014653127873316407,-0.2312849909067154,0.0003671071317512542,2.9569262096629245e-06,0.02125394158065319,-0.01406815741211176
follower_right,wrist_angle,3,1.8006325262831524e-05,-0.9604042768478394,1.1585540771484375,0.0012279368238523602,-0.2555214464664459,0.0002167615166399628,4.281458132027183e-06,0.020999999716877937,-0.014298897236585617
follower_right,wrist_angle,4,1.790214082575403e-05,-0.9603250026702881,1.1590842008590698,0.0006092953262850642,-0.25553709268569946,0.00012410624185577035,4.611631993611809e-06,0.021000145003199577,-0.014718997292220592
follower_right,wrist_angle,5,1.948496537806932e-05,-0.9599382281303406,1.1622377634048462,0.0007110112346708775,-0.23764336109161377,7.296766125364229e-05,4.1418566070206e-06,0.02107347920536995,-0.015198695473372936
follower_right,wrist_angle,6,1.936874832608737e-05,-0.9595966339111328,1.1632362604141235,0.001439957763068378,-0.23537075519561768,3.596502574509941e-05,3.750328232854372e-06,0.02114805206656456,-0.015701742842793465
follower_right,wrist_angle,7,1.812258233258035e-05,-0.9600143432617188,1.1605017185211182,0.0015486128395423293,-0.24352698028087616,9.627117833588272e-06,3.428550598982838e-06,0.021222740411758423,-0.01622004248201847
follower_right,wrist_angle,8,1.7698208466754295e-05,-0.960274338722229,1.1599743366241455,0.0011529286857694387,-0.24940505623817444,-7.365408691839548e-06,3.1055137696966995e-06,0.02131287194788456,-0.016715189442038536
follower_right,wrist_angle,9,1.8471049770596437e-05,-0.9599250555038452,1.1614513397216797,0.0010678032413125038,-0.24532610177993774,-1.7148668121080846e-05,2.760203415164142e-06,0.02141612581908703,-0.017155110836029053
follower_right,wrist_angle,10,1.8438458937453106e-05,-0.9598431587219238,1.1619527339935303,0.0013128021964803338,-0.2408486008644104,-2.5338444174849428e-05,2.5445656319789123e-06,0.02149360068142414,-0.01755225658416748
follower_right,wrist_angle,11,1.7504580682725646e-05,-0.9599462747573853,1.16130530834198,0.0014233035035431385,-0.24346189200878143,-3.2401767384726554e-05,2.425788807158824e-06,0.021551279351115227,-0.017918935045599937
follower_right,wrist_angle,12,1.6978630810626782e-05,-0.9600486159324646,1.1607469320297241,0.0012998012825846672,-0.24541212618350983,-3.7024870835011825e-05,2.317223106729216e-06,0.021607590839266777,-0.01824481412768364
follower_right,wrist_angle,13,1.6930025594774634e-05,-0.9599143266677856,1.1614702939987183,0.001279986696317792,-0.246089905500412,-3.9808463043300435e-05,2.212841536675114e-06,0.021659020334482193,-0.018524056300520897
follower_right,wrist_angle,14,1.6636307918815874e-05,-0.9599063992500305,1.161400556564331,0.0013391111278906465,-0.24437245726585388,-4.261689537088387e-05,2.168334958696505e-06,0.02169528417289257,-0.018766729161143303
follower_right,wrist_angle,15,1.6102972949738614e-05,-0.9599506258964539,1.1613682508468628,0.0013721432769671082,-0.24544765055179596,-4.541589441942051e-05,2.1635228222294245e-06,0.02172359824180603,-0.01897779293358326
follower_right,wrist_angle,16,1.5711048035882413e-05,-0.9599575996398926,1.1611568927764893,0.0013507975963875651,-0.24618381261825562,-4.747729326481931e-05,2.1612709133478347e-06,0.021747475489974022,-0.019161682575941086
follower_right,wrist_angle,17,1.54233566718176e-05,-0.9599598050117493,1.1612842082977295,0.0013308967463672161,-0.24606947600841522,-4.887782779405825e-05,2.155168431272614e-06,0.02176673151552677,-0.019318830221891403
follower_right,wrist_angle,18,1.523530954727903e-05,-0.9599284529685974,1.1613718271255493,0.0013511155266314745,-0.24520811438560486,-5.010144741390832e-05,2.1581947748927632e-06,0.021780874580144882,-0.019451860338449478
follower_right,wrist_angle,19,1.485256780142663e-05,-0.959941565990448,1.1613662242889404,0.0013804958434775472,-0.24528715014457703,-5.1483009883668274e-05,2.179015837100451e-06,0.021791258826851845,-0.019564742222428322
follower_right,wrist_angle,20,1.4560350791725796e-05,-0.9599483609199524,1.161255955696106,0.001378997229039669,-0.2458338588476181,-5.256816075416282e-05,2.1972130070935236e-06,0.02179962582886219,-0.019661104306578636
follower_right,wrist_angle,21,1.4318218745756894e-05,-0.9599563479423523,1.1612666845321655,0.0013640476390719414,-0.24599240720272064,-5.334780871635303e-05,2.210228785770596e-06,0.02180629037320614,-0.019741851836442947
follower_right,wrist_angle,22,1.4188454770192038e-05,-0.959939181804657,1.1613285541534424,0.0013668929459527135,-0.245573490858078,-5.401339512900449e-05,2.223503997811349e-06,0.02181139960885048,-0.019808461889624596
follower_right,wrist_angle,23,1.3980605217511766e-05,-0.9599409103393555,1.1613495349884033,0.0013839913299307227,-0.24538667500019073,-5.4728119721403345e-05,2.241899665023084e-06,0.021815333515405655,-0.019863640889525414
follower_right,wrist_angle,24,1.379694640490925e-05,-0.9599440693855286,1.1613013744354248,0.0013900725170969963,-0.2456473708152771,-5.537450124393217e-05,2.2601270757149905e-06,0.021819014102220535,-0.01990988478064537
follower_right,wrist_angle,25,1.3636100447911303e-05,-0.9599516987800598,1.16127610206604,0.0013826482463628054,-0.2458437830209732,-5.585425242315978e-05,2.273895916005131e-06,0.021822670474648476,-0.019948314875364304
follower_right,wrist_angle,26,1.3557606507674791e-05,-0.9599446058273315,1.161307692527771,0.001379422377794981,-0.24571210145950317,-5.622254320769571e-05,2.2847198124509305e-06,0.02182609587907791,-0.01997964084148407
follower_right,wrist_angle,27,1.3457940440275706e-05,-0.9599422812461853,1.161329746246338,0.0013870124239474535,-0.24551470577716827,-5.660142778651789e-05,2.296886577823898e-06,0.021829264238476753,-0.02000519633293152
follower_right,wrist_angle,28,1.3359454896999523e-05,-0.9599431753158569,1.1613177061080933,0.0013935009483247995,-0.24559229612350464,-5.697438245988451e-05,2.3094219159247587e-06,0.021832335740327835,-0.020026477053761482
follower_right,wrist_angle,29,1.326610436080955e-05,-0.959947943687439,1.1612906455993652,0.0013913845177739859,-0.24573196470737457,-5.7269611716037616e-05,2.3196000711322995e-06,0.021835342049598694,-0.020044319331645966
follower_right,wrist_angle,30,1.3219393622421194e-05,-0.9599466323852539,1.1613011360168457,0.0013876198790967464,-0.24573524296283722,-5.747877003159374e-05,2.326842832189868e-06,0.021838268265128136,-0.020059023052453995
follower_right,wrist_angle,31,1.3177157597965561e-05,-0.9599437713623047,1.1613162755966187,0.0013897294411435723,-0.24560530483722687,-5.767146285506897e-05,2.333687007194385e-06,0.021841125562787056,-0.02007107622921467
follower_right,wrist_angle,32,1.3131304513080977e-05,-0.9599435329437256,1.1613188982009888,0.001394202932715416,-0.24559427797794342,-5.7866956922225654e-05,2.3407292246702127e-06,0.021843934431672096,-0.020081209018826485
follower_right,wrist_angle,33,1.3082311852485873e-05,-0.9599456191062927,1.1613024473190308,0.001394705381244421,-0.245672345161438,-5.803519889013842e-05,2.3469497136829887e-06,0.021846694871783257,-0.020089950412511826
follower_right,wrist_angle,34,1.3054533155809622e-05,-0.9599464535713196,1.1613011360168457,0.001392209087498486,-0.24571353197097778,-5.8149507822236046e-05,2.3512259303970495e-06,0.021849391981959343,-0.020097430795431137
follower_right,wrist_angle,35,1.3038334145676345e-05,-0.9599445462226868,1.161309838294983,0.0013919250341132283,-0.24565334618091583,-5.823993342346512e-05,2.3545926524093375e-06,0.021852029487490654,-0.020103756338357925
follower_right,wrist_angle,36,1.3038334145676345e-05,-0.9599445462226868,1.161309838294983,0.0013919250341132283,-0.24565334618091583,-5.823993342346512e-05,2.3545926524093375e-06,0.021852029487490654,-0.020103756338357925
follower_right,wrist_angle,37,1.3038334145676345e-05,-0.9599445462226868,1.161309838294983,0.0013919250341132283,-0.24565334618091583,-5.823993342346512e-05,2.3545926524093375e-06,0.021852029487490654,-0.020103756338357925
follower_right,wrist_angle,38,1.3038334145676345e-05,-0.9599445462226868,1.161309838294983,0.0013919250341132283,-0.24565334618091583,-5.823993342346512e-05,2.3545926524093375e-06,0.021852029487490654,-0.020103756338357925
follower_right,wrist_angle,39,1.3038334145676345e-05,-0.9599445462226868,1.161309838294983,0.0013919250341132283,-0.24565334618091583,-5.823993342346512e-05,2.3545926524093375e-06,0.021852029487490654,-0.020103756338357925
follower_right,wrist_angle,40,1.3038334145676345e-05,-0.9599445462226868,1.161309838294983,0.0013919250341132283,-0.24565334618091583,-5.823993342346512e-05,2.3545926524093375e-06,0.021852029487490654,-0.020103756338357925
follower_right,wrist_angle,41,1.3038334145676345e-05,-0.9599445462226868,1.161309838294983,0.0013919250341132283,-0.24565334618091583,-5.823993342346512e-05,2.3545926524093375e-06,0.021852029487490654,-0.020103756338357925
follower_right,wrist_angle,42,1.3038334145676345e-05,-0.9599445462226868,1.161309838294983,0.0013919250341132283,-0.24565334618091583,-5.823993342346512e-05,2.3545926524093375e-06,0.021852029487490654,-0.020103756338357925
follower_right,wrist_angle,43,1.3038334145676345e-05,-0.9599445462226868,1.161309838294983,0.0013919250341132283,-0.24565334618091583,-5.823993342346512e-05,2.3545926524093375e-06,0.021852029487490654,-0.020103756338357925
follower_right,wrist_angle,44,1.3038334145676345e-05,-0.9599445462226868,1.161309838294983,0.0013919250341132283,-0.24565334618091583,-5.823993342346512e-05,2.3545926524093375e-06,0.021852029487490654,-0.020103756338357925
follower_right,wrist_angle,45,1.3038334145676345e-05,-0.9599445462226868,1.161309838294983,0.0013919250341132283,-0.24565334618091583,-5.823993342346512e-05,2.3545926524093375e-06,0.021852029487490654,-0.020103756338357925
follower_right,wrist_angle,46,1.3038334145676345e-05,-0.9599445462226868,1.161309838294983,0.0013919250341132283,-0.24565334618091583,-5.823993342346512e-05,2.3545926524093375e-06,0.021852029487490654,-0.020103756338357925
follower_right,wrist_angle,47,1.3038334145676345e-05,-0.9599445462226868,1.161309838294983,0.0013919250341132283,-0.24565334618091583,-5.823993342346512e-05,2.3545926524093375e-06,0.021852029487490654,-0.020103756338357925
follower_right,wrist_angle,48,1.3038334145676345e-05,-0.9599445462226868,1.161309838294983,0.0013919250341132283,-0.24565334618091583,-5.823993342346512e-05,2.3545926524093375e-06,0.021852029487490654,-0.020103756338357925
follower_right,wrist_angle,49,1.3038334145676345e-05,-0.9599445462226868,1.161309838294983,0.0013919250341132283,-0.24565334618091583,-5.823993342346512e-05,2.3545926524093375e-06,0.021852029487490654,-0.020103756338357925
follower_right,wrist_angle,50,1.3038334145676345e-05,-0.9599445462226868,1.161309838294983,0.0013919250341132283,-0.24565334618091583,-5.823993342346512e-05,2.3545926524093375e-06,0.021852029487490654,-0.020103756338357925
follower_right,wrist_angle,51,1.3038334145676345e-05,-0.9599445462226868,1.161309838294983,0.0013919250341132283,-0.24565334618091583,-5.823993342346512e-05,2.3545926524093375e-06,0.021852029487490654,-0.020103756338357925
follower_right,wrist_angle,52,1.3038334145676345e-05,-0.9599445462226868,1.161309838294983,0.0013919250341132283,-0.24565334618091583,-5.823993342346512e-05,2.3545926524093375e-06,0.021852029487490654,-0.020103756338357925
follower_right,wrist_angle,53,1.3038334145676345e-05,-0.9599445462226868,1.161309838294983,0.0013919250341132283,-0.24565334618091583,-5.823993342346512e-05,2.3545926524093375e-06,0.021852029487490654,-0.020103756338357925
follower_right,wrist_angle,54,1.3038334145676345e-05,-0.9599445462226868,1.161309838294983,0.0013919250341132283,-0.24565334618091583,-5.823993342346512e-05,2.3545926524093375e-06,0.021852029487490654,-0.020103756338357925
follower_right,wrist_angle,55,1.3038334145676345e-05,-0.9599445462226868,1.161309838294983,0.0013919250341132283,-0.24565334618091583,-5.823993342346512e-05,2.3545926524093375e-06,0.021852029487490654,-0.020103756338357925
follower_right,wrist_angle,56,1.3038334145676345e-05,-0.9599445462226868,1.161309838294983,0.0013919250341132283,-0.24565334618091583,-5.823993342346512e-05,2.3545926524093375e-06,0.021852029487490654,-0.020103756338357925
follower_right,wrist_angle,57,1.3038334145676345e-05,-0.9599445462226868,1.161309838294983,0.0013919250341132283,-0.24565334618091583,-5.823993342346512e-05,2.3545926524093375e-06,0.021852029487490654,-0.020103756338357925
follower_right,wrist_angle,58,1.3038334145676345e-05,-0.9599445462226868,1.161309838294983,0.0013919250341132283,-0.24565334618091583,-5.823993342346512e-05,2.3545926524093375e-06,0.021852029487490654,-0.020103756338357925
follower_right,wrist_angle,59,1.3038334145676345e-05,-0.9599445462226868,1.161309838294983,0.0013919250341132283,-0.24565334618091583,-5.823993342346512e-05,2.3545926524093375e-06,0.021852029487490654,-0.020103756338357925
follower_right,wrist_rotate,0,2.3594133381266147e-05,-0.9599436521530151,1.1620244979858398,-0.0022771162912249565,-0.2913113236427307,0.045154254883527756,2.113079744958668e-06,0.02202586829662323,-0.013805488124489784
follower_right,wrist_rotate,1,1.824743412726093e-05,-0.9598502516746521,1.1620275974273682,0.0004890530835837126,-0.2905339002609253,0.05656048282980919,2.3805489490769105e-06,0.021552737802267075,-0.014101264998316765
follower_right,wrist_rotate,2,2.1032325093983673e-05,-0.9600151181221008,1.160578966140747,0.000629563583061099,-0.29384684562683105,0.05479438602924347,2.8712163384625455e-06,0.021130770444869995,-0.014468529261648655
follower_right,wrist_rotate,3,1.966373747563921e-05,-0.960044801235199,1.160980463027954,0.0006721870158798993,-0.2967042028903961,0.05347349867224693,4.306064511183649e-06,0.021000048145651817,-0.014796839095652103
follower_right,wrist_rotate,4,2.255723302369006e-05,-0.9599077105522156,1.161423683166504,0.0007731998921371996,-0.2951292395591736,0.05253041163086891,4.131198238610523e-06,0.021018389612436295,-0.01532418467104435
follower_right,wrist_rotate,5,2.3392141883959994e-05,-0.9599318504333496,1.1613818407058716,0.0008930183248594403,-0.2945525646209717,0.05183780938386917,3.991925950685982e-06,0.02103777416050434,-0.015932820737361908
follower_right,wrist_rotate,6,2.3882254026830196e-05,-0.9599454998970032,1.1611777544021606,0.0009383974247612059,-0.29595473408699036,0.051331233233213425,3.7871525364607805e-06,0.021104155108332634,-0.01655811257660389
follower_right,wrist_rotate,7,2.3788154067005962e-05,-0.95998615026474,1.1611357927322388,0.0009434488019905984,-0.29654404520988464,0.050962429493665695,3.4879269605880836e-06,0.02121400274336338,-0.017165176570415497
follower_right,wrist_rotate,8,2.4054432287812233e-05,-0.9599356055259705,1.1612627506256104,0.0009617118048481643,-0.2958243489265442,0.050693441182374954,3.1801537261344492e-06,0.021336069330573082,-0.017741702497005463
follower_right,wrist_rotate,9,2.390119516348932e-05,-0.9599468111991882,1.16133713722229,0.001003464451059699,-0.29523831605911255,0.0504961758852005,2.9368591185630066e-06,0.021444426849484444,-0.01828910782933235
follower_right,wrist_rotate,10,2.3637008780497126e-05,-0.9599388241767883,1.1612638235092163,0.0010296266991645098,-0.2957160770893097,0.0503518208861351,2.732813300099224e-06,0.021541142836213112,-0.018798884004354477
follower_right,wrist_rotate,11,2.3067066649673507e-05,-0.9599664807319641,1.1611778736114502,0.001029385719448328,-0.2961542308330536,0.05024659261107445,2.54622136708349e-06,0.02163112349808216,-0.019256146624684334
follower_right,wrist_rotate,12,2.268501339131035e-05,-0.9599481821060181,1.1612415313720703,0.0010294390376657248,-0.29603296518325806,0.05016965791583061,2.392092028458137e-06,0.021708045154809952,-0.01965641789138317
follower_right,wrist_rotate,13,2.2201045794645324e-05,-0.9599466919898987,1.1612855195999146,0.0010470299748703837,-0.2955552935600281,0.050112564116716385,2.30528280553699e-06,0.021764220669865608,-0.020006928592920303
follower_right,wrist_rotate,14,2.1688798369723372e-05,-0.9599425196647644,1.1612824201583862,0.0010653745848685503,-0.2956721782684326,0.05006999522447586,2.2688900571665727e-06,0.02180386707186699,-0.020314151421189308
follower_right,wrist_rotate,15,2.104083978338167e-05,-0.9599552750587463,1.1612168550491333,0.0010700981365516782,-0.29593417048454285,0.05003839358687401,2.2573924525204347e-06,0.021835336461663246,-0.02057826519012451
follower_right,wrist_rotate,16,2.0499992388067767e-05,-0.9599516987800598,1.1612379550933838,0.0010693228105083108,-0.2960174083709717,0.05001499876379967,2.257083679069183e-06,0.02186129242181778,-0.020801115781068802
follower_right,wrist_rotate,17,2.0005360056529753e-05,-0.9599478840827942,1.1612600088119507,0.0010771831730380654,-0.2957421839237213,0.04999733343720436,2.2781105144531466e-06,0.021880116313695908,-0.0209901574999094
follower_right,wrist_rotate,18,1.954453000507783e-05,-0.9599457383155823,1.1612762212753296,0.001089185941964388,-0.2957098186016083,0.04998377710580826,2.320000021427404e-06,0.021893685683608055,-0.021153079345822334
follower_right,wrist_rotate,19,1.9063707441091537e-05,-0.9599499702453613,1.1612414121627808,0.001095377840101719,-0.29583460092544556,0.0499735102057457,2.36468190450978e-06,0.02190552093088627,-0.02129375748336315
follower_right,wrist_rotate,20,1.8649297999218106e-05,-0.9599515795707703,1.161239743232727,0.0010957017075270414,-0.2959408164024353,0.04996588081121445,2.401181745881331e-06,0.021917039528489113,-0.02141369692981243
follower_right,wrist_rotate,21,1.8310389350517653e-05,-0.9599493145942688,1.1612507104873657,0.0010985416593030095,-0.2958287000656128,0.049960143864154816,2.4343453333131038e-06,0.021927235648036003,-0.02151620201766491
follower_right,wrist_rotate,22,1.80192910193e-05,-0.9599472880363464,1.1612656116485596,0.001104996306821704,-0.29575955867767334,0.04995568469166756,2.4697778826521244e-06,0.02193581685423851,-0.02160542644560337
follower_right,wrist_rotate,23,1.7741525880410336e-05,-0.9599485397338867,1.1612521409988403,0.001109862350858748,-0.2958008944988251,0.049952249974012375,2.502487404854037e-06,0.021943600848317146,-0.021683838218450546
follower_right,wrist_rotate,24,1.7497337466920726e-05,-0.9599505066871643,1.1612447500228882,0.0011106502497568727,-0.29588040709495544,0.049949806183576584,2.5232873213099083e-06,0.0219511017203331,-0.021751834079623222
follower_right,wrist_rotate,25,1.7301066691288725e-05,-0.9599497318267822,1.1612483263015747,0.0011112599167972803,-0.2958528697490692,0.04994800314307213,2.5385356821061578e-06,0.021957779303193092,-0.0218096524477005
follower_right,wrist_rotate,26,1.7136775568360463e-05,-0.9599485397338867,1.1612579822540283,0.0011141563300043344,-0.2957981824874878,0.04994656518101692,2.5554550120432395e-06,0.02196350134909153,-0.021859051659703255
follower_right,wrist_rotate,27,1.6989179130177945e-05,-0.9599485993385315,1.161255121231079,0.0011172335362061858,-0.29579958319664,0.04994543641805649,2.5705835469125304e-06,0.021968526765704155,-0.021901868283748627
follower_right,wrist_rotate,28,1.6856078218552284e-05,-0.9599496722221375,1.161248803138733,0.001118204090744257,-0.29584452509880066,0.04994463548064232,2.5805434233916458e-06,0.02197309583425522,-0.021938404068350792
follower_right,wrist_rotate,29,1.674540362728294e-05,-0.9599495530128479,1.1612486839294434,0.0011182804591953754,-0.2958507537841797,0.049944035708904266,2.588799588920665e-06,0.021977150812745094,-0.021968664601445198
follower_right,wrist_rotate,30,1.6653208149364218e-05,-0.9599490165710449,1.161253571510315,0.0011194185353815556,-0.29582008719444275,0.04994349181652069,2.5988663310272386e-06,0.02198074571788311,-0.021993698552250862
follower_right,wrist_rotate,31,1.6573334505665116e-05,-0.9599486589431763,1.1612545251846313,0.0011211906094104052,-0.2958087921142578,0.04994303733110428,2.6092354801221518e-06,0.021984128281474113,-0.022014940157532692
follower_right,wrist_rotate,32,1.6501278878422454e-05,-0.9599493145942688,1.161251187324524,0.0011221107561141253,-0.29582858085632324,0.049942679703235626,2.617119662318146e-06,0.021987490355968475,-0.022033028304576874
follower_right,wrist_rotate,33,1.6501278878422454e-05,-0.9599493145942688,1.161251187324524,0.0011221107561141253,-0.29582858085632324,0.049942679703235626,2.617119662318146e-06,0.021987490355968475,-0.022033028304576874
follower_right,wrist_rotate,34,1.6501278878422454e-05,-0.9599493145942688,1.161251187324524,0.0011221107561141253,-0.29582858085632324,0.049942679703235626,2.617119662318146e-06,0.021987490355968475,-0.022033028304576874
follower_right,wrist_rotate,35,1.6501278878422454e-05,-0.9599493145942688,1.161251187324524,0.0011221107561141253,-0.29582858085632324,0.049942679703235626,2.617119662318146e-06,0.021987490355968475,-0.022033028304576874
follower_right,wrist_rotate,36,1.6501278878422454e-05,-0.9599493145942688,1.161251187324524,0.0011221107561141253,-0.29582858085632324,0.049942679703235626,2.617119662318146e-06,0.021987490355968475,-0.022033028304576874
follower_right,wrist_rotate,37,1.6501278878422454e-05,-0.9599493145942688,1.161251187324524,0.0011221107561141253,-0.29582858085632324,0.049942679703235626,2.617119662318146e-06,0.021987490355968475,-0.022033028304576874
follower_right,wrist_rotate,38,1.6501278878422454e-05,-0.9599493145942688,1.161251187324524,0.0011221107561141253,-0.29582858085632324,0.049942679703235626,2.617119662318146e-06,0.021987490355968475,-0.022033028304576874
follower_right,wrist_rotate,39,1.6501278878422454e-05,-0.9599493145942688,1.161251187324524,0.0011221107561141253,-0.29582858085632324,0.049942679703235626,2.617119662318146e-06,0.021987490355968475,-0.022033028304576874
follower_right,wrist_rotate,40,1.6501278878422454e-05,-0.9599493145942688,1.161251187324524,0.0011221107561141253,-0.29582858085632324,0.049942679703235626,2.617119662318146e-06,0.021987490355968475,-0.022033028304576874
follower_right,wrist_rotate,41,1.6501278878422454e-05,-0.9599493145942688,1.161251187324524,0.0011221107561141253,-0.29582858085632324,0.049942679703235626,2.617119662318146e-06,0.021987490355968475,-0.022033028304576874
follower_right,wrist_rotate,42,1.6501278878422454e-05,-0.9599493145942688,1.161251187324524,0.0011221107561141253,-0.29582858085632324,0.049942679703235626,2.617119662318146e-06,0.021987490355968475,-0.022033028304576874
follower_right,wrist_rotate,43,1.6501278878422454e-05,-0.9599493145942688,1.161251187324524,0.0011221107561141253,-0.29582858085632324,0.049942679703235626,2.617119662318146e-06,0.021987490355968475,-0.022033028304576874
follower_right,wrist_rotate,44,1.6501278878422454e-05,-0.9599493145942688,1.161251187324524,0.0011221107561141253,-0.29582858085632324,0.049942679703235626,2.617119662318146e-06,0.021987490355968475,-0.022033028304576874
follower_right,wrist_rotate,45,1.6501278878422454e-05,-0.9599493145942688,1.161251187324524,0.0011221107561141253,-0.29582858085632324,0.049942679703235626,2.617119662318146e-06,0.021987490355968475,-0.022033028304576874
follower_right,wrist_rotate,46,1.6501278878422454e-05,-0.9599493145942688,1.161251187324524,0.0011221107561141253,-0.29582858085632324,0.049942679703235626,2.617119662318146e-06,0.021987490355968475,-0.022033028304576874
follower_right,wrist_rotate,47,1.6501278878422454e-05,-0.9599493145942688,1.161251187324524,0.0011221107561141253,-0.29582858085632324,0.049942679703235626,2.617119662318146e-06,0.021987490355968475,-0.022033028304576874
follower_right,wrist_rotate,48,1.6501278878422454e-05,-0.9599493145942688,1.161251187324524,0.0011221107561141253,-0.29582858085632324,0.049942679703235626,2.617119662318146e-06,0.021987490355968475,-0.022033028304576874
follower_right,wrist_rotate,49,1.6501278878422454e-05,-0.9599493145942688,1.161251187324524,0.0011221107561141253,-0.29582858085632324,0.049942679703235626,2.617119662318146e-06,0.021987490355968475,-0.022033028304576874
follower_right,wrist_rotate,50,1.6501278878422454e-05,-0.9599493145942688,1.161251187324524,0.0011221107561141253,-0.29582858085632324,0.049942679703235626,2.617119662318146e-06,0.021987490355968475,-0.022033028304576874
follower_right,wrist_rotate,51,1.6501278878422454e-05,-0.9599493145942688,1.161251187324524,0.0011221107561141253,-0.29582858085632324,0.049942679703235626,2.617119662318146e-06,0.021987490355968475,-0.022033028304576874
follower_right,wrist_rotate,52,1.6501278878422454e-05,-0.9599493145942688,1.161251187324524,0.0011221107561141253,-0.29582858085632324,0.049942679703235626,2.617119662318146e-06,0.021987490355968475,-0.022033028304576874
follower_right,wrist_rotate,53,1.6501278878422454e-05,-0.9599493145942688,1.161251187324524,0.0011221107561141253,-0.29582858085632324,0.049942679703235626,2.617119662318146e-06,0.021987490355968475,-0.022033028304576874
follower_right,wrist_rotate,54,1.6501278878422454e-05,-0.9599493145942688,1.161251187324524,0.0011221107561141253,-0.29582858085632324,0.049942679703235626,2.617119662318146e-06,0.021987490355968475,-0.022033028304576874
follower_right,wrist_rotate,55,1.6501278878422454e-05,-0.9599493145942688,1.161251187324524,0.0011221107561141253,-0.29582858085632324,0.049942679703235626,2.617119662318146e-06,0.021987490355968475,-0.022033028304576874
follower_right,wrist_rotate,56,1.6501278878422454e-05,-0.9599493145942688,1.161251187324524,0.0011221107561141253,-0.29582858085632324,0.049942679703235626,2.617119662318146e-06,0.021987490355968475,-0.022033028304576874
follower_right,wrist_rotate,57,1.6501278878422454e-05,-0.9599493145942688,1.161251187324524,0.0011221107561141253,-0.29582858085632324,0.049942679703235626,2.617119662318146e-06,0.021987490355968475,-0.022033028304576874
follower_right,wrist_rotate,58,1.6501278878422454e-05,-0.9599493145942688,1.161251187324524,0.0011221107561141253,-0.29582858085632324,0.049942679703235626,2.617119662318146e-06,0.021987490355968475,-0.022033028304576874
follower_right,wrist_rotate,59,1.6501278878422454e-05,-0.9599493145942688,1.161251187324524,0.0011221107561141253,-0.29582858085632324,0.049942679703235626,2.617119662318146e-06,0.021987490355968475,-0.022033028304576874
follower_right,gripper,0,2.6220399377052672e-05,-0.9599584937095642,1.1619452238082886,-0.0006019285647198558,-0.29153546690940857,0.0006575327133759856,0.042042843997478485,0.02209450677037239,-0.013814003206789494
follower_right,gripper,1,2.5020608518389054e-05,-0.9598476886749268,1.162035584449768,6.522457988467067e-05,-0.29065433144569397,0.000465524586616084,0.04415551573038101,0.021635614335536957,-0.013915249146521091
follower_right,gripper,2,2.4240869606728666e-05,-0.9600094556808472,1.1606303453445435,0.0003283463011030108,-0.2937212884426117,0.00031852026586420834,0.04570772498846054,0.021238915622234344,-0.01408868096768856
follower_right,gripper,3,2.1576430299319327e-05,-0.9600479006767273,1.1609516143798828,0.0004547129792626947,-0.2964704930782318,0.0001851790293585509,0.04684912785887718,0.020999999716877937,-0.014292905107140541
follower_right,gripper,4,2.1195888621150516e-05,-0.9599080085754395,1.1614311933517456,0.0006302254041656852,-0.29519036412239075,0.00010610925528453663,0.04768674448132515,0.02100001461803913,-0.014697717502713203
follower_right,gripper,5,2.0611852960428223e-05,-0.9599320888519287,1.1613644361495972,0.0007971887825988233,-0.29458487033843994,5.5137465096777305e-05,0.048301734030246735,0.021012911573052406,-0.015194138512015343
follower_right,gripper,6,2.054461947409436e-05,-0.959945023059845,1.1611908674240112,0.000874087680131197,-0.29597705602645874,2.2708516553393565e-05,0.0487532801926136,0.02108611911535263,-0.015699565410614014
follower_right,gripper,7,2.0238898287061602e-05,-0.9599837064743042,1.1611371040344238,0.0009044411708600819,-0.2964859902858734,1.4325717074825661e-06,0.0490848608314991,0.02118016965687275,-0.016198046505451202
follower_right,gripper,8,2.031284930126276e-05,-0.9599361419677734,1.1612638235092163,0.0009409813210368156,-0.29582446813583374,-1.2572329069371335e-05,0.04932836443185806,0.021277833729982376,-0.016672492027282715
follower_right,gripper,9,1.9985696781077422e-05,-0.9599467515945435,1.1613328456878662,0.0009953515836969018,-0.2952590584754944,-2.2265912775765173e-05,0.049507204443216324,0.02136746048927307,-0.017112834379076958
follower_right,gripper,10,1.9700095435837284e-05,-0.9599389433860779,1.1612653732299805,0.0010310218203812838,-0.2957158386707306,-2.923378451669123e-05,0.04963858425617218,0.02144596353173256,-0.017514299601316452
follower_right,gripper,11,1.9229848476243205e-05,-0.9599654078483582,1.1611822843551636,0.001038781483657658,-0.2961317002773285,-3.430043580010533e-05,0.04973508417606354,0.021513622254133224,-0.01787455938756466
follower_right,gripper,12,1.891900501505006e-05,-0.9599481225013733,1.161242961883545,0.0010447870008647442,-0.2960229516029358,-3.809698318946175e-05,0.04980599507689476,0.021570729091763496,-0.01819336600601673
follower_right,gripper,13,1.8476435798220336e-05,-0.9599463939666748,1.16128408908844,0.0010658035753294826,-0.2955639362335205,-4.108279608772136e-05,0.04985808581113815,0.021617179736495018,-0.018473297357559204
follower_right,gripper,14,1.804721432563383e-05,-0.9599430561065674,1.1612821817398071,0.001086161588318646,-0.29567357897758484,-4.366037683212198e-05,0.04989636316895485,0.021654363721609116,-0.018717635422945023
follower_right,gripper,15,1.756143319653347e-05,-0.959954559803009,1.1612194776535034,0.001092354068532586,-0.2959230840206146,-4.5819691877113655e-05,0.049924492835998535,0.021684488281607628,-0.018930060788989067
follower_right,gripper,16,1.7190641301567666e-05,-0.9599519371986389,1.1612393856048584,0.0010924612870439887,-0.2960047721862793,-4.7488119889749214e-05,0.049945168197155,0.021708857268095016,-0.019113417714834213
follower_right,gripper,17,1.682285983406473e-05,-0.959947943687439,1.1612598896026611,0.001100281486287713,-0.2957439124584198,-4.8885962314670905e-05,0.049960359930992126,0.021727824583649635,-0.019270308315753937
follower_right,gripper,18,1.6477883036714047e-05,-0.959945797920227,1.1612753868103027,0.0011116251116618514,-0.29571157693862915,-5.014043927076273e-05,0.04997153580188751,0.021742407232522964,-0.019403843209147453
follower_right,gripper,19,1.613152380741667e-05,-0.9599498510360718,1.1612433195114136,0.0011172400554642081,-0.2958301603794098,-5.1246224757051095e-05,0.049979738891124725,0.021753692999482155,-0.019517021253705025
follower_right,gripper,20,1.5847586837480776e-05,-0.9599515795707703,1.1612406969070435,0.0011172255035489798,-0.29593008756637573,-5.216310091782361e-05,0.04998576641082764,0.021762482821941376,-0.01961216703057289
follower_right,gripper,21,1.560106102260761e-05,-0.9599490761756897,1.1612516641616821,0.0011195639381185174,-0.29582712054252625,-5.2963699999963865e-05,0.049990203231573105,0.021769249811768532,-0.019691431894898415
follower_right,gripper,22,1.5377036106656305e-05,-0.9599474668502808,1.1612651348114014,0.001125373295508325,-0.29575908184051514,-5.3699954150943086e-05,0.04999346658587456,0.021774522960186005,-0.01975717954337597
follower_right,gripper,23,1.5165388504101429e-05,-0.9599486589431763,1.1612530946731567,0.0011296637821942568,-0.2957993745803833,-5.4373700550058857e-05,0.049995873123407364,0.021778758615255356,-0.01981164887547493
follower_right,gripper,24,1.4986728274379857e-05,-0.9599504470825195,1.1612454652786255,0.0011302176862955093,-0.2958732545375824,-5.494023207575083e-05,0.04999764263629913,0.02178291231393814,-0.019856607541441917
follower_right,gripper,25,1.4843196368019562e-05,-0.9599496126174927,1.1612491607666016,0.0011306162923574448,-0.2958492636680603,-5.541949940379709e-05,0.04999895021319389,0.021786950528621674,-0.019893480464816093
follower_right,gripper,26,1.4718628335685935e-05,-0.9599485397338867,1.1612582206726074,0.0011331549612805247,-0.2957964539527893,-5.585258259088732e-05,0.049999918788671494,0.021790532395243645,-0.01992364600300789
follower_right,gripper,27,1.4605499927711207e-05,-0.9599484205245972,1.1612557172775269,0.0011358933988958597,-0.29579779505729675,-5.624791810987517e-05,0.0500006340444088,0.02179388515651226,-0.019948411732912064
follower_right,gripper,28,1.450758645660244e-05,-0.9599498510360718,1.1612493991851807,0.0011366757098585367,-0.29584023356437683,-5.658647933159955e-05,0.05000114440917969,0.021797150373458862,-0.019968805834650993
follower_right,gripper,29,1.44316954902024e-05,-0.9599496126174927,1.1612495183944702,0.0011365478858351707,-0.29584741592407227,-5.686681470251642e-05,0.05000152438879013,0.021800348535180092,-0.019985580816864967
follower_right,gripper,30,1.436924867448397e-05,-0.9599490761756897,1.1612541675567627,0.001137418206781149,-0.29581695795059204,-5.7108598412014544e-05,0.05000180006027222,0.02180345356464386,-0.01999937929213047
follower_right,gripper,31,1.431472264812328e-05,-0.9599486589431763,1.1612552404403687,0.0011389065766707063,-0.29580631852149963,-5.732421050197445e-05,0.05000203102827072,0.0218065045773983,-0.020010830834507942
follower_right,gripper,32,1.4266293874243274e-05,-0.9599493741989136,1.1612515449523926,0.0011396020418033004,-0.2958253026008606,-5.750998388975859e-05,0.05000217258930206,0.021809501573443413,-0.020020462572574615
follower_right,gripper,33,1.4229235603124835e-05,-0.959949254989624,1.1612505912780762,0.0011394663015380502,-0.2958388924598694,-5.766027607023716e-05,0.05000229552388191,0.0218124408274889,-0.020028606057167053
follower_right,gripper,34,1.4200212717696559e-05,-0.9599491357803345,1.161252498626709,0.0011396443005651236,-0.2958255410194397,-5.77844912186265e-05,0.050002407282590866,0.02181529998779297,-0.02003554068505764
follower_right,gripper,35,1.4175965588947292e-05,-0.9599489569664001,1.1612541675567627,0.0011403297539800406,-0.29581499099731445,-5.7892135373549536e-05,0.05000244453549385,0.021818110719323158,-0.020041512325406075
follower_right,gripper,36,1.4175965588947292e-05,-0.9599489569664001,1.1612541675567627,0.0011403297539800406,-0.29581499099731445,-5.7892135373549536e-05,0.05000244453549385,0.021818110719323158,-0.020041512325406075
follower_right,gripper,37,1.4175965588947292e-05,-0.9599489569664001,1.1612541675567627,0.0011403297539800406,-0.29581499099731445,-5.7892135373549536e-05,0.05000244453549385,0.021818110719323158,-0.020041512325406075
follower_right,gripper,38,1.4175965588947292e-05,-0.9599489569664001,1.1612541675567627,0.0011403297539800406,-0.29581499099731445,-5.7892135373549536e-05,0.05000244453549385,0.021818110719323158,-0.020041512325406075
follower_right,gripper,39,1.4175965588947292e-05,-0.9599489569664001,1.1612541675567627,0.0011403297539800406,-0.29581499099731445,-5.7892135373549536e-05,0.05000244453549385,0.021818110719323158,-0.020041512325406075
follower_right,gripper,40,1.4175965588947292e-05,-0.9599489569664001,1.1612541675567627,0.0011403297539800406,-0.29581499099731445,-5.7892135373549536e-05,0.05000244453549385,0.021818110719323158,-0.020041512325406075
follower_right,gripper,41,1.4175965588947292e-05,-0.9599489569664001,1.1612541675567627,0.0011403297539800406,-0.29581499099731445,-5.7892135373549536e-05,0.05000244453549385,0.021818110719323158,-0.020041512325406075
follower_right,gripper,42,1.4175965588947292e-05,-0.9599489569664001,1.1612541675567627,0.0011403297539800406,-0.29581499099731445,-5.7892135373549536e-05,0.05000244453549385,0.021818110719323158,-0.020041512325406075
follower_right,gripper,43,1.4175965588947292e-05,-0.9599489569664001,1.1612541675567627,0.0011403297539800406,-0.29581499099731445,-5.7892135373549536e-05,0.05000244453549385,0.021818110719323158,-0.020041512325406075
follower_right,gripper,44,1.4175965588947292e-05,-0.9599489569664001,1.1612541675567627,0.0011403297539800406,-0.29581499099731445,-5.7892135373549536e-05,0.05000244453549385,0.021818110719323158,-0.020041512325406075
follower_right,gripper,45,1.4175965588947292e-05,-0.9599489569664001,1.1612541675567627,0.0011403297539800406,-0.29581499099731445,-5.7892135373549536e-05,0.05000244453549385,0.021818110719323158,-0.020041512325406075
follower_right,gripper,46,1.4175965588947292e-05,-0.9599489569664001,1.1612541675567627,0.0011403297539800406,-0.29581499099731445,-5.7892135373549536e-05,0.05000244453549385,0.021818110719323158,-0.020041512325406075
follower_right,gripper,47,1.4175965588947292e-05,-0.9599489569664001,1.1612541675567627,0.0011403297539800406,-0.29581499099731445,-5.7892135373549536e-05,0.05000244453549385,0.021818110719323158,-0.020041512325406075
follower_right,gripper,48,1.4175965588947292e-05,-0.9599489569664001,1.1612541675567627,0.0011403297539800406,-0.29581499099731445,-5.7892135373549536e-05,0.05000244453549385,0.021818110719323158,-0.020041512325406075
follower_right,gripper,49,1.4175965588947292e-05,-0.9599489569664001,1.1612541675567627,0.0011403297539800406,-0.29581499099731445,-5.7892135373549536e-05,0.05000244453549385,0.021818110719323158,-0.020041512325406075
follower_right,gripper,50,1.4175965588947292e-05,-0.9599489569664001,1.1612541675567627,0.0011403297539800406,-0.29581499099731445,-5.7892135373549536e-05,0.05000244453549385,0.021818110719323158,-0.020041512325406075
follower_right,gripper,51,1.4175965588947292e-05,-0.9599489569664001,1.1612541675567627,0.0011403297539800406,-0.29581499099731445,-5.7892135373549536e-05,0.05000244453549385,0.021818110719323158,-0.020041512325406075
follower_right,gripper,52,1.4175965588947292e-05,-0.9599489569664001,1.1612541675567627,0.0011403297539800406,-0.29581499099731445,-5.7892135373549536e-05,0.05000244453549385,0.021818110719323158,-0.020041512325406075
follower_right,gripper,53,1.4175965588947292e-05,-0.9599489569664001,1.1612541675567627,0.0011403297539800406,-0.29581499099731445,-5.7892135373549536e-05,0.05000244453549385,0.021818110719323158,-0.020041512325406075
follower_right,gripper,54,1.4175965588947292e-05,-0.9599489569664001,1.1612541675567627,0.0011403297539800406,-0.29581499099731445,-5.7892135373549536e-05,0.05000244453549385,0.021818110719323158,-0.020041512325406075
follower_right,gripper,55,1.4175965588947292e-05,-0.9599489569664001,1.1612541675567627,0.0011403297539800406,-0.29581499099731445,-5.7892135373549536e-05,0.05000244453549385,0.021818110719323158,-0.020041512325406075
follower_right,gripper,56,1.4175965588947292e-05,-0.9599489569664001,1.1612541675567627,0.0011403297539800406,-0.29581499099731445,-5.7892135373549536e-05,0.05000244453549385,0.021818110719323158,-0.020041512325406075
follower_right,gripper,57,1.4175965588947292e-05,-0.9599489569664001,1.1612541675567627,0.0011403297539800406,-0.29581499099731445,-5.7892135373549536e-05,0.05000244453549385,0.021818110719323158,-0.020041512325406075
follower_right,gripper,58,1.4175965588947292e-05,-0.9599489569664001,1.1612541675567627,0.0011403297539800406,-0.29581499099731445,-5.7892135373549536e-05,0.05000244453549385,0.021818110719323158,-0.020041512325406075
follower_right,gripper,59,1.4175965588947292e-05,-0.9599489569664001,1.1612541675567627,0.0011403297539800406,-0.29581499099731445,-5.7892135373549536e-05,0.05000244453549385,0.021818110719323158,-0.020041512325406075
follower_right,left_finger,0,2.4570505047449842e-05,-0.9599584937095642,1.16194486618042,-0.0005799790378659964,-0.2915349006652832,0.00064100231975317,3.434372501942562e-06,0.02224852330982685,-0.013814005069434643
follower_right,left_finger,1,2.2598880605073646e-05,-0.9598478078842163,1.162035346031189,9.379252151120454e-05,-0.2906554639339447,0.0004356466524768621,4.118664037378039e-06,0.022093504667282104,-0.014012213796377182
follower_right,left_finger,2,2.164900979551021e-05,-0.9600095748901367,1.1606303453445435,0.00036058505065739155,-0.29372188448905945,0.00028361022123135626,4.671767328545684e-06,0.022067807614803314,-0.01440906710922718
follower_right,left_finger,3,2.0910043531330302e-05,-0.9600478410720825,1.1609513759613037,0.00045609482913278043,-0.29646915197372437,0.00018053941312246025,4.696027644968126e-06,0.02212897688150406,-0.014953210949897766
follower_right,left_finger,4,2.1689096683985554e-05,-0.9599079489707947,1.1614317893981934,0.0006195589085109532,-0.2951894700527191,0.00011222821922274306,4.380760856292909e-06,0.022273726761341095,-0.015574635937809944
follower_right,left_finger,5,2.1194748114794493e-05,-0.9599319696426392,1.161364197731018,0.0007831371040083468,-0.2945837378501892,6.373305950546637e-05,4.070028808200732e-06,0.022453416138887405,-0.016227830201387405
follower_right,left_finger,6,2.1204301447141916e-05,-0.9599450826644897,1.1611907482147217,0.0008608950302004814,-0.2959769666194916,2.9963150154799223e-05,3.755261786864139e-06,0.022664032876491547,-0.01688752882182598
follower_right,left_finger,7,2.090092129947152e-05,-0.9599836468696594,1.1611372232437134,0.0008926317095756531,-0.2964857518672943,7.234802978928201e-06,3.430689275774057e-06,0.02289055474102497,-0.01753685623407364
follower_right,left_finger,8,2.1011292119510472e-05,-0.9599361419677734,1.1612638235092163,0.0009296482312493026,-0.2958240211009979,-7.343579909502296e-06,3.095424517596257e-06,0.02311435341835022,-0.018160775303840637
follower_right,left_finger,9,2.081808452203404e-05,-0.9599467515945435,1.1613327264785767,0.0009828608017414808,-0.29525935649871826,-1.6053401850513183e-05,2.757031552391709e-06,0.023315776139497757,-0.01874573342502117
follower_right,left_finger,10,2.074243820970878e-05,-0.9599390029907227,1.1612653732299805,0.001016309717670083,-0.29571595788002014,-2.0741588741657324e-05,2.430102540529333e-06,0.023479612544178963,-0.01927683874964714
follower_right,left_finger,11,2.0396992113091983e-05,-0.9599652290344238,1.1611825227737427,0.001023154123686254,-0.29613128304481506,-2.4522618332412094e-05,2.2051021915103775e-06,0.02359757199883461,-0.01973937265574932
follower_right,left_finger,12,2.0054336346220225e-05,-0.9599480032920837,1.1612430810928345,0.001029794104397297,-0.2960224449634552,-2.8446798751247115e-05,2.0913325897709e-06,0.023679379373788834,-0.0201327633112669
follower_right,left_finger,13,1.949103898368776e-05,-0.9599464535713196,1.16128408908844,0.0010523165110498667,-0.29556456208229065,-3.244067193008959e-05,2.0574616428348236e-06,0.02373759262263775,-0.02046462893486023
follower_right,left_finger,14,1.8917811758001335e-05,-0.9599431157112122,1.1612821817398071,0.0010744485771283507,-0.2956741750240326,-3.627410842454992e-05,2.0722434328490635e-06,0.02378034219145775,-0.02074499800801277
follower_right,left_finger,15,1.8291470041731372e-05,-0.9599545001983643,1.1612194776535034,0.00108244176954031,-0.2959228754043579,-3.966347867390141e-05,2.108754188157036e-06,0.023812634870409966,-0.020982399582862854
follower_right,left_finger,16,1.778831210685894e-05,-0.9599519371986389,1.161239504814148,0.001084261224605143,-0.2960045337677002,-4.250970596331172e-05,2.1515240860026097e-06,0.023837286978960037,-0.021182917058467865
follower_right,left_finger,17,1.730601434246637e-05,-0.9599480032920837,1.1612598896026611,0.0010935242753475904,-0.2957439422607422,-4.490919673116878e-05,2.1966363874525996e-06,0.02385571412742138,-0.02135181799530983
follower_right,left_finger,18,1.6862943084561266e-05,-0.959945797920227,1.1612752676010132,0.0011061083059757948,-0.29571184515953064,-4.704715684056282e-05,2.246140638817451e-06,0.02386941947042942,-0.021493760868906975
follower_right,left_finger,19,1.6435596990049817e-05,-0.959949791431427,1.1612433195114136,0.0011127761099487543,-0.2958303987979889,-4.889144474873319e-05,2.2945764612813946e-06,0.023879781365394592,-0.02161323092877865
follower_right,left_finger,20,1.6086414689198136e-05,-0.9599515199661255,1.161240577697754,0.0011136054527014494,-0.2959299385547638,-5.037380469730124e-05,2.3358427370112622e-06,0.023887796327471733,-0.02171345427632332
follower_right,left_finger,21,1.5790797988302074e-05,-0.9599491357803345,1.1612516641616821,0.0011165671749040484,-0.29582735896110535,-5.157982013770379e-05,2.371378059251583e-06,0.023893877863883972,-0.02179691568017006
follower_right,left_finger,22,1.552820140204858e-05,-0.959947407245636,1.1612651348114014,0.0011228526709601283,-0.29575908184051514,-5.261769547360018e-05,2.4040530206548283e-06,0.023898448795080185,-0.021866055205464363
follower_right,left_finger,23,1.5286159396055155e-05,-0.959948718547821,1.1612530946731567,0.0011275267461314797,-0.29579925537109375,-5.351623985916376e-05,2.433986310279579e-06,0.02390201948583126,-0.021923216059803963
follower_right,left_finger,24,1.508336208644323e-05,-0.9599504470825195,1.161245346069336,0.0011283759959042072,-0.2958734631538391,-5.4253592679742724e-05,2.4594658043497475e-06,0.023905398324131966,-0.02197025716304779
follower_right,left_finger,25,1.492064620833844e-05,-0.9599496126174927,1.161249041557312,0.0011289988178759813,-0.29584944248199463,-5.486137524712831e-05,2.4811454295559088e-06,0.02390873245894909,-0.022008687257766724
follower_right,left_finger,26,1.4780951460124925e-05,-0.9599484801292419,1.1612582206726074,0.0011317215394228697,-0.2957965135574341,-5.539312769542448e-05,2.5007918793562567e-06,0.0239116158336401,-0.022039977833628654
follower_right,left_finger,27,1.4655565792054404e-05,-0.9599484205245972,1.1612554788589478,0.0011346179526299238,-0.29579752683639526,-5.586402039625682e-05,2.5187105165969115e-06,0.023914316669106483,-0.022065501660108566
follower_right,left_finger,28,1.4547967111866456e-05,-0.9599499106407166,1.1612493991851807,0.0011355067836120725,-0.2958407700061798,-5.626205529551953e-05,2.534189206926385e-06,0.023916928097605705,-0.02208637446165085
follower_right,left_finger,29,1.44642190207378e-05,-0.9599496722221375,1.1612493991851807,0.001135472790338099,-0.29584723711013794,-5.6589036830700934e-05,2.5471290427958593e-06,0.023919466882944107,-0.02210339345037937
follower_right,left_finger,30,1.4395547623280436e-05,-0.9599491357803345,1.1612540483474731,0.0011364255333319306,-0.2958170175552368,-5.686657823389396e-05,2.5582678517821478e-06,0.023921942338347435,-0.022117245942354202
follower_right,left_finger,31,1.4335911146190483e-05,-0.9599485993385315,1.161255121231079,0.0011379705974832177,-0.2958063781261444,-5.7110599300358444e-05,2.5681961233203765e-06,0.02392433024942875,-0.022128604352474213
follower_right,left_finger,32,1.4283311429608148e-05,-0.9599493741989136,1.1612515449523926,0.0011387194972485304,-0.2958252429962158,-5.7319110055686906e-05,2.5767708393686917e-06,0.023926638066768646,-0.022138014435768127
follower_right,left_finger,33,1.4242973520595115e-05,-0.959949254989624,1.1612505912780762,0.00113862962462008,-0.2958388328552246,-5.7487719459459186e-05,2.5838260171440197e-06,0.023928886279463768,-0.022145846858620644
follower_right,left_finger,34,1.4242973520595115e-05,-0.959949254989624,1.1612505912780762,0.00113862962462008,-0.2958388328552246,-5.7487719459459186e-05,2.5838260171440197e-06,0.023928886279463768,-0.022145846858620644
follower_right,left_finger,35,1.4242973520595115e-05,-0.959949254989624,1.1612505912780762,0.00113862962462008,-0.2958388328552246,-5.7487719459459186e-05,2.5838260171440197e-06,0.023928886279463768,-0.022145846858620644
follower_right,left_finger,36,1.4242973520595115e-05,-0.959949254989624,1.1612505912780762,0.00113862962462008,-0.2958388328552246,-5.7487719459459186e-05,2.5838260171440197e-06,0.023928886279463768,-0.022145846858620644
follower_right,left_finger,37,1.4242973520595115e-05,-0.959949254989624,1.1612505912780762,0.00113862962462008,-0.2958388328552246,-5.7487719459459186e-05,2.5838260171440197e-06,0.023928886279463768,-0.022145846858620644
follower_right,left_finger,38,1.4242973520595115e-05,-0.959949254989624,1.1612505912780762,0.00113862962462008,-0.2958388328552246,-5.7487719459459186e-05,2.5838260171440197e-06,0.023928886279463768,-0.022145846858620644
follower_right,left_finger,39,1.4242973520595115e-05,-0.959949254989624,1.1612505912780762,0.00113862962462008,-0.2958388328552246,-5.7487719459459186e-05,2.5838260171440197e-06,0.023928886279463768,-0.022145846858620644
follower_right,left_finger,40,1.4242973520595115e-05,-0.959949254989624,1.1612505912780762,0.00113862962462008,-0.2958388328552246,-5.7487719459459186e-05,2.5838260171440197e-06,0.023928886279463768,-0.022145846858620644
follower_right,left_finger,41,1.4242973520595115e-05,-0.959949254989624,1.1612505912780762,0.00113862962462008,-0.2958388328552246,-5.7487719459459186e-05,2.5838260171440197e-06,0.023928886279463768,-0.022145846858620644
follower_right,left_finger,42,1.4242973520595115e-05,-0.959949254989624,1.1612505912780762,0.00113862962462008,-0.2958388328552246,-5.7487719459459186e-05,2.5838260171440197e-06,0.023928886279463768,-0.022145846858620644
follower_right,left_finger,43,1.4242973520595115e-05,-0.959949254989624,1.1612505912780762,0.00113862962462008,-0.2958388328552246,-5.7487719459459186e-05,2.5838260171440197e-06,0.023928886279463768,-0.022145846858620644
follower_right,left_finger,44,1.4242973520595115e-05,-0.959949254989624,1.1612505912780762,0.00113862962462008,-0.2958388328552246,-5.7487719459459186e-05,2.5838260171440197e-06,0.023928886279463768,-0.022145846858620644
follower_right,left_finger,45,1.4242973520595115e-05,-0.959949254989624,1.1612505912780762,0.00113862962462008,-0.2958388328552246,-5.7487719459459186e-05,2.5838260171440197e-06,0.023928886279463768,-0.022145846858620644
follower_right,left_finger,46,1.4242973520595115e-05,-0.959949254989624,1.1612505912780762,0.00113862962462008,-0.2958388328552246,-5.7487719459459186e-05,2.5838260171440197e-06,0.023928886279463768,-0.022145846858620644
follower_right,left_finger,47,1.4242973520595115e-05,-0.959949254989624,1.1612505912780762,0.00113862962462008,-0.2958388328552246,-5.7487719459459186e-05,2.5838260171440197e-06,0.023928886279463768,-0.022145846858620644
follower_right,left_finger,48,1.4242973520595115e-05,-0.959949254989624,1.1612505912780762,0.00113862962462008,-0.2958388328552246,-5.7487719459459186e-05,2.5838260171440197e-06,0.023928886279463768,-0.022145846858620644
follower_right,left_finger,49,1.4242973520595115e-05,-0.959949254989624,1.1612505912780762,0.00113862962462008,-0.2958388328552246,-5.7487719459459186e-05,2.5838260171440197e-06,0.023928886279463768,-0.022145846858620644
follower_right,left_finger,50,1.4242973520595115e-05,-0.959949254989624,1.1612505912780762,0.00113862962462008,-0.2958388328552246,-5.7487719459459186e-05,2.5838260171440197e-06,0.023928886279463768,-0.022145846858620644
follower_right,left_finger,51,1.4242973520595115e-05,-0.959949254989624,1.1612505912780762,0.00113862962462008,-0.2958388328552246,-5.7487719459459186e-05,2.5838260171440197e-06,0.023928886279463768,-0.022145846858620644
follower_right,left_finger,52,1.4242973520595115e-05,-0.959949254989624,1.1612505912780762,0.00113862962462008,-0.2958388328552246,-5.7487719459459186e-05,2.5838260171440197e-06,0.023928886279463768,-0.022145846858620644
follower_right,left_finger,53,1.4242973520595115e-05,-0.959949254989624,1.1612505912780762,0.00113862962462008,-0.2958388328552246,-5.7487719459459186e-05,2.5838260171440197e-06,0.023928886279463768,-0.022145846858620644
follower_right,left_finger,54,1.4242973520595115e-05,-0.959949254989624,1.1612505912780762,0.00113862962462008,-0.2958388328552246,-5.7487719459459186e-05,2.5838260171440197e-06,0.023928886279463768,-0.022145846858620644
follower_right,left_finger,55,1.4242973520595115e-05,-0.959949254989624,1.1612505912780762,0.00113862962462008,-0.2958388328552246,-5.7487719459459186e-05,2.5838260171440197e-06,0.023928886279463768,-0.022145846858620644
follower_right,left_finger,56,1.4242973520595115e-05,-0.959949254989624,1.1612505912780762,0.00113862962462008,-0.2958388328552246,-5.7487719459459186e-05,2.5838260171440197e-06,0.023928886279463768,-0.022145846858620644
follower_right,left_finger,57,1.4242973520595115e-05,-0.959949254989624,1.1612505912780762,0.00113862962462008,-0.2958388328552246,-5.7487719459459186e-05,2.5838260171440197e-06,0.023928886279463768,-0.022145846858620644
follower_right,left_finger,58,1.4242973520595115e-05,-0.959949254989624,1.1612505912780762,0.00113862962462008,-0.2958388328552246,-5.7487719459459186e-05,2.5838260171440197e-06,0.023928886279463768,-0.022145846858620644
follower_right,left_finger,59,1.4242973520595115e-05,-0.959949254989624,1.1612505912780762,0.00113862962462008,-0.2958388328552246,-5.7487719459459186e-05,2.5838260171440197e-06,0.023928886279463768,-0.022145846858620644
